
Number of processes = 48
-------------------------
Number of threads = 6
-------------------------

Virtual Cartesian Processors Topology
-------------------------------------
Processors grid: 4x4x3
Periodicity X: 1
Periodicity Y: 0
Periodicity Z: 1


Simulation Parameters
---------------------
Number of species    = 4
qom[0] = -64
qom[1] = 1
qom[2] = -64
qom[3] = 1
x-Length                 = 10
y-Length                 = 13.3333
z-Length                 = 15
Number of cells (x)      = 256
Number of cells (y)      = 256
Number of cells (z)      = 192
Time step                = 0.15
Number of cycles         = 400
Results saved in  : data
Case type         : GEM
Simulation name   : weakGEM3D_N6
Smoothing         : on (alpha=0.2, Niter=6)
---------------------
EM Field Boundary Conditions
---------------------
Xleft  : 0 (perfect conductor)
Xright : 0 (perfect conductor)
Yleft  : 0 (perfect conductor)
Yright : 0 (perfect conductor)
Zleft  : 0 (perfect conductor)
Zright : 0 (perfect conductor)
SAL (absorbing layer): no
---------------------
Particle Boundary Conditions
---------------------
Xleft  : 1 (perfect mirror)
Xright : 1 (perfect mirror)
Yleft  : 1 (perfect mirror)
Yright : 1 (perfect mirror)
Zleft  : 1 (perfect mirror)
Zright : 1 (perfect mirror)
E inflow BCs in GMRes : yes (applied per-face where bcPface == 2)
---------------------
Field Corrections
---------------------
Poisson div(E) correction  : no
div(B) cleaning            : no
---------------------
Planet Boundary
---------------------
Reflection type            : 0 (specular)
---------------------
Exosphere Ionization
---------------------
Status                     : disabled
---------------------
Check Simulation Constraints
---------------------
Accuracy Constraint:  
u_th < dx/dt species 0.....OK
v_th < dy/dt species 0......OK
u_th < dx/dt species 1.....OK
v_th < dy/dt species 1......OK
u_th < dx/dt species 2.....OK
v_th < dy/dt species 2......OK
u_th < dx/dt species 3.....OK
v_th < dy/dt species 3......OK

Finite Grid Stability Constraint:  
OK u_th*dt/dx (species 0) = 0.1728 > .1
OK v_th*dt/dy (species 0) = 0.1296 > .1
WARNING. u_th*dt/dx (species 1) = 0.048384 < .1
WARNING. v_th*dt/dy (species 1) = 0.036288 < .1
OK u_th*dt/dx (species 2) = 0.1728 > .1
OK v_th*dt/dy (species 2) = 0.1296 > .1
WARNING. u_th*dt/dx (species 3) = 0.048384 < .1
WARNING. v_th*dt/dy (species 3) = 0.036288 < .1

CFL Condition (c*dt/dx < 1):  
---------------------
Speed of light c     = 1
Time step dt         = 0.15
Grid spacing dx      = 0.0390625
Grid spacing dy      = 0.0520833
Grid spacing dz      = 0.078125
c*dt/dx              = 3.84  WARNING: CFL VIOLATED!
c*dt/dy              = 2.88  WARNING: CFL VIOLATED!
c*dt/dz              = 1.92  WARNING: CFL VIOLATED!
c*dt*|1/dx|          = 5.16976  WARNING: multi-dim CFL VIOLATED!

Numerical Resolution Parameters:  
---------------------
Larmor radius / dx (species 0) = 0.923077  (rL = 0.0360577, Omega_c*dt = 0.1872)
Larmor radius / dx (species 1) = 16.5415  (rL = 0.646154, Omega_c*dt = 0.002925)
Larmor radius / dx (species 2) = 0.923077  (rL = 0.0360577, Omega_c*dt = 0.1872)
Larmor radius / dx (species 3) = 16.5415  (rL = 0.646154, Omega_c*dt = 0.002925)
Species 0 (qom=-64): omega_p = 8, d_s/dx = 3.2, omega_p*dt = 1.2  OK
Species 1 (qom=1): omega_p = 1, d_s/dx = 25.6, omega_p*dt = 0.15  OK
Species 2 (qom=-64): omega_p = 2.52982, d_s/dx = 10.1193, omega_p*dt = 0.379473  OK
Species 3 (qom=1): omega_p = 0.316228, d_s/dx = 80.9543, omega_p*dt = 0.0474342  OK

Estimated Memory Per Rank
---------------------
Local grid (with ghosts): 66x66x66 cells, 67x67x67 nodes
HOST:   EMfields = 307.853 MB, particles = 4096 MB, comm = 409.6 MB, field buf = 53.4397 MB
        TOTAL = 4866.89 MB (4.75283 GB)
DEVICE: particles = 5734.4 MB, buffers = 1561.6 MB, moments = 91.7856 MB, field = 53.4397 MB, sort = 1088.36 MB
        TOTAL = 8529.59 MB (8.32967 GB)  (+ 500 MB CUDA context)
COMBINED = 13396.5 MB (13.0825 GB)
---------------------
------------------------------------------
Initialize GEM Challenge with Perturbation
------------------------------------------
B0x                              = 0.0195
B0y                              = 0
B0z                              = 0
Delta (current sheet thickness) = 0.5
rho species 0 = 1 DRIFTING 
rho species 1 = 1 DRIFTING 
rho species 2 = 0.1 BACKGROUND 
rho species 3 = 0.1 BACKGROUND 
-------------------------
(35.0) WARNING init(), IOManager.cpp:128: Selected particle backend requires HDF5 (compile with USE_HDF5=ON). Particle output disabled.
(35.0) WARNING init(), IOManager.cpp:133: Selected restart backend requires HDF5 (compile with USE_HDF5=ON). Restart output disabled.
(43.0) WARNING init(), IOManager.cpp:128: Selected particle backend requires HDF5 (compile with USE_HDF5=ON). Particle output disabled.
(43.0) WARNING init(), IOManager.cpp:133: Selected restart backend requires HDF5 (compile with USE_HDF5=ON). Restart output disabled.
(42.0) WARNING init(), IOManager.cpp:128: Selected particle backend requires HDF5 (compile with USE_HDF5=ON). Particle output disabled.
(42.0) WARNING init(), IOManager.cpp:133: Selected restart backend requires HDF5 (compile with USE_HDF5=ON). Restart output disabled.
(34.0) WARNING init(), IOManager.cpp:128: Selected particle backend requires HDF5 (compile with USE_HDF5=ON). Particle output disabled.
(34.0) WARNING init(), IOManager.cpp:133: Selected restart backend requires HDF5 (compile with USE_HDF5=ON). Restart output disabled.
(2.0) WARNING init(), IOManager.cpp:128: Selected particle backend requires HDF5 (compile with USE_HDF5=ON). Particle output disabled.
(2.0) WARNING init(), IOManager.cpp:133: Selected restart backend requires HDF5 (compile with USE_HDF5=ON). Restart output disabled.
(3.0) WARNING init(), IOManager.cpp:128: Selected particle backend requires HDF5 (compile with USE_HDF5=ON). Particle output disabled.
(3.0) WARNING init(), IOManager.cpp:133: Selected restart backend requires HDF5 (compile with USE_HDF5=ON). Restart output disabled.
(19.0) WARNING init(), IOManager.cpp:128: Selected particle backend requires HDF5 (compile with USE_HDF5=ON). Particle output disabled.
(19.0) WARNING init(), IOManager.cpp:133: Selected restart backend requires HDF5 (compile with USE_HDF5=ON). Restart output disabled.
(18.0) WARNING init(), IOManager.cpp:128: Selected particle backend requires HDF5 (compile with USE_HDF5=ON). Particle output disabled.
(18.0) WARNING init(), IOManager.cpp:133: Selected restart backend requires HDF5 (compile with USE_HDF5=ON). Restart output disabled.
(11.0) WARNING init(), IOManager.cpp:128: Selected particle backend requires HDF5 (compile with USE_HDF5=ON). Particle output disabled.
(11.0) WARNING init(), IOManager.cpp:133: Selected restart backend requires HDF5 (compile with USE_HDF5=ON). Restart output disabled.
(10.0) WARNING init(), IOManager.cpp:128: Selected particle backend requires HDF5 (compile with USE_HDF5=ON). Particle output disabled.
(10.0) WARNING init(), IOManager.cpp:133: Selected restart backend requires HDF5 (compile with USE_HDF5=ON). Restart output disabled.
(46.0) WARNING init(), IOManager.cpp:128: Selected particle backend requires HDF5 (compile with USE_HDF5=ON). Particle output disabled.
(46.0) WARNING init(), IOManager.cpp:133: Selected restart backend requires HDF5 (compile with USE_HDF5=ON). Restart output disabled.
(47.0) WARNING init(), IOManager.cpp:128: Selected particle backend requires HDF5 (compile with USE_HDF5=ON). Particle output disabled.
(47.0) WARNING init(), IOManager.cpp:133: Selected restart backend requires HDF5 (compile with USE_HDF5=ON). Restart output disabled.
(1.0) WARNING init(), IOManager.cpp:128: Selected particle backend requires HDF5 (compile with USE_HDF5=ON). Particle output disabled.
(1.0) WARNING init(), IOManager.cpp:133: Selected restart backend requires HDF5 (compile with USE_HDF5=ON). Restart output disabled.
(0.0) WARNING init(), IOManager.cpp:128: Selected particle backend requires HDF5 (compile with USE_HDF5=ON). Particle output disabled.
(0.0) WARNING init(), IOManager.cpp:133: Selected restart backend requires HDF5 (compile with USE_HDF5=ON). Restart output disabled.
(44.0) WARNING init(), IOManager.cpp:128: Selected particle backend requires HDF5 (compile with USE_HDF5=ON). Particle output disabled.
(44.0) WARNING init(), IOManager.cpp:133: Selected restart backend requires HDF5 (compile with USE_HDF5=ON). Restart output disabled.
(45.0) WARNING init(), IOManager.cpp:128: Selected particle backend requires HDF5 (compile with USE_HDF5=ON). Particle output disabled.
(45.0) WARNING init(), IOManager.cpp:133: Selected restart backend requires HDF5 (compile with USE_HDF5=ON). Restart output disabled.
(22.0) WARNING init(), IOManager.cpp:128: Selected particle backend requires HDF5 (compile with USE_HDF5=ON). Particle output disabled.
(22.0) WARNING init(), IOManager.cpp:133: Selected restart backend requires HDF5 (compile with USE_HDF5=ON). Restart output disabled.
(23.0) WARNING init(), IOManager.cpp:128: Selected particle backend requires HDF5 (compile with USE_HDF5=ON). Particle output disabled.
(23.0) WARNING init(), IOManager.cpp:133: Selected restart backend requires HDF5 (compile with USE_HDF5=ON). Restart output disabled.
(38.0) WARNING init(), IOManager.cpp:128: Selected particle backend requires HDF5 (compile with USE_HDF5=ON). Particle output disabled.
(38.0) WARNING init(), IOManager.cpp:133: Selected restart backend requires HDF5 (compile with USE_HDF5=ON). Restart output disabled.
(41.0) WARNING init(), IOManager.cpp:128: Selected particle backend requires HDF5 (compile with USE_HDF5=ON). Particle output disabled.
(41.0) WARNING init(), IOManager.cpp:133: Selected restart backend requires HDF5 (compile with USE_HDF5=ON). Restart output disabled.
(40.0) WARNING init(), IOManager.cpp:128: Selected particle backend requires HDF5 (compile with USE_HDF5=ON). Particle output disabled.
(40.0) WARNING init(), IOManager.cpp:133: Selected restart backend requires HDF5 (compile with USE_HDF5=ON). Restart output disabled.
(12.0) WARNING init(), IOManager.cpp:128: Selected particle backend requires HDF5 (compile with USE_HDF5=ON). Particle output disabled.
(12.0) WARNING init(), IOManager.cpp:133: Selected restart backend requires HDF5 (compile with USE_HDF5=ON). Restart output disabled.
(14.0) WARNING init(), IOManager.cpp:128: Selected particle backend requires HDF5 (compile with USE_HDF5=ON). Particle output disabled.
(14.0) WARNING init(), IOManager.cpp:133: Selected restart backend requires HDF5 (compile with USE_HDF5=ON). Restart output disabled.
(7.0) WARNING init(), IOManager.cpp:128: Selected particle backend requires HDF5 (compile with USE_HDF5=ON). Particle output disabled.
(7.0) WARNING init(), IOManager.cpp:133: Selected restart backend requires HDF5 (compile with USE_HDF5=ON). Restart output disabled.
(4.0) WARNING init(), IOManager.cpp:128: Selected particle backend requires HDF5 (compile with USE_HDF5=ON). Particle output disabled.
(4.0) WARNING init(), IOManager.cpp:133: Selected restart backend requires HDF5 (compile with USE_HDF5=ON). Restart output disabled.
(33.0) WARNING init(), IOManager.cpp:128: Selected particle backend requires HDF5 (compile with USE_HDF5=ON). Particle output disabled.
(33.0) WARNING init(), IOManager.cpp:133: Selected restart backend requires HDF5 (compile with USE_HDF5=ON). Restart output disabled.
(36.0) WARNING init(), IOManager.cpp:128: Selected particle backend requires HDF5 (compile with USE_HDF5=ON). Particle output disabled.
(36.0) WARNING init(), IOManager.cpp:133: Selected restart backend requires HDF5 (compile with USE_HDF5=ON). Restart output disabled.
(37.0) WARNING init(), IOManager.cpp:128: Selected particle backend requires HDF5 (compile with USE_HDF5=ON). Particle output disabled.
(37.0) WARNING init(), IOManager.cpp:133: Selected restart backend requires HDF5 (compile with USE_HDF5=ON). Restart output disabled.
(32.0) WARNING init(), IOManager.cpp:128: Selected particle backend requires HDF5 (compile with USE_HDF5=ON). Particle output disabled.
(32.0) WARNING init(), IOManager.cpp:133: Selected restart backend requires HDF5 (compile with USE_HDF5=ON). Restart output disabled.
(5.0) WARNING init(), IOManager.cpp:128: Selected particle backend requires HDF5 (compile with USE_HDF5=ON). Particle output disabled.
(5.0) WARNING init(), IOManager.cpp:133: Selected restart backend requires HDF5 (compile with USE_HDF5=ON). Restart output disabled.
(6.0) WARNING init(), IOManager.cpp:128: Selected particle backend requires HDF5 (compile with USE_HDF5=ON). Particle output disabled.
(6.0) WARNING init(), IOManager.cpp:133: Selected restart backend requires HDF5 (compile with USE_HDF5=ON). Restart output disabled.
(9.0) WARNING init(), IOManager.cpp:128: Selected particle backend requires HDF5 (compile with USE_HDF5=ON). Particle output disabled.
(9.0) WARNING init(), IOManager.cpp:133: Selected restart backend requires HDF5 (compile with USE_HDF5=ON). Restart output disabled.
(13.0) WARNING init(), IOManager.cpp:128: Selected particle backend requires HDF5 (compile with USE_HDF5=ON). Particle output disabled.
(13.0) WARNING init(), IOManager.cpp:133: Selected restart backend requires HDF5 (compile with USE_HDF5=ON). Restart output disabled.
(15.0) WARNING init(), IOManager.cpp:128: Selected particle backend requires HDF5 (compile with USE_HDF5=ON). Particle output disabled.
(15.0) WARNING init(), IOManager.cpp:133: Selected restart backend requires HDF5 (compile with USE_HDF5=ON). Restart output disabled.
(8.0) WARNING init(), IOManager.cpp:128: Selected particle backend requires HDF5 (compile with USE_HDF5=ON). Particle output disabled.
(8.0) WARNING init(), IOManager.cpp:133: Selected restart backend requires HDF5 (compile with USE_HDF5=ON). Restart output disabled.
(39.0) WARNING init(), IOManager.cpp:128: Selected particle backend requires HDF5 (compile with USE_HDF5=ON). Particle output disabled.
(39.0) WARNING init(), IOManager.cpp:133: Selected restart backend requires HDF5 (compile with USE_HDF5=ON). Restart output disabled.
(16.0) WARNING init(), IOManager.cpp:128: Selected particle backend requires HDF5 (compile with USE_HDF5=ON). Particle output disabled.
(16.0) WARNING init(), IOManager.cpp:133: Selected restart backend requires HDF5 (compile with USE_HDF5=ON). Restart output disabled.
(17.0) WARNING init(), IOManager.cpp:128: Selected particle backend requires HDF5 (compile with USE_HDF5=ON). Particle output disabled.
(17.0) WARNING init(), IOManager.cpp:133: Selected restart backend requires HDF5 (compile with USE_HDF5=ON). Restart output disabled.
(20.0) WARNING init(), IOManager.cpp:128: Selected particle backend requires HDF5 (compile with USE_HDF5=ON). Particle output disabled.
(20.0) WARNING init(), IOManager.cpp:133: Selected restart backend requires HDF5 (compile with USE_HDF5=ON). Restart output disabled.
(21.0) WARNING init(), IOManager.cpp:128: Selected particle backend requires HDF5 (compile with USE_HDF5=ON). Particle output disabled.
(21.0) WARNING init(), IOManager.cpp:133: Selected restart backend requires HDF5 (compile with USE_HDF5=ON). Restart output disabled.
(25.0) WARNING init(), IOManager.cpp:128: Selected particle backend requires HDF5 (compile with USE_HDF5=ON). Particle output disabled.
(25.0) WARNING init(), IOManager.cpp:133: Selected restart backend requires HDF5 (compile with USE_HDF5=ON). Restart output disabled.
(26.0) WARNING init(), IOManager.cpp:128: Selected particle backend requires HDF5 (compile with USE_HDF5=ON). Particle output disabled.
(26.0) WARNING init(), IOManager.cpp:133: Selected restart backend requires HDF5 (compile with USE_HDF5=ON). Restart output disabled.
(24.0) WARNING init(), IOManager.cpp:128: Selected particle backend requires HDF5 (compile with USE_HDF5=ON). Particle output disabled.
(24.0) WARNING init(), IOManager.cpp:133: Selected restart backend requires HDF5 (compile with USE_HDF5=ON). Restart output disabled.
(27.0) WARNING init(), IOManager.cpp:128: Selected particle backend requires HDF5 (compile with USE_HDF5=ON). Particle output disabled.
(27.0) WARNING init(), IOManager.cpp:133: Selected restart backend requires HDF5 (compile with USE_HDF5=ON). Restart output disabled.
(28.0) WARNING init(), IOManager.cpp:128: Selected particle backend requires HDF5 (compile with USE_HDF5=ON). Particle output disabled.
(28.0) WARNING init(), IOManager.cpp:133: Selected restart backend requires HDF5 (compile with USE_HDF5=ON). Restart output disabled.
(29.0) WARNING init(), IOManager.cpp:128: Selected particle backend requires HDF5 (compile with USE_HDF5=ON). Particle output disabled.
(29.0) WARNING init(), IOManager.cpp:133: Selected restart backend requires HDF5 (compile with USE_HDF5=ON). Restart output disabled.
(30.0) WARNING init(), IOManager.cpp:128: Selected particle backend requires HDF5 (compile with USE_HDF5=ON). Particle output disabled.
(30.0) WARNING init(), IOManager.cpp:133: Selected restart backend requires HDF5 (compile with USE_HDF5=ON). Restart output disabled.
(31.0) WARNING init(), IOManager.cpp:128: Selected particle backend requires HDF5 (compile with USE_HDF5=ON). Particle output disabled.
(31.0) WARNING init(), IOManager.cpp:133: Selected restart backend requires HDF5 (compile with USE_HDF5=ON). Restart output disabled.
CUDA Init finished
 ======= Cycle 0 ======= 
*** E CALCULATION [GPU] ***
*** MAXWELL SOLVER [GPU] ***
Initial residual: 0.725425 norm b vector (source) = 0.725422
GMRES converged at restart # 2; iteration #3 with error: 7.62084e-07
  [Cycle 0] Particle sorting: ON
*** B CALCULATION [GPU] ***
Execution time cycle: 2019.89 ms  [sort=18.7869 field=120.836 da_wait=0.008797 mover+out=1776.35 exchange+sort+moments=33.4037 B=63.1729 momentsAwait=7.33386 outCopy=0.001784]
 ======= Cycle 1 ======= 
*** E CALCULATION [GPU] ***
*** MAXWELL SOLVER [GPU] ***
Initial residual: 0.539461 norm b vector (source) = 0.936632
GMRES converged at restart # 2; iteration #5 with error: 7.30094e-07
  [Cycle 1] Particle sorting: ON
*** B CALCULATION [GPU] ***
Execution time cycle: 269.207 ms  [sort=0.054937 field=127.445 da_wait=0.00015 mover+out=0.035028 exchange+sort+moments=64.9063 B=69.8882 momentsAwait=6.8765 outCopy=0.000781]
 ======= Cycle 2 ======= 
*** E CALCULATION [GPU] ***
*** MAXWELL SOLVER [GPU] ***
Initial residual: 0.513062 norm b vector (source) = 0.472577
GMRES converged at restart # 2; iteration #6 with error: 8.16428e-07
  [Cycle 2] Particle sorting: ON
*** B CALCULATION [GPU] ***
Execution time cycle: 268.127 ms  [sort=0.063383 field=133.263 da_wait=0.00012 mover+out=0.03067 exchange+sort+moments=57.8607 B=70.0156 momentsAwait=6.89267 outCopy=0.000701]
 ======= Cycle 3 ======= 
*** E CALCULATION [GPU] ***
*** MAXWELL SOLVER [GPU] ***
Initial residual: 0.31829 norm b vector (source) = 0.615085
GMRES converged at restart # 2; iteration #5 with error: 9.50408e-07
  [Cycle 3] Particle sorting: ON
*** B CALCULATION [GPU] ***
Execution time cycle: 259.248 ms  [sort=0.060948 field=127.489 da_wait=0.00012 mover+out=0.033906 exchange+sort+moments=54.7851 B=70.0482 momentsAwait=6.83018 outCopy=0.000741]
 ======= Cycle 4 ======= 
*** E CALCULATION [GPU] ***
*** MAXWELL SOLVER [GPU] ***
Initial residual: 0.372272 norm b vector (source) = 0.49189
GMRES converged at restart # 2; iteration #6 with error: 8.33207e-07
  [Cycle 4] Particle sorting: ON
*** B CALCULATION [GPU] ***
Execution time cycle: 269.619 ms  [sort=0.053554 field=138.837 da_wait=0.000301 mover+out=0.034316 exchange+sort+moments=53.4294 B=70.2651 momentsAwait=6.99801 outCopy=0.000591]
 ======= Cycle 5 ======= 
*** E CALCULATION [GPU] ***
*** MAXWELL SOLVER [GPU] ***
Initial residual: 0.305751 norm b vector (source) = 0.530658
GMRES converged at restart # 2; iteration #6 with error: 6.39521e-07
  [Cycle 5] Particle sorting: ON
*** B CALCULATION [GPU] ***
Execution time cycle: 271.312 ms  [sort=0.052031 field=141.269 da_wait=0.00013 mover+out=0.031431 exchange+sort+moments=52.6216 B=70.3966 momentsAwait=6.93973 outCopy=0.000611]
 ======= Cycle 6 ======= 
*** E CALCULATION [GPU] ***
*** MAXWELL SOLVER [GPU] ***
Initial residual: 0.319081 norm b vector (source) = 0.520418
GMRES converged at restart # 2; iteration #6 with error: 8.10246e-07
  [Cycle 6] Particle sorting: ON
*** B CALCULATION [GPU] ***
Execution time cycle: 270.32 ms  [sort=0.049827 field=140.991 da_wait=0.00013 mover+out=0.032132 exchange+sort+moments=51.9069 B=70.3462 momentsAwait=6.99273 outCopy=0.000851]
 ======= Cycle 7 ======= 
*** E CALCULATION [GPU] ***
*** MAXWELL SOLVER [GPU] ***
Initial residual: 0.312015 norm b vector (source) = 0.512512
GMRES converged at restart # 2; iteration #6 with error: 8.9426e-07
  [Cycle 7] Particle sorting: ON
*** B CALCULATION [GPU] ***
Execution time cycle: 265.643 ms  [sort=0.052713 field=135.635 da_wait=0.00013 mover+out=0.029277 exchange+sort+moments=52.94 B=70.1284 momentsAwait=6.85654 outCopy=0.000511]
 ======= Cycle 8 ======= 
*** E CALCULATION [GPU] ***
*** MAXWELL SOLVER [GPU] ***
Initial residual: 0.313871 norm b vector (source) = 0.509361
GMRES converged at restart # 2; iteration #7 with error: 6.75636e-07
  [Cycle 8] Particle sorting: ON
*** B CALCULATION [GPU] ***
Execution time cycle: 267.627 ms  [sort=0.042072 field=138.316 da_wait=0.00014 mover+out=0.030379 exchange+sort+moments=52.4238 B=69.9253 momentsAwait=6.88838 outCopy=0.000511]
 ======= Cycle 9 ======= 
*** E CALCULATION [GPU] ***
*** MAXWELL SOLVER [GPU] ***
Initial residual: 0.315799 norm b vector (source) = 0.506631
GMRES converged at restart # 2; iteration #7 with error: 6.60538e-07
  [Cycle 9] Particle sorting: ON
*** B CALCULATION [GPU] ***
Execution time cycle: 265.781 ms  [sort=0.048363 field=135.643 da_wait=0.000131 mover+out=0.032954 exchange+sort+moments=52.7382 B=70.2832 momentsAwait=7.03468 outCopy=0.000691]
 ======= Cycle 10 ======= 
*** E CALCULATION [GPU] ***
*** MAXWELL SOLVER [GPU] ***
Initial residual: 0.318734 norm b vector (source) = 0.506357
GMRES converged at restart # 2; iteration #7 with error: 7.57654e-07
  [Cycle 10] Particle sorting: ON
*** B CALCULATION [GPU] ***
Execution time cycle: 269.729 ms  [sort=0.053483 field=140.97 da_wait=0.00013 mover+out=0.032934 exchange+sort+moments=51.349 B=70.3475 momentsAwait=6.97528 outCopy=0.000532]
 ======= Cycle 11 ======= 
*** E CALCULATION [GPU] ***
*** MAXWELL SOLVER [GPU] ***
Initial residual: 0.32144 norm b vector (source) = 0.507559
GMRES converged at restart # 2; iteration #7 with error: 9.09561e-07
  [Cycle 11] Particle sorting: ON
*** B CALCULATION [GPU] ***
Execution time cycle: 284.193 ms  [sort=0.051049 field=155.218 da_wait=0.00015 mover+out=0.029537 exchange+sort+moments=51.6738 B=70.3181 momentsAwait=6.90224 outCopy=0.000541]
 ======= Cycle 12 ======= 
*** E CALCULATION [GPU] ***
*** MAXWELL SOLVER [GPU] ***
Initial residual: 0.32454 norm b vector (source) = 0.511002
GMRES converged at restart # 2; iteration #8 with error: 7.51088e-07
  [Cycle 12] Particle sorting: ON
*** B CALCULATION [GPU] ***
Execution time cycle: 284.069 ms  [sort=0.050067 field=154.546 da_wait=0.00013 mover+out=0.033355 exchange+sort+moments=52.1498 B=70.3774 momentsAwait=6.91213 outCopy=0.000602]
 ======= Cycle 13 ======= 
*** E CALCULATION [GPU] ***
*** MAXWELL SOLVER [GPU] ***
Initial residual: 0.327222 norm b vector (source) = 0.515618
GMRES converged at restart # 2; iteration #8 with error: 8.91942e-07
  [Cycle 13] Particle sorting: ON
*** B CALCULATION [GPU] ***
Execution time cycle: 288.808 ms  [sort=0.0515 field=159.658 da_wait=0.00014 mover+out=0.030159 exchange+sort+moments=51.6715 B=70.4867 momentsAwait=6.90891 outCopy=0.000671]
 ======= Cycle 14 ======= 
*** E CALCULATION [GPU] ***
*** MAXWELL SOLVER [GPU] ***
Initial residual: 0.329531 norm b vector (source) = 0.520024
GMRES converged at restart # 3; iteration #0 with error: 7.97607e-07
  [Cycle 14] Particle sorting: ON
*** B CALCULATION [GPU] ***
Execution time cycle: 282.83 ms  [sort=0.051771 field=153.36 da_wait=0.00013 mover+out=0.032794 exchange+sort+moments=51.7901 B=70.6558 momentsAwait=6.93923 outCopy=0.000591]
 ======= Cycle 15 ======= 
*** E CALCULATION [GPU] ***
*** MAXWELL SOLVER [GPU] ***
Initial residual: 0.331861 norm b vector (source) = 0.523843
GMRES converged at restart # 2; iteration #9 with error: 7.51239e-07
  [Cycle 15] Particle sorting: ON
*** B CALCULATION [GPU] ***
Execution time cycle: 275.962 ms  [sort=0.052722 field=146.63 da_wait=0.00013 mover+out=0.031301 exchange+sort+moments=51.7633 B=70.4883 momentsAwait=6.99587 outCopy=0.000521]
 ======= Cycle 16 ======= 
*** E CALCULATION [GPU] ***
*** MAXWELL SOLVER [GPU] ***
Initial residual: 0.333947 norm b vector (source) = 0.526901
GMRES converged at restart # 2; iteration #9 with error: 8.0033e-07
  [Cycle 16] Particle sorting: ON
*** B CALCULATION [GPU] ***
Execution time cycle: 280.999 ms  [sort=0.048815 field=151.821 da_wait=0.00012 mover+out=0.028485 exchange+sort+moments=51.941 B=70.2407 momentsAwait=6.9191 outCopy=0.000601]
 ======= Cycle 17 ======= 
*** E CALCULATION [GPU] ***
*** MAXWELL SOLVER [GPU] ***
Initial residual: 0.335866 norm b vector (source) = 0.529247
GMRES converged at restart # 2; iteration #9 with error: 8.32593e-07
  [Cycle 17] Particle sorting: ON
*** B CALCULATION [GPU] ***
Execution time cycle: 275.909 ms  [sort=0.047342 field=146.843 da_wait=0.00012 mover+out=0.031561 exchange+sort+moments=51.9673 B=70.0496 momentsAwait=6.97028 outCopy=0.000642]
 ======= Cycle 18 ======= 
*** E CALCULATION [GPU] ***
*** MAXWELL SOLVER [GPU] ***
Initial residual: 0.337703 norm b vector (source) = 0.531223
GMRES converged at restart # 2; iteration #9 with error: 8.44222e-07
  [Cycle 18] Particle sorting: ON
*** B CALCULATION [GPU] ***
Execution time cycle: 286.437 ms  [sort=0.035709 field=157.082 da_wait=0.00013 mover+out=0.031762 exchange+sort+moments=52.0264 B=70.3012 momentsAwait=6.95943 outCopy=0.000581]
 ======= Cycle 19 ======= 
*** E CALCULATION [GPU] ***
*** MAXWELL SOLVER [GPU] ***
Initial residual: 0.339678 norm b vector (source) = 0.533282
GMRES converged at restart # 2; iteration #9 with error: 8.4667e-07
  [Cycle 19] Particle sorting: ON
*** B CALCULATION [GPU] ***
Execution time cycle: 275.39 ms  [sort=0.052682 field=146.145 da_wait=0.00012 mover+out=0.031501 exchange+sort+moments=51.7745 B=70.4213 momentsAwait=6.9649 outCopy=0.000601]
 ======= Cycle 20 ======= 
*** E CALCULATION [GPU] ***
*** MAXWELL SOLVER [GPU] ***
Initial residual: 0.341456 norm b vector (source) = 0.53536
GMRES converged at restart # 2; iteration #9 with error: 8.66659e-07
  [Cycle 20] Particle sorting: ON
*** B CALCULATION [GPU] ***
Execution time cycle: 270.232 ms  [sort=0.048815 field=141.088 da_wait=0.00013 mover+out=0.034306 exchange+sort+moments=51.7411 B=70.3615 momentsAwait=6.95804 outCopy=0.000562]
 ======= Cycle 21 ======= 
*** E CALCULATION [GPU] ***
*** MAXWELL SOLVER [GPU] ***
Initial residual: 0.343357 norm b vector (source) = 0.537689
GMRES converged at restart # 2; iteration #9 with error: 9.02402e-07
  [Cycle 21] Particle sorting: ON
*** B CALCULATION [GPU] ***
Execution time cycle: 276.054 ms  [sort=0.049856 field=146.822 da_wait=0.00013 mover+out=0.033094 exchange+sort+moments=51.862 B=70.4133 momentsAwait=6.87281 outCopy=0.000601]
 ======= Cycle 22 ======= 
*** E CALCULATION [GPU] ***
*** MAXWELL SOLVER [GPU] ***
Initial residual: 0.345059 norm b vector (source) = 0.540131
GMRES converged at restart # 2; iteration #9 with error: 9.35617e-07
  [Cycle 22] Particle sorting: ON
*** B CALCULATION [GPU] ***
Execution time cycle: 271.138 ms  [sort=0.046861 field=141.334 da_wait=0.00013 mover+out=0.03074 exchange+sort+moments=52.2945 B=70.3995 momentsAwait=7.03137 outCopy=0.000601]
 ======= Cycle 23 ======= 
*** E CALCULATION [GPU] ***
*** MAXWELL SOLVER [GPU] ***
Initial residual: 0.346232 norm b vector (source) = 0.542171
GMRES converged at restart # 2; iteration #9 with error: 9.83078e-07
  [Cycle 23] Particle sorting: ON
*** B CALCULATION [GPU] ***
Execution time cycle: 275.355 ms  [sort=0.050217 field=146.474 da_wait=0.00013 mover+out=0.031661 exchange+sort+moments=51.4309 B=70.4306 momentsAwait=6.93668 outCopy=0.000802]
 ======= Cycle 24 ======= 
*** E CALCULATION [GPU] ***
*** MAXWELL SOLVER [GPU] ***
Initial residual: 0.347465 norm b vector (source) = 0.543966
GMRES converged at restart # 3; iteration #0 with error: 8.55949e-07
  [Cycle 24] Particle sorting: ON
*** B CALCULATION [GPU] ***
Execution time cycle: 280.195 ms  [sort=0.049526 field=150.634 da_wait=0.00013 mover+out=0.030529 exchange+sort+moments=52.1345 B=70.3869 momentsAwait=6.95891 outCopy=0.000531]
 ======= Cycle 25 ======= 
*** E CALCULATION [GPU] ***
*** MAXWELL SOLVER [GPU] ***
Initial residual: 0.348491 norm b vector (source) = 0.545417
GMRES converged at restart # 3; iteration #0 with error: 8.5308e-07
  [Cycle 25] Particle sorting: ON
*** B CALCULATION [GPU] ***
Execution time cycle: 283.208 ms  [sort=0.049676 field=153.845 da_wait=0.00013 mover+out=0.028816 exchange+sort+moments=52.0931 B=70.1931 momentsAwait=6.99773 outCopy=0.000581]
 ======= Cycle 26 ======= 
*** E CALCULATION [GPU] ***
*** MAXWELL SOLVER [GPU] ***
Initial residual: 0.34909 norm b vector (source) = 0.54629
GMRES converged at restart # 3; iteration #0 with error: 8.81633e-07
  [Cycle 26] Particle sorting: ON
*** B CALCULATION [GPU] ***
Execution time cycle: 283.555 ms  [sort=0.049095 field=154.216 da_wait=0.00013 mover+out=0.039407 exchange+sort+moments=52.0803 B=70.1291 momentsAwait=7.04031 outCopy=0.000591]
 ======= Cycle 27 ======= 
*** E CALCULATION [GPU] ***
*** MAXWELL SOLVER [GPU] ***
Initial residual: 0.349511 norm b vector (source) = 0.547014
GMRES converged at restart # 3; iteration #0 with error: 9.1648e-07
  [Cycle 27] Particle sorting: ON
*** B CALCULATION [GPU] ***
Execution time cycle: 283.018 ms  [sort=0.047132 field=153.893 da_wait=0.00021 mover+out=0.03098 exchange+sort+moments=51.7904 B=70.2106 momentsAwait=7.04526 outCopy=0.000561]
 ======= Cycle 28 ======= 
*** E CALCULATION [GPU] ***
*** MAXWELL SOLVER [GPU] ***
Initial residual: 0.349881 norm b vector (source) = 0.547606
GMRES converged at restart # 3; iteration #0 with error: 9.21841e-07
  [Cycle 28] Particle sorting: ON
*** B CALCULATION [GPU] ***
Execution time cycle: 277.567 ms  [sort=0.05174 field=148.6 da_wait=0.00013 mover+out=0.031341 exchange+sort+moments=51.5251 B=70.2871 momentsAwait=7.07076 outCopy=0.000551]
 ======= Cycle 29 ======= 
*** E CALCULATION [GPU] ***
*** MAXWELL SOLVER [GPU] ***
Initial residual: 0.350371 norm b vector (source) = 0.548283
GMRES converged at restart # 3; iteration #0 with error: 9.31861e-07
  [Cycle 29] Particle sorting: ON
*** B CALCULATION [GPU] ***
Execution time cycle: 283.808 ms  [sort=0.051069 field=154.242 da_wait=0.00012 mover+out=0.034868 exchange+sort+moments=52.0904 B=70.3265 momentsAwait=7.06302 outCopy=0.000602]
 ======= Cycle 30 ======= 
*** E CALCULATION [GPU] ***
*** MAXWELL SOLVER [GPU] ***
Initial residual: 0.350651 norm b vector (source) = 0.548968
GMRES converged at restart # 3; iteration #0 with error: 9.53272e-07
  [Cycle 30] Particle sorting: ON
*** B CALCULATION [GPU] ***
Execution time cycle: 278.214 ms  [sort=0.050868 field=148.512 da_wait=0.00012 mover+out=0.033044 exchange+sort+moments=52.2221 B=70.3433 momentsAwait=7.05232 outCopy=0.000421]
 ======= Cycle 31 ======= 
*** E CALCULATION [GPU] ***
*** MAXWELL SOLVER [GPU] ***
Initial residual: 0.350944 norm b vector (source) = 0.549709
GMRES converged at restart # 3; iteration #0 with error: 9.47201e-07
  [Cycle 31] Particle sorting: ON
*** B CALCULATION [GPU] ***
Execution time cycle: 283.217 ms  [sort=0.049006 field=153.76 da_wait=0.00013 mover+out=0.031942 exchange+sort+moments=51.9463 B=70.4052 momentsAwait=7.02438 outCopy=0.000611]
 ======= Cycle 32 ======= 
*** E CALCULATION [GPU] ***
*** MAXWELL SOLVER [GPU] ***
Initial residual: 0.351043 norm b vector (source) = 0.550289
GMRES converged at restart # 3; iteration #0 with error: 9.53491e-07
  [Cycle 32] Particle sorting: ON
*** B CALCULATION [GPU] ***
Execution time cycle: 279.381 ms  [sort=0.049767 field=148.758 da_wait=0.00012 mover+out=0.034016 exchange+sort+moments=52.9603 B=70.5098 momentsAwait=7.06792 outCopy=0.000562]
 ======= Cycle 33 ======= 
*** E CALCULATION [GPU] ***
*** MAXWELL SOLVER [GPU] ***
Initial residual: 0.351483 norm b vector (source) = 0.551241
GMRES converged at restart # 3; iteration #1 with error: 8.27862e-07
  [Cycle 33] Particle sorting: ON
*** B CALCULATION [GPU] ***
Execution time cycle: 282.465 ms  [sort=0.052582 field=155.995 da_wait=0.000141 mover+out=0.028475 exchange+sort+moments=48.4407 B=70.8194 momentsAwait=7.1276 outCopy=0.000622]
 ======= Cycle 34 ======= 
*** E CALCULATION [GPU] ***
*** MAXWELL SOLVER [GPU] ***
Initial residual: 0.351244 norm b vector (source) = 0.551393
GMRES converged at restart # 3; iteration #1 with error: 8.85069e-07
  [Cycle 34] Particle sorting: ON
*** B CALCULATION [GPU] ***
Execution time cycle: 281.62 ms  [sort=0.043795 field=150.747 da_wait=0.000131 mover+out=0.036821 exchange+sort+moments=53.6837 B=70.022 momentsAwait=7.08508 outCopy=0.000801]
 ======= Cycle 35 ======= 
*** E CALCULATION [GPU] ***
*** MAXWELL SOLVER [GPU] ***
Initial residual: 0.351911 norm b vector (source) = 0.552258
GMRES converged at restart # 3; iteration #0 with error: 9.97965e-07
  [Cycle 35] Particle sorting: ON
*** B CALCULATION [GPU] ***
Execution time cycle: 281.975 ms  [sort=0.060367 field=151.367 da_wait=0.000201 mover+out=0.031811 exchange+sort+moments=53.34 B=70.0441 momentsAwait=7.13004 outCopy=0.000711]
 ======= Cycle 36 ======= 
*** E CALCULATION [GPU] ***
*** MAXWELL SOLVER [GPU] ***
Initial residual: 0.352151 norm b vector (source) = 0.553163
GMRES converged at restart # 3; iteration #2 with error: 8.28092e-07
  [Cycle 36] Particle sorting: ON
*** B CALCULATION [GPU] ***
Execution time cycle: 290.383 ms  [sort=0.05136 field=160.697 da_wait=0.00014 mover+out=0.032573 exchange+sort+moments=52.1146 B=70.3964 momentsAwait=7.09035 outCopy=0.000561]
 ======= Cycle 37 ======= 
*** E CALCULATION [GPU] ***
*** MAXWELL SOLVER [GPU] ***
Initial residual: 0.352401 norm b vector (source) = 0.553778
GMRES converged at restart # 3; iteration #2 with error: 9.59535e-07
  [Cycle 37] Particle sorting: ON
*** B CALCULATION [GPU] ***
Execution time cycle: 290.287 ms  [sort=0.051029 field=161.358 da_wait=0.00021 mover+out=0.033926 exchange+sort+moments=51.3863 B=70.4064 momentsAwait=7.05059 outCopy=0.000661]
 ======= Cycle 38 ======= 
*** E CALCULATION [GPU] ***
*** MAXWELL SOLVER [GPU] ***
Initial residual: 0.352829 norm b vector (source) = 0.554469
GMRES converged at restart # 3; iteration #3 with error: 7.54953e-07
  [Cycle 38] Particle sorting: ON
*** B CALCULATION [GPU] ***
Execution time cycle: 287.709 ms  [sort=0.054626 field=158.131 da_wait=0.00015 mover+out=0.034126 exchange+sort+moments=52.1605 B=70.432 momentsAwait=6.89632 outCopy=0.000982]
 ======= Cycle 39 ======= 
*** E CALCULATION [GPU] ***
*** MAXWELL SOLVER [GPU] ***
Initial residual: 0.353274 norm b vector (source) = 0.555253
GMRES converged at restart # 3; iteration #3 with error: 8.46559e-07
  [Cycle 39] Particle sorting: ON
*** B CALCULATION [GPU] ***
Execution time cycle: 288.05 ms  [sort=0.049446 field=158.592 da_wait=0.00013 mover+out=0.030108 exchange+sort+moments=51.8835 B=70.4472 momentsAwait=7.04668 outCopy=0.000792]
 ======= Cycle 40 ======= 
*** E CALCULATION [GPU] ***
*** MAXWELL SOLVER [GPU] ***
Initial residual: 0.353683 norm b vector (source) = 0.555808
GMRES converged at restart # 3; iteration #3 with error: 8.86778e-07
  [Cycle 40] Particle sorting: ON
*** B CALCULATION [GPU] ***
Execution time cycle: 287.398 ms  [sort=0.043725 field=158.266 da_wait=0.00013 mover+out=0.031001 exchange+sort+moments=51.6039 B=70.5535 momentsAwait=6.89923 outCopy=0.000882]
 ======= Cycle 41 ======= 
*** E CALCULATION [GPU] ***
*** MAXWELL SOLVER [GPU] ***
Initial residual: 0.354086 norm b vector (source) = 0.556162
GMRES converged at restart # 3; iteration #3 with error: 8.77778e-07
  [Cycle 41] Particle sorting: ON
*** B CALCULATION [GPU] ***
Execution time cycle: 287.289 ms  [sort=0.047011 field=158.432 da_wait=0.00013 mover+out=0.031491 exchange+sort+moments=51.2071 B=70.6542 momentsAwait=6.91698 outCopy=0.000581]
 ======= Cycle 42 ======= 
*** E CALCULATION [GPU] ***
*** MAXWELL SOLVER [GPU] ***
Initial residual: 0.354271 norm b vector (source) = 0.556278
GMRES converged at restart # 3; iteration #3 with error: 8.58637e-07
  [Cycle 42] Particle sorting: ON
*** B CALCULATION [GPU] ***
Execution time cycle: 287.76 ms  [sort=0.047763 field=158.288 da_wait=0.00013 mover+out=0.031802 exchange+sort+moments=51.8606 B=70.5132 momentsAwait=7.0178 outCopy=0.000652]
 ======= Cycle 43 ======= 
*** E CALCULATION [GPU] ***
*** MAXWELL SOLVER [GPU] ***
Initial residual: 0.354437 norm b vector (source) = 0.556356
GMRES converged at restart # 3; iteration #3 with error: 8.3895e-07
  [Cycle 43] Particle sorting: ON
*** B CALCULATION [GPU] ***
Execution time cycle: 288.4 ms  [sort=0.046821 field=158.6 da_wait=0.00021 mover+out=0.030038 exchange+sort+moments=52.4737 B=70.2052 momentsAwait=7.04347 outCopy=0.000621]
 ======= Cycle 44 ======= 
*** E CALCULATION [GPU] ***
*** MAXWELL SOLVER [GPU] ***
Initial residual: 0.354313 norm b vector (source) = 0.55635
GMRES converged at restart # 3; iteration #3 with error: 8.311e-07
  [Cycle 44] Particle sorting: ON
*** B CALCULATION [GPU] ***
Execution time cycle: 287.615 ms  [sort=0.048194 field=158.206 da_wait=0.000131 mover+out=0.033174 exchange+sort+moments=52.0397 B=70.2472 momentsAwait=7.04018 outCopy=0.000602]
 ======= Cycle 45 ======= 
*** E CALCULATION [GPU] ***
*** MAXWELL SOLVER [GPU] ***
Initial residual: 0.35424 norm b vector (source) = 0.556356
GMRES converged at restart # 3; iteration #3 with error: 8.21538e-07
  [Cycle 45] Particle sorting: ON
*** B CALCULATION [GPU] ***
Execution time cycle: 291.981 ms  [sort=0.047893 field=162.957 da_wait=0.00021 mover+out=0.036772 exchange+sort+moments=51.3411 B=70.5086 momentsAwait=7.08889 outCopy=0.000622]
 ======= Cycle 46 ======= 
*** E CALCULATION [GPU] ***
*** MAXWELL SOLVER [GPU] ***
Initial residual: 0.35411 norm b vector (source) = 0.556265
GMRES converged at restart # 3; iteration #3 with error: 8.09261e-07
  [Cycle 46] Particle sorting: ON
*** B CALCULATION [GPU] ***
Execution time cycle: 287.955 ms  [sort=0.049666 field=158.387 da_wait=0.00013 mover+out=0.029437 exchange+sort+moments=51.8068 B=70.625 momentsAwait=7.05578 outCopy=0.000602]
 ======= Cycle 47 ======= 
*** E CALCULATION [GPU] ***
*** MAXWELL SOLVER [GPU] ***
Initial residual: 0.353982 norm b vector (source) = 0.556173
GMRES converged at restart # 3; iteration #3 with error: 8.1922e-07
  [Cycle 47] Particle sorting: ON
*** B CALCULATION [GPU] ***
Execution time cycle: 287.32 ms  [sort=0.049066 field=158.08 da_wait=0.00013 mover+out=0.033766 exchange+sort+moments=51.5293 B=70.5998 momentsAwait=7.02764 outCopy=0.000542]
 ======= Cycle 48 ======= 
*** E CALCULATION [GPU] ***
*** MAXWELL SOLVER [GPU] ***
Initial residual: 0.353771 norm b vector (source) = 0.556009
GMRES converged at restart # 3; iteration #3 with error: 8.49952e-07
  [Cycle 48] Particle sorting: ON
*** B CALCULATION [GPU] ***
Execution time cycle: 287.392 ms  [sort=0.047663 field=158.168 da_wait=0.00013 mover+out=0.03078 exchange+sort+moments=51.599 B=70.517 momentsAwait=7.02861 outCopy=0.000571]
 ======= Cycle 49 ======= 
*** E CALCULATION [GPU] ***
*** MAXWELL SOLVER [GPU] ***
Initial residual: 0.353605 norm b vector (source) = 0.555731
GMRES converged at restart # 3; iteration #3 with error: 8.97571e-07
  [Cycle 49] Particle sorting: ON
*** B CALCULATION [GPU] ***
Execution time cycle: 287.729 ms  [sort=0.049416 field=158.251 da_wait=0.00013 mover+out=0.033195 exchange+sort+moments=51.8047 B=70.633 momentsAwait=6.9571 outCopy=0.000591]
 ======= Cycle 50 ======= 
*** E CALCULATION [GPU] ***
*** MAXWELL SOLVER [GPU] ***
Initial residual: 0.353641 norm b vector (source) = 0.55558
GMRES converged at restart # 3; iteration #3 with error: 9.53832e-07
  [Cycle 50] Particle sorting: ON
*** B CALCULATION [GPU] ***
Execution time cycle: 301.815 ms  [sort=13.8962 field=159.107 da_wait=0.000802 mover+out=0.02581 exchange+sort+moments=51.1887 B=70.5419 momentsAwait=7.05327 outCopy=0.000781]
 ======= Cycle 51 ======= 
*** E CALCULATION [GPU] ***
*** MAXWELL SOLVER [GPU] ***
Initial residual: 0.353634 norm b vector (source) = 0.555499
GMRES converged at restart # 3; iteration #3 with error: 9.34858e-07
  [Cycle 51] Particle sorting: ON
*** B CALCULATION [GPU] ***
Execution time cycle: 290.719 ms  [sort=0.05167 field=161.1 da_wait=0.0002 mover+out=0.03079 exchange+sort+moments=52.0993 B=70.3874 momentsAwait=7.04879 outCopy=0.000702]
 ======= Cycle 52 ======= 
*** E CALCULATION [GPU] ***
*** MAXWELL SOLVER [GPU] ***
Initial residual: 0.353747 norm b vector (source) = 0.555487
GMRES converged at restart # 3; iteration #3 with error: 9.73125e-07
  [Cycle 52] Particle sorting: ON
*** B CALCULATION [GPU] ***
Execution time cycle: 290.427 ms  [sort=0.048003 field=161.019 da_wait=0.00013 mover+out=0.032824 exchange+sort+moments=52.0507 B=70.252 momentsAwait=7.02467 outCopy=0.000491]
 ======= Cycle 53 ======= 
*** E CALCULATION [GPU] ***
*** MAXWELL SOLVER [GPU] ***
Initial residual: 0.353898 norm b vector (source) = 0.555621
GMRES converged at restart # 4; iteration #0 with error: 8.18028e-07
  [Cycle 53] Particle sorting: ON
*** B CALCULATION [GPU] ***
Execution time cycle: 294.957 ms  [sort=0.033706 field=165.549 da_wait=0.00014 mover+out=0.031291 exchange+sort+moments=51.6601 B=70.5458 momentsAwait=7.13607 outCopy=0.000942]
 ======= Cycle 54 ======= 
*** E CALCULATION [GPU] ***
*** MAXWELL SOLVER [GPU] ***
Initial residual: 0.354084 norm b vector (source) = 0.55594
GMRES converged at restart # 3; iteration #4 with error: 6.61501e-07
  [Cycle 54] Particle sorting: ON
*** B CALCULATION [GPU] ***
Execution time cycle: 292.474 ms  [sort=0.047382 field=163.622 da_wait=0.00021 mover+out=0.03569 exchange+sort+moments=51.2925 B=70.3993 momentsAwait=7.0765 outCopy=0.000561]
 ======= Cycle 55 ======= 
*** E CALCULATION [GPU] ***
*** MAXWELL SOLVER [GPU] ***
Initial residual: 0.354494 norm b vector (source) = 0.556551
GMRES converged at restart # 4; iteration #0 with error: 8.17409e-07
  [Cycle 55] Particle sorting: ON
*** B CALCULATION [GPU] ***
Execution time cycle: 294.374 ms  [sort=0.051299 field=165.258 da_wait=0.00015 mover+out=0.027924 exchange+sort+moments=51.4581 B=70.6115 momentsAwait=6.96648 outCopy=0.000661]
 ======= Cycle 56 ======= 
*** E CALCULATION [GPU] ***
*** MAXWELL SOLVER [GPU] ***
Initial residual: 0.354867 norm b vector (source) = 0.557217
GMRES converged at restart # 3; iteration #3 with error: 9.6293e-07
  [Cycle 56] Particle sorting: ON
*** B CALCULATION [GPU] ***
Execution time cycle: 295.754 ms  [sort=0.046821 field=160.807 da_wait=0.00015 mover+out=0.030079 exchange+sort+moments=51.9191 B=70.5681 momentsAwait=12.3821 outCopy=0.000551]
 ======= Cycle 57 ======= 
*** E CALCULATION [GPU] ***
*** MAXWELL SOLVER [GPU] ***
Initial residual: 0.355073 norm b vector (source) = 0.557665
GMRES converged at restart # 3; iteration #3 with error: 9.03145e-07
  [Cycle 57] Particle sorting: ON
*** B CALCULATION [GPU] ***
Execution time cycle: 291.407 ms  [sort=0.052973 field=161.861 da_wait=0.000141 mover+out=0.035669 exchange+sort+moments=51.7555 B=70.7024 momentsAwait=6.999 outCopy=0.000521]
 ======= Cycle 58 ======= 
*** E CALCULATION [GPU] ***
*** MAXWELL SOLVER [GPU] ***
Initial residual: 0.355513 norm b vector (source) = 0.558169
GMRES converged at restart # 3; iteration #3 with error: 9.0749e-07
  [Cycle 58] Particle sorting: ON
*** B CALCULATION [GPU] ***
Execution time cycle: 287.546 ms  [sort=0.048774 field=158.322 da_wait=0.00014 mover+out=0.034076 exchange+sort+moments=51.5658 B=70.6081 momentsAwait=6.96696 outCopy=0.000611]
 ======= Cycle 59 ======= 
*** E CALCULATION [GPU] ***
*** MAXWELL SOLVER [GPU] ***
Initial residual: 0.356096 norm b vector (source) = 0.558913
GMRES converged at restart # 3; iteration #3 with error: 8.60594e-07
  [Cycle 59] Particle sorting: ON
*** B CALCULATION [GPU] ***
Execution time cycle: 287.863 ms  [sort=0.053323 field=158.453 da_wait=0.00012 mover+out=0.03106 exchange+sort+moments=51.5695 B=70.7451 momentsAwait=7.01022 outCopy=0.000651]
 ======= Cycle 60 ======= 
*** E CALCULATION [GPU] ***
*** MAXWELL SOLVER [GPU] ***
Initial residual: 0.356546 norm b vector (source) = 0.559685
GMRES converged at restart # 3; iteration #3 with error: 8.26247e-07
  [Cycle 60] Particle sorting: ON
*** B CALCULATION [GPU] ***
Execution time cycle: 287.3 ms  [sort=0.049065 field=157.935 da_wait=0.0002 mover+out=0.032934 exchange+sort+moments=51.8232 B=70.3806 momentsAwait=7.07859 outCopy=0.000451]
 ======= Cycle 61 ======= 
*** E CALCULATION [GPU] ***
*** MAXWELL SOLVER [GPU] ***
Initial residual: 0.356843 norm b vector (source) = 0.560358
GMRES converged at restart # 3; iteration #3 with error: 7.90143e-07
  [Cycle 61] Particle sorting: ON
*** B CALCULATION [GPU] ***
Execution time cycle: 287.472 ms  [sort=0.05153 field=158.046 da_wait=0.000141 mover+out=0.032343 exchange+sort+moments=51.9431 B=70.3218 momentsAwait=7.07729 outCopy=0.000712]
 ======= Cycle 62 ======= 
*** E CALCULATION [GPU] ***
*** MAXWELL SOLVER [GPU] ***
Initial residual: 0.356963 norm b vector (source) = 0.560879
GMRES converged at restart # 3; iteration #3 with error: 7.79856e-07
  [Cycle 62] Particle sorting: ON
*** B CALCULATION [GPU] ***
Execution time cycle: 287.69 ms  [sort=0.034737 field=158.591 da_wait=0.00021 mover+out=0.030219 exchange+sort+moments=51.4766 B=70.4841 momentsAwait=7.0718 outCopy=0.000591]
 ======= Cycle 63 ======= 
*** E CALCULATION [GPU] ***
*** MAXWELL SOLVER [GPU] ***
Initial residual: 0.356771 norm b vector (source) = 0.561063
GMRES converged at restart # 3; iteration #3 with error: 7.96758e-07
  [Cycle 63] Particle sorting: ON
*** B CALCULATION [GPU] ***
Execution time cycle: 287.581 ms  [sort=0.048094 field=158.242 da_wait=0.00013 mover+out=0.031141 exchange+sort+moments=51.7686 B=70.5619 momentsAwait=6.92905 outCopy=0.000532]
 ======= Cycle 64 ======= 
*** E CALCULATION [GPU] ***
*** MAXWELL SOLVER [GPU] ***
Initial residual: 0.356327 norm b vector (source) = 0.560823
GMRES converged at restart # 3; iteration #3 with error: 8.36249e-07
  [Cycle 64] Particle sorting: ON
*** B CALCULATION [GPU] ***
Execution time cycle: 287.934 ms  [sort=0.045859 field=158.716 da_wait=0.000211 mover+out=0.032212 exchange+sort+moments=51.6518 B=70.5036 momentsAwait=6.9833 outCopy=0.000962]
 ======= Cycle 65 ======= 
*** E CALCULATION [GPU] ***
*** MAXWELL SOLVER [GPU] ***
Initial residual: 0.355741 norm b vector (source) = 0.560222
GMRES converged at restart # 3; iteration #3 with error: 9.21001e-07
  [Cycle 65] Particle sorting: ON
*** B CALCULATION [GPU] ***
Execution time cycle: 288.34 ms  [sort=0.05142 field=158.243 da_wait=0.00014 mover+out=0.034086 exchange+sort+moments=52.3641 B=70.5305 momentsAwait=7.11614 outCopy=0.000511]
 ======= Cycle 66 ======= 
*** E CALCULATION [GPU] ***
*** MAXWELL SOLVER [GPU] ***
Initial residual: 0.355411 norm b vector (source) = 0.55985
GMRES converged at restart # 3; iteration #3 with error: 9.65565e-07
  [Cycle 66] Particle sorting: ON
*** B CALCULATION [GPU] ***
Execution time cycle: 290.737 ms  [sort=0.051099 field=160.939 da_wait=0.00013 mover+out=0.030339 exchange+sort+moments=51.8884 B=70.8043 momentsAwait=7.02303 outCopy=0.000922]
 ======= Cycle 67 ======= 
*** E CALCULATION [GPU] ***
*** MAXWELL SOLVER [GPU] ***
Initial residual: 0.355625 norm b vector (source) = 0.560243
GMRES converged at restart # 3; iteration #4 with error: 6.91312e-07
  [Cycle 67] Particle sorting: ON
*** B CALCULATION [GPU] ***
Execution time cycle: 290.344 ms  [sort=0.053153 field=163.63 da_wait=0.000211 mover+out=0.031601 exchange+sort+moments=48.6473 B=71.0015 momentsAwait=6.98041 outCopy=0.000561]
 ======= Cycle 68 ======= 
*** E CALCULATION [GPU] ***
*** MAXWELL SOLVER [GPU] ***
Initial residual: 0.355746 norm b vector (source) = 0.560364
GMRES converged at restart # 3; iteration #4 with error: 7.58264e-07
  [Cycle 68] Particle sorting: ON
*** B CALCULATION [GPU] ***
Execution time cycle: 294.067 ms  [sort=0.044867 field=163.513 da_wait=0.000201 mover+out=0.030739 exchange+sort+moments=52.9871 B=70.5171 momentsAwait=6.97405 outCopy=0.000461]
 ======= Cycle 69 ======= 
*** E CALCULATION [GPU] ***
*** MAXWELL SOLVER [GPU] ***
Initial residual: 0.356432 norm b vector (source) = 0.560977
GMRES converged at restart # 3; iteration #4 with error: 8.07034e-07
  [Cycle 69] Particle sorting: ON
*** B CALCULATION [GPU] ***
Execution time cycle: 293.058 ms  [sort=0.051611 field=163.397 da_wait=0.00013 mover+out=0.031852 exchange+sort+moments=52.3371 B=70.235 momentsAwait=7.00476 outCopy=0.000491]
 ======= Cycle 70 ======= 
*** E CALCULATION [GPU] ***
*** MAXWELL SOLVER [GPU] ***
Initial residual: 0.356807 norm b vector (source) = 0.561702
GMRES converged at restart # 3; iteration #4 with error: 8.30732e-07
  [Cycle 70] Particle sorting: ON
*** B CALCULATION [GPU] ***
Execution time cycle: 293.14 ms  [sort=0.048244 field=163.289 da_wait=0.000131 mover+out=0.030038 exchange+sort+moments=52.3894 B=70.3452 momentsAwait=7.03688 outCopy=0.000511]
 ======= Cycle 71 ======= 
*** E CALCULATION [GPU] ***
*** MAXWELL SOLVER [GPU] ***
Initial residual: 0.356917 norm b vector (source) = 0.561936
GMRES converged at restart # 3; iteration #4 with error: 8.26856e-07
  [Cycle 71] Particle sorting: ON
*** B CALCULATION [GPU] ***
Execution time cycle: 292.831 ms  [sort=0.036911 field=163.52 da_wait=0.00014 mover+out=0.035329 exchange+sort+moments=51.699 B=70.4903 momentsAwait=7.04852 outCopy=0.000621]
 ======= Cycle 72 ======= 
*** E CALCULATION [GPU] ***
*** MAXWELL SOLVER [GPU] ***
Initial residual: 0.356853 norm b vector (source) = 0.561851
GMRES converged at restart # 3; iteration #4 with error: 7.99345e-07
  [Cycle 72] Particle sorting: ON
*** B CALCULATION [GPU] ***
Execution time cycle: 292.557 ms  [sort=0.058263 field=163.542 da_wait=0.000231 mover+out=0.033825 exchange+sort+moments=51.2868 B=70.714 momentsAwait=6.92149 outCopy=0.000591]
 ======= Cycle 73 ======= 
*** E CALCULATION [GPU] ***
*** MAXWELL SOLVER [GPU] ***
Initial residual: 0.356789 norm b vector (source) = 0.561824
GMRES converged at restart # 3; iteration #4 with error: 7.44858e-07
  [Cycle 73] Particle sorting: ON
*** B CALCULATION [GPU] ***
Execution time cycle: 298.116 ms  [sort=0.047572 field=163.872 da_wait=0.00013 mover+out=0.030209 exchange+sort+moments=51.7568 B=70.7658 momentsAwait=11.6435 outCopy=0.000581]
 ======= Cycle 74 ======= 
*** E CALCULATION [GPU] ***
*** MAXWELL SOLVER [GPU] ***
Initial residual: 0.357015 norm b vector (source) = 0.562126
GMRES converged at restart # 3; iteration #4 with error: 6.88958e-07
  [Cycle 74] Particle sorting: ON
*** B CALCULATION [GPU] ***
Execution time cycle: 764.541 ms  [sort=0.047933 field=634.814 da_wait=0.00012 mover+out=0.034598 exchange+sort+moments=51.6908 B=70.8717 momentsAwait=7.08144 outCopy=0.000611]
 ======= Cycle 75 ======= 
*** E CALCULATION [GPU] ***
*** MAXWELL SOLVER [GPU] ***
Initial residual: 0.357165 norm b vector (source) = 0.562604
GMRES converged at restart # 4; iteration #0 with error: 8.21605e-07
  [Cycle 75] Particle sorting: ON
*** B CALCULATION [GPU] ***
Execution time cycle: 294.124 ms  [sort=0.050358 field=164.908 da_wait=0.00015 mover+out=0.031752 exchange+sort+moments=51.2149 B=70.895 momentsAwait=7.02318 outCopy=0.000682]
 ======= Cycle 76 ======= 
*** E CALCULATION [GPU] ***
*** MAXWELL SOLVER [GPU] ***
Initial residual: 0.357186 norm b vector (source) = 0.563008
GMRES converged at restart # 3; iteration #3 with error: 9.78e-07
  [Cycle 76] Particle sorting: ON
*** B CALCULATION [GPU] ***
Execution time cycle: 294.958 ms  [sort=0.049035 field=161.146 da_wait=0.000151 mover+out=0.034196 exchange+sort+moments=51.1483 B=70.9236 momentsAwait=11.656 outCopy=0.000431]
 ======= Cycle 77 ======= 
*** E CALCULATION [GPU] ***
*** MAXWELL SOLVER [GPU] ***
Initial residual: 0.35725 norm b vector (source) = 0.563367
GMRES converged at restart # 3; iteration #3 with error: 9.87381e-07
  [Cycle 77] Particle sorting: ON
*** B CALCULATION [GPU] ***
Execution time cycle: 290.533 ms  [sort=0.057081 field=161.294 da_wait=0.000131 mover+out=0.03107 exchange+sort+moments=51.2526 B=70.7982 momentsAwait=7.09891 outCopy=0.000622]
 ======= Cycle 78 ======= 
*** E CALCULATION [GPU] ***
*** MAXWELL SOLVER [GPU] ***
Initial residual: 0.357112 norm b vector (source) = 0.5634
GMRES converged at restart # 3; iteration #4 with error: 6.67862e-07
  [Cycle 78] Particle sorting: ON
*** B CALCULATION [GPU] ***
Execution time cycle: 293.118 ms  [sort=0.046671 field=163.396 da_wait=0.00013 mover+out=0.032403 exchange+sort+moments=51.8043 B=70.7567 momentsAwait=7.08122 outCopy=0.000531]
 ======= Cycle 79 ======= 
*** E CALCULATION [GPU] ***
*** MAXWELL SOLVER [GPU] ***
Initial residual: 0.356951 norm b vector (source) = 0.563269
GMRES converged at restart # 3; iteration #4 with error: 7.11387e-07
  [Cycle 79] Particle sorting: ON
*** B CALCULATION [GPU] ***
Execution time cycle: 293.116 ms  [sort=0.055017 field=163.489 da_wait=0.00013 mover+out=0.03612 exchange+sort+moments=51.8749 B=70.5593 momentsAwait=7.10076 outCopy=0.000601]
 ======= Cycle 80 ======= 
*** E CALCULATION [GPU] ***
*** MAXWELL SOLVER [GPU] ***
Initial residual: 0.356936 norm b vector (source) = 0.563172
GMRES converged at restart # 3; iteration #4 with error: 7.73946e-07
  [Cycle 80] Particle sorting: ON
*** B CALCULATION [GPU] ***
Execution time cycle: 292.431 ms  [sort=0.036291 field=163.491 da_wait=0.00013 mover+out=0.033645 exchange+sort+moments=51.1435 B=70.697 momentsAwait=7.02918 outCopy=0.000381]
 ======= Cycle 81 ======= 
*** E CALCULATION [GPU] ***
*** MAXWELL SOLVER [GPU] ***
Initial residual: 0.35711 norm b vector (source) = 0.563254
GMRES converged at restart # 3; iteration #4 with error: 8.41788e-07
  [Cycle 81] Particle sorting: ON
*** B CALCULATION [GPU] ***
Execution time cycle: 292.855 ms  [sort=0.046861 field=163.673 da_wait=0.00013 mover+out=0.031141 exchange+sort+moments=51.286 B=70.8505 momentsAwait=6.96678 outCopy=0.000541]
 ======= Cycle 82 ======= 
*** E CALCULATION [GPU] ***
*** MAXWELL SOLVER [GPU] ***
Initial residual: 0.357463 norm b vector (source) = 0.563651
GMRES converged at restart # 3; iteration #4 with error: 8.88693e-07
  [Cycle 82] Particle sorting: ON
*** B CALCULATION [GPU] ***
Execution time cycle: 292.538 ms  [sort=0.048214 field=163.37 da_wait=0.000141 mover+out=0.033495 exchange+sort+moments=51.2407 B=70.8554 momentsAwait=6.99021 outCopy=0.000461]
 ======= Cycle 83 ======= 
*** E CALCULATION [GPU] ***
*** MAXWELL SOLVER [GPU] ***
Initial residual: 0.357694 norm b vector (source) = 0.564125
GMRES converged at restart # 3; iteration #4 with error: 9.19953e-07
  [Cycle 83] Particle sorting: ON
*** B CALCULATION [GPU] ***
Execution time cycle: 293.319 ms  [sort=0.050959 field=163.906 da_wait=0.0003 mover+out=0.033575 exchange+sort+moments=51.4977 B=70.8556 momentsAwait=6.97413 outCopy=0.00038]
 ======= Cycle 84 ======= 
*** E CALCULATION [GPU] ***
*** MAXWELL SOLVER [GPU] ***
Initial residual: 0.357856 norm b vector (source) = 0.564502
GMRES converged at restart # 3; iteration #4 with error: 9.17141e-07
  [Cycle 84] Particle sorting: ON
*** B CALCULATION [GPU] ***
Execution time cycle: 292.807 ms  [sort=0.049526 field=163.453 da_wait=0.00012 mover+out=0.030429 exchange+sort+moments=51.2184 B=71.004 momentsAwait=7.05096 outCopy=0.000441]
 ======= Cycle 85 ======= 
*** E CALCULATION [GPU] ***
*** MAXWELL SOLVER [GPU] ***
Initial residual: 0.357792 norm b vector (source) = 0.564648
GMRES converged at restart # 3; iteration #4 with error: 8.7054e-07
  [Cycle 85] Particle sorting: ON
*** B CALCULATION [GPU] ***
Execution time cycle: 292.396 ms  [sort=0.047813 field=163.375 da_wait=0.00012 mover+out=0.033465 exchange+sort+moments=50.8688 B=70.9772 momentsAwait=7.0927 outCopy=0.000521]
 ======= Cycle 86 ======= 
*** E CALCULATION [GPU] ***
*** MAXWELL SOLVER [GPU] ***
Initial residual: 0.357611 norm b vector (source) = 0.564517
GMRES converged at restart # 3; iteration #4 with error: 8.03475e-07
  [Cycle 86] Particle sorting: ON
*** B CALCULATION [GPU] ***
Execution time cycle: 293.108 ms  [sort=0.054045 field=163.427 da_wait=0.000131 mover+out=0.028896 exchange+sort+moments=51.7065 B=70.9483 momentsAwait=6.94283 outCopy=0.000481]
 ======= Cycle 87 ======= 
*** E CALCULATION [GPU] ***
*** MAXWELL SOLVER [GPU] ***
Initial residual: 0.357436 norm b vector (source) = 0.5644
GMRES converged at restart # 3; iteration #4 with error: 7.25266e-07
  [Cycle 87] Particle sorting: ON
*** B CALCULATION [GPU] ***
Execution time cycle: 298.401 ms  [sort=0.050538 field=164.168 da_wait=0.00015 mover+out=0.032784 exchange+sort+moments=51.5054 B=70.7149 momentsAwait=11.9291 outCopy=0.00046]
 ======= Cycle 88 ======= 
*** E CALCULATION [GPU] ***
*** MAXWELL SOLVER [GPU] ***
Initial residual: 0.357531 norm b vector (source) = 0.56454
GMRES converged at restart # 3; iteration #3 with error: 9.98965e-07
  [Cycle 88] Particle sorting: ON
*** B CALCULATION [GPU] ***
Execution time cycle: 290.405 ms  [sort=0.051269 field=160.96 da_wait=0.00013 mover+out=0.033144 exchange+sort+moments=51.8672 B=70.5387 momentsAwait=6.95479 outCopy=0.00035]
 ======= Cycle 89 ======= 
*** E CALCULATION [GPU] ***
*** MAXWELL SOLVER [GPU] ***
Initial residual: 0.357405 norm b vector (source) = 0.564676
GMRES converged at restart # 3; iteration #3 with error: 8.96467e-07
  [Cycle 89] Particle sorting: ON
*** B CALCULATION [GPU] ***
Execution time cycle: 289.434 ms  [sort=0.033826 field=160.55 da_wait=0.00012 mover+out=0.031572 exchange+sort+moments=51.1729 B=70.7331 momentsAwait=6.91197 outCopy=0.000582]
 ======= Cycle 90 ======= 
*** E CALCULATION [GPU] ***
*** MAXWELL SOLVER [GPU] ***
Initial residual: 0.357301 norm b vector (source) = 0.564722
GMRES converged at restart # 3; iteration #3 with error: 8.90375e-07
  [Cycle 90] Particle sorting: ON
*** B CALCULATION [GPU] ***
Execution time cycle: 286.86 ms  [sort=0.045468 field=157.726 da_wait=0.00012 mover+out=0.031301 exchange+sort+moments=51.1591 B=70.9005 momentsAwait=6.9978 outCopy=0.000461]
 ======= Cycle 91 ======= 
*** E CALCULATION [GPU] ***
*** MAXWELL SOLVER [GPU] ***
Initial residual: 0.35738 norm b vector (source) = 0.564763
GMRES converged at restart # 3; iteration #3 with error: 8.47574e-07
  [Cycle 91] Particle sorting: ON
*** B CALCULATION [GPU] ***
Execution time cycle: 286.763 ms  [sort=0.048995 field=157.71 da_wait=0.00013 mover+out=0.031431 exchange+sort+moments=51.2012 B=70.8807 momentsAwait=6.88987 outCopy=0.000441]
 ======= Cycle 92 ======= 
*** E CALCULATION [GPU] ***
*** MAXWELL SOLVER [GPU] ***
Initial residual: 0.35769 norm b vector (source) = 0.564991
GMRES converged at restart # 3; iteration #3 with error: 8.44397e-07
  [Cycle 92] Particle sorting: ON
*** B CALCULATION [GPU] ***
Execution time cycle: 287.044 ms  [sort=0.049206 field=157.519 da_wait=0.00013 mover+out=0.03084 exchange+sort+moments=51.6784 B=70.833 momentsAwait=6.93337 outCopy=0.000461]
 ======= Cycle 93 ======= 
*** E CALCULATION [GPU] ***
*** MAXWELL SOLVER [GPU] ***
Initial residual: 0.357683 norm b vector (source) = 0.565024
GMRES converged at restart # 3; iteration #3 with error: 8.84668e-07
  [Cycle 93] Particle sorting: ON
*** B CALCULATION [GPU] ***
Execution time cycle: 287.195 ms  [sort=0.048514 field=157.691 da_wait=0.00019 mover+out=0.031812 exchange+sort+moments=51.4541 B=70.9867 momentsAwait=6.98162 outCopy=0.000541]
 ======= Cycle 94 ======= 
*** E CALCULATION [GPU] ***
*** MAXWELL SOLVER [GPU] ***
Initial residual: 0.357735 norm b vector (source) = 0.565003
GMRES converged at restart # 3; iteration #3 with error: 8.93073e-07
  [Cycle 94] Particle sorting: ON
*** B CALCULATION [GPU] ***
Execution time cycle: 289.479 ms  [sort=0.046871 field=160.458 da_wait=0.000231 mover+out=0.033615 exchange+sort+moments=51.103 B=70.967 momentsAwait=6.87084 outCopy=0.000431]
 ======= Cycle 95 ======= 
*** E CALCULATION [GPU] ***
*** MAXWELL SOLVER [GPU] ***
Initial residual: 0.357795 norm b vector (source) = 0.565109
GMRES converged at restart # 3; iteration #3 with error: 9.8929e-07
  [Cycle 95] Particle sorting: ON
*** B CALCULATION [GPU] ***
Execution time cycle: 290.305 ms  [sort=0.047732 field=160.831 da_wait=0.000121 mover+out=0.032382 exchange+sort+moments=51.6431 B=70.8332 momentsAwait=6.9175 outCopy=0.000481]
 ======= Cycle 96 ======= 
*** E CALCULATION [GPU] ***
*** MAXWELL SOLVER [GPU] ***
Initial residual: 0.357898 norm b vector (source) = 0.565424
GMRES converged at restart # 3; iteration #4 with error: 7.03641e-07
  [Cycle 96] Particle sorting: ON
*** B CALCULATION [GPU] ***
Execution time cycle: 292.859 ms  [sort=0.048765 field=163.056 da_wait=0.00015 mover+out=0.032423 exchange+sort+moments=52.1595 B=70.5394 momentsAwait=7.02265 outCopy=0.000431]
 ======= Cycle 97 ======= 
*** E CALCULATION [GPU] ***
*** MAXWELL SOLVER [GPU] ***
Initial residual: 0.358016 norm b vector (source) = 0.56583
GMRES converged at restart # 3; iteration #4 with error: 7.61721e-07
  [Cycle 97] Particle sorting: ON
*** B CALCULATION [GPU] ***
Execution time cycle: 292.689 ms  [sort=0.050318 field=163.13 da_wait=0.000131 mover+out=0.030399 exchange+sort+moments=52.0342 B=70.4994 momentsAwait=6.94466 outCopy=0.000521]
 ======= Cycle 98 ======= 
*** E CALCULATION [GPU] ***
*** MAXWELL SOLVER [GPU] ***
Initial residual: 0.358524 norm b vector (source) = 0.566571
GMRES converged at restart # 3; iteration #4 with error: 8.02727e-07
  [Cycle 98] Particle sorting: ON
*** B CALCULATION [GPU] ***
Execution time cycle: 292.547 ms  [sort=0.033345 field=163.272 da_wait=0.000151 mover+out=0.029196 exchange+sort+moments=51.5166 B=70.7476 momentsAwait=6.94743 outCopy=0.000451]
 ======= Cycle 99 ======= 
*** E CALCULATION [GPU] ***
*** MAXWELL SOLVER [GPU] ***
Initial residual: 0.358926 norm b vector (source) = 0.567305
GMRES converged at restart # 3; iteration #4 with error: 8.14032e-07
  [Cycle 99] Particle sorting: ON
*** B CALCULATION [GPU] ***
Execution time cycle: 298.247 ms  [sort=0.047392 field=168.724 da_wait=0.00013 mover+out=0.031592 exchange+sort+moments=51.5066 B=70.9346 momentsAwait=7.0015 outCopy=0.000481]
 ======= Cycle 100 ======= 
*** E CALCULATION [GPU] ***
*** MAXWELL SOLVER [GPU] ***
Initial residual: 0.359284 norm b vector (source) = 0.567994
GMRES converged at restart # 3; iteration #4 with error: 7.92325e-07
  [Cycle 100] Particle sorting: ON
*** B CALCULATION [GPU] ***
Execution time cycle: 311.627 ms  [sort=14.0323 field=163.98 da_wait=0.000771 mover+out=0.026281 exchange+sort+moments=50.3462 B=71.0121 momentsAwait=12.2292 outCopy=0.000381]
 ======= Cycle 101 ======= 
*** E CALCULATION [GPU] ***
*** MAXWELL SOLVER [GPU] ***
Initial residual: 0.359323 norm b vector (source) = 0.568274
GMRES converged at restart # 3; iteration #4 with error: 7.53962e-07
  [Cycle 101] Particle sorting: ON
*** B CALCULATION [GPU] ***
Execution time cycle: 291.932 ms  [sort=0.048655 field=163.173 da_wait=0.0002 mover+out=0.032073 exchange+sort+moments=50.5131 B=71.2519 momentsAwait=6.91257 outCopy=0.000561]
 ======= Cycle 102 ======= 
*** E CALCULATION [GPU] ***
*** MAXWELL SOLVER [GPU] ***
Initial residual: 0.359404 norm b vector (source) = 0.568425
GMRES converged at restart # 3; iteration #4 with error: 7.08136e-07
  [Cycle 102] Particle sorting: ON
*** B CALCULATION [GPU] ***
Execution time cycle: 292.659 ms  [sort=0.04662 field=163.001 da_wait=0.00013 mover+out=0.029858 exchange+sort+moments=51.6612 B=70.9506 momentsAwait=6.96935 outCopy=0.000431]
 ======= Cycle 103 ======= 
*** E CALCULATION [GPU] ***
*** MAXWELL SOLVER [GPU] ***
Initial residual: 0.359065 norm b vector (source) = 0.568124
GMRES converged at restart # 4; iteration #0 with error: 8.24516e-07
  [Cycle 103] Particle sorting: ON
*** B CALCULATION [GPU] ***
Execution time cycle: 294.27 ms  [sort=0.047753 field=164.696 da_wait=0.000131 mover+out=0.029868 exchange+sort+moments=51.5702 B=71.0185 momentsAwait=6.90756 outCopy=0.000531]
 ======= Cycle 104 ======= 
*** E CALCULATION [GPU] ***
*** MAXWELL SOLVER [GPU] ***
Initial residual: 0.358691 norm b vector (source) = 0.567631
GMRES converged at restart # 3; iteration #3 with error: 9.37617e-07
  [Cycle 104] Particle sorting: ON
*** B CALCULATION [GPU] ***
Execution time cycle: 290.234 ms  [sort=0.069976 field=160.688 da_wait=0.00013 mover+out=0.040088 exchange+sort+moments=51.8437 B=70.7228 momentsAwait=6.86887 outCopy=0.000501]
 ======= Cycle 105 ======= 
*** E CALCULATION [GPU] ***
*** MAXWELL SOLVER [GPU] ***
Initial residual: 0.358422 norm b vector (source) = 0.567193
GMRES converged at restart # 3; iteration #3 with error: 8.83004e-07
  [Cycle 105] Particle sorting: ON
*** B CALCULATION [GPU] ***
Execution time cycle: 290.203 ms  [sort=0.047923 field=160.434 da_wait=0.000121 mover+out=0.035659 exchange+sort+moments=51.9585 B=70.6985 momentsAwait=7.02828 outCopy=0.000521]
 ======= Cycle 106 ======= 
*** E CALCULATION [GPU] ***
*** MAXWELL SOLVER [GPU] ***
Initial residual: 0.358262 norm b vector (source) = 0.566935
GMRES converged at restart # 3; iteration #3 with error: 9.31746e-07
  [Cycle 106] Particle sorting: ON
*** B CALCULATION [GPU] ***
Execution time cycle: 287.148 ms  [sort=0.048254 field=157.762 da_wait=0.000141 mover+out=0.031371 exchange+sort+moments=51.444 B=70.9561 momentsAwait=6.90493 outCopy=0.000431]
 ======= Cycle 107 ======= 
*** E CALCULATION [GPU] ***
*** MAXWELL SOLVER [GPU] ***
Initial residual: 0.358163 norm b vector (source) = 0.566887
GMRES converged at restart # 3; iteration #3 with error: 8.90591e-07
  [Cycle 107] Particle sorting: ON
*** B CALCULATION [GPU] ***
Execution time cycle: 290.108 ms  [sort=0.03616 field=160.613 da_wait=0.00013 mover+out=0.033505 exchange+sort+moments=51.4867 B=71.0548 momentsAwait=6.88379 outCopy=0.000461]
 ======= Cycle 108 ======= 
*** E CALCULATION [GPU] ***
*** MAXWELL SOLVER [GPU] ***
Initial residual: 0.358235 norm b vector (source) = 0.566968
GMRES converged at restart # 3; iteration #3 with error: 9.52458e-07
  [Cycle 108] Particle sorting: ON
*** B CALCULATION [GPU] ***
Execution time cycle: 289.829 ms  [sort=0.045258 field=160.362 da_wait=0.00013 mover+out=0.032213 exchange+sort+moments=51.4642 B=71.0612 momentsAwait=6.86343 outCopy=0.000311]
 ======= Cycle 109 ======= 
*** E CALCULATION [GPU] ***
*** MAXWELL SOLVER [GPU] ***
Initial residual: 0.358334 norm b vector (source) = 0.567194
GMRES converged at restart # 3; iteration #4 with error: 6.69237e-07
  [Cycle 109] Particle sorting: ON
*** B CALCULATION [GPU] ***
Execution time cycle: 292.824 ms  [sort=0.04638 field=163.068 da_wait=0.000131 mover+out=0.033304 exchange+sort+moments=51.5908 B=71.1859 momentsAwait=6.89894 outCopy=0.000591]
 ======= Cycle 110 ======= 
*** E CALCULATION [GPU] ***
*** MAXWELL SOLVER [GPU] ***
Initial residual: 0.358441 norm b vector (source) = 0.567386
GMRES converged at restart # 3; iteration #4 with error: 7.40582e-07
  [Cycle 110] Particle sorting: ON
*** B CALCULATION [GPU] ***
Execution time cycle: 292.615 ms  [sort=0.049266 field=163.178 da_wait=0.000111 mover+out=0.033194 exchange+sort+moments=51.3747 B=71.11 momentsAwait=6.8691 outCopy=0.000732]
 ======= Cycle 111 ======= 
*** E CALCULATION [GPU] ***
*** MAXWELL SOLVER [GPU] ***
Initial residual: 0.35861 norm b vector (source) = 0.567572
GMRES converged at restart # 3; iteration #4 with error: 8.13624e-07
  [Cycle 111] Particle sorting: ON
*** B CALCULATION [GPU] ***
Execution time cycle: 292.984 ms  [sort=0.048063 field=163.225 da_wait=0.00012 mover+out=0.032003 exchange+sort+moments=51.5467 B=71.2103 momentsAwait=6.92181 outCopy=0.00037]
 ======= Cycle 112 ======= 
*** E CALCULATION [GPU] ***
*** MAXWELL SOLVER [GPU] ***
Initial residual: 0.35888 norm b vector (source) = 0.567859
GMRES converged at restart # 3; iteration #4 with error: 8.72974e-07
  [Cycle 112] Particle sorting: ON
*** B CALCULATION [GPU] ***
Execution time cycle: 292.466 ms  [sort=0.047533 field=163 da_wait=0.00019 mover+out=0.031732 exchange+sort+moments=51.3341 B=71.1925 momentsAwait=6.85994 outCopy=0.000291]
 ======= Cycle 113 ======= 
*** E CALCULATION [GPU] ***
*** MAXWELL SOLVER [GPU] ***
Initial residual: 0.359036 norm b vector (source) = 0.56805
GMRES converged at restart # 3; iteration #4 with error: 9.01003e-07
  [Cycle 113] Particle sorting: ON
*** B CALCULATION [GPU] ***
Execution time cycle: 292.976 ms  [sort=0.047111 field=163.13 da_wait=0.000151 mover+out=0.040809 exchange+sort+moments=51.8288 B=70.9439 momentsAwait=6.98406 outCopy=0.000451]
 ======= Cycle 114 ======= 
*** E CALCULATION [GPU] ***
*** MAXWELL SOLVER [GPU] ***
Initial residual: 0.359283 norm b vector (source) = 0.568337
GMRES converged at restart # 3; iteration #4 with error: 8.87265e-07
  [Cycle 114] Particle sorting: ON
*** B CALCULATION [GPU] ***
Execution time cycle: 292.88 ms  [sort=0.047512 field=162.983 da_wait=0.000221 mover+out=0.032232 exchange+sort+moments=51.9689 B=70.8201 momentsAwait=7.02723 outCopy=0.00037]
 ======= Cycle 115 ======= 
*** E CALCULATION [GPU] ***
*** MAXWELL SOLVER [GPU] ***
Initial residual: 0.359495 norm b vector (source) = 0.568577
GMRES converged at restart # 3; iteration #4 with error: 8.29081e-07
  [Cycle 115] Particle sorting: ON
*** B CALCULATION [GPU] ***
Execution time cycle: 292.296 ms  [sort=0.048915 field=163.035 da_wait=0.00013 mover+out=0.032564 exchange+sort+moments=51.165 B=71.1073 momentsAwait=6.90634 outCopy=0.000521]
 ======= Cycle 116 ======= 
*** E CALCULATION [GPU] ***
*** MAXWELL SOLVER [GPU] ***
Initial residual: 0.359564 norm b vector (source) = 0.568624
GMRES converged at restart # 3; iteration #4 with error: 7.45616e-07
  [Cycle 116] Particle sorting: ON
*** B CALCULATION [GPU] ***
Execution time cycle: 291.901 ms  [sort=0.045738 field=162.796 da_wait=0.00017 mover+out=0.03078 exchange+sort+moments=50.9182 B=71.1714 momentsAwait=6.93907 outCopy=0.000341]
 ======= Cycle 117 ======= 
*** E CALCULATION [GPU] ***
*** MAXWELL SOLVER [GPU] ***
Initial residual: 0.359408 norm b vector (source) = 0.56854
GMRES converged at restart # 4; iteration #0 with error: 8.25001e-07
  [Cycle 117] Particle sorting: ON
*** B CALCULATION [GPU] ***
Execution time cycle: 293.918 ms  [sort=0.044887 field=164.48 da_wait=0.000301 mover+out=0.03136 exchange+sort+moments=51.3282 B=71.0656 momentsAwait=6.96699 outCopy=0.000451]
 ======= Cycle 118 ======= 
*** E CALCULATION [GPU] ***
*** MAXWELL SOLVER [GPU] ***
Initial residual: 0.359515 norm b vector (source) = 0.568653
GMRES converged at restart # 3; iteration #3 with error: 8.73992e-07
  [Cycle 118] Particle sorting: ON
*** B CALCULATION [GPU] ***
Execution time cycle: 291.688 ms  [sort=0.047382 field=161.905 da_wait=0.00015 mover+out=0.03053 exchange+sort+moments=51.5573 B=71.2734 momentsAwait=6.87421 outCopy=0.000431]
 ======= Cycle 119 ======= 
*** E CALCULATION [GPU] ***
*** MAXWELL SOLVER [GPU] ***
Initial residual: 0.359745 norm b vector (source) = 0.569035
GMRES converged at restart # 3; iteration #3 with error: 8.23226e-07
  [Cycle 119] Particle sorting: ON
*** B CALCULATION [GPU] ***
Execution time cycle: 287.367 ms  [sort=0.045709 field=157.654 da_wait=0.00015 mover+out=0.031251 exchange+sort+moments=51.4316 B=71.2298 momentsAwait=6.97392 outCopy=0.000501]
 ======= Cycle 120 ======= 
*** E CALCULATION [GPU] ***
*** MAXWELL SOLVER [GPU] ***
Initial residual: 0.359736 norm b vector (source) = 0.569314
GMRES converged at restart # 3; iteration #3 with error: 7.44158e-07
  [Cycle 120] Particle sorting: ON
*** B CALCULATION [GPU] ***
Execution time cycle: 286.894 ms  [sort=0.044516 field=157.7 da_wait=0.00013 mover+out=0.031922 exchange+sort+moments=50.8372 B=71.3132 momentsAwait=6.96651 outCopy=0.0003]
 ======= Cycle 121 ======= 
*** E CALCULATION [GPU] ***
*** MAXWELL SOLVER [GPU] ***
Initial residual: 0.359375 norm b vector (source) = 0.569173
GMRES converged at restart # 3; iteration #3 with error: 7.05906e-07
  [Cycle 121] Particle sorting: ON
*** B CALCULATION [GPU] ***
Execution time cycle: 288.107 ms  [sort=0.0462 field=158.205 da_wait=0.000131 mover+out=0.031401 exchange+sort+moments=51.6242 B=71.1948 momentsAwait=7.00458 outCopy=0.00044]
 ======= Cycle 122 ======= 
*** E CALCULATION [GPU] ***
*** MAXWELL SOLVER [GPU] ***
Initial residual: 0.358927 norm b vector (source) = 0.56869
GMRES converged at restart # 3; iteration #3 with error: 7.16753e-07
  [Cycle 122] Particle sorting: ON
*** B CALCULATION [GPU] ***
Execution time cycle: 287.433 ms  [sort=0.047933 field=157.746 da_wait=0.00013 mover+out=0.03057 exchange+sort+moments=51.6199 B=71.0162 momentsAwait=6.97169 outCopy=0.000642]
 ======= Cycle 123 ======= 
*** E CALCULATION [GPU] ***
*** MAXWELL SOLVER [GPU] ***
Initial residual: 0.358788 norm b vector (source) = 0.568387
GMRES converged at restart # 3; iteration #3 with error: 7.72793e-07
  [Cycle 123] Particle sorting: ON
*** B CALCULATION [GPU] ***
Execution time cycle: 287.749 ms  [sort=0.034847 field=158.122 da_wait=0.00013 mover+out=0.031732 exchange+sort+moments=51.7868 B=70.8643 momentsAwait=6.90852 outCopy=0.000481]
 ======= Cycle 124 ======= 
*** E CALCULATION [GPU] ***
*** MAXWELL SOLVER [GPU] ***
Initial residual: 0.358798 norm b vector (source) = 0.568264
GMRES converged at restart # 3; iteration #3 with error: 8.60297e-07
  [Cycle 124] Particle sorting: ON
*** B CALCULATION [GPU] ***
Execution time cycle: 287.372 ms  [sort=0.047592 field=157.986 da_wait=0.00013 mover+out=0.032673 exchange+sort+moments=51.3869 B=70.9937 momentsAwait=6.92474 outCopy=0.000501]
 ======= Cycle 125 ======= 
*** E CALCULATION [GPU] ***
*** MAXWELL SOLVER [GPU] ***
Initial residual: 0.358847 norm b vector (source) = 0.56824
GMRES converged at restart # 3; iteration #3 with error: 9.02045e-07
  [Cycle 125] Particle sorting: ON
*** B CALCULATION [GPU] ***
Execution time cycle: 289.645 ms  [sort=0.044476 field=160.571 da_wait=0.00018 mover+out=0.033084 exchange+sort+moments=50.9904 B=71.0616 momentsAwait=6.94372 outCopy=0.000471]
 ======= Cycle 126 ======= 
*** E CALCULATION [GPU] ***
*** MAXWELL SOLVER [GPU] ***
Initial residual: 0.358949 norm b vector (source) = 0.568355
GMRES converged at restart # 4; iteration #0 with error: 8.14214e-07
  [Cycle 126] Particle sorting: ON
*** B CALCULATION [GPU] ***
Execution time cycle: 294.486 ms  [sort=0.042332 field=165.094 da_wait=0.00015 mover+out=0.032974 exchange+sort+moments=51.2593 B=71.1581 momentsAwait=6.89912 outCopy=0.000421]
 ======= Cycle 127 ======= 
*** E CALCULATION [GPU] ***
*** MAXWELL SOLVER [GPU] ***
Initial residual: 0.358977 norm b vector (source) = 0.568402
GMRES converged at restart # 3; iteration #4 with error: 6.84851e-07
  [Cycle 127] Particle sorting: ON
*** B CALCULATION [GPU] ***
Execution time cycle: 292.882 ms  [sort=0.049386 field=163.273 da_wait=0.00015 mover+out=0.03123 exchange+sort+moments=51.5065 B=71.151 momentsAwait=6.87044 outCopy=0.000451]
 ======= Cycle 128 ======= 
*** E CALCULATION [GPU] ***
*** MAXWELL SOLVER [GPU] ***
Initial residual: 0.359039 norm b vector (source) = 0.568322
GMRES converged at restart # 3; iteration #4 with error: 6.96041e-07
  [Cycle 128] Particle sorting: ON
*** B CALCULATION [GPU] ***
Execution time cycle: 292.616 ms  [sort=0.045438 field=163.042 da_wait=0.00013 mover+out=0.035229 exchange+sort+moments=51.1641 B=71.2998 momentsAwait=7.02916 outCopy=0.000391]
 ======= Cycle 129 ======= 
*** E CALCULATION [GPU] ***
*** MAXWELL SOLVER [GPU] ***
Initial residual: 0.359039 norm b vector (source) = 0.568192
GMRES converged at restart # 3; iteration #4 with error: 6.71665e-07
  [Cycle 129] Particle sorting: ON
*** B CALCULATION [GPU] ***
Execution time cycle: 292.924 ms  [sort=0.04674 field=163.233 da_wait=0.00021 mover+out=0.029978 exchange+sort+moments=51.2548 B=71.4013 momentsAwait=6.9575 outCopy=0.000491]
 ======= Cycle 130 ======= 
*** E CALCULATION [GPU] ***
*** MAXWELL SOLVER [GPU] ***
Initial residual: 0.35921 norm b vector (source) = 0.568317
GMRES converged at restart # 3; iteration #3 with error: 9.5668e-07
  [Cycle 130] Particle sorting: ON
*** B CALCULATION [GPU] ***
Execution time cycle: 290.327 ms  [sort=0.046881 field=160.753 da_wait=0.00013 mover+out=0.030279 exchange+sort+moments=51.4423 B=71.1504 momentsAwait=6.90341 outCopy=0.00036]
 ======= Cycle 131 ======= 
*** E CALCULATION [GPU] ***
*** MAXWELL SOLVER [GPU] ***
Initial residual: 0.35939 norm b vector (source) = 0.56861
GMRES converged at restart # 3; iteration #3 with error: 9.095e-07
  [Cycle 131] Particle sorting: ON
*** B CALCULATION [GPU] ***
Execution time cycle: 288.354 ms  [sort=0.05146 field=158.069 da_wait=0.00015 mover+out=0.031291 exchange+sort+moments=52.1343 B=70.9663 momentsAwait=7.10103 outCopy=0.00039]
 ======= Cycle 132 ======= 
*** E CALCULATION [GPU] ***
*** MAXWELL SOLVER [GPU] ***
Initial residual: 0.359538 norm b vector (source) = 0.569009
GMRES converged at restart # 3; iteration #3 with error: 7.90785e-07
  [Cycle 132] Particle sorting: ON
*** B CALCULATION [GPU] ***
Execution time cycle: 288.03 ms  [sort=0.048584 field=158.194 da_wait=0.00012 mover+out=0.034457 exchange+sort+moments=51.9257 B=70.8571 momentsAwait=6.97002 outCopy=0.000361]
 ======= Cycle 133 ======= 
*** E CALCULATION [GPU] ***
*** MAXWELL SOLVER [GPU] ***
Initial residual: 0.359592 norm b vector (source) = 0.569343
GMRES converged at restart # 3; iteration #3 with error: 6.90766e-07
  [Cycle 133] Particle sorting: ON
*** B CALCULATION [GPU] ***
Execution time cycle: 288.103 ms  [sort=0.047893 field=158.121 da_wait=0.00012 mover+out=0.031071 exchange+sort+moments=51.8734 B=70.9941 momentsAwait=7.03504 outCopy=0.000511]
 ======= Cycle 134 ======= 
*** E CALCULATION [GPU] ***
*** MAXWELL SOLVER [GPU] ***
Initial residual: 0.35939 norm b vector (source) = 0.569376
GMRES converged at restart # 3; iteration #2 with error: 9.18612e-07
  [Cycle 134] Particle sorting: ON
*** B CALCULATION [GPU] ***
Execution time cycle: 286.034 ms  [sort=0.044847 field=157.113 da_wait=0.00012 mover+out=0.033606 exchange+sort+moments=50.3448 B=71.5105 momentsAwait=6.98678 outCopy=0.000451]
 ======= Cycle 135 ======= 
*** E CALCULATION [GPU] ***
*** MAXWELL SOLVER [GPU] ***
Initial residual: 0.35875 norm b vector (source) = 0.568778
GMRES converged at restart # 3; iteration #2 with error: 8.82575e-07
  [Cycle 135] Particle sorting: ON
*** B CALCULATION [GPU] ***
Execution time cycle: 285.945 ms  [sort=0.046981 field=155.813 da_wait=0.00013 mover+out=0.029217 exchange+sort+moments=51.8919 B=71.2353 momentsAwait=6.92802 outCopy=0.000331]
 ======= Cycle 136 ======= 
*** E CALCULATION [GPU] ***
*** MAXWELL SOLVER [GPU] ***
Initial residual: 0.358609 norm b vector (source) = 0.568409
GMRES converged at restart # 3; iteration #2 with error: 9.09094e-07
  [Cycle 136] Particle sorting: ON
*** B CALCULATION [GPU] ***
Execution time cycle: 285.539 ms  [sort=0.044597 field=155.67 da_wait=0.00018 mover+out=0.028496 exchange+sort+moments=51.6361 B=71.2322 momentsAwait=6.92753 outCopy=0.000431]
 ======= Cycle 137 ======= 
*** E CALCULATION [GPU] ***
*** MAXWELL SOLVER [GPU] ***
Initial residual: 0.358845 norm b vector (source) = 0.568577
GMRES converged at restart # 3; iteration #2 with error: 9.92838e-07
  [Cycle 137] Particle sorting: ON
*** B CALCULATION [GPU] ***
Execution time cycle: 285.163 ms  [sort=0.045278 field=155.525 da_wait=0.00013 mover+out=0.031551 exchange+sort+moments=51.1589 B=71.3864 momentsAwait=7.01506 outCopy=0.000612]
 ======= Cycle 138 ======= 
*** E CALCULATION [GPU] ***
*** MAXWELL SOLVER [GPU] ***
Initial residual: 0.359091 norm b vector (source) = 0.568878
GMRES converged at restart # 3; iteration #3 with error: 7.71196e-07
  [Cycle 138] Particle sorting: ON
*** B CALCULATION [GPU] ***
Execution time cycle: 287.217 ms  [sort=0.046189 field=157.919 da_wait=0.000151 mover+out=0.030339 exchange+sort+moments=50.9487 B=71.4056 momentsAwait=6.86688 outCopy=0.000451]
 ======= Cycle 139 ======= 
*** E CALCULATION [GPU] ***
*** MAXWELL SOLVER [GPU] ***
Initial residual: 0.359391 norm b vector (source) = 0.56925
GMRES converged at restart # 3; iteration #3 with error: 8.91643e-07
  [Cycle 139] Particle sorting: ON
*** B CALCULATION [GPU] ***
Execution time cycle: 287.489 ms  [sort=0.047252 field=158.11 da_wait=0.000131 mover+out=0.034977 exchange+sort+moments=51.0795 B=71.2529 momentsAwait=6.96322 outCopy=0.000501]
 ======= Cycle 140 ======= 
*** E CALCULATION [GPU] ***
*** MAXWELL SOLVER [GPU] ***
Initial residual: 0.359336 norm b vector (source) = 0.569239
GMRES converged at restart # 3; iteration #3 with error: 9.47839e-07
  [Cycle 140] Particle sorting: ON
*** B CALCULATION [GPU] ***
Execution time cycle: 290.485 ms  [sort=0.044967 field=160.693 da_wait=0.000121 mover+out=0.033264 exchange+sort+moments=51.6979 B=70.9818 momentsAwait=7.03408 outCopy=0.000291]
 ======= Cycle 141 ======= 
*** E CALCULATION [GPU] ***
*** MAXWELL SOLVER [GPU] ***
Initial residual: 0.35932 norm b vector (source) = 0.56911
GMRES converged at restart # 3; iteration #4 with error: 6.74574e-07
  [Cycle 141] Particle sorting: ON
*** B CALCULATION [GPU] ***
Execution time cycle: 293.031 ms  [sort=0.045659 field=163.309 da_wait=0.000131 mover+out=0.033675 exchange+sort+moments=51.7133 B=71.0514 momentsAwait=6.87678 outCopy=0.000371]
 ======= Cycle 142 ======= 
*** E CALCULATION [GPU] ***
*** MAXWELL SOLVER [GPU] ***
Initial residual: 0.359239 norm b vector (source) = 0.568871
GMRES converged at restart # 3; iteration #4 with error: 7.12931e-07
  [Cycle 142] Particle sorting: ON
*** B CALCULATION [GPU] ***
Execution time cycle: 292.948 ms  [sort=0.043494 field=163.726 da_wait=0.00015 mover+out=0.035659 exchange+sort+moments=50.951 B=71.231 momentsAwait=6.95953 outCopy=0.000681]
 ======= Cycle 143 ======= 
*** E CALCULATION [GPU] ***
*** MAXWELL SOLVER [GPU] ***
Initial residual: 0.359272 norm b vector (source) = 0.568759
GMRES converged at restart # 3; iteration #4 with error: 7.15485e-07
  [Cycle 143] Particle sorting: ON
*** B CALCULATION [GPU] ***
Execution time cycle: 292.669 ms  [sort=0.045909 field=163.127 da_wait=0.00013 mover+out=0.031201 exchange+sort+moments=51.2029 B=71.3695 momentsAwait=6.89147 outCopy=0.000601]
 ======= Cycle 144 ======= 
*** E CALCULATION [GPU] ***
*** MAXWELL SOLVER [GPU] ***
Initial residual: 0.359334 norm b vector (source) = 0.568685
GMRES converged at restart # 3; iteration #4 with error: 6.81911e-07
  [Cycle 144] Particle sorting: ON
*** B CALCULATION [GPU] ***
Execution time cycle: 292.911 ms  [sort=0.044446 field=163.143 da_wait=0.000201 mover+out=0.030188 exchange+sort+moments=51.2493 B=71.502 momentsAwait=6.94173 outCopy=0.000311]
 ======= Cycle 145 ======= 
*** E CALCULATION [GPU] ***
*** MAXWELL SOLVER [GPU] ***
Initial residual: 0.359633 norm b vector (source) = 0.56891
GMRES converged at restart # 3; iteration #3 with error: 9.65305e-07
  [Cycle 145] Particle sorting: ON
*** B CALCULATION [GPU] ***
Execution time cycle: 290.223 ms  [sort=0.043985 field=160.497 da_wait=0.00013 mover+out=0.029016 exchange+sort+moments=51.3392 B=71.4867 momentsAwait=6.8263 outCopy=0.000571]
 ======= Cycle 146 ======= 
*** E CALCULATION [GPU] ***
*** MAXWELL SOLVER [GPU] ***
Initial residual: 0.360048 norm b vector (source) = 0.569556
GMRES converged at restart # 3; iteration #3 with error: 9.14357e-07
  [Cycle 146] Particle sorting: ON
*** B CALCULATION [GPU] ***
Execution time cycle: 287.775 ms  [sort=0.043915 field=157.921 da_wait=0.00012 mover+out=0.031331 exchange+sort+moments=51.2468 B=71.6215 momentsAwait=6.9103 outCopy=0.000451]
 ======= Cycle 147 ======= 
*** E CALCULATION [GPU] ***
*** MAXWELL SOLVER [GPU] ***
Initial residual: 0.360442 norm b vector (source) = 0.570299
GMRES converged at restart # 3; iteration #3 with error: 7.84543e-07
  [Cycle 147] Particle sorting: ON
*** B CALCULATION [GPU] ***
Execution time cycle: 288.106 ms  [sort=0.046952 field=158.205 da_wait=0.00013 mover+out=0.030198 exchange+sort+moments=51.238 B=71.6433 momentsAwait=6.94174 outCopy=0.000451]
 ======= Cycle 148 ======= 
*** E CALCULATION [GPU] ***
*** MAXWELL SOLVER [GPU] ***
Initial residual: 0.360866 norm b vector (source) = 0.571196
GMRES converged at restart # 3; iteration #2 with error: 9.8507e-07
  [Cycle 148] Particle sorting: ON
*** B CALCULATION [GPU] ***
Execution time cycle: 285.45 ms  [sort=0.045228 field=155.74 da_wait=0.00013 mover+out=0.032082 exchange+sort+moments=51.242 B=71.4989 momentsAwait=6.89085 outCopy=0.000341]
 ======= Cycle 149 ======= 
*** E CALCULATION [GPU] ***
*** MAXWELL SOLVER [GPU] ***
Initial residual: 0.361065 norm b vector (source) = 0.572022
GMRES converged at restart # 3; iteration #2 with error: 8.61701e-07
  [Cycle 149] Particle sorting: ON
*** B CALCULATION [GPU] ***
Execution time cycle: 285.186 ms  [sort=0.045849 field=155.527 da_wait=0.00013 mover+out=0.031091 exchange+sort+moments=51.5339 B=71.2217 momentsAwait=6.82572 outCopy=0.000501]
 ======= Cycle 150 ======= 
*** E CALCULATION [GPU] ***
*** MAXWELL SOLVER [GPU] ***
Initial residual: 0.360695 norm b vector (source) = 0.572119
GMRES converged at restart # 3; iteration #1 with error: 9.73564e-07
  [Cycle 150] Particle sorting: ON
*** B CALCULATION [GPU] ***
Execution time cycle: 297.207 ms  [sort=14.0561 field=154.238 da_wait=0.000812 mover+out=0.032804 exchange+sort+moments=50.7078 B=71.3186 momentsAwait=6.85264 outCopy=0.000301]
 ======= Cycle 151 ======= 
*** E CALCULATION [GPU] ***
*** MAXWELL SOLVER [GPU] ***
Initial residual: 0.360257 norm b vector (source) = 0.571699
GMRES converged at restart # 3; iteration #1 with error: 9.56062e-07
  [Cycle 151] Particle sorting: ON
*** B CALCULATION [GPU] ***
Execution time cycle: 282.547 ms  [sort=0.04657 field=153.137 da_wait=0.00013 mover+out=0.034307 exchange+sort+moments=50.7793 B=71.6259 momentsAwait=6.92337 outCopy=0.000451]
 ======= Cycle 152 ======= 
*** E CALCULATION [GPU] ***
*** MAXWELL SOLVER [GPU] ***
Initial residual: 0.359793 norm b vector (source) = 0.570934
GMRES converged at restart # 3; iteration #2 with error: 8.21459e-07
  [Cycle 152] Particle sorting: ON
*** B CALCULATION [GPU] ***
Execution time cycle: 285.648 ms  [sort=0.044927 field=155.707 da_wait=0.00021 mover+out=0.032433 exchange+sort+moments=51.3872 B=71.5542 momentsAwait=6.92151 outCopy=0.000311]
 ======= Cycle 153 ======= 
*** E CALCULATION [GPU] ***
*** MAXWELL SOLVER [GPU] ***
Initial residual: 0.359488 norm b vector (source) = 0.570161
GMRES converged at restart # 3; iteration #2 with error: 9.05991e-07
  [Cycle 153] Particle sorting: ON
*** B CALCULATION [GPU] ***
Execution time cycle: 286.067 ms  [sort=0.043644 field=155.71 da_wait=0.00013 mover+out=0.03091 exchange+sort+moments=51.6943 B=71.5877 momentsAwait=6.99983 outCopy=0.000471]
 ======= Cycle 154 ======= 
*** E CALCULATION [GPU] ***
*** MAXWELL SOLVER [GPU] ***
Initial residual: 0.359553 norm b vector (source) = 0.569873
GMRES converged at restart # 3; iteration #3 with error: 6.94265e-07
  [Cycle 154] Particle sorting: ON
*** B CALCULATION [GPU] ***
Execution time cycle: 287.271 ms  [sort=0.043986 field=157.787 da_wait=0.000121 mover+out=0.03125 exchange+sort+moments=50.8898 B=71.6862 momentsAwait=6.83235 outCopy=0.00039]
 ======= Cycle 155 ======= 
*** E CALCULATION [GPU] ***
*** MAXWELL SOLVER [GPU] ***
Initial residual: 0.359598 norm b vector (source) = 0.569797
GMRES converged at restart # 3; iteration #3 with error: 7.8523e-07
  [Cycle 155] Particle sorting: ON
*** B CALCULATION [GPU] ***
Execution time cycle: 287.37 ms  [sort=0.044045 field=157.693 da_wait=0.00015 mover+out=0.0307 exchange+sort+moments=50.9814 B=71.7104 momentsAwait=6.90983 outCopy=0.00031]
 ======= Cycle 156 ======= 
*** E CALCULATION [GPU] ***
*** MAXWELL SOLVER [GPU] ***
Initial residual: 0.359512 norm b vector (source) = 0.569727
GMRES converged at restart # 3; iteration #3 with error: 8.62589e-07
  [Cycle 156] Particle sorting: ON
*** B CALCULATION [GPU] ***
Execution time cycle: 287.814 ms  [sort=0.045548 field=157.921 da_wait=0.00013 mover+out=0.031541 exchange+sort+moments=51.1583 B=71.5592 momentsAwait=7.09728 outCopy=0.000581]
 ======= Cycle 157 ======= 
*** E CALCULATION [GPU] ***
*** MAXWELL SOLVER [GPU] ***
Initial residual: 0.359416 norm b vector (source) = 0.569553
GMRES converged at restart # 3; iteration #3 with error: 9.06932e-07
  [Cycle 157] Particle sorting: ON
*** B CALCULATION [GPU] ***
Execution time cycle: 288.318 ms  [sort=0.048334 field=157.943 da_wait=0.000201 mover+out=0.029938 exchange+sort+moments=52.1594 B=71.1907 momentsAwait=6.94599 outCopy=0.00043]
 ======= Cycle 158 ======= 
*** E CALCULATION [GPU] ***
*** MAXWELL SOLVER [GPU] ***
Initial residual: 0.359456 norm b vector (source) = 0.569489
GMRES converged at restart # 3; iteration #3 with error: 9.00803e-07
  [Cycle 158] Particle sorting: ON
*** B CALCULATION [GPU] ***
Execution time cycle: 287.899 ms  [sort=0.049957 field=157.938 da_wait=0.00012 mover+out=0.030239 exchange+sort+moments=51.7425 B=71.1876 momentsAwait=6.95035 outCopy=0.000521]
 ======= Cycle 159 ======= 
*** E CALCULATION [GPU] ***
*** MAXWELL SOLVER [GPU] ***
Initial residual: 0.359686 norm b vector (source) = 0.569591
GMRES converged at restart # 3; iteration #3 with error: 8.43996e-07
  [Cycle 159] Particle sorting: ON
*** B CALCULATION [GPU] ***
Execution time cycle: 287.096 ms  [sort=0.048103 field=157.724 da_wait=0.00012 mover+out=0.029387 exchange+sort+moments=51.2131 B=71.2406 momentsAwait=6.84055 outCopy=0.000451]
 ======= Cycle 160 ======= 
*** E CALCULATION [GPU] ***
*** MAXWELL SOLVER [GPU] ***
Initial residual: 0.360277 norm b vector (source) = 0.570185
GMRES converged at restart # 3; iteration #3 with error: 7.45115e-07
  [Cycle 160] Particle sorting: ON
*** B CALCULATION [GPU] ***
Execution time cycle: 287.9 ms  [sort=0.044035 field=158.547 da_wait=0.00013 mover+out=0.029678 exchange+sort+moments=50.8794 B=71.4255 momentsAwait=6.97463 outCopy=0.00036]
 ======= Cycle 161 ======= 
*** E CALCULATION [GPU] ***
*** MAXWELL SOLVER [GPU] ***
Initial residual: 0.360683 norm b vector (source) = 0.570851
GMRES converged at restart # 3; iteration #2 with error: 9.22329e-07
  [Cycle 161] Particle sorting: ON
*** B CALCULATION [GPU] ***
Execution time cycle: 285.311 ms  [sort=0.043304 field=155.254 da_wait=0.00014 mover+out=0.032253 exchange+sort+moments=51.5199 B=71.4741 momentsAwait=6.98611 outCopy=0.000481]
 ======= Cycle 162 ======= 
*** E CALCULATION [GPU] ***
*** MAXWELL SOLVER [GPU] ***
Initial residual: 0.361019 norm b vector (source) = 0.571512
GMRES converged at restart # 3; iteration #1 with error: 9.14486e-07
  [Cycle 162] Particle sorting: ON
*** B CALCULATION [GPU] ***
Execution time cycle: 282.925 ms  [sort=0.04601 field=153.281 da_wait=0.00013 mover+out=0.03092 exchange+sort+moments=51.0783 B=71.5251 momentsAwait=6.96391 outCopy=0.000321]
 ======= Cycle 163 ======= 
*** E CALCULATION [GPU] ***
*** MAXWELL SOLVER [GPU] ***
Initial residual: 0.361221 norm b vector (source) = 0.572037
GMRES converged at restart # 3; iteration #1 with error: 8.48399e-07
  [Cycle 163] Particle sorting: ON
*** B CALCULATION [GPU] ***
Execution time cycle: 279.853 ms  [sort=0.048103 field=150.146 da_wait=0.000211 mover+out=0.029827 exchange+sort+moments=51.0636 B=71.687 momentsAwait=6.87734 outCopy=0.000481]
 ======= Cycle 164 ======= 
*** E CALCULATION [GPU] ***
*** MAXWELL SOLVER [GPU] ***
Initial residual: 0.361455 norm b vector (source) = 0.572536
GMRES converged at restart # 3; iteration #0 with error: 8.98238e-07
  [Cycle 164] Particle sorting: ON
*** B CALCULATION [GPU] ***
Execution time cycle: 277.405 ms  [sort=0.043344 field=147.78 da_wait=0.000131 mover+out=0.033485 exchange+sort+moments=51.097 B=71.5795 momentsAwait=6.87066 outCopy=0.00034]
 ======= Cycle 165 ======= 
*** E CALCULATION [GPU] ***
*** MAXWELL SOLVER [GPU] ***
Initial residual: 0.361601 norm b vector (source) = 0.572873
GMRES converged at restart # 3; iteration #0 with error: 8.42925e-07
  [Cycle 165] Particle sorting: ON
*** B CALCULATION [GPU] ***
Execution time cycle: 277.576 ms  [sort=0.045197 field=147.631 da_wait=0.00014 mover+out=0.032583 exchange+sort+moments=51.4552 B=71.5066 momentsAwait=6.90454 outCopy=0.000491]
 ======= Cycle 166 ======= 
*** E CALCULATION [GPU] ***
*** MAXWELL SOLVER [GPU] ***
Initial residual: 0.361343 norm b vector (source) = 0.572586
GMRES converged at restart # 3; iteration #0 with error: 8.59751e-07
  [Cycle 166] Particle sorting: ON
*** B CALCULATION [GPU] ***
Execution time cycle: 277.766 ms  [sort=0.050368 field=147.891 da_wait=0.00019 mover+out=0.030199 exchange+sort+moments=51.576 B=71.32 momentsAwait=6.89699 outCopy=0.000431]
 ======= Cycle 167 ======= 
*** E CALCULATION [GPU] ***
*** MAXWELL SOLVER [GPU] ***
Initial residual: 0.361131 norm b vector (source) = 0.57206
GMRES converged at restart # 3; iteration #0 with error: 9.48631e-07
  [Cycle 167] Particle sorting: ON
*** B CALCULATION [GPU] ***
Execution time cycle: 277.385 ms  [sort=0.048674 field=147.838 da_wait=0.000131 mover+out=0.033615 exchange+sort+moments=51.3417 B=71.2267 momentsAwait=6.8955 outCopy=0.000351]
 ======= Cycle 168 ======= 
*** E CALCULATION [GPU] ***
*** MAXWELL SOLVER [GPU] ***
Initial residual: 0.360816 norm b vector (source) = 0.571394
GMRES converged at restart # 3; iteration #0 with error: 9.40183e-07
  [Cycle 168] Particle sorting: ON
*** B CALCULATION [GPU] ***
Execution time cycle: 279.618 ms  [sort=0.044065 field=150.35 da_wait=0.00013 mover+out=0.032934 exchange+sort+moments=50.6895 B=71.6251 momentsAwait=6.87562 outCopy=0.000441]
 ======= Cycle 169 ======= 
*** E CALCULATION [GPU] ***
*** MAXWELL SOLVER [GPU] ***
Initial residual: 0.360579 norm b vector (source) = 0.570883
GMRES converged at restart # 3; iteration #1 with error: 9.85721e-07
  [Cycle 169] Particle sorting: ON
*** B CALCULATION [GPU] ***
Execution time cycle: 282.476 ms  [sort=0.043715 field=152.959 da_wait=0.00012 mover+out=0.028886 exchange+sort+moments=51.0962 B=71.4132 momentsAwait=6.93473 outCopy=0.000791]
 ======= Cycle 170 ======= 
*** E CALCULATION [GPU] ***
*** MAXWELL SOLVER [GPU] ***
Initial residual: 0.360523 norm b vector (source) = 0.57068
GMRES converged at restart # 3; iteration #2 with error: 9.59019e-07
  [Cycle 170] Particle sorting: ON
*** B CALCULATION [GPU] ***
Execution time cycle: 285.161 ms  [sort=0.045588 field=155.573 da_wait=0.00013 mover+out=0.033254 exchange+sort+moments=51.0419 B=71.5992 momentsAwait=6.86787 outCopy=0.000351]
 ======= Cycle 171 ======= 
*** E CALCULATION [GPU] ***
*** MAXWELL SOLVER [GPU] ***
Initial residual: 0.360543 norm b vector (source) = 0.570691
GMRES converged at restart # 3; iteration #3 with error: 7.47167e-07
  [Cycle 171] Particle sorting: ON
*** B CALCULATION [GPU] ***
Execution time cycle: 287.861 ms  [sort=0.047593 field=158.078 da_wait=0.00013 mover+out=0.030019 exchange+sort+moments=51.2472 B=71.5406 momentsAwait=6.91649 outCopy=0.000411]
 ======= Cycle 172 ======= 
*** E CALCULATION [GPU] ***
*** MAXWELL SOLVER [GPU] ***
Initial residual: 0.360812 norm b vector (source) = 0.570913
GMRES converged at restart # 3; iteration #3 with error: 8.02772e-07
  [Cycle 172] Particle sorting: ON
*** B CALCULATION [GPU] ***
Execution time cycle: 288.49 ms  [sort=0.042863 field=158.439 da_wait=0.00013 mover+out=0.031361 exchange+sort+moments=51.3088 B=71.7388 momentsAwait=6.92855 outCopy=0.00036]
 ======= Cycle 173 ======= 
*** E CALCULATION [GPU] ***
*** MAXWELL SOLVER [GPU] ***
Initial residual: 0.360751 norm b vector (source) = 0.57081
GMRES converged at restart # 3; iteration #3 with error: 8.05059e-07
  [Cycle 173] Particle sorting: ON
*** B CALCULATION [GPU] ***
Execution time cycle: 288.022 ms  [sort=0.050067 field=158.147 da_wait=0.00015 mover+out=0.031271 exchange+sort+moments=50.908 B=71.7858 momentsAwait=7.09937 outCopy=0.000411]
 ======= Cycle 174 ======= 
*** E CALCULATION [GPU] ***
*** MAXWELL SOLVER [GPU] ***
Initial residual: 0.360756 norm b vector (source) = 0.57066
GMRES converged at restart # 3; iteration #3 with error: 7.55535e-07
  [Cycle 174] Particle sorting: ON
*** B CALCULATION [GPU] ***
Execution time cycle: 287.984 ms  [sort=0.045578 field=157.767 da_wait=0.000131 mover+out=0.026722 exchange+sort+moments=51.1461 B=71.6894 momentsAwait=7.30824 outCopy=0.000721]
 ======= Cycle 175 ======= 
*** E CALCULATION [GPU] ***
*** MAXWELL SOLVER [GPU] ***
Initial residual: 0.360916 norm b vector (source) = 0.570737
GMRES converged at restart # 3; iteration #2 with error: 9.77359e-07
  [Cycle 175] Particle sorting: ON
*** B CALCULATION [GPU] ***
Execution time cycle: 286.823 ms  [sort=0.048714 field=156.516 da_wait=0.00013 mover+out=0.03083 exchange+sort+moments=51.8516 B=71.3959 momentsAwait=6.97926 outCopy=0.000461]
 ======= Cycle 176 ======= 
*** E CALCULATION [GPU] ***
*** MAXWELL SOLVER [GPU] ***
Initial residual: 0.360815 norm b vector (source) = 0.570788
GMRES converged at restart # 4; iteration #0 with error: 8.81287e-07
  [Cycle 176] Particle sorting: ON
*** B CALCULATION [GPU] ***
Execution time cycle: 831.878 ms  [sort=0.056991 field=702.123 da_wait=0.000131 mover+out=0.033344 exchange+sort+moments=51.2711 B=71.4003 momentsAwait=6.99315 outCopy=0.00044]
 ======= Cycle 177 ======= 
*** E CALCULATION [GPU] ***
*** MAXWELL SOLVER [GPU] ***
Initial residual: 0.360666 norm b vector (source) = 0.570839
GMRES converged at restart # 3; iteration #0 with error: 9.4668e-07
  [Cycle 177] Particle sorting: ON
*** B CALCULATION [GPU] ***
Execution time cycle: 616.439 ms  [sort=0.04651 field=486.568 da_wait=0.00013 mover+out=0.032443 exchange+sort+moments=51.2985 B=71.5216 momentsAwait=6.97169 outCopy=0.00035]
 ======= Cycle 178 ======= 
*** E CALCULATION [GPU] ***
*** MAXWELL SOLVER [GPU] ***
Initial residual: 0.360382 norm b vector (source) = 0.570766
GMRES converged at restart # 3; iteration #0 with error: 9.48882e-07
  [Cycle 178] Particle sorting: ON
*** B CALCULATION [GPU] ***
Execution time cycle: 278.13 ms  [sort=0.050218 field=148.464 da_wait=0.00013 mover+out=0.028926 exchange+sort+moments=50.9077 B=71.6805 momentsAwait=6.99869 outCopy=0.000471]
 ======= Cycle 179 ======= 
*** E CALCULATION [GPU] ***
*** MAXWELL SOLVER [GPU] ***
Initial residual: 0.360314 norm b vector (source) = 0.570871
GMRES converged at restart # 3; iteration #0 with error: 8.4403e-07
  [Cycle 179] Particle sorting: ON
*** B CALCULATION [GPU] ***
Execution time cycle: 279.288 ms  [sort=0.046831 field=148.804 da_wait=0.000131 mover+out=0.032843 exchange+sort+moments=51.7172 B=71.6695 momentsAwait=7.01753 outCopy=0.000481]
 ======= Cycle 180 ======= 
*** E CALCULATION [GPU] ***
*** MAXWELL SOLVER [GPU] ***
Initial residual: 0.360225 norm b vector (source) = 0.570957
GMRES converged at restart # 2; iteration #9 with error: 9.73882e-07
  [Cycle 180] Particle sorting: ON
*** B CALCULATION [GPU] ***
Execution time cycle: 275.275 ms  [sort=0.04099 field=144.716 da_wait=0.00014 mover+out=0.031491 exchange+sort+moments=51.7138 B=71.7226 momentsAwait=7.04951 outCopy=0.000401]
 ======= Cycle 181 ======= 
*** E CALCULATION [GPU] ***
*** MAXWELL SOLVER [GPU] ***
Initial residual: 0.360227 norm b vector (source) = 0.57095
GMRES converged at restart # 2; iteration #9 with error: 9.97832e-07
  [Cycle 181] Particle sorting: ON
*** B CALCULATION [GPU] ***
Execution time cycle: 274.228 ms  [sort=0.047051 field=144.339 da_wait=0.00019 mover+out=0.029498 exchange+sort+moments=51.0729 B=71.8626 momentsAwait=6.87582 outCopy=0.000401]
 ======= Cycle 182 ======= 
*** E CALCULATION [GPU] ***
*** MAXWELL SOLVER [GPU] ***
Initial residual: 0.360328 norm b vector (source) = 0.570943
GMRES converged at restart # 3; iteration #0 with error: 9.07881e-07
  [Cycle 182] Particle sorting: ON
*** B CALCULATION [GPU] ***
Execution time cycle: 279.083 ms  [sort=0.043905 field=148.996 da_wait=0.00012 mover+out=0.030068 exchange+sort+moments=51.0156 B=71.9659 momentsAwait=7.03106 outCopy=0.000431]
 ======= Cycle 183 ======= 
*** E CALCULATION [GPU] ***
*** MAXWELL SOLVER [GPU] ***
Initial residual: 0.360482 norm b vector (source) = 0.570987
GMRES converged at restart # 3; iteration #1 with error: 8.63114e-07
  [Cycle 183] Particle sorting: ON
*** B CALCULATION [GPU] ***
Execution time cycle: 281.258 ms  [sort=0.044737 field=151.026 da_wait=0.000111 mover+out=0.031791 exchange+sort+moments=51.5074 B=71.7936 momentsAwait=6.85415 outCopy=0.0004]
 ======= Cycle 184 ======= 
*** E CALCULATION [GPU] ***
*** MAXWELL SOLVER [GPU] ***
Initial residual: 0.360585 norm b vector (source) = 0.570926
GMRES converged at restart # 3; iteration #1 with error: 8.95195e-07
  [Cycle 184] Particle sorting: ON
*** B CALCULATION [GPU] ***
Execution time cycle: 284.157 ms  [sort=0.041661 field=153.754 da_wait=0.00014 mover+out=0.034407 exchange+sort+moments=51.6917 B=71.6723 momentsAwait=6.96292 outCopy=0.00032]
 ======= Cycle 185 ======= 
*** E CALCULATION [GPU] ***
*** MAXWELL SOLVER [GPU] ***
Initial residual: 0.360686 norm b vector (source) = 0.570816
GMRES converged at restart # 3; iteration #2 with error: 8.4397e-07
  [Cycle 185] Particle sorting: ON
*** B CALCULATION [GPU] ***
Execution time cycle: 286.428 ms  [sort=0.043775 field=155.933 da_wait=0.00013 mover+out=0.029357 exchange+sort+moments=51.9344 B=71.4441 momentsAwait=7.04297 outCopy=0.000521]
 ======= Cycle 186 ======= 
*** E CALCULATION [GPU] ***
*** MAXWELL SOLVER [GPU] ***
Initial residual: 0.360557 norm b vector (source) = 0.570452
GMRES converged at restart # 3; iteration #2 with error: 9.30153e-07
  [Cycle 186] Particle sorting: ON
*** B CALCULATION [GPU] ***
Execution time cycle: 286.389 ms  [sort=0.042864 field=156.396 da_wait=0.000551 mover+out=0.029397 exchange+sort+moments=51.2192 B=71.7506 momentsAwait=6.94983 outCopy=0.000351]
 ======= Cycle 187 ======= 
*** E CALCULATION [GPU] ***
*** MAXWELL SOLVER [GPU] ***
Initial residual: 0.360639 norm b vector (source) = 0.570172
GMRES converged at restart # 3; iteration #2 with error: 9.64824e-07
  [Cycle 187] Particle sorting: ON
*** B CALCULATION [GPU] ***
Execution time cycle: 286.342 ms  [sort=0.047673 field=156.022 da_wait=0.00015 mover+out=0.033455 exchange+sort+moments=51.5796 B=71.7866 momentsAwait=6.87183 outCopy=0.000761]
 ======= Cycle 188 ======= 
*** E CALCULATION [GPU] ***
*** MAXWELL SOLVER [GPU] ***
Initial residual: 0.361038 norm b vector (source) = 0.570282
GMRES converged at restart # 3; iteration #2 with error: 9.36807e-07
  [Cycle 188] Particle sorting: ON
*** B CALCULATION [GPU] ***
Execution time cycle: 285.837 ms  [sort=0.044166 field=155.939 da_wait=0.00013 mover+out=0.030018 exchange+sort+moments=51.0667 B=71.8941 momentsAwait=6.86255 outCopy=0.000351]
 ======= Cycle 189 ======= 
*** E CALCULATION [GPU] ***
*** MAXWELL SOLVER [GPU] ***
Initial residual: 0.361448 norm b vector (source) = 0.570752
GMRES converged at restart # 3; iteration #2 with error: 8.48259e-07
  [Cycle 189] Particle sorting: ON
*** B CALCULATION [GPU] ***
Execution time cycle: 286.073 ms  [sort=0.042833 field=155.743 da_wait=0.00022 mover+out=0.031421 exchange+sort+moments=51.4615 B=71.9473 momentsAwait=6.84567 outCopy=0.000501]
 ======= Cycle 190 ======= 
*** E CALCULATION [GPU] ***
*** MAXWELL SOLVER [GPU] ***
Initial residual: 0.361665 norm b vector (source) = 0.571356
GMRES converged at restart # 3; iteration #1 with error: 8.87593e-07
  [Cycle 190] Particle sorting: ON
*** B CALCULATION [GPU] ***
Execution time cycle: 283.585 ms  [sort=0.045128 field=153.896 da_wait=0.000131 mover+out=0.03091 exchange+sort+moments=50.923 B=71.8004 momentsAwait=6.88882 outCopy=0.000371]
 ======= Cycle 191 ======= 
*** E CALCULATION [GPU] ***
*** MAXWELL SOLVER [GPU] ***
Initial residual: 0.361786 norm b vector (source) = 0.57196
GMRES converged at restart # 4; iteration #0 with error: 8.92193e-07
  [Cycle 191] Particle sorting: ON
*** B CALCULATION [GPU] ***
Execution time cycle: 282.347 ms  [sort=0.044646 field=152.626 da_wait=0.00012 mover+out=0.03635 exchange+sort+moments=50.8329 B=71.8495 momentsAwait=6.95695 outCopy=0.000671]
 ======= Cycle 192 ======= 
*** E CALCULATION [GPU] ***
*** MAXWELL SOLVER [GPU] ***
Initial residual: 0.361781 norm b vector (source) = 0.572468
GMRES converged at restart # 2; iteration #9 with error: 9.88698e-07
  [Cycle 192] Particle sorting: ON
*** B CALCULATION [GPU] ***
Execution time cycle: 274.03 ms  [sort=0.043625 field=144.302 da_wait=0.00021 mover+out=0.031732 exchange+sort+moments=50.9737 B=71.8402 momentsAwait=6.83853 outCopy=0.000291]
 ======= Cycle 193 ======= 
*** E CALCULATION [GPU] ***
*** MAXWELL SOLVER [GPU] ***
Initial residual: 0.36152 norm b vector (source) = 0.572665
GMRES converged at restart # 2; iteration #9 with error: 8.39434e-07
  [Cycle 193] Particle sorting: ON
*** B CALCULATION [GPU] ***
Execution time cycle: 271.399 ms  [sort=0.047132 field=141.243 da_wait=0.00013 mover+out=0.031601 exchange+sort+moments=51.6527 B=71.5033 momentsAwait=6.92133 outCopy=0.000371]
 ======= Cycle 194 ======= 
*** E CALCULATION [GPU] ***
*** MAXWELL SOLVER [GPU] ***
Initial residual: 0.361102 norm b vector (source) = 0.572419
GMRES converged at restart # 2; iteration #9 with error: 7.26817e-07
  [Cycle 194] Particle sorting: ON
*** B CALCULATION [GPU] ***
Execution time cycle: 270.658 ms  [sort=0.047802 field=141.173 da_wait=0.00014 mover+out=0.03044 exchange+sort+moments=51.1925 B=71.3405 momentsAwait=6.87322 outCopy=0.000431]
 ======= Cycle 195 ======= 
*** E CALCULATION [GPU] ***
*** MAXWELL SOLVER [GPU] ***
Initial residual: 0.360752 norm b vector (source) = 0.572008
GMRES converged at restart # 3; iteration #0 with error: 8.07731e-07
  [Cycle 195] Particle sorting: ON
*** B CALCULATION [GPU] ***
Execution time cycle: 272.677 ms  [sort=0.047241 field=142.77 da_wait=0.00013 mover+out=0.034698 exchange+sort+moments=51.2364 B=71.6923 momentsAwait=6.89648 outCopy=0.000421]
 ======= Cycle 196 ======= 
*** E CALCULATION [GPU] ***
*** MAXWELL SOLVER [GPU] ***
Initial residual: 0.360735 norm b vector (source) = 0.571726
GMRES converged at restart # 3; iteration #0 with error: 8.25564e-07
  [Cycle 196] Particle sorting: ON
*** B CALCULATION [GPU] ***
Execution time cycle: 272.198 ms  [sort=0.046119 field=142.612 da_wait=0.00013 mover+out=0.030309 exchange+sort+moments=50.9152 B=71.7234 momentsAwait=6.87051 outCopy=0.000361]
 ======= Cycle 197 ======= 
*** E CALCULATION [GPU] ***
*** MAXWELL SOLVER [GPU] ***
Initial residual: 0.360857 norm b vector (source) = 0.571531
GMRES converged at restart # 2; iteration #9 with error: 7.65214e-07
  [Cycle 197] Particle sorting: ON
*** B CALCULATION [GPU] ***
Execution time cycle: 271.678 ms  [sort=0.042422 field=141.896 da_wait=0.00013 mover+out=0.032433 exchange+sort+moments=50.9289 B=71.7631 momentsAwait=7.01466 outCopy=0.000541]
 ======= Cycle 198 ======= 
*** E CALCULATION [GPU] ***
*** MAXWELL SOLVER [GPU] ***
Initial residual: 0.361013 norm b vector (source) = 0.571408
GMRES converged at restart # 2; iteration #9 with error: 8.80915e-07
  [Cycle 198] Particle sorting: ON
*** B CALCULATION [GPU] ***
Execution time cycle: 272.208 ms  [sort=0.043325 field=141.744 da_wait=0.000131 mover+out=0.031491 exchange+sort+moments=51.5512 B=71.8008 momentsAwait=7.03699 outCopy=0.000441]
 ======= Cycle 199 ======= 
*** E CALCULATION [GPU] ***
*** MAXWELL SOLVER [GPU] ***
Initial residual: 0.360994 norm b vector (source) = 0.571136
GMRES converged at restart # 3; iteration #0 with error: 8.27218e-07
  [Cycle 199] Particle sorting: ON
*** B CALCULATION [GPU] ***
Execution time cycle: 1769.04 ms  [sort=0.049777 field=148.5 da_wait=0.00019 mover+out=0.029508 exchange+sort+moments=50.9938 B=71.8399 momentsAwait=6.97526 outCopy=1490.66]
 ======= Cycle 200 ======= 
*** E CALCULATION [GPU] ***
*** MAXWELL SOLVER [GPU] ***
Initial residual: 0.360916 norm b vector (source) = 0.570786
GMRES converged at restart # 3; iteration #0 with error: 9.61452e-07
  [Cycle 200] Particle sorting: ON
*** B CALCULATION [GPU] ***
Execution time cycle: 2806.26 ms  [sort=56.3271 field=1033.6 da_wait=0.000751 mover+out=1608.84 exchange+sort+moments=29.0592 B=71.5606 momentsAwait=6.87919 outCopy=0.000561]
 ======= Cycle 201 ======= 
*** E CALCULATION [GPU] ***
*** MAXWELL SOLVER [GPU] ***
Initial residual: 0.360568 norm b vector (source) = 0.570262
GMRES converged at restart # 3; iteration #1 with error: 8.82036e-07
  [Cycle 201] Particle sorting: ON
*** B CALCULATION [GPU] ***
Execution time cycle: 282.182 ms  [sort=0.046961 field=152.208 da_wait=0.00013 mover+out=0.038194 exchange+sort+moments=51.4618 B=71.4485 momentsAwait=6.97808 outCopy=0.000421]
 ======= Cycle 202 ======= 
*** E CALCULATION [GPU] ***
*** MAXWELL SOLVER [GPU] ***
Initial residual: 0.360323 norm b vector (source) = 0.569731
GMRES converged at restart # 3; iteration #0 with error: 9.47573e-07
  [Cycle 202] Particle sorting: ON
*** B CALCULATION [GPU] ***
Execution time cycle: 281.567 ms  [sort=0.047192 field=151.467 da_wait=0.00011 mover+out=0.029708 exchange+sort+moments=51.5216 B=71.5826 momentsAwait=6.91803 outCopy=0.000441]
 ======= Cycle 203 ======= 
*** E CALCULATION [GPU] ***
*** MAXWELL SOLVER [GPU] ***
Initial residual: 0.360441 norm b vector (source) = 0.569653
GMRES converged at restart # 3; iteration #1 with error: 9.15174e-07
  [Cycle 203] Particle sorting: ON
*** B CALCULATION [GPU] ***
Execution time cycle: 280.773 ms  [sort=0.047532 field=150.906 da_wait=0.00013 mover+out=0.030068 exchange+sort+moments=51.253 B=71.6952 momentsAwait=6.84044 outCopy=0.000441]
 ======= Cycle 204 ======= 
*** E CALCULATION [GPU] ***
*** MAXWELL SOLVER [GPU] ***
Initial residual: 0.360494 norm b vector (source) = 0.569692
GMRES converged at restart # 3; iteration #1 with error: 8.43249e-07
  [Cycle 204] Particle sorting: ON
*** B CALCULATION [GPU] ***
Execution time cycle: 281.01 ms  [sort=0.044035 field=151.174 da_wait=0.000201 mover+out=0.032793 exchange+sort+moments=51.1065 B=71.7461 momentsAwait=6.90644 outCopy=0.00027]
 ======= Cycle 205 ======= 
*** E CALCULATION [GPU] ***
*** MAXWELL SOLVER [GPU] ***
Initial residual: 0.360586 norm b vector (source) = 0.569678
GMRES converged at restart # 3; iteration #0 with error: 8.99259e-07
  [Cycle 205] Particle sorting: ON
*** B CALCULATION [GPU] ***
Execution time cycle: 278.416 ms  [sort=0.044547 field=148.48 da_wait=0.00012 mover+out=0.029157 exchange+sort+moments=51.078 B=71.8254 momentsAwait=6.95785 outCopy=0.000521]
 ======= Cycle 206 ======= 
*** E CALCULATION [GPU] ***
*** MAXWELL SOLVER [GPU] ***
Initial residual: 0.360778 norm b vector (source) = 0.569954
GMRES converged at restart # 2; iteration #9 with error: 9.25093e-07
  [Cycle 206] Particle sorting: ON
*** B CALCULATION [GPU] ***
Execution time cycle: 275.156 ms  [sort=0.069274 field=144.396 da_wait=0.00012 mover+out=0.032574 exchange+sort+moments=51.7838 B=71.9138 momentsAwait=6.95995 outCopy=0.000361]
 ======= Cycle 207 ======= 
*** E CALCULATION [GPU] ***
*** MAXWELL SOLVER [GPU] ***
Initial residual: 0.361153 norm b vector (source) = 0.570597
GMRES converged at restart # 2; iteration #9 with error: 7.97974e-07
  [Cycle 207] Particle sorting: ON
*** B CALCULATION [GPU] ***
Execution time cycle: 271.501 ms  [sort=0.043575 field=141.321 da_wait=0.0001 mover+out=0.03095 exchange+sort+moments=51.055 B=72.0362 momentsAwait=7.01409 outCopy=0.000471]
 ======= Cycle 208 ======= 
*** E CALCULATION [GPU] ***
*** MAXWELL SOLVER [GPU] ***
(41.0) DEBUG send_start(), BlockCommunicator.h:559: inserted new block 4
Initial residual: 0.361879 norm b vector (source) = 0.571657
GMRES converged at restart # 3; iteration #0 with error: 8.07564e-07
  [Cycle 208] Particle sorting: ON
*** B CALCULATION [GPU] ***
Execution time cycle: 272.452 ms  [sort=0.043093 field=142.905 da_wait=0.00014 mover+out=0.03086 exchange+sort+moments=50.5608 B=72.048 momentsAwait=6.86391 outCopy=0.000842]
 ======= Cycle 209 ======= 
*** E CALCULATION [GPU] ***
*** MAXWELL SOLVER [GPU] ***
Initial residual: 0.362198 norm b vector (source) = 0.572442
GMRES converged at restart # 2; iteration #8 with error: 9.26098e-07
  [Cycle 209] Particle sorting: ON
*** B CALCULATION [GPU] ***
Execution time cycle: 268.211 ms  [sort=0.046621 field=138.483 da_wait=0.00022 mover+out=0.029588 exchange+sort+moments=50.8044 B=72.0118 momentsAwait=6.83504 outCopy=0.000511]
 ======= Cycle 210 ======= 
*** E CALCULATION [GPU] ***
*** MAXWELL SOLVER [GPU] ***
Initial residual: 0.36246 norm b vector (source) = 0.572905
GMRES converged at restart # 2; iteration #8 with error: 8.97743e-07
  [Cycle 210] Particle sorting: ON
*** B CALCULATION [GPU] ***
Execution time cycle: 268.887 ms  [sort=0.043134 field=138.797 da_wait=0.000231 mover+out=0.029637 exchange+sort+moments=51.3684 B=71.7553 momentsAwait=6.89304 outCopy=0.00039]
 ======= Cycle 211 ======= 
*** E CALCULATION [GPU] ***
*** MAXWELL SOLVER [GPU] ***
Initial residual: 0.362223 norm b vector (source) = 0.572663
GMRES converged at restart # 2; iteration #8 with error: 9.33565e-07
  [Cycle 211] Particle sorting: ON
*** B CALCULATION [GPU] ***
Execution time cycle: 269.182 ms  [sort=0.044477 field=138.643 da_wait=0.00022 mover+out=0.032764 exchange+sort+moments=51.8773 B=71.6214 momentsAwait=6.96226 outCopy=0.000461]
 ======= Cycle 212 ======= 
*** E CALCULATION [GPU] ***
*** MAXWELL SOLVER [GPU] ***
Initial residual: 0.361893 norm b vector (source) = 0.572106
GMRES converged at restart # 3; iteration #0 with error: 8.07976e-07
  [Cycle 212] Particle sorting: ON
*** B CALCULATION [GPU] ***
Execution time cycle: 273.249 ms  [sort=0.042783 field=142.988 da_wait=0.00014 mover+out=0.032884 exchange+sort+moments=51.367 B=71.8789 momentsAwait=6.93871 outCopy=0.000431]
 ======= Cycle 213 ======= 
*** E CALCULATION [GPU] ***
*** MAXWELL SOLVER [GPU] ***
Initial residual: 0.361653 norm b vector (source) = 0.571503
GMRES converged at restart # 2; iteration #9 with error: 7.96356e-07
  [Cycle 213] Particle sorting: ON
*** B CALCULATION [GPU] ***
Execution time cycle: 270.615 ms  [sort=0.043124 field=141.156 da_wait=0.000221 mover+out=0.033434 exchange+sort+moments=50.5412 B=71.9516 momentsAwait=6.88804 outCopy=0.000601]
 ======= Cycle 214 ======= 
*** E CALCULATION [GPU] ***
*** MAXWELL SOLVER [GPU] ***
Initial residual: 0.361345 norm b vector (source) = 0.570786
GMRES converged at restart # 2; iteration #9 with error: 9.04521e-07
  [Cycle 214] Particle sorting: ON
*** B CALCULATION [GPU] ***
Execution time cycle: 274.87 ms  [sort=0.042222 field=144.565 da_wait=0.00012 mover+out=0.031852 exchange+sort+moments=51.3228 B=71.9962 momentsAwait=6.91198 outCopy=0.000381]
 ======= Cycle 215 ======= 
*** E CALCULATION [GPU] ***
*** MAXWELL SOLVER [GPU] ***
Initial residual: 0.361339 norm b vector (source) = 0.570432
GMRES converged at restart # 3; iteration #0 with error: 8.49194e-07
  [Cycle 215] Particle sorting: ON
*** B CALCULATION [GPU] ***
Execution time cycle: 279.068 ms  [sort=0.043063 field=148.697 da_wait=0.00022 mover+out=0.029137 exchange+sort+moments=51.4106 B=72.0155 momentsAwait=6.87247 outCopy=0.000511]
 ======= Cycle 216 ======= 
*** E CALCULATION [GPU] ***
*** MAXWELL SOLVER [GPU] ***
Initial residual: 0.361435 norm b vector (source) = 0.570388
GMRES converged at restart # 3; iteration #0 with error: 9.22895e-07
  [Cycle 216] Particle sorting: ON
*** B CALCULATION [GPU] ***
Execution time cycle: 278.487 ms  [sort=0.040148 field=148.452 da_wait=0.000211 mover+out=0.032864 exchange+sort+moments=50.9468 B=72.1162 momentsAwait=6.8979 outCopy=0.000441]
 ======= Cycle 217 ======= 
*** E CALCULATION [GPU] ***
*** MAXWELL SOLVER [GPU] ***
Initial residual: 0.361597 norm b vector (source) = 0.570537
GMRES converged at restart # 3; iteration #0 with error: 9.4953e-07
  [Cycle 217] Particle sorting: ON
*** B CALCULATION [GPU] ***
Execution time cycle: 278.469 ms  [sort=0.039738 field=148.586 da_wait=0.00023 mover+out=0.032203 exchange+sort+moments=50.7039 B=72.2527 momentsAwait=6.85392 outCopy=0.00035]
 ======= Cycle 218 ======= 
*** E CALCULATION [GPU] ***
*** MAXWELL SOLVER [GPU] ***
Initial residual: 0.361662 norm b vector (source) = 0.570732
GMRES converged at restart # 3; iteration #0 with error: 9.16819e-07
  [Cycle 218] Particle sorting: ON
*** B CALCULATION [GPU] ***
Execution time cycle: 279.246 ms  [sort=0.036391 field=148.825 da_wait=0.000131 mover+out=0.032252 exchange+sort+moments=51.1206 B=72.2639 momentsAwait=6.96703 outCopy=0.000361]
 ======= Cycle 219 ======= 
*** E CALCULATION [GPU] ***
*** MAXWELL SOLVER [GPU] ***
Initial residual: 0.361602 norm b vector (source) = 0.570737
GMRES converged at restart # 3; iteration #0 with error: 8.32612e-07
  [Cycle 219] Particle sorting: ON
*** B CALCULATION [GPU] ***
Execution time cycle: 279.271 ms  [sort=0.029788 field=148.521 da_wait=0.000151 mover+out=0.031871 exchange+sort+moments=51.8004 B=71.9575 momentsAwait=6.93046 outCopy=0.000231]
 ======= Cycle 220 ======= 
*** E CALCULATION [GPU] ***
*** MAXWELL SOLVER [GPU] ***
Initial residual: 0.361387 norm b vector (source) = 0.570522
GMRES converged at restart # 2; iteration #9 with error: 8.69823e-07
  [Cycle 220] Particle sorting: ON
*** B CALCULATION [GPU] ***
Execution time cycle: 275.62 ms  [sort=0.034687 field=144.557 da_wait=0.00013 mover+out=0.03054 exchange+sort+moments=52.224 B=71.8592 momentsAwait=6.91372 outCopy=0.00032]
 ======= Cycle 221 ======= 
*** E CALCULATION [GPU] ***
*** MAXWELL SOLVER [GPU] ***
Initial residual: 0.361455 norm b vector (source) = 0.570687
GMRES converged at restart # 2; iteration #9 with error: 7.41211e-07
  [Cycle 221] Particle sorting: ON
*** B CALCULATION [GPU] ***
Execution time cycle: 271.026 ms  [sort=0.047523 field=141.052 da_wait=0.0002 mover+out=0.034187 exchange+sort+moments=50.8253 B=72.2131 momentsAwait=6.85358 outCopy=0.00036]
 ======= Cycle 222 ======= 
*** E CALCULATION [GPU] ***
*** MAXWELL SOLVER [GPU] ***
Initial residual: 0.361823 norm b vector (source) = 0.571466
GMRES converged at restart # 2; iteration #8 with error: 9.29581e-07
  [Cycle 222] Particle sorting: ON
*** B CALCULATION [GPU] ***
Execution time cycle: 268.911 ms  [sort=0.042502 field=138.821 da_wait=0.000161 mover+out=0.028826 exchange+sort+moments=51.0598 B=72.0801 momentsAwait=6.87859 outCopy=0.000301]
 ======= Cycle 223 ======= 
*** E CALCULATION [GPU] ***
*** MAXWELL SOLVER [GPU] ***
Initial residual: 0.362019 norm b vector (source) = 0.572311
GMRES converged at restart # 2; iteration #8 with error: 7.94468e-07
  [Cycle 223] Particle sorting: ON
*** B CALCULATION [GPU] ***
Execution time cycle: 269.501 ms  [sort=0.044286 field=138.416 da_wait=0.000221 mover+out=0.033815 exchange+sort+moments=51.0229 B=72.2151 momentsAwait=7.76787 outCopy=0.000441]
 ======= Cycle 224 ======= 
*** E CALCULATION [GPU] ***
*** MAXWELL SOLVER [GPU] ***
Initial residual: 0.362121 norm b vector (source) = 0.572911
GMRES converged at restart # 2; iteration #8 with error: 7.10029e-07
  [Cycle 224] Particle sorting: ON
*** B CALCULATION [GPU] ***
Execution time cycle: 269.137 ms  [sort=0.041741 field=138.58 da_wait=0.00014 mover+out=0.029848 exchange+sort+moments=51.2704 B=72.24 momentsAwait=6.97476 outCopy=0.000281]
 ======= Cycle 225 ======= 
*** E CALCULATION [GPU] ***
*** MAXWELL SOLVER [GPU] ***
Initial residual: 0.362001 norm b vector (source) = 0.572981
GMRES converged at restart # 2; iteration #7 with error: 9.83952e-07
  [Cycle 225] Particle sorting: ON
*** B CALCULATION [GPU] ***
Execution time cycle: 266.635 ms  [sort=0.041471 field=136.224 da_wait=0.00021 mover+out=0.03085 exchange+sort+moments=50.9235 B=72.4333 momentsAwait=6.98132 outCopy=0.000491]
 ======= Cycle 226 ======= 
*** E CALCULATION [GPU] ***
*** MAXWELL SOLVER [GPU] ***
Initial residual: 0.361534 norm b vector (source) = 0.572276
GMRES converged at restart # 3; iteration #0 with error: 7.75917e-07
  [Cycle 226] Particle sorting: ON
*** B CALCULATION [GPU] ***
Execution time cycle: 270.474 ms  [sort=0.042753 field=140.047 da_wait=0.000241 mover+out=0.031581 exchange+sort+moments=50.9577 B=72.3937 momentsAwait=7.00017 outCopy=0.000361]
 ======= Cycle 227 ======= 
*** E CALCULATION [GPU] ***
*** MAXWELL SOLVER [GPU] ***
Initial residual: 0.361363 norm b vector (source) = 0.571383
GMRES converged at restart # 2; iteration #8 with error: 7.41665e-07
  [Cycle 227] Particle sorting: ON
*** B CALCULATION [GPU] ***
Execution time cycle: 268.864 ms  [sort=0.044076 field=138.462 da_wait=0.00016 mover+out=0.033114 exchange+sort+moments=51.0055 B=72.3247 momentsAwait=6.99414 outCopy=0.00045]
 ======= Cycle 228 ======= 
*** E CALCULATION [GPU] ***
*** MAXWELL SOLVER [GPU] ***
Initial residual: 0.361174 norm b vector (source) = 0.570513
GMRES converged at restart # 2; iteration #8 with error: 8.25746e-07
  [Cycle 228] Particle sorting: ON
*** B CALCULATION [GPU] ***
Execution time cycle: 269.099 ms  [sort=0.043184 field=138.346 da_wait=0.000141 mover+out=0.032673 exchange+sort+moments=51.6954 B=72.1 momentsAwait=6.88098 outCopy=0.000271]
 ======= Cycle 229 ======= 
*** E CALCULATION [GPU] ***
*** MAXWELL SOLVER [GPU] ***
Initial residual: 0.361397 norm b vector (source) = 0.570121
GMRES converged at restart # 2; iteration #8 with error: 9.27906e-07
  [Cycle 229] Particle sorting: ON
*** B CALCULATION [GPU] ***
Execution time cycle: 268.996 ms  [sort=0.043033 field=138.325 da_wait=0.00014 mover+out=0.031592 exchange+sort+moments=51.6812 B=71.9228 momentsAwait=6.99201 outCopy=0.000441]
 ======= Cycle 230 ======= 
*** E CALCULATION [GPU] ***
*** MAXWELL SOLVER [GPU] ***
Initial residual: 0.361766 norm b vector (source) = 0.570383
GMRES converged at restart # 3; iteration #0 with error: 8.03865e-07
  [Cycle 230] Particle sorting: ON
*** B CALCULATION [GPU] ***
Execution time cycle: 272.628 ms  [sort=0.045578 field=142.395 da_wait=0.000141 mover+out=0.027463 exchange+sort+moments=50.909 B=72.2602 momentsAwait=6.99038 outCopy=0.000451]
 ======= Cycle 231 ======= 
*** E CALCULATION [GPU] ***
*** MAXWELL SOLVER [GPU] ***
Initial residual: 0.36201 norm b vector (source) = 0.570853
GMRES converged at restart # 2; iteration #9 with error: 7.28727e-07
  [Cycle 231] Particle sorting: ON
*** B CALCULATION [GPU] ***
Execution time cycle: 271.47 ms  [sort=0.045117 field=141.023 da_wait=0.000231 mover+out=0.027724 exchange+sort+moments=50.9708 B=72.4161 momentsAwait=6.98652 outCopy=0.000761]
 ======= Cycle 232 ======= 
*** E CALCULATION [GPU] ***
*** MAXWELL SOLVER [GPU] ***
Initial residual: 0.362019 norm b vector (source) = 0.571143
GMRES converged at restart # 2; iteration #9 with error: 7.40433e-07
  [Cycle 232] Particle sorting: ON
*** B CALCULATION [GPU] ***
Execution time cycle: 271.689 ms  [sort=0.04082 field=141.488 da_wait=0.00014 mover+out=0.029197 exchange+sort+moments=50.7589 B=72.3769 momentsAwait=6.99503 outCopy=0.000361]
 ======= Cycle 233 ======= 
*** E CALCULATION [GPU] ***
*** MAXWELL SOLVER [GPU] ***
Initial residual: 0.361762 norm b vector (source) = 0.571015
GMRES converged at restart # 3; iteration #0 with error: 8.3939e-07
  [Cycle 233] Particle sorting: ON
*** B CALCULATION [GPU] ***
Execution time cycle: 273.152 ms  [sort=0.043845 field=142.573 da_wait=0.00014 mover+out=0.03078 exchange+sort+moments=51.1447 B=72.3919 momentsAwait=6.96762 outCopy=0.000621]
 ======= Cycle 234 ======= 
*** E CALCULATION [GPU] ***
*** MAXWELL SOLVER [GPU] ***
Initial residual: 0.361638 norm b vector (source) = 0.570885
GMRES converged at restart # 2; iteration #8 with error: 9.75667e-07
  [Cycle 234] Particle sorting: ON
*** B CALCULATION [GPU] ***
Execution time cycle: 269.039 ms  [sort=0.045788 field=138.461 da_wait=0.00014 mover+out=0.028786 exchange+sort+moments=51.1252 B=72.4402 momentsAwait=6.93732 outCopy=0.000592]
 ======= Cycle 235 ======= 
*** E CALCULATION [GPU] ***
*** MAXWELL SOLVER [GPU] ***
Initial residual: 0.361694 norm b vector (source) = 0.571039
GMRES converged at restart # 2; iteration #8 with error: 8.58849e-07
  [Cycle 235] Particle sorting: ON
*** B CALCULATION [GPU] ***
Execution time cycle: 268.125 ms  [sort=0.04647 field=138.295 da_wait=0.000141 mover+out=0.030319 exchange+sort+moments=50.2861 B=72.5275 momentsAwait=6.93892 outCopy=0.000591]
 ======= Cycle 236 ======= 
*** E CALCULATION [GPU] ***
*** MAXWELL SOLVER [GPU] ***
Initial residual: 0.361886 norm b vector (source) = 0.571532
GMRES converged at restart # 2; iteration #8 with error: 7.35538e-07
  [Cycle 236] Particle sorting: ON
*** B CALCULATION [GPU] ***
Execution time cycle: 268.921 ms  [sort=0.042352 field=138.442 da_wait=0.000221 mover+out=0.031321 exchange+sort+moments=50.9911 B=72.4359 momentsAwait=6.97809 outCopy=0.00036]
 ======= Cycle 237 ======= 
*** E CALCULATION [GPU] ***
*** MAXWELL SOLVER [GPU] ***
Initial residual: 0.361773 norm b vector (source) = 0.571841
GMRES converged at restart # 2; iteration #7 with error: 9.15829e-07
  [Cycle 237] Particle sorting: ON
*** B CALCULATION [GPU] ***
Execution time cycle: 266.711 ms  [sort=0.041801 field=135.815 da_wait=0.000131 mover+out=0.029617 exchange+sort+moments=51.6482 B=72.2457 momentsAwait=6.93006 outCopy=0.000731]
 ======= Cycle 238 ======= 
*** E CALCULATION [GPU] ***
*** MAXWELL SOLVER [GPU] ***
Initial residual: 0.36179 norm b vector (source) = 0.572067
GMRES converged at restart # 2; iteration #7 with error: 7.96209e-07
  [Cycle 238] Particle sorting: ON
*** B CALCULATION [GPU] ***
Execution time cycle: 267.358 ms  [sort=0.039957 field=136.082 da_wait=0.00013 mover+out=0.03578 exchange+sort+moments=51.9477 B=72.2486 momentsAwait=7.00338 outCopy=0.000451]
 ======= Cycle 239 ======= 
*** E CALCULATION [GPU] ***
*** MAXWELL SOLVER [GPU] ***
Initial residual: 0.36179 norm b vector (source) = 0.572155
GMRES converged at restart # 2; iteration #7 with error: 7.20448e-07
  [Cycle 239] Particle sorting: ON
*** B CALCULATION [GPU] ***
Execution time cycle: 266.116 ms  [sort=0.042913 field=135.646 da_wait=0.00014 mover+out=0.03054 exchange+sort+moments=50.922 B=72.4301 momentsAwait=7.04381 outCopy=0.000511]
 ======= Cycle 240 ======= 
*** E CALCULATION [GPU] ***
*** MAXWELL SOLVER [GPU] ***
Initial residual: 0.361723 norm b vector (source) = 0.572058
GMRES converged at restart # 2; iteration #7 with error: 7.92929e-07
  [Cycle 240] Particle sorting: ON
*** B CALCULATION [GPU] ***
Execution time cycle: 263.345 ms  [sort=0.042342 field=132.89 da_wait=0.00016 mover+out=0.034036 exchange+sort+moments=50.9453 B=72.426 momentsAwait=7.00661 outCopy=0.000381]
 ======= Cycle 241 ======= 
*** E CALCULATION [GPU] ***
*** MAXWELL SOLVER [GPU] ***
Initial residual: 0.361959 norm b vector (source) = 0.572091
GMRES converged at restart # 2; iteration #7 with error: 8.19405e-07
  [Cycle 241] Particle sorting: ON
*** B CALCULATION [GPU] ***
Execution time cycle: 263.358 ms  [sort=0.043053 field=132.454 da_wait=0.00013 mover+out=0.031902 exchange+sort+moments=51.3951 B=72.4697 momentsAwait=6.96328 outCopy=0.000642]
 ======= Cycle 242 ======= 
*** E CALCULATION [GPU] ***
*** MAXWELL SOLVER [GPU] ***
Initial residual: 0.362123 norm b vector (source) = 0.572047
GMRES converged at restart # 2; iteration #7 with error: 7.85711e-07
  [Cycle 242] Particle sorting: ON
*** B CALCULATION [GPU] ***
Execution time cycle: 266.838 ms  [sort=0.043875 field=135.826 da_wait=0.00013 mover+out=0.029958 exchange+sort+moments=51.4368 B=72.5584 momentsAwait=6.9424 outCopy=0.000521]
 ======= Cycle 243 ======= 
*** E CALCULATION [GPU] ***
*** MAXWELL SOLVER [GPU] ***
Initial residual: 0.362232 norm b vector (source) = 0.571786
GMRES converged at restart # 2; iteration #7 with error: 8.96061e-07
  [Cycle 243] Particle sorting: ON
*** B CALCULATION [GPU] ***
Execution time cycle: 266.698 ms  [sort=0.042592 field=135.963 da_wait=0.000141 mover+out=0.030118 exchange+sort+moments=50.9997 B=72.7078 momentsAwait=6.95517 outCopy=0.000471]
 ======= Cycle 244 ======= 
*** E CALCULATION [GPU] ***
*** MAXWELL SOLVER [GPU] ***
Initial residual: 0.362109 norm b vector (source) = 0.571306
GMRES converged at restart # 2; iteration #8 with error: 7.09824e-07
  [Cycle 244] Particle sorting: ON
*** B CALCULATION [GPU] ***
Execution time cycle: 268.492 ms  [sort=0.034467 field=138.096 da_wait=0.00015 mover+out=0.03065 exchange+sort+moments=50.5919 B=72.7394 momentsAwait=6.99881 outCopy=0.00024]
 ======= Cycle 245 ======= 
*** E CALCULATION [GPU] ***
*** MAXWELL SOLVER [GPU] ***
Initial residual: 0.362027 norm b vector (source) = 0.570917
GMRES converged at restart # 2; iteration #8 with error: 7.95095e-07
  [Cycle 245] Particle sorting: ON
*** B CALCULATION [GPU] ***
Execution time cycle: 268.949 ms  [sort=0.035799 field=138.241 da_wait=0.00016 mover+out=0.033655 exchange+sort+moments=50.9061 B=72.8036 momentsAwait=6.92794 outCopy=0.000441]
 ======= Cycle 246 ======= 
*** E CALCULATION [GPU] ***
*** MAXWELL SOLVER [GPU] ***
Initial residual: 0.361849 norm b vector (source) = 0.570566
GMRES converged at restart # 2; iteration #8 with error: 8.64853e-07
  [Cycle 246] Particle sorting: ON
*** B CALCULATION [GPU] ***
Execution time cycle: 269.443 ms  [sort=0.036441 field=138.37 da_wait=0.00015 mover+out=0.032353 exchange+sort+moments=51.398 B=72.4759 momentsAwait=7.12998 outCopy=0.000351]
 ======= Cycle 247 ======= 
*** E CALCULATION [GPU] ***
*** MAXWELL SOLVER [GPU] ***
Initial residual: 0.36198 norm b vector (source) = 0.570646
GMRES converged at restart # 2; iteration #8 with error: 8.90093e-07
  [Cycle 247] Particle sorting: ON
*** B CALCULATION [GPU] ***
Execution time cycle: 269.393 ms  [sort=0.038374 field=138.646 da_wait=0.00012 mover+out=0.031081 exchange+sort+moments=51.2165 B=72.4227 momentsAwait=7.03837 outCopy=0.000421]
 ======= Cycle 248 ======= 
*** E CALCULATION [GPU] ***
*** MAXWELL SOLVER [GPU] ***
Initial residual: 0.361923 norm b vector (source) = 0.57065
GMRES converged at restart # 2; iteration #8 with error: 8.61577e-07
  [Cycle 248] Particle sorting: ON
*** B CALCULATION [GPU] ***
Execution time cycle: 269.57 ms  [sort=0.034898 field=138.491 da_wait=0.00014 mover+out=0.031191 exchange+sort+moments=51.2355 B=72.7254 momentsAwait=7.05115 outCopy=0.000381]
 ======= Cycle 249 ======= 
*** E CALCULATION [GPU] ***
*** MAXWELL SOLVER [GPU] ***
Initial residual: 0.362025 norm b vector (source) = 0.570759
GMRES converged at restart # 2; iteration #8 with error: 7.96319e-07
  [Cycle 249] Particle sorting: ON
*** B CALCULATION [GPU] ***
Execution time cycle: 269.612 ms  [sort=0.039266 field=138.629 da_wait=0.00012 mover+out=0.028075 exchange+sort+moments=50.9425 B=72.9199 momentsAwait=7.05278 outCopy=0.000301]
 ======= Cycle 250 ======= 
*** E CALCULATION [GPU] ***
*** MAXWELL SOLVER [GPU] ***
Initial residual: 0.362322 norm b vector (source) = 0.571197
GMRES converged at restart # 3; iteration #0 with error: 7.84497e-07
  [Cycle 250] Particle sorting: ON
*** B CALCULATION [GPU] ***
Execution time cycle: 285.714 ms  [sort=13.6251 field=141.352 da_wait=0.000982 mover+out=0.023976 exchange+sort+moments=50.9055 B=72.7454 momentsAwait=7.06147 outCopy=0.00023]
 ======= Cycle 251 ======= 
*** E CALCULATION [GPU] ***
*** MAXWELL SOLVER [GPU] ***
Initial residual: 0.362332 norm b vector (source) = 0.571508
GMRES converged at restart # 2; iteration #7 with error: 8.59405e-07
  [Cycle 251] Particle sorting: ON
*** B CALCULATION [GPU] ***
Execution time cycle: 267.478 ms  [sort=0.035348 field=136.398 da_wait=0.00013 mover+out=0.028706 exchange+sort+moments=51.1356 B=72.7607 momentsAwait=7.11898 outCopy=0.000461]
 ======= Cycle 252 ======= 
*** E CALCULATION [GPU] ***
*** MAXWELL SOLVER [GPU] ***
Initial residual: 0.362278 norm b vector (source) = 0.571694
GMRES converged at restart # 2; iteration #7 with error: 7.23751e-07
  [Cycle 252] Particle sorting: ON
*** B CALCULATION [GPU] ***
Execution time cycle: 266.963 ms  [sort=0.042031 field=136.08 da_wait=0.000141 mover+out=0.030869 exchange+sort+moments=50.6763 B=73.028 momentsAwait=7.10579 outCopy=0.00023]
 ======= Cycle 253 ======= 
*** E CALCULATION [GPU] ***
*** MAXWELL SOLVER [GPU] ***
Initial residual: 0.362073 norm b vector (source) = 0.571745
GMRES converged at restart # 2; iteration #7 with error: 7.06691e-07
  [Cycle 253] Particle sorting: ON
*** B CALCULATION [GPU] ***
Execution time cycle: 263.736 ms  [sort=0.040779 field=132.786 da_wait=0.00013 mover+out=0.034066 exchange+sort+moments=51.0038 B=72.7477 momentsAwait=7.12225 outCopy=0.000521]
 ======= Cycle 254 ======= 
*** E CALCULATION [GPU] ***
*** MAXWELL SOLVER [GPU] ***
Initial residual: 0.361808 norm b vector (source) = 0.571673
GMRES converged at restart # 2; iteration #6 with error: 9.36636e-07
  [Cycle 254] Particle sorting: ON
*** B CALCULATION [GPU] ***
Execution time cycle: 262.131 ms  [sort=0.045118 field=130.766 da_wait=0.00014 mover+out=0.031171 exchange+sort+moments=51.4532 B=72.8452 momentsAwait=6.98937 outCopy=0.000441]
 ======= Cycle 255 ======= 
*** E CALCULATION [GPU] ***
*** MAXWELL SOLVER [GPU] ***
Initial residual: 0.361643 norm b vector (source) = 0.571457
GMRES converged at restart # 2; iteration #6 with error: 8.83065e-07
  [Cycle 255] Particle sorting: ON
*** B CALCULATION [GPU] ***
Execution time cycle: 261.798 ms  [sort=0.043835 field=130.38 da_wait=0.00015 mover+out=0.033215 exchange+sort+moments=51.715 B=72.5995 momentsAwait=7.02614 outCopy=0.000551]
 ======= Cycle 256 ======= 
*** E CALCULATION [GPU] ***
*** MAXWELL SOLVER [GPU] ***
Initial residual: 0.361496 norm b vector (source) = 0.571002
GMRES converged at restart # 2; iteration #6 with error: 8.9433e-07
  [Cycle 256] Particle sorting: ON
*** B CALCULATION [GPU] ***
Execution time cycle: 261.705 ms  [sort=0.041931 field=130.636 da_wait=0.00015 mover+out=0.03079 exchange+sort+moments=51.1343 B=72.8625 momentsAwait=6.99903 outCopy=0.000301]
 ======= Cycle 257 ======= 
*** E CALCULATION [GPU] ***
*** MAXWELL SOLVER [GPU] ***
Initial residual: 0.361355 norm b vector (source) = 0.570485
GMRES converged at restart # 2; iteration #6 with error: 9.64174e-07
  [Cycle 257] Particle sorting: ON
*** B CALCULATION [GPU] ***
Execution time cycle: 261.309 ms  [sort=0.041771 field=130.61 da_wait=0.00022 mover+out=0.029668 exchange+sort+moments=50.9636 B=72.5305 momentsAwait=7.13314 outCopy=0.000521]
 ======= Cycle 258 ======= 
*** E CALCULATION [GPU] ***
*** MAXWELL SOLVER [GPU] ***
Initial residual: 0.36144 norm b vector (source) = 0.57023
GMRES converged at restart # 2; iteration #7 with error: 7.21846e-07
  [Cycle 258] Particle sorting: ON
*** B CALCULATION [GPU] ***
Execution time cycle: 264.33 ms  [sort=0.042894 field=133.242 da_wait=0.00014 mover+out=0.031571 exchange+sort+moments=51.17 B=72.7411 momentsAwait=7.10177 outCopy=0.00043]
 ======= Cycle 259 ======= 
*** E CALCULATION [GPU] ***
*** MAXWELL SOLVER [GPU] ***
Initial residual: 0.361467 norm b vector (source) = 0.57008
GMRES converged at restart # 2; iteration #7 with error: 8.19591e-07
  [Cycle 259] Particle sorting: ON
*** B CALCULATION [GPU] ***
Execution time cycle: 264.555 ms  [sort=0.043264 field=133.429 da_wait=0.000131 mover+out=0.029106 exchange+sort+moments=51.0469 B=72.9478 momentsAwait=7.05843 outCopy=0.000531]
 ======= Cycle 260 ======= 
*** E CALCULATION [GPU] ***
*** MAXWELL SOLVER [GPU] ***
Initial residual: 0.36163 norm b vector (source) = 0.570123
GMRES converged at restart # 2; iteration #7 with error: 7.9751e-07
  [Cycle 260] Particle sorting: ON
*** B CALCULATION [GPU] ***
Execution time cycle: 267.605 ms  [sort=0.042011 field=136.53 da_wait=0.000231 mover+out=0.032903 exchange+sort+moments=50.9455 B=73.0271 momentsAwait=7.0271 outCopy=0.000661]
 ======= Cycle 261 ======= 
*** E CALCULATION [GPU] ***
*** MAXWELL SOLVER [GPU] ***
Initial residual: 0.361618 norm b vector (source) = 0.57005
GMRES converged at restart # 2; iteration #7 with error: 8.51535e-07
  [Cycle 261] Particle sorting: ON
*** B CALCULATION [GPU] ***
Execution time cycle: 266.925 ms  [sort=0.040889 field=136.443 da_wait=0.000131 mover+out=0.030419 exchange+sort+moments=50.5125 B=72.908 momentsAwait=6.98885 outCopy=0.000591]
 ======= Cycle 262 ======= 
*** E CALCULATION [GPU] ***
*** MAXWELL SOLVER [GPU] ***
Initial residual: 0.361773 norm b vector (source) = 0.570176
GMRES converged at restart # 2; iteration #7 with error: 8.63733e-07
  [Cycle 262] Particle sorting: ON
*** B CALCULATION [GPU] ***
Execution time cycle: 267.83 ms  [sort=0.042262 field=136.514 da_wait=0.00014 mover+out=0.033495 exchange+sort+moments=50.9724 B=73.1885 momentsAwait=7.07839 outCopy=0.000761]
 ======= Cycle 263 ======= 
*** E CALCULATION [GPU] ***
*** MAXWELL SOLVER [GPU] ***
Initial residual: 0.361882 norm b vector (source) = 0.570433
GMRES converged at restart # 2; iteration #7 with error: 8.21488e-07
  [Cycle 263] Particle sorting: ON
*** B CALCULATION [GPU] ***
Execution time cycle: 268.211 ms  [sort=0.043895 field=136.548 da_wait=0.00014 mover+out=0.03073 exchange+sort+moments=51.5846 B=72.8862 momentsAwait=7.117 outCopy=0.000692]
 ======= Cycle 264 ======= 
*** E CALCULATION [GPU] ***
*** MAXWELL SOLVER [GPU] ***
Initial residual: 0.362337 norm b vector (source) = 0.571092
GMRES converged at restart # 2; iteration #7 with error: 7.41304e-07
  [Cycle 264] Particle sorting: ON
*** B CALCULATION [GPU] ***
Execution time cycle: 267.664 ms  [sort=0.044256 field=136.325 da_wait=0.00022 mover+out=0.031341 exchange+sort+moments=51.5158 B=72.684 momentsAwait=7.06343 outCopy=0.000351]
 ======= Cycle 265 ======= 
*** E CALCULATION [GPU] ***
*** MAXWELL SOLVER [GPU] ***
Initial residual: 0.362734 norm b vector (source) = 0.571975
GMRES converged at restart # 2; iteration #7 with error: 7.30492e-07
  [Cycle 265] Particle sorting: ON
*** B CALCULATION [GPU] ***
Execution time cycle: 264.226 ms  [sort=0.044617 field=133.376 da_wait=0.00014 mover+out=0.030038 exchange+sort+moments=50.7925 B=72.904 momentsAwait=7.07772 outCopy=0.000601]
 ======= Cycle 266 ======= 
*** E CALCULATION [GPU] ***
*** MAXWELL SOLVER [GPU] ***
Initial residual: 0.362856 norm b vector (source) = 0.572611
GMRES converged at restart # 2; iteration #6 with error: 9.11838e-07
  [Cycle 266] Particle sorting: ON
*** B CALCULATION [GPU] ***
Execution time cycle: 261.899 ms  [sort=0.045087 field=130.765 da_wait=0.00014 mover+out=0.030169 exchange+sort+moments=50.892 B=73.0516 momentsAwait=7.11462 outCopy=0.000511]
 ======= Cycle 267 ======= 
*** E CALCULATION [GPU] ***
*** MAXWELL SOLVER [GPU] ***
Initial residual: 0.362864 norm b vector (source) = 0.572984
GMRES converged at restart # 2; iteration #6 with error: 7.58952e-07
  [Cycle 267] Particle sorting: ON
*** B CALCULATION [GPU] ***
Execution time cycle: 262.057 ms  [sort=0.042473 field=130.855 da_wait=0.00015 mover+out=0.032553 exchange+sort+moments=51.2181 B=72.8696 momentsAwait=7.0385 outCopy=0.000461]
 ======= Cycle 268 ======= 
*** E CALCULATION [GPU] ***
*** MAXWELL SOLVER [GPU] ***
Initial residual: 0.363037 norm b vector (source) = 0.573378
GMRES converged at restart # 2; iteration #6 with error: 6.47814e-07
  [Cycle 268] Particle sorting: ON
*** B CALCULATION [GPU] ***
Execution time cycle: 262.36 ms  [sort=0.041971 field=130.744 da_wait=0.000141 mover+out=0.033304 exchange+sort+moments=51.217 B=73.1894 momentsAwait=7.13354 outCopy=0.000311]
 ======= Cycle 269 ======= 
*** E CALCULATION [GPU] ***
*** MAXWELL SOLVER [GPU] ***
Initial residual: 0.362944 norm b vector (source) = 0.573428
GMRES converged at restart # 2; iteration #5 with error: 9.37191e-07
  [Cycle 269] Particle sorting: ON
*** B CALCULATION [GPU] ***
Execution time cycle: 258.818 ms  [sort=0.045889 field=128.008 da_wait=0.00011 mover+out=0.030108 exchange+sort+moments=50.596 B=73.1264 momentsAwait=7.01053 outCopy=0.000481]
 ======= Cycle 270 ======= 
*** E CALCULATION [GPU] ***
*** MAXWELL SOLVER [GPU] ***
Initial residual: 0.362741 norm b vector (source) = 0.573173
GMRES converged at restart # 2; iteration #5 with error: 8.96088e-07
  [Cycle 270] Particle sorting: ON
*** B CALCULATION [GPU] ***
Execution time cycle: 259.492 ms  [sort=0.041931 field=128.226 da_wait=0.00013 mover+out=0.03045 exchange+sort+moments=50.8051 B=73.3706 momentsAwait=7.01802 outCopy=0.00029]
 ======= Cycle 271 ======= 
*** E CALCULATION [GPU] ***
*** MAXWELL SOLVER [GPU] ***
Initial residual: 0.362521 norm b vector (source) = 0.572802
GMRES converged at restart # 2; iteration #5 with error: 9.14155e-07
  [Cycle 271] Particle sorting: ON
*** B CALCULATION [GPU] ***
Execution time cycle: 259.636 ms  [sort=0.053113 field=128.095 da_wait=0.00012 mover+out=0.031882 exchange+sort+moments=51.1655 B=73.228 momentsAwait=7.0621 outCopy=0.000401]
 ======= Cycle 272 ======= 
*** E CALCULATION [GPU] ***
*** MAXWELL SOLVER [GPU] ***
Initial residual: 0.362334 norm b vector (source) = 0.57242
GMRES converged at restart # 2; iteration #5 with error: 9.92947e-07
  [Cycle 272] Particle sorting: ON
*** B CALCULATION [GPU] ***
Execution time cycle: 259.857 ms  [sort=0.040509 field=127.974 da_wait=0.00015 mover+out=0.032914 exchange+sort+moments=51.5899 B=73.1128 momentsAwait=7.10547 outCopy=0.000421]
 ======= Cycle 273 ======= 
*** E CALCULATION [GPU] ***
*** MAXWELL SOLVER [GPU] ***
Initial residual: 0.362244 norm b vector (source) = 0.572086
GMRES converged at restart # 2; iteration #6 with error: 7.12015e-07
  [Cycle 273] Particle sorting: ON
*** B CALCULATION [GPU] ***
Execution time cycle: 983.648 ms  [sort=0.043604 field=851.918 da_wait=0.00011 mover+out=0.031331 exchange+sort+moments=51.6076 B=73.0101 momentsAwait=7.03646 outCopy=0.000511]
 ======= Cycle 274 ======= 
*** E CALCULATION [GPU] ***
*** MAXWELL SOLVER [GPU] ***
Initial residual: 0.362327 norm b vector (source) = 0.571899
GMRES converged at restart # 2; iteration #6 with error: 8.37285e-07
  [Cycle 274] Particle sorting: ON
*** B CALCULATION [GPU] ***
Execution time cycle: 261.852 ms  [sort=0.04618 field=130.488 da_wait=0.00014 mover+out=0.03094 exchange+sort+moments=51.0813 B=73.212 momentsAwait=6.99379 outCopy=0.000391]
 ======= Cycle 275 ======= 
*** E CALCULATION [GPU] ***
*** MAXWELL SOLVER [GPU] ***
Initial residual: 0.362458 norm b vector (source) = 0.571819
GMRES converged at restart # 2; iteration #6 with error: 9.73131e-07
  [Cycle 275] Particle sorting: ON
*** B CALCULATION [GPU] ***
Execution time cycle: 262.002 ms  [sort=0.043094 field=130.728 da_wait=0.00022 mover+out=0.032884 exchange+sort+moments=50.801 B=73.358 momentsAwait=7.03784 outCopy=0.00045]
 ======= Cycle 276 ======= 
*** E CALCULATION [GPU] ***
*** MAXWELL SOLVER [GPU] ***
Initial residual: 0.36269 norm b vector (source) = 0.571955
GMRES converged at restart # 2; iteration #7 with error: 7.20348e-07
  [Cycle 276] Particle sorting: ON
*** B CALCULATION [GPU] ***
Execution time cycle: 265.08 ms  [sort=0.041069 field=133.487 da_wait=0.00014 mover+out=0.03116 exchange+sort+moments=51.141 B=73.4342 momentsAwait=6.94462 outCopy=0.000281]
 ======= Cycle 277 ======= 
*** E CALCULATION [GPU] ***
*** MAXWELL SOLVER [GPU] ***
Initial residual: 0.363095 norm b vector (source) = 0.572409
GMRES converged at restart # 2; iteration #7 with error: 7.51857e-07
  [Cycle 277] Particle sorting: ON
*** B CALCULATION [GPU] ***
Execution time cycle: 264.761 ms  [sort=0.04133 field=133.275 da_wait=0.00013 mover+out=0.031341 exchange+sort+moments=50.9801 B=73.4603 momentsAwait=6.97145 outCopy=0.000521]
 ======= Cycle 278 ======= 
*** E CALCULATION [GPU] ***
*** MAXWELL SOLVER [GPU] ***
Initial residual: 0.363341 norm b vector (source) = 0.572877
GMRES converged at restart # 2; iteration #7 with error: 7.37212e-07
  [Cycle 278] Particle sorting: ON
*** B CALCULATION [GPU] ***
Execution time cycle: 265.069 ms  [sort=0.042943 field=132.992 da_wait=0.00016 mover+out=0.03099 exchange+sort+moments=51.3703 B=73.6308 momentsAwait=7.0011 outCopy=0.00035]
 ======= Cycle 279 ======= 
*** E CALCULATION [GPU] ***
*** MAXWELL SOLVER [GPU] ***
Initial residual: 0.363449 norm b vector (source) = 0.573279
GMRES converged at restart # 2; iteration #7 with error: 6.80671e-07
  [Cycle 279] Particle sorting: ON
*** B CALCULATION [GPU] ***
Execution time cycle: 264.631 ms  [sort=0.039707 field=133.034 da_wait=0.000161 mover+out=0.030529 exchange+sort+moments=51.0005 B=73.4986 momentsAwait=7.02708 outCopy=0.000441]
 ======= Cycle 280 ======= 
*** E CALCULATION [GPU] ***
*** MAXWELL SOLVER [GPU] ***
Initial residual: 0.363613 norm b vector (source) = 0.573801
GMRES converged at restart # 2; iteration #6 with error: 8.89724e-07
  [Cycle 280] Particle sorting: ON
*** B CALCULATION [GPU] ***
Execution time cycle: 262.295 ms  [sort=0.04617 field=130.246 da_wait=0.00014 mover+out=0.036391 exchange+sort+moments=51.2652 B=73.619 momentsAwait=7.0815 outCopy=0.00032]
 ======= Cycle 281 ======= 
*** E CALCULATION [GPU] ***
*** MAXWELL SOLVER [GPU] ***
Initial residual: 0.363678 norm b vector (source) = 0.574303
GMRES converged at restart # 2; iteration #6 with error: 7.50695e-07
  [Cycle 281] Particle sorting: ON
*** B CALCULATION [GPU] ***
Execution time cycle: 262.337 ms  [sort=0.042663 field=130.375 da_wait=0.00015 mover+out=0.035028 exchange+sort+moments=51.4279 B=73.4653 momentsAwait=6.99096 outCopy=0.000521]
 ======= Cycle 282 ======= 
*** E CALCULATION [GPU] ***
*** MAXWELL SOLVER [GPU] ***
Initial residual: 0.363364 norm b vector (source) = 0.574487
GMRES converged at restart # 2; iteration #6 with error: 6.25289e-07
  [Cycle 282] Particle sorting: ON
*** B CALCULATION [GPU] ***
Execution time cycle: 261.974 ms  [sort=0.042763 field=130.183 da_wait=0.00014 mover+out=0.031872 exchange+sort+moments=51.4372 B=73.3034 momentsAwait=6.97438 outCopy=0.000662]
 ======= Cycle 283 ======= 
*** E CALCULATION [GPU] ***
*** MAXWELL SOLVER [GPU] ***
Initial residual: 0.362891 norm b vector (source) = 0.574279
GMRES converged at restart # 2; iteration #5 with error: 9.57095e-07
  [Cycle 283] Particle sorting: ON
*** B CALCULATION [GPU] ***
Execution time cycle: 256.343 ms  [sort=0.041801 field=124.528 da_wait=0.00015 mover+out=0.033956 exchange+sort+moments=51.0747 B=73.5658 momentsAwait=7.098 outCopy=0.000381]
 ======= Cycle 284 ======= 
*** E CALCULATION [GPU] ***
*** MAXWELL SOLVER [GPU] ***
Initial residual: 0.362447 norm b vector (source) = 0.573819
GMRES converged at restart # 2; iteration #5 with error: 8.67149e-07
  [Cycle 284] Particle sorting: ON
*** B CALCULATION [GPU] ***
Execution time cycle: 256.15 ms  [sort=0.032222 field=124.457 da_wait=0.00013 mover+out=0.030991 exchange+sort+moments=50.7826 B=73.7204 momentsAwait=7.12673 outCopy=0.00025]
 ======= Cycle 285 ======= 
*** E CALCULATION [GPU] ***
*** MAXWELL SOLVER [GPU] ***
Initial residual: 0.362196 norm b vector (source) = 0.573376
GMRES converged at restart # 2; iteration #5 with error: 8.17335e-07
  [Cycle 285] Particle sorting: ON
*** B CALCULATION [GPU] ***
Execution time cycle: 256.055 ms  [sort=0.036631 field=124.683 da_wait=0.00017 mover+out=0.029046 exchange+sort+moments=50.6926 B=73.6752 momentsAwait=6.93795 outCopy=0.000511]
 ======= Cycle 286 ======= 
*** E CALCULATION [GPU] ***
*** MAXWELL SOLVER [GPU] ***
Initial residual: 0.362121 norm b vector (source) = 0.573037
GMRES converged at restart # 2; iteration #5 with error: 8.08886e-07
  [Cycle 286] Particle sorting: ON
*** B CALCULATION [GPU] ***
Execution time cycle: 314.084 ms  [sort=0.044547 field=124.405 da_wait=0.00013 mover+out=0.03044 exchange+sort+moments=51.0314 B=131.045 momentsAwait=7.52716 outCopy=0.000471]
 ======= Cycle 287 ======= 
*** E CALCULATION [GPU] ***
*** MAXWELL SOLVER [GPU] ***
Initial residual: 0.362153 norm b vector (source) = 0.572694
GMRES converged at restart # 2; iteration #5 with error: 8.42689e-07
  [Cycle 287] Particle sorting: ON
*** B CALCULATION [GPU] ***
Execution time cycle: 634.311 ms  [sort=0.040649 field=125.528 da_wait=0.000221 mover+out=0.034447 exchange+sort+moments=51.2471 B=444.608 momentsAwait=12.8528 outCopy=0.000531]
 ======= Cycle 288 ======= 
*** E CALCULATION [GPU] ***
*** MAXWELL SOLVER [GPU] ***
Initial residual: 0.362407 norm b vector (source) = 0.572589
GMRES converged at restart # 2; iteration #5 with error: 9.23975e-07
  [Cycle 288] Particle sorting: ON
*** B CALCULATION [GPU] ***
Execution time cycle: 710.957 ms  [sort=0.044797 field=125.683 da_wait=0.000151 mover+out=0.030669 exchange+sort+moments=51.7777 B=525.463 momentsAwait=7.95751 outCopy=0.000351]
 ======= Cycle 289 ======= 
*** E CALCULATION [GPU] ***
*** MAXWELL SOLVER [GPU] ***
Initial residual: 0.362721 norm b vector (source) = 0.572668
GMRES converged at restart # 2; iteration #5 with error: 9.52018e-07
  [Cycle 289] Particle sorting: ON
*** B CALCULATION [GPU] ***
Execution time cycle: 262.253 ms  [sort=0.04113 field=129.026 da_wait=0.00014 mover+out=0.033345 exchange+sort+moments=52.1849 B=73.8298 momentsAwait=7.13772 outCopy=0.000551]
 ======= Cycle 290 ======= 
*** E CALCULATION [GPU] ***
*** MAXWELL SOLVER [GPU] ***
Initial residual: 0.362747 norm b vector (source) = 0.572647
GMRES converged at restart # 2; iteration #6 with error: 6.70511e-07
  [Cycle 290] Particle sorting: ON
*** B CALCULATION [GPU] ***
Execution time cycle: 262.724 ms  [sort=0.042032 field=130.19 da_wait=0.000141 mover+out=0.030128 exchange+sort+moments=51.6085 B=73.6031 momentsAwait=7.24904 outCopy=0.00039]
 ======= Cycle 291 ======= 
*** E CALCULATION [GPU] ***
*** MAXWELL SOLVER [GPU] ***
Initial residual: 0.362671 norm b vector (source) = 0.572365
GMRES converged at restart # 2; iteration #6 with error: 7.30041e-07
  [Cycle 291] Particle sorting: ON
*** B CALCULATION [GPU] ***
Execution time cycle: 262.436 ms  [sort=0.045178 field=129.954 da_wait=0.000141 mover+out=0.03133 exchange+sort+moments=51.799 B=73.4598 momentsAwait=7.14642 outCopy=0.000421]
 ======= Cycle 292 ======= 
*** E CALCULATION [GPU] ***
*** MAXWELL SOLVER [GPU] ***
Initial residual: 0.362546 norm b vector (source) = 0.572011
GMRES converged at restart # 2; iteration #6 with error: 7.53644e-07
  [Cycle 292] Particle sorting: ON
*** B CALCULATION [GPU] ***
Execution time cycle: 262.274 ms  [sort=0.042302 field=129.989 da_wait=0.000151 mover+out=0.029968 exchange+sort+moments=51.2759 B=73.7654 momentsAwait=7.17074 outCopy=0.00039]
 ======= Cycle 293 ======= 
*** E CALCULATION [GPU] ***
*** MAXWELL SOLVER [GPU] ***
Initial residual: 0.362621 norm b vector (source) = 0.572033
GMRES converged at restart # 2; iteration #6 with error: 7.24174e-07
  [Cycle 293] Particle sorting: ON
*** B CALCULATION [GPU] ***
Execution time cycle: 262.283 ms  [sort=0.04118 field=130.117 da_wait=0.000131 mover+out=0.031691 exchange+sort+moments=51.0444 B=73.834 momentsAwait=7.21377 outCopy=0.000501]
 ======= Cycle 294 ======= 
*** E CALCULATION [GPU] ***
*** MAXWELL SOLVER [GPU] ***
Initial residual: 0.362803 norm b vector (source) = 0.572363
GMRES converged at restart # 2; iteration #6 with error: 6.48909e-07
  [Cycle 294] Particle sorting: ON
*** B CALCULATION [GPU] ***
Execution time cycle: 261.9 ms  [sort=0.043805 field=129.874 da_wait=0.000131 mover+out=0.031651 exchange+sort+moments=51.0248 B=73.7917 momentsAwait=7.13308 outCopy=0.000351]
 ======= Cycle 295 ======= 
*** E CALCULATION [GPU] ***
*** MAXWELL SOLVER [GPU] ***
Initial residual: 0.362893 norm b vector (source) = 0.572798
GMRES converged at restart # 2; iteration #5 with error: 9.07475e-07
  [Cycle 295] Particle sorting: ON
*** B CALCULATION [GPU] ***
Execution time cycle: 260.268 ms  [sort=0.04126 field=127.77 da_wait=0.000141 mover+out=0.031681 exchange+sort+moments=51.3029 B=74.0143 momentsAwait=7.10718 outCopy=0.000521]
 ======= Cycle 296 ======= 
*** E CALCULATION [GPU] ***
*** MAXWELL SOLVER [GPU] ***
Initial residual: 0.362789 norm b vector (source) = 0.573077
GMRES converged at restart # 2; iteration #5 with error: 8.51577e-07
  [Cycle 296] Particle sorting: ON
*** B CALCULATION [GPU] ***
Execution time cycle: 257.138 ms  [sort=0.042683 field=124.365 da_wait=0.00024 mover+out=0.032724 exchange+sort+moments=51.4147 B=74.0642 momentsAwait=7.2182 outCopy=0.000351]
 ======= Cycle 297 ======= 
*** E CALCULATION [GPU] ***
*** MAXWELL SOLVER [GPU] ***
Initial residual: 0.362609 norm b vector (source) = 0.573199
GMRES converged at restart # 2; iteration #5 with error: 7.45983e-07
  [Cycle 297] Particle sorting: ON
*** B CALCULATION [GPU] ***
Execution time cycle: 257.176 ms  [sort=0.035028 field=124.498 da_wait=0.000171 mover+out=0.031321 exchange+sort+moments=51.3841 B=74.0907 momentsAwait=7.13663 outCopy=0.000511]
 ======= Cycle 298 ======= 
*** E CALCULATION [GPU] ***
*** MAXWELL SOLVER [GPU] ***
Initial residual: 0.362665 norm b vector (source) = 0.573545
GMRES converged at restart # 2; iteration #5 with error: 6.86974e-07
  [Cycle 298] Particle sorting: ON
*** B CALCULATION [GPU] ***
Execution time cycle: 256.838 ms  [sort=0.042413 field=124.507 da_wait=0.000131 mover+out=0.03098 exchange+sort+moments=51.2366 B=73.9506 momentsAwait=7.07019 outCopy=0.000421]
 ======= Cycle 299 ======= 
*** E CALCULATION [GPU] ***
*** MAXWELL SOLVER [GPU] ***
Initial residual: 0.362876 norm b vector (source) = 0.574115
GMRES converged at restart # 2; iteration #5 with error: 6.63939e-07
  [Cycle 299] Particle sorting: ON
*** B CALCULATION [GPU] ***
Execution time cycle: 256.917 ms  [sort=0.041621 field=124.288 da_wait=0.00015 mover+out=0.033585 exchange+sort+moments=51.7355 B=73.7462 momentsAwait=7.0713 outCopy=0.000521]
 ======= Cycle 300 ======= 
*** E CALCULATION [GPU] ***
*** MAXWELL SOLVER [GPU] ***
Initial residual: 0.362819 norm b vector (source) = 0.574337
GMRES converged at restart # 2; iteration #5 with error: 6.55466e-07
  [Cycle 300] Particle sorting: ON
*** B CALCULATION [GPU] ***
Execution time cycle: 272.355 ms  [sort=13.5749 field=126.704 da_wait=0.000711 mover+out=0.025249 exchange+sort+moments=51.148 B=73.6934 momentsAwait=7.20798 outCopy=0.000271]
 ======= Cycle 301 ======= 
*** E CALCULATION [GPU] ***
*** MAXWELL SOLVER [GPU] ***
Initial residual: 0.362676 norm b vector (source) = 0.574181
GMRES converged at restart # 2; iteration #5 with error: 6.49549e-07
  [Cycle 301] Particle sorting: ON
*** B CALCULATION [GPU] ***
Execution time cycle: 256.721 ms  [sort=0.043054 field=124.704 da_wait=0.00016 mover+out=0.029788 exchange+sort+moments=50.9629 B=73.9343 momentsAwait=7.04621 outCopy=0.000521]
 ======= Cycle 302 ======= 
*** E CALCULATION [GPU] ***
*** MAXWELL SOLVER [GPU] ***
Initial residual: 0.362495 norm b vector (source) = 0.57362
GMRES converged at restart # 2; iteration #5 with error: 6.52713e-07
  [Cycle 302] Particle sorting: ON
*** B CALCULATION [GPU] ***
Execution time cycle: 257.038 ms  [sort=0.044696 field=124.642 da_wait=0.000151 mover+out=0.028375 exchange+sort+moments=51.1559 B=74.1786 momentsAwait=6.98832 outCopy=0.00028]
 ======= Cycle 303 ======= 
*** E CALCULATION [GPU] ***
*** MAXWELL SOLVER [GPU] ***
Initial residual: 0.362523 norm b vector (source) = 0.573077
GMRES converged at restart # 2; iteration #5 with error: 6.80396e-07
  [Cycle 303] Particle sorting: ON
*** B CALCULATION [GPU] ***
Execution time cycle: 257.055 ms  [sort=0.035078 field=124.486 da_wait=0.00015 mover+out=0.03111 exchange+sort+moments=51.2893 B=74.1406 momentsAwait=7.07226 outCopy=0.000301]
 ======= Cycle 304 ======= 
*** E CALCULATION [GPU] ***
*** MAXWELL SOLVER [GPU] ***
Initial residual: 0.362574 norm b vector (source) = 0.572746
GMRES converged at restart # 2; iteration #5 with error: 7.38156e-07
  [Cycle 304] Particle sorting: ON
*** B CALCULATION [GPU] ***
Execution time cycle: 256.808 ms  [sort=0.038705 field=124.382 da_wait=0.00024 mover+out=0.032163 exchange+sort+moments=51.0851 B=74.2056 momentsAwait=7.06372 outCopy=0.00028]
 ======= Cycle 305 ======= 
*** E CALCULATION [GPU] ***
*** MAXWELL SOLVER [GPU] ***
Initial residual: 0.36272 norm b vector (source) = 0.572606
GMRES converged at restart # 2; iteration #5 with error: 8.29565e-07
  [Cycle 305] Particle sorting: ON
*** B CALCULATION [GPU] ***
Execution time cycle: 257.001 ms  [sort=0.041069 field=124.445 da_wait=0.000101 mover+out=0.030088 exchange+sort+moments=51.1966 B=74.2697 momentsAwait=7.01788 outCopy=0.000501]
 ======= Cycle 306 ======= 
*** E CALCULATION [GPU] ***
*** MAXWELL SOLVER [GPU] ***
Initial residual: 0.36276 norm b vector (source) = 0.57259
GMRES converged at restart # 2; iteration #5 with error: 9.21759e-07
  [Cycle 306] Particle sorting: ON
*** B CALCULATION [GPU] ***
Execution time cycle: 256.986 ms  [sort=0.042192 field=124.482 da_wait=0.00013 mover+out=0.03082 exchange+sort+moments=50.9774 B=74.3037 momentsAwait=7.14906 outCopy=0.000361]
 ======= Cycle 307 ======= 
*** E CALCULATION [GPU] ***
*** MAXWELL SOLVER [GPU] ***
Initial residual: 0.362698 norm b vector (source) = 0.572637
GMRES converged at restart # 2; iteration #5 with error: 9.84815e-07
  [Cycle 307] Particle sorting: ON
*** B CALCULATION [GPU] ***
Execution time cycle: 257.311 ms  [sort=0.035769 field=124.271 da_wait=0.000141 mover+out=0.029487 exchange+sort+moments=51.8091 B=74.1276 momentsAwait=7.03747 outCopy=0.000481]
 ======= Cycle 308 ======= 
*** E CALCULATION [GPU] ***
*** MAXWELL SOLVER [GPU] ***
Initial residual: 0.362451 norm b vector (source) = 0.572554
GMRES converged at restart # 2; iteration #5 with error: 9.89941e-07
  [Cycle 308] Particle sorting: ON
*** B CALCULATION [GPU] ***
Execution time cycle: 261.2 ms  [sort=0.061049 field=128.616 da_wait=0.00016 mover+out=0.031672 exchange+sort+moments=51.9005 B=73.5708 momentsAwait=7.01922 outCopy=0.000541]
 ======= Cycle 309 ======= 
*** E CALCULATION [GPU] ***
*** MAXWELL SOLVER [GPU] ***
Initial residual: 0.362198 norm b vector (source) = 0.572283
GMRES converged at restart # 2; iteration #5 with error: 9.42977e-07
  [Cycle 309] Particle sorting: ON
*** B CALCULATION [GPU] ***
Execution time cycle: 257.335 ms  [sort=0.04097 field=124.488 da_wait=0.00014 mover+out=0.03099 exchange+sort+moments=51.3271 B=74.2576 momentsAwait=7.18975 outCopy=0.000451]
 ======= Cycle 310 ======= 
*** E CALCULATION [GPU] ***
*** MAXWELL SOLVER [GPU] ***
Initial residual: 0.362173 norm b vector (source) = 0.572222
GMRES converged at restart # 2; iteration #5 with error: 8.69744e-07
  [Cycle 310] Particle sorting: ON
*** B CALCULATION [GPU] ***
Execution time cycle: 257.043 ms  [sort=0.038896 field=124.337 da_wait=0.00021 mover+out=0.029988 exchange+sort+moments=51.1409 B=74.3093 momentsAwait=7.18676 outCopy=0.000291]
 ======= Cycle 311 ======= 
*** E CALCULATION [GPU] ***
*** MAXWELL SOLVER [GPU] ***
Initial residual: 0.362588 norm b vector (source) = 0.572757
GMRES converged at restart # 2; iteration #5 with error: 8.00097e-07
  [Cycle 311] Particle sorting: ON
*** B CALCULATION [GPU] ***
Execution time cycle: 257.594 ms  [sort=0.040589 field=124.902 da_wait=0.00016 mover+out=0.029297 exchange+sort+moments=51.057 B=74.4162 momentsAwait=7.14861 outCopy=0.000351]
 ======= Cycle 312 ======= 
*** E CALCULATION [GPU] ***
*** MAXWELL SOLVER [GPU] ***
Initial residual: 0.363009 norm b vector (source) = 0.573678
GMRES converged at restart # 2; iteration #5 with error: 7.51197e-07
  [Cycle 312] Particle sorting: ON
*** B CALCULATION [GPU] ***
Execution time cycle: 258.278 ms  [sort=0.043475 field=125.643 da_wait=0.000211 mover+out=0.030589 exchange+sort+moments=51.1477 B=74.3587 momentsAwait=7.05347 outCopy=0.000291]
 ======= Cycle 313 ======= 
*** E CALCULATION [GPU] ***
*** MAXWELL SOLVER [GPU] ***
Initial residual: 0.363236 norm b vector (source) = 0.574469
GMRES converged at restart # 2; iteration #5 with error: 7.32061e-07
  [Cycle 313] Particle sorting: ON
*** B CALCULATION [GPU] ***
Execution time cycle: 257.493 ms  [sort=0.042062 field=124.847 da_wait=0.00016 mover+out=0.029307 exchange+sort+moments=51.0199 B=74.5177 momentsAwait=7.0359 outCopy=0.00024]
 ======= Cycle 314 ======= 
*** E CALCULATION [GPU] ***
*** MAXWELL SOLVER [GPU] ***
Initial residual: 0.363289 norm b vector (source) = 0.574944
GMRES converged at restart # 2; iteration #5 with error: 7.32741e-07
  [Cycle 314] Particle sorting: ON
*** B CALCULATION [GPU] ***
Execution time cycle: 257.411 ms  [sort=0.031922 field=124.45 da_wait=0.00016 mover+out=0.031391 exchange+sort+moments=51.2806 B=74.4679 momentsAwait=7.14887 outCopy=0.00023]
 ======= Cycle 315 ======= 
*** E CALCULATION [GPU] ***
*** MAXWELL SOLVER [GPU] ***
Initial residual: 0.363239 norm b vector (source) = 0.575034
GMRES converged at restart # 2; iteration #5 with error: 7.38193e-07
  [Cycle 315] Particle sorting: ON
*** B CALCULATION [GPU] ***
Execution time cycle: 257.641 ms  [sort=0.029738 field=124.602 da_wait=0.00014 mover+out=0.032102 exchange+sort+moments=51.3256 B=74.5525 momentsAwait=7.0987 outCopy=0.00036]
 ======= Cycle 316 ======= 
*** E CALCULATION [GPU] ***
*** MAXWELL SOLVER [GPU] ***
Initial residual: 0.363095 norm b vector (source) = 0.574869
GMRES converged at restart # 2; iteration #5 with error: 7.36866e-07
  [Cycle 316] Particle sorting: ON
*** B CALCULATION [GPU] ***
Execution time cycle: 257.322 ms  [sort=0.034948 field=124.477 da_wait=0.00013 mover+out=0.032914 exchange+sort+moments=51.4008 B=74.3485 momentsAwait=7.0281 outCopy=0.00024]
 ======= Cycle 317 ======= 
*** E CALCULATION [GPU] ***
*** MAXWELL SOLVER [GPU] ***
Initial residual: 0.363135 norm b vector (source) = 0.574819
GMRES converged at restart # 2; iteration #5 with error: 7.25103e-07
  [Cycle 317] Particle sorting: ON
*** B CALCULATION [GPU] ***
Execution time cycle: 257.79 ms  [sort=0.030288 field=124.661 da_wait=0.00015 mover+out=0.030589 exchange+sort+moments=51.765 B=74.1021 momentsAwait=7.20074 outCopy=0.000241]
 ======= Cycle 318 ======= 
*** E CALCULATION [GPU] ***
*** MAXWELL SOLVER [GPU] ***
Initial residual: 0.363223 norm b vector (source) = 0.574809
GMRES converged at restart # 2; iteration #5 with error: 7.19543e-07
  [Cycle 318] Particle sorting: ON
*** B CALCULATION [GPU] ***
Execution time cycle: 257.214 ms  [sort=0.029918 field=124.541 da_wait=0.00015 mover+out=0.031081 exchange+sort+moments=51.284 B=74.2094 momentsAwait=7.11817 outCopy=0.00024]
 ======= Cycle 319 ======= 
*** E CALCULATION [GPU] ***
*** MAXWELL SOLVER [GPU] ***
Initial residual: 0.363254 norm b vector (source) = 0.57466
GMRES converged at restart # 2; iteration #5 with error: 7.29162e-07
  [Cycle 319] Particle sorting: ON
*** B CALCULATION [GPU] ***
Execution time cycle: 256.827 ms  [sort=0.03074 field=124.354 da_wait=0.00016 mover+out=0.033164 exchange+sort+moments=50.6727 B=74.5308 momentsAwait=7.20511 outCopy=0.000451]
 ======= Cycle 320 ======= 
*** E CALCULATION [GPU] ***
*** MAXWELL SOLVER [GPU] ***
Initial residual: 0.363121 norm b vector (source) = 0.574239
GMRES converged at restart # 2; iteration #5 with error: 7.51113e-07
  [Cycle 320] Particle sorting: ON
*** B CALCULATION [GPU] ***
Execution time cycle: 256.998 ms  [sort=0.04119 field=124.252 da_wait=0.000141 mover+out=0.03109 exchange+sort+moments=50.9265 B=74.6752 momentsAwait=7.07157 outCopy=0.000331]
 ======= Cycle 321 ======= 
*** E CALCULATION [GPU] ***
*** MAXWELL SOLVER [GPU] ***
Initial residual: 0.363044 norm b vector (source) = 0.573681
GMRES converged at restart # 2; iteration #5 with error: 7.70726e-07
  [Cycle 321] Particle sorting: ON
*** B CALCULATION [GPU] ***
Execution time cycle: 257.167 ms  [sort=0.040659 field=124.379 da_wait=0.000151 mover+out=0.029848 exchange+sort+moments=51.0258 B=74.5357 momentsAwait=7.15552 outCopy=0.000481]
 ======= Cycle 322 ======= 
*** E CALCULATION [GPU] ***
*** MAXWELL SOLVER [GPU] ***
Initial residual: 0.36299 norm b vector (source) = 0.573211
GMRES converged at restart # 2; iteration #5 with error: 7.76013e-07
  [Cycle 322] Particle sorting: ON
*** B CALCULATION [GPU] ***
Execution time cycle: 257.119 ms  [sort=0.041921 field=124.191 da_wait=0.00013 mover+out=0.03086 exchange+sort+moments=51.0082 B=74.6911 momentsAwait=7.15598 outCopy=0.000351]
 ======= Cycle 323 ======= 
*** E CALCULATION [GPU] ***
*** MAXWELL SOLVER [GPU] ***
Initial residual: 0.363038 norm b vector (source) = 0.573197
GMRES converged at restart # 2; iteration #5 with error: 7.61082e-07
  [Cycle 323] Particle sorting: ON
*** B CALCULATION [GPU] ***
Execution time cycle: 257.286 ms  [sort=0.044206 field=124.4 da_wait=0.00014 mover+out=0.030259 exchange+sort+moments=51.2704 B=74.5044 momentsAwait=7.03574 outCopy=0.000561]
 ======= Cycle 324 ======= 
*** E CALCULATION [GPU] ***
*** MAXWELL SOLVER [GPU] ***
Initial residual: 0.363187 norm b vector (source) = 0.573562
GMRES converged at restart # 2; iteration #5 with error: 7.4232e-07
  [Cycle 324] Particle sorting: ON
*** B CALCULATION [GPU] ***
Execution time cycle: 341.434 ms  [sort=0.041351 field=208.637 da_wait=0.00013 mover+out=0.031922 exchange+sort+moments=51.0332 B=74.6728 momentsAwait=7.01735 outCopy=0.00027]
 ======= Cycle 325 ======= 
*** E CALCULATION [GPU] ***
*** MAXWELL SOLVER [GPU] ***
Initial residual: 0.363307 norm b vector (source) = 0.574079
GMRES converged at restart # 2; iteration #5 with error: 7.28111e-07
  [Cycle 325] Particle sorting: ON
*** B CALCULATION [GPU] ***
Execution time cycle: 256.926 ms  [sort=0.04153 field=124.208 da_wait=0.000161 mover+out=0.034928 exchange+sort+moments=51.3672 B=74.2557 momentsAwait=7.01783 outCopy=0.000511]
 ======= Cycle 326 ======= 
*** E CALCULATION [GPU] ***
*** MAXWELL SOLVER [GPU] ***
Initial residual: 0.363297 norm b vector (source) = 0.574494
GMRES converged at restart # 2; iteration #5 with error: 7.31291e-07
  [Cycle 326] Particle sorting: ON
*** B CALCULATION [GPU] ***
Execution time cycle: 257.505 ms  [sort=0.043314 field=124.275 da_wait=0.000211 mover+out=0.0313 exchange+sort+moments=51.6537 B=74.3306 momentsAwait=7.17064 outCopy=0.000331]
 ======= Cycle 327 ======= 
*** E CALCULATION [GPU] ***
*** MAXWELL SOLVER [GPU] ***
Initial residual: 0.363381 norm b vector (source) = 0.574849
GMRES converged at restart # 2; iteration #5 with error: 7.64486e-07
  [Cycle 327] Particle sorting: ON
*** B CALCULATION [GPU] ***
Execution time cycle: 257.478 ms  [sort=0.035579 field=124.319 da_wait=0.00012 mover+out=0.031531 exchange+sort+moments=51.5016 B=74.5586 momentsAwait=7.03165 outCopy=0.0003]
 ======= Cycle 328 ======= 
*** E CALCULATION [GPU] ***
*** MAXWELL SOLVER [GPU] ***
Initial residual: 0.363556 norm b vector (source) = 0.575196
GMRES converged at restart # 2; iteration #5 with error: 8.10546e-07
  [Cycle 328] Particle sorting: ON
*** B CALCULATION [GPU] ***
Execution time cycle: 256.978 ms  [sort=0.033606 field=124.379 da_wait=0.00014 mover+out=0.033475 exchange+sort+moments=50.7283 B=74.6807 momentsAwait=7.12189 outCopy=0.000351]
 ======= Cycle 329 ======= 
*** E CALCULATION [GPU] ***
*** MAXWELL SOLVER [GPU] ***
Initial residual: 0.363732 norm b vector (source) = 0.575532
GMRES converged at restart # 2; iteration #5 with error: 8.51429e-07
  [Cycle 329] Particle sorting: ON
*** B CALCULATION [GPU] ***
Execution time cycle: 256.95 ms  [sort=0.044376 field=124.196 da_wait=0.00014 mover+out=0.029507 exchange+sort+moments=50.9328 B=74.6166 momentsAwait=7.12999 outCopy=0.000591]
 ======= Cycle 330 ======= 
*** E CALCULATION [GPU] ***
*** MAXWELL SOLVER [GPU] ***
Initial residual: 0.363809 norm b vector (source) = 0.575746
GMRES converged at restart # 2; iteration #5 with error: 8.71909e-07
  [Cycle 330] Particle sorting: ON
*** B CALCULATION [GPU] ***
Execution time cycle: 257.612 ms  [sort=0.043334 field=124.385 da_wait=0.00016 mover+out=0.031792 exchange+sort+moments=51.1381 B=74.8884 momentsAwait=7.12411 outCopy=0.00035]
 ======= Cycle 331 ======= 
*** E CALCULATION [GPU] ***
*** MAXWELL SOLVER [GPU] ***
Initial residual: 0.363895 norm b vector (source) = 0.575794
GMRES converged at restart # 2; iteration #5 with error: 8.62454e-07
  [Cycle 331] Particle sorting: ON
*** B CALCULATION [GPU] ***
Execution time cycle: 257.619 ms  [sort=0.043495 field=124.239 da_wait=0.00012 mover+out=0.030129 exchange+sort+moments=51.389 B=74.7856 momentsAwait=7.13147 outCopy=0.00035]
 ======= Cycle 332 ======= 
*** E CALCULATION [GPU] ***
*** MAXWELL SOLVER [GPU] ***
Initial residual: 0.363963 norm b vector (source) = 0.575663
GMRES converged at restart # 2; iteration #5 with error: 8.28046e-07
  [Cycle 332] Particle sorting: ON
*** B CALCULATION [GPU] ***
Execution time cycle: 257.778 ms  [sort=0.042463 field=124.529 da_wait=0.00024 mover+out=0.031862 exchange+sort+moments=51.2562 B=74.8055 momentsAwait=7.11212 outCopy=0.000321]
 ======= Cycle 333 ======= 
*** E CALCULATION [GPU] ***
*** MAXWELL SOLVER [GPU] ***
Initial residual: 0.36418 norm b vector (source) = 0.575634
GMRES converged at restart # 2; iteration #5 with error: 7.80541e-07
  [Cycle 333] Particle sorting: ON
*** B CALCULATION [GPU] ***
Execution time cycle: 257.414 ms  [sort=0.039928 field=124.685 da_wait=0.000151 mover+out=0.032453 exchange+sort+moments=50.865 B=74.7839 momentsAwait=7.00759 outCopy=0.00048]
 ======= Cycle 334 ======= 
*** E CALCULATION [GPU] ***
*** MAXWELL SOLVER [GPU] ***
Initial residual: 0.364105 norm b vector (source) = 0.575418
GMRES converged at restart # 2; iteration #5 with error: 7.38148e-07
  [Cycle 334] Particle sorting: ON
*** B CALCULATION [GPU] ***
Execution time cycle: 259.826 ms  [sort=0.04109 field=126.708 da_wait=0.000131 mover+out=0.033375 exchange+sort+moments=51.4115 B=74.5305 momentsAwait=7.1006 outCopy=0.000291]
 ======= Cycle 335 ======= 
*** E CALCULATION [GPU] ***
*** MAXWELL SOLVER [GPU] ***
Initial residual: 0.363862 norm b vector (source) = 0.575106
GMRES converged at restart # 2; iteration #5 with error: 7.10457e-07
  [Cycle 335] Particle sorting: ON
*** B CALCULATION [GPU] ***
Execution time cycle: 257.547 ms  [sort=0.040489 field=124.196 da_wait=0.000161 mover+out=0.032012 exchange+sort+moments=51.7396 B=74.513 momentsAwait=7.02441 outCopy=0.000441]
 ======= Cycle 336 ======= 
*** E CALCULATION [GPU] ***
*** MAXWELL SOLVER [GPU] ***
Initial residual: 0.363438 norm b vector (source) = 0.574545
GMRES converged at restart # 2; iteration #5 with error: 7.00593e-07
  [Cycle 336] Particle sorting: ON
*** B CALCULATION [GPU] ***
Execution time cycle: 258.02 ms  [sort=0.039527 field=124.587 da_wait=0.00023 mover+out=0.03578 exchange+sort+moments=51.3454 B=74.9002 momentsAwait=7.11129 outCopy=0.00036]
 ======= Cycle 337 ======= 
*** E CALCULATION [GPU] ***
*** MAXWELL SOLVER [GPU] ***
Initial residual: 0.363239 norm b vector (source) = 0.574163
GMRES converged at restart # 2; iteration #5 with error: 7.0241e-07
  [Cycle 337] Particle sorting: ON
*** B CALCULATION [GPU] ***
Execution time cycle: 256.978 ms  [sort=0.041371 field=124.397 da_wait=0.00014 mover+out=0.029768 exchange+sort+moments=51.0691 B=74.452 momentsAwait=6.98737 outCopy=0.000501]
 ======= Cycle 338 ======= 
*** E CALCULATION [GPU] ***
*** MAXWELL SOLVER [GPU] ***
Initial residual: 0.363396 norm b vector (source) = 0.574204
GMRES converged at restart # 2; iteration #5 with error: 7.12186e-07
  [Cycle 338] Particle sorting: ON
*** B CALCULATION [GPU] ***
Execution time cycle: 257.14 ms  [sort=0.041781 field=124.296 da_wait=0.00013 mover+out=0.031512 exchange+sort+moments=50.8671 B=74.9083 momentsAwait=6.99422 outCopy=0.000521]
 ======= Cycle 339 ======= 
*** E CALCULATION [GPU] ***
*** MAXWELL SOLVER [GPU] ***
Initial residual: 0.363587 norm b vector (source) = 0.574492
GMRES converged at restart # 2; iteration #5 with error: 7.29536e-07
  [Cycle 339] Particle sorting: ON
*** B CALCULATION [GPU] ***
Execution time cycle: 258.021 ms  [sort=0.042623 field=124.44 da_wait=0.00015 mover+out=0.033696 exchange+sort+moments=51.2924 B=75.1216 momentsAwait=7.09046 outCopy=0.000461]
 ======= Cycle 340 ======= 
*** E CALCULATION [GPU] ***
*** MAXWELL SOLVER [GPU] ***
Initial residual: 0.363679 norm b vector (source) = 0.574877
GMRES converged at restart # 2; iteration #5 with error: 7.56582e-07
  [Cycle 340] Particle sorting: ON
*** B CALCULATION [GPU] ***
Execution time cycle: 258.102 ms  [sort=0.044447 field=124.381 da_wait=0.00013 mover+out=0.031601 exchange+sort+moments=51.3075 B=75.2319 momentsAwait=7.1055 outCopy=0.000321]
 ======= Cycle 341 ======= 
*** E CALCULATION [GPU] ***
*** MAXWELL SOLVER [GPU] ***
Initial residual: 0.363814 norm b vector (source) = 0.575441
GMRES converged at restart # 2; iteration #5 with error: 8.09032e-07
  [Cycle 341] Particle sorting: ON
*** B CALCULATION [GPU] ***
Execution time cycle: 257.624 ms  [sort=0.041301 field=124.328 da_wait=0.000161 mover+out=0.031671 exchange+sort+moments=51.1323 B=75.1041 momentsAwait=6.98574 outCopy=0.000571]
 ======= Cycle 342 ======= 
*** E CALCULATION [GPU] ***
*** MAXWELL SOLVER [GPU] ***
Initial residual: 0.363905 norm b vector (source) = 0.576091
GMRES converged at restart # 2; iteration #5 with error: 8.77758e-07
  [Cycle 342] Particle sorting: ON
*** B CALCULATION [GPU] ***
Execution time cycle: 257.835 ms  [sort=0.04118 field=124.895 da_wait=0.00012 mover+out=0.029638 exchange+sort+moments=50.9688 B=74.9708 momentsAwait=6.92831 outCopy=0.00043]
 ======= Cycle 343 ======= 
*** E CALCULATION [GPU] ***
*** MAXWELL SOLVER [GPU] ***
Initial residual: 0.363814 norm b vector (source) = 0.576425
GMRES converged at restart # 2; iteration #5 with error: 9.5314e-07
  [Cycle 343] Particle sorting: ON
*** B CALCULATION [GPU] ***
Execution time cycle: 257.512 ms  [sort=0.039146 field=124.431 da_wait=0.00013 mover+out=0.031711 exchange+sort+moments=51.487 B=74.4768 momentsAwait=7.04641 outCopy=0.000511]
 ======= Cycle 344 ======= 
*** E CALCULATION [GPU] ***
*** MAXWELL SOLVER [GPU] ***
Initial residual: 0.363747 norm b vector (source) = 0.576482
GMRES converged at restart # 2; iteration #6 with error: 6.09556e-07
  [Cycle 344] Particle sorting: ON
*** B CALCULATION [GPU] ***
Execution time cycle: 260.01 ms  [sort=0.039687 field=126.597 da_wait=0.00014 mover+out=0.029097 exchange+sort+moments=51.5252 B=74.8347 momentsAwait=6.98477 outCopy=0.000351]
 ======= Cycle 345 ======= 
*** E CALCULATION [GPU] ***
*** MAXWELL SOLVER [GPU] ***
Initial residual: 0.363745 norm b vector (source) = 0.576482
GMRES converged at restart # 2; iteration #5 with error: 9.37754e-07
  [Cycle 345] Particle sorting: ON
*** B CALCULATION [GPU] ***
Execution time cycle: 261.277 ms  [sort=0.04089 field=127.511 da_wait=0.00022 mover+out=0.033315 exchange+sort+moments=51.5804 B=75.0514 momentsAwait=7.05971 outCopy=0.000551]
 ======= Cycle 346 ======= 
*** E CALCULATION [GPU] ***
*** MAXWELL SOLVER [GPU] ***
Initial residual: 0.363615 norm b vector (source) = 0.576261
GMRES converged at restart # 3; iteration #0 with error: 7.60939e-07
  [Cycle 346] Particle sorting: ON
*** B CALCULATION [GPU] ***
Execution time cycle: 262.016 ms  [sort=0.045118 field=128.466 da_wait=0.00025 mover+out=0.032423 exchange+sort+moments=51.1543 B=75.1236 momentsAwait=7.19346 outCopy=0.000431]
 ======= Cycle 347 ======= 
*** E CALCULATION [GPU] ***
*** MAXWELL SOLVER [GPU] ***
Initial residual: 0.363636 norm b vector (source) = 0.576108
GMRES converged at restart # 2; iteration #5 with error: 9.5196e-07
  [Cycle 347] Particle sorting: ON
*** B CALCULATION [GPU] ***
Execution time cycle: 258.344 ms  [sort=0.039898 field=124.678 da_wait=0.000131 mover+out=0.033605 exchange+sort+moments=51.2076 B=75.3451 momentsAwait=7.03923 outCopy=0.000471]
 ======= Cycle 348 ======= 
*** E CALCULATION [GPU] ***
*** MAXWELL SOLVER [GPU] ***
Initial residual: 0.363587 norm b vector (source) = 0.575917
GMRES converged at restart # 2; iteration #5 with error: 8.89036e-07
  [Cycle 348] Particle sorting: ON
*** B CALCULATION [GPU] ***
Execution time cycle: 258.014 ms  [sort=0.040659 field=124.385 da_wait=0.00015 mover+out=0.028535 exchange+sort+moments=51.1368 B=75.3864 momentsAwait=7.03584 outCopy=0.000291]
 ======= Cycle 349 ======= 
*** E CALCULATION [GPU] ***
*** MAXWELL SOLVER [GPU] ***
Initial residual: 0.363439 norm b vector (source) = 0.575592
GMRES converged at restart # 2; iteration #5 with error: 8.28479e-07
  [Cycle 349] Particle sorting: ON
*** B CALCULATION [GPU] ***
Execution time cycle: 258.02 ms  [sort=0.037653 field=124.304 da_wait=0.00015 mover+out=0.029538 exchange+sort+moments=51.3491 B=75.1591 momentsAwait=7.13994 outCopy=0.000351]
 ======= Cycle 350 ======= 
*** E CALCULATION [GPU] ***
*** MAXWELL SOLVER [GPU] ***
Initial residual: 0.363357 norm b vector (source) = 0.575217
GMRES converged at restart # 2; iteration #5 with error: 7.85671e-07
  [Cycle 350] Particle sorting: ON
*** B CALCULATION [GPU] ***
Execution time cycle: 272.858 ms  [sort=13.0984 field=126.979 da_wait=0.000741 mover+out=0.023506 exchange+sort+moments=50.4412 B=75.3144 momentsAwait=7.00003 outCopy=0.000431]
 ======= Cycle 351 ======= 
*** E CALCULATION [GPU] ***
*** MAXWELL SOLVER [GPU] ***
Initial residual: 0.363382 norm b vector (source) = 0.574994
GMRES converged at restart # 2; iteration #5 with error: 7.62579e-07
  [Cycle 351] Particle sorting: ON
*** B CALCULATION [GPU] ***
Execution time cycle: 258.384 ms  [sort=0.038394 field=124.663 da_wait=0.000141 mover+out=0.033885 exchange+sort+moments=51.4723 B=75.1572 momentsAwait=7.01895 outCopy=0.000531]
 ======= Cycle 352 ======= 
*** E CALCULATION [GPU] ***
*** MAXWELL SOLVER [GPU] ***
Initial residual: 0.363451 norm b vector (source) = 0.575046
GMRES converged at restart # 2; iteration #5 with error: 7.51415e-07
  [Cycle 352] Particle sorting: ON
*** B CALCULATION [GPU] ***
Execution time cycle: 258.651 ms  [sort=0.039197 field=124.526 da_wait=0.000141 mover+out=0.034076 exchange+sort+moments=51.9112 B=75.0589 momentsAwait=7.08091 outCopy=0.00031]
 ======= Cycle 353 ======= 
*** E CALCULATION [GPU] ***
*** MAXWELL SOLVER [GPU] ***
Initial residual: 0.363617 norm b vector (source) = 0.57538
GMRES converged at restart # 2; iteration #5 with error: 7.59733e-07
  [Cycle 353] Particle sorting: ON
*** B CALCULATION [GPU] ***
Execution time cycle: 258.475 ms  [sort=0.038896 field=124.744 da_wait=0.00015 mover+out=0.032393 exchange+sort+moments=51.4238 B=75.0732 momentsAwait=7.16129 outCopy=0.000511]
 ======= Cycle 354 ======= 
*** E CALCULATION [GPU] ***
*** MAXWELL SOLVER [GPU] ***
Initial residual: 0.363538 norm b vector (source) = 0.57563
GMRES converged at restart # 2; iteration #5 with error: 7.96704e-07
  [Cycle 354] Particle sorting: ON
*** B CALCULATION [GPU] ***
Execution time cycle: 258.137 ms  [sort=0.039968 field=124.629 da_wait=0.00024 mover+out=0.03072 exchange+sort+moments=50.9953 B=75.3787 momentsAwait=7.06216 outCopy=0.00043]
 ======= Cycle 355 ======= 
*** E CALCULATION [GPU] ***
*** MAXWELL SOLVER [GPU] ***
Initial residual: 0.363361 norm b vector (source) = 0.575694
GMRES converged at restart # 2; iteration #5 with error: 8.6883e-07
  [Cycle 355] Particle sorting: ON
*** B CALCULATION [GPU] ***
Execution time cycle: 257.993 ms  [sort=0.040729 field=124.417 da_wait=0.000141 mover+out=0.03097 exchange+sort+moments=50.9484 B=75.5526 momentsAwait=7.00262 outCopy=0.00039]
 ======= Cycle 356 ======= 
*** E CALCULATION [GPU] ***
*** MAXWELL SOLVER [GPU] ***
Initial residual: 0.363175 norm b vector (source) = 0.575619
GMRES converged at restart # 2; iteration #5 with error: 9.76657e-07
  [Cycle 356] Particle sorting: ON
*** B CALCULATION [GPU] ***
Execution time cycle: 258.241 ms  [sort=0.039536 field=124.427 da_wait=0.00015 mover+out=0.030039 exchange+sort+moments=51.1593 B=75.5445 momentsAwait=7.0409 outCopy=0.00027]
 ======= Cycle 357 ======= 
*** E CALCULATION [GPU] ***
*** MAXWELL SOLVER [GPU] ***
Initial residual: 0.363015 norm b vector (source) = 0.575521
GMRES converged at restart # 2; iteration #6 with error: 6.2851e-07
  [Cycle 357] Particle sorting: ON
*** B CALCULATION [GPU] ***
Execution time cycle: 264.839 ms  [sort=0.040669 field=130.377 da_wait=0.00013 mover+out=0.030129 exchange+sort+moments=51.7218 B=75.6008 momentsAwait=7.06829 outCopy=0.000511]
 ======= Cycle 358 ======= 
*** E CALCULATION [GPU] ***
*** MAXWELL SOLVER [GPU] ***
Initial residual: 0.362981 norm b vector (source) = 0.575616
GMRES converged at restart # 2; iteration #6 with error: 7.11093e-07
  [Cycle 358] Particle sorting: ON
*** B CALCULATION [GPU] ***
Execution time cycle: 264.715 ms  [sort=0.044947 field=130.214 da_wait=0.00013 mover+out=0.031591 exchange+sort+moments=51.8022 B=75.4841 momentsAwait=7.13709 outCopy=0.000461]
 ======= Cycle 359 ======= 
*** E CALCULATION [GPU] ***
*** MAXWELL SOLVER [GPU] ***
Initial residual: 0.362942 norm b vector (source) = 0.575767
GMRES converged at restart # 2; iteration #6 with error: 7.72329e-07
  [Cycle 359] Particle sorting: ON
*** B CALCULATION [GPU] ***
Execution time cycle: 264.164 ms  [sort=0.035238 field=130.134 da_wait=0.000141 mover+out=0.030639 exchange+sort+moments=51.1914 B=75.6058 momentsAwait=7.16566 outCopy=0.000581]
 ======= Cycle 360 ======= 
*** E CALCULATION [GPU] ***
*** MAXWELL SOLVER [GPU] ***
Initial residual: 0.362867 norm b vector (source) = 0.575883
GMRES converged at restart # 2; iteration #6 with error: 7.9599e-07
  [Cycle 360] Particle sorting: ON
*** B CALCULATION [GPU] ***
Execution time cycle: 263.832 ms  [sort=0.038996 field=129.956 da_wait=0.00014 mover+out=0.029909 exchange+sort+moments=51.607 B=75.2589 momentsAwait=6.94046 outCopy=0.000391]
 ======= Cycle 361 ======= 
*** E CALCULATION [GPU] ***
*** MAXWELL SOLVER [GPU] ***
Initial residual: 0.363181 norm b vector (source) = 0.576256
GMRES converged at restart # 2; iteration #6 with error: 7.82036e-07
  [Cycle 361] Particle sorting: ON
*** B CALCULATION [GPU] ***
Execution time cycle: 264.302 ms  [sort=0.038515 field=130.165 da_wait=0.00014 mover+out=0.030971 exchange+sort+moments=51.9017 B=75.1099 momentsAwait=7.05515 outCopy=0.000571]
 ======= Cycle 362 ======= 
*** E CALCULATION [GPU] ***
*** MAXWELL SOLVER [GPU] ***
Initial residual: 0.363387 norm b vector (source) = 0.576618
GMRES converged at restart # 2; iteration #6 with error: 7.43584e-07
  [Cycle 362] Particle sorting: ON
*** B CALCULATION [GPU] ***
Execution time cycle: 263.448 ms  [sort=0.041331 field=129.889 da_wait=0.00014 mover+out=0.029848 exchange+sort+moments=51.3555 B=75.1527 momentsAwait=6.97913 outCopy=0.000431]
 ======= Cycle 363 ======= 
*** E CALCULATION [GPU] ***
*** MAXWELL SOLVER [GPU] ***
Initial residual: 0.363413 norm b vector (source) = 0.576662
GMRES converged at restart # 2; iteration #6 with error: 6.87196e-07
  [Cycle 363] Particle sorting: ON
*** B CALCULATION [GPU] ***
Execution time cycle: 263.74 ms  [sort=0.032603 field=130.072 da_wait=0.00015 mover+out=0.029618 exchange+sort+moments=51.1611 B=75.4355 momentsAwait=7.0084 outCopy=0.000431]
 ======= Cycle 364 ======= 
*** E CALCULATION [GPU] ***
*** MAXWELL SOLVER [GPU] ***
Initial residual: 0.363261 norm b vector (source) = 0.576355
GMRES converged at restart # 2; iteration #6 with error: 6.32596e-07
  [Cycle 364] Particle sorting: ON
*** B CALCULATION [GPU] ***
Execution time cycle: 263.599 ms  [sort=0.04116 field=129.808 da_wait=0.00022 mover+out=0.035008 exchange+sort+moments=51.0772 B=75.6201 momentsAwait=7.01663 outCopy=0.000571]
 ======= Cycle 365 ======= 
*** E CALCULATION [GPU] ***
*** MAXWELL SOLVER [GPU] ***
Initial residual: 0.363102 norm b vector (source) = 0.575908
GMRES converged at restart # 2; iteration #5 with error: 9.54523e-07
  [Cycle 365] Particle sorting: ON
*** B CALCULATION [GPU] ***
Execution time cycle: 261.772 ms  [sort=0.044476 field=127.805 da_wait=0.000211 mover+out=0.032693 exchange+sort+moments=51.4447 B=75.4149 momentsAwait=7.03006 outCopy=0.000511]
 ======= Cycle 366 ======= 
*** E CALCULATION [GPU] ***
*** MAXWELL SOLVER [GPU] ***
Initial residual: 0.363124 norm b vector (source) = 0.575645
GMRES converged at restart # 2; iteration #5 with error: 9.90667e-07
  [Cycle 366] Particle sorting: ON
*** B CALCULATION [GPU] ***
Execution time cycle: 258.068 ms  [sort=0.043244 field=123.974 da_wait=0.00015 mover+out=0.031011 exchange+sort+moments=51.4652 B=75.5526 momentsAwait=7.00146 outCopy=0.000351]
 ======= Cycle 367 ======= 
*** E CALCULATION [GPU] ***
*** MAXWELL SOLVER [GPU] ***
Initial residual: 0.362925 norm b vector (source) = 0.5753
GMRES converged at restart # 2; iteration #5 with error: 9.74144e-07
  [Cycle 367] Particle sorting: ON
*** B CALCULATION [GPU] ***
Execution time cycle: 258.835 ms  [sort=0.038825 field=124.435 da_wait=0.00014 mover+out=0.030349 exchange+sort+moments=51.6446 B=75.6107 momentsAwait=7.07483 outCopy=0.000531]
 ======= Cycle 368 ======= 
*** E CALCULATION [GPU] ***
*** MAXWELL SOLVER [GPU] ***
Initial residual: 0.362971 norm b vector (source) = 0.575252
GMRES converged at restart # 2; iteration #5 with error: 9.97271e-07
  [Cycle 368] Particle sorting: ON
*** B CALCULATION [GPU] ***
Execution time cycle: 258.253 ms  [sort=0.042102 field=124.354 da_wait=0.000221 mover+out=0.030599 exchange+sort+moments=51.2269 B=75.6047 momentsAwait=6.99401 outCopy=0.000291]
 ======= Cycle 369 ======= 
*** E CALCULATION [GPU] ***
*** MAXWELL SOLVER [GPU] ***
Initial residual: 0.363314 norm b vector (source) = 0.575722
GMRES converged at restart # 2; iteration #5 with error: 9.76158e-07
  [Cycle 369] Particle sorting: ON
*** B CALCULATION [GPU] ***
Execution time cycle: 261.691 ms  [sort=0.04097 field=127.539 da_wait=0.00015 mover+out=0.031 exchange+sort+moments=51.501 B=75.486 momentsAwait=7.09227 outCopy=0.000511]
 ======= Cycle 370 ======= 
*** E CALCULATION [GPU] ***
*** MAXWELL SOLVER [GPU] ***
Initial residual: 0.363807 norm b vector (source) = 0.576692
GMRES converged at restart # 2; iteration #6 with error: 6.69024e-07
  [Cycle 370] Particle sorting: ON
*** B CALCULATION [GPU] ***
Execution time cycle: 264.344 ms  [sort=0.042112 field=129.809 da_wait=0.00014 mover+out=0.028646 exchange+sort+moments=52.003 B=75.3499 momentsAwait=7.1104 outCopy=0.000321]
 ======= Cycle 371 ======= 
*** E CALCULATION [GPU] ***
*** MAXWELL SOLVER [GPU] ***
Initial residual: 0.364152 norm b vector (source) = 0.577645
GMRES converged at restart # 2; iteration #6 with error: 7.54754e-07
  [Cycle 371] Particle sorting: ON
*** B CALCULATION [GPU] ***
Execution time cycle: 264.598 ms  [sort=0.042191 field=130.242 da_wait=0.00012 mover+out=0.03054 exchange+sort+moments=51.7279 B=75.5132 momentsAwait=7.0416 outCopy=0.000311]
 ======= Cycle 372 ======= 
*** E CALCULATION [GPU] ***
*** MAXWELL SOLVER [GPU] ***
Initial residual: 0.364313 norm b vector (source) = 0.578388
GMRES converged at restart # 2; iteration #6 with error: 8.4832e-07
  [Cycle 372] Particle sorting: ON
*** B CALCULATION [GPU] ***
Execution time cycle: 263.574 ms  [sort=0.039327 field=130.051 da_wait=0.00015 mover+out=0.03119 exchange+sort+moments=51.1222 B=75.3375 momentsAwait=6.99275 outCopy=0.00025]
 ======= Cycle 373 ======= 
*** E CALCULATION [GPU] ***
*** MAXWELL SOLVER [GPU] ***
Initial residual: 0.364317 norm b vector (source) = 0.578864
GMRES converged at restart # 2; iteration #6 with error: 9.31249e-07
  [Cycle 373] Particle sorting: ON
*** B CALCULATION [GPU] ***
Execution time cycle: 263.773 ms  [sort=0.042152 field=129.907 da_wait=0.00014 mover+out=0.029357 exchange+sort+moments=50.9468 B=75.7817 momentsAwait=7.0655 outCopy=0.000291]
 ======= Cycle 374 ======= 
*** E CALCULATION [GPU] ***
*** MAXWELL SOLVER [GPU] ***
Initial residual: 0.364174 norm b vector (source) = 0.579026
GMRES converged at restart # 2; iteration #6 with error: 9.82411e-07
  [Cycle 374] Particle sorting: ON
*** B CALCULATION [GPU] ***
Execution time cycle: 264.599 ms  [sort=0.037994 field=130.179 da_wait=0.00014 mover+out=0.029007 exchange+sort+moments=51.4292 B=75.8393 momentsAwait=7.08343 outCopy=0.00027]
 ======= Cycle 375 ======= 
*** E CALCULATION [GPU] ***
*** MAXWELL SOLVER [GPU] ***
Initial residual: 0.363898 norm b vector (source) = 0.578813
GMRES converged at restart # 2; iteration #6 with error: 9.92364e-07
  [Cycle 375] Particle sorting: ON
*** B CALCULATION [GPU] ***
Execution time cycle: 264.727 ms  [sort=0.04114 field=130.232 da_wait=0.00014 mover+out=0.033075 exchange+sort+moments=51.528 B=75.9441 momentsAwait=6.94813 outCopy=0.000451]
 ======= Cycle 376 ======= 
*** E CALCULATION [GPU] ***
*** MAXWELL SOLVER [GPU] ***
Initial residual: 0.363471 norm b vector (source) = 0.578203
GMRES converged at restart # 2; iteration #6 with error: 9.62686e-07
  [Cycle 376] Particle sorting: ON
*** B CALCULATION [GPU] ***
Execution time cycle: 264.853 ms  [sort=0.039987 field=130.013 da_wait=0.00017 mover+out=0.030039 exchange+sort+moments=51.8495 B=75.9343 momentsAwait=6.98571 outCopy=0.000241]
 ======= Cycle 377 ======= 
*** E CALCULATION [GPU] ***
*** MAXWELL SOLVER [GPU] ***
Initial residual: 0.363191 norm b vector (source) = 0.577522
GMRES converged at restart # 2; iteration #6 with error: 8.95303e-07
  [Cycle 377] Particle sorting: ON
*** B CALCULATION [GPU] ***
Execution time cycle: 264.277 ms  [sort=0.04159 field=129.943 da_wait=0.00015 mover+out=0.028906 exchange+sort+moments=51.2457 B=75.9843 momentsAwait=7.03324 outCopy=0.000471]
 ======= Cycle 378 ======= 
*** E CALCULATION [GPU] ***
*** MAXWELL SOLVER [GPU] ***
Initial residual: 0.362928 norm b vector (source) = 0.576768
GMRES converged at restart # 2; iteration #6 with error: 8.17988e-07
  [Cycle 378] Particle sorting: ON
*** B CALCULATION [GPU] ***
Execution time cycle: 264.775 ms  [sort=0.039327 field=130.423 da_wait=0.00012 mover+out=0.031501 exchange+sort+moments=51.4775 B=75.8361 momentsAwait=6.96665 outCopy=0.000441]
 ======= Cycle 379 ======= 
*** E CALCULATION [GPU] ***
*** MAXWELL SOLVER [GPU] ***
Initial residual: 0.362946 norm b vector (source) = 0.576362
GMRES converged at restart # 2; iteration #6 with error: 7.42794e-07
  [Cycle 379] Particle sorting: ON
*** B CALCULATION [GPU] ***
Execution time cycle: 264.593 ms  [sort=0.042262 field=129.866 da_wait=0.000221 mover+out=0.029738 exchange+sort+moments=51.9123 B=75.7797 momentsAwait=6.96335 outCopy=0.00037]
 ======= Cycle 380 ======= 
*** E CALCULATION [GPU] ***
*** MAXWELL SOLVER [GPU] ***
Initial residual: 0.36321 norm b vector (source) = 0.576394
GMRES converged at restart # 2; iteration #6 with error: 6.78754e-07
  [Cycle 380] Particle sorting: ON
*** B CALCULATION [GPU] ***
Execution time cycle: 264.679 ms  [sort=0.039376 field=130.076 da_wait=0.000211 mover+out=0.030319 exchange+sort+moments=51.5881 B=75.9789 momentsAwait=6.96508 outCopy=0.00026]
 ======= Cycle 381 ======= 
*** E CALCULATION [GPU] ***
*** MAXWELL SOLVER [GPU] ***
Initial residual: 0.363788 norm b vector (source) = 0.576943
GMRES converged at restart # 2; iteration #6 with error: 6.40718e-07
  [Cycle 381] Particle sorting: ON
*** B CALCULATION [GPU] ***
Execution time cycle: 263.964 ms  [sort=0.042783 field=129.828 da_wait=0.00014 mover+out=0.028285 exchange+sort+moments=51.1083 B=76.0303 momentsAwait=6.92527 outCopy=0.000461]
 ======= Cycle 382 ======= 
*** E CALCULATION [GPU] ***
*** MAXWELL SOLVER [GPU] ***
Initial residual: 0.364049 norm b vector (source) = 0.577375
GMRES converged at restart # 2; iteration #6 with error: 6.35876e-07
  [Cycle 382] Particle sorting: ON
*** B CALCULATION [GPU] ***
Execution time cycle: 278.639 ms  [sort=0.045438 field=143.951 da_wait=0.00013 mover+out=0.028335 exchange+sort+moments=51.3771 B=76.1506 momentsAwait=7.08557 outCopy=0.000431]
 ======= Cycle 383 ======= 
*** E CALCULATION [GPU] ***
*** MAXWELL SOLVER [GPU] ***
Initial residual: 0.364167 norm b vector (source) = 0.577545
GMRES converged at restart # 2; iteration #6 with error: 6.70455e-07
  [Cycle 383] Particle sorting: ON
*** B CALCULATION [GPU] ***
Execution time cycle: 264.853 ms  [sort=0.042232 field=129.93 da_wait=0.00022 mover+out=0.028856 exchange+sort+moments=51.6032 B=76.136 momentsAwait=7.1126 outCopy=0.00039]
 ======= Cycle 384 ======= 
*** E CALCULATION [GPU] ***
*** MAXWELL SOLVER [GPU] ***
Initial residual: 0.364313 norm b vector (source) = 0.577782
GMRES converged at restart # 2; iteration #6 with error: 7.39827e-07
  [Cycle 384] Particle sorting: ON
*** B CALCULATION [GPU] ***
Execution time cycle: 264.513 ms  [sort=0.039016 field=130.085 da_wait=0.00017 mover+out=0.032533 exchange+sort+moments=51.15 B=76.1358 momentsAwait=7.06951 outCopy=0.000241]
 ======= Cycle 385 ======= 
*** E CALCULATION [GPU] ***
*** MAXWELL SOLVER [GPU] ***
Initial residual: 0.36454 norm b vector (source) = 0.578256
GMRES converged at restart # 2; iteration #6 with error: 8.41303e-07
  [Cycle 385] Particle sorting: ON
*** B CALCULATION [GPU] ***
Execution time cycle: 743.413 ms  [sort=0.042873 field=608.743 da_wait=0.00014 mover+out=0.030008 exchange+sort+moments=51.3384 B=76.1322 momentsAwait=7.12609 outCopy=0.000841]
 ======= Cycle 386 ======= 
*** E CALCULATION [GPU] ***
*** MAXWELL SOLVER [GPU] ***
Initial residual: 0.364904 norm b vector (source) = 0.579067
GMRES converged at restart # 2; iteration #6 with error: 9.63337e-07
  [Cycle 386] Particle sorting: ON
*** B CALCULATION [GPU] ***
Execution time cycle: 264.901 ms  [sort=0.044216 field=130.367 da_wait=0.00014 mover+out=0.029948 exchange+sort+moments=51.2646 B=76.1653 momentsAwait=7.02942 outCopy=0.000361]
 ======= Cycle 387 ======= 
*** E CALCULATION [GPU] ***
*** MAXWELL SOLVER [GPU] ***
Initial residual: 0.365223 norm b vector (source) = 0.579957
GMRES converged at restart # 2; iteration #7 with error: 7.23344e-07
  [Cycle 387] Particle sorting: ON
*** B CALCULATION [GPU] ***
Execution time cycle: 268.909 ms  [sort=0.042563 field=134.313 da_wait=0.000201 mover+out=0.031431 exchange+sort+moments=51.8762 B=75.615 momentsAwait=7.02978 outCopy=0.000552]
 ======= Cycle 388 ======= 
*** E CALCULATION [GPU] ***
*** MAXWELL SOLVER [GPU] ***
Initial residual: 0.365181 norm b vector (source) = 0.580384
GMRES converged at restart # 2; iteration #7 with error: 7.95317e-07
  [Cycle 388] Particle sorting: ON
*** B CALCULATION [GPU] ***
Execution time cycle: 267.625 ms  [sort=0.042884 field=132.678 da_wait=0.00014 mover+out=0.032183 exchange+sort+moments=51.7787 B=75.9999 momentsAwait=7.09217 outCopy=0.000251]
 ======= Cycle 389 ======= 
*** E CALCULATION [GPU] ***
*** MAXWELL SOLVER [GPU] ***
Initial residual: 0.364838 norm b vector (source) = 0.580182
GMRES converged at restart # 2; iteration #7 with error: 8.4702e-07
  [Cycle 389] Particle sorting: ON
*** B CALCULATION [GPU] ***
Execution time cycle: 267.198 ms  [sort=0.032353 field=132.548 da_wait=0.000131 mover+out=0.030218 exchange+sort+moments=51.4079 B=76.2097 momentsAwait=6.96934 outCopy=0.00024]
 ======= Cycle 390 ======= 
*** E CALCULATION [GPU] ***
*** MAXWELL SOLVER [GPU] ***
Initial residual: 0.36452 norm b vector (source) = 0.579716
GMRES converged at restart # 2; iteration #7 with error: 8.6218e-07
  [Cycle 390] Particle sorting: ON
*** B CALCULATION [GPU] ***
Execution time cycle: 267.259 ms  [sort=0.033515 field=132.844 da_wait=0.00015 mover+out=0.029407 exchange+sort+moments=51.0719 B=76.3016 momentsAwait=6.97862 outCopy=0.00032]
 ======= Cycle 391 ======= 
*** E CALCULATION [GPU] ***
*** MAXWELL SOLVER [GPU] ***
Initial residual: 0.364253 norm b vector (source) = 0.579235
GMRES converged at restart # 2; iteration #7 with error: 8.44088e-07
  [Cycle 391] Particle sorting: ON
*** B CALCULATION [GPU] ***
Execution time cycle: 267.156 ms  [sort=0.034397 field=132.485 da_wait=0.00014 mover+out=0.031701 exchange+sort+moments=51.2674 B=76.3999 momentsAwait=6.93718 outCopy=0.000321]
 ======= Cycle 392 ======= 
*** E CALCULATION [GPU] ***
*** MAXWELL SOLVER [GPU] ***
Initial residual: 0.363979 norm b vector (source) = 0.578783
GMRES converged at restart # 2; iteration #7 with error: 8.02021e-07
  [Cycle 392] Particle sorting: ON
*** B CALCULATION [GPU] ***
Execution time cycle: 267.649 ms  [sort=0.035189 field=132.565 da_wait=0.00014 mover+out=0.032954 exchange+sort+moments=51.5562 B=76.4479 momentsAwait=7.01041 outCopy=0.000691]
 ======= Cycle 393 ======= 
*** E CALCULATION [GPU] ***
*** MAXWELL SOLVER [GPU] ***
Initial residual: 0.363797 norm b vector (source) = 0.578403
GMRES converged at restart # 2; iteration #7 with error: 7.49704e-07
  [Cycle 393] Particle sorting: ON
*** B CALCULATION [GPU] ***
Execution time cycle: 267.625 ms  [sort=0.038826 field=132.81 da_wait=0.00011 mover+out=0.029387 exchange+sort+moments=51.3079 B=76.3957 momentsAwait=7.04303 outCopy=0.00023]
 ======= Cycle 394 ======= 
*** E CALCULATION [GPU] ***
*** MAXWELL SOLVER [GPU] ***
Initial residual: 0.363551 norm b vector (source) = 0.577999
GMRES converged at restart # 2; iteration #7 with error: 7.01035e-07
  [Cycle 394] Particle sorting: ON
*** B CALCULATION [GPU] ***
Execution time cycle: 267.432 ms  [sort=0.033024 field=132.604 da_wait=0.00013 mover+out=0.031662 exchange+sort+moments=51.2615 B=76.4953 momentsAwait=7.00635 outCopy=0.00024]
 ======= Cycle 395 ======= 
*** E CALCULATION [GPU] ***
*** MAXWELL SOLVER [GPU] ***
Initial residual: 0.363248 norm b vector (source) = 0.577475
GMRES converged at restart # 2; iteration #6 with error: 9.97594e-07
  [Cycle 395] Particle sorting: ON
*** B CALCULATION [GPU] ***
Execution time cycle: 264.825 ms  [sort=0.034316 field=130.218 da_wait=0.00014 mover+out=0.028666 exchange+sort+moments=51.1182 B=76.4556 momentsAwait=6.96933 outCopy=0.000401]
 ======= Cycle 396 ======= 
*** E CALCULATION [GPU] ***
*** MAXWELL SOLVER [GPU] ***
Initial residual: 0.363431 norm b vector (source) = 0.577371
GMRES converged at restart # 2; iteration #6 with error: 9.68741e-07
  [Cycle 396] Particle sorting: ON
*** B CALCULATION [GPU] ***
Execution time cycle: 264.75 ms  [sort=0.041571 field=129.961 da_wait=0.00019 mover+out=0.0308 exchange+sort+moments=51.4899 B=76.2004 momentsAwait=7.02659 outCopy=0.000351]
 ======= Cycle 397 ======= 
*** E CALCULATION [GPU] ***
*** MAXWELL SOLVER [GPU] ***
Initial residual: 0.363492 norm b vector (source) = 0.577369
GMRES converged at restart # 2; iteration #6 with error: 9.90664e-07
  [Cycle 397] Particle sorting: ON
*** B CALCULATION [GPU] ***
Execution time cycle: 265.554 ms  [sort=0.038445 field=130.353 da_wait=0.0002 mover+out=0.029808 exchange+sort+moments=51.9631 B=76.0901 momentsAwait=7.07927 outCopy=0.000521]
 ======= Cycle 398 ======= 
*** E CALCULATION [GPU] ***
*** MAXWELL SOLVER [GPU] ***
Initial residual: 0.363703 norm b vector (source) = 0.577604
GMRES converged at restart # 2; iteration #7 with error: 7.02711e-07
  [Cycle 398] Particle sorting: ON
*** B CALCULATION [GPU] ***
Execution time cycle: 268.183 ms  [sort=0.040638 field=132.869 da_wait=0.00014 mover+out=0.032022 exchange+sort+moments=51.7227 B=76.3675 momentsAwait=7.15087 outCopy=0.000351]
 ======= Cycle 399 ======= 
*** E CALCULATION [GPU] ***
*** MAXWELL SOLVER [GPU] ***
Initial residual: 0.363685 norm b vector (source) = 0.577841
GMRES converged at restart # 2; iteration #7 with error: 7.73553e-07
  [Cycle 399] Particle sorting: ON
*** B CALCULATION [GPU] ***
Execution time cycle: 267.537 ms  [sort=0.037683 field=132.811 da_wait=0.00014 mover+out=0.032433 exchange+sort+moments=51.0367 B=76.4943 momentsAwait=7.00938 outCopy=0.115604]


*** SIMULATION ENDED SUCESSFULLY ***
 Simulation Time: 127.347 sec (0.0353742 hours)
***

