
Number of processes = 8
-------------------------
Number of threads = 6
-------------------------

Virtual Cartesian Processors Topology
-------------------------------------
Processors grid: 2x2x2
Periodicity X: 1
Periodicity Y: 0
Periodicity Z: 1


Simulation Parameters
---------------------
Number of species    = 4
qom[0] = -64
qom[1] = 1
qom[2] = -64
qom[3] = 1
x-Length                 = 5
y-Length                 = 6.66667
z-Length                 = 10
Number of cells (x)      = 128
Number of cells (y)      = 128
Number of cells (z)      = 128
Time step                = 0.15
Number of cycles         = 400
Results saved in  : data
Case type         : GEM
Simulation name   : weakGEM3D_N1
Smoothing         : on (alpha=0.2, Niter=6)
---------------------
EM Field Boundary Conditions
---------------------
Xleft  : 0 (perfect conductor)
Xright : 0 (perfect conductor)
Yleft  : 0 (perfect conductor)
Yright : 0 (perfect conductor)
Zleft  : 0 (perfect conductor)
Zright : 0 (perfect conductor)
SAL (absorbing layer): no
---------------------
Particle Boundary Conditions
---------------------
Xleft  : 1 (perfect mirror)
Xright : 1 (perfect mirror)
Yleft  : 1 (perfect mirror)
Yright : 1 (perfect mirror)
Zleft  : 1 (perfect mirror)
Zright : 1 (perfect mirror)
E inflow BCs in GMRes : yes (applied per-face where bcPface == 2)
---------------------
Field Corrections
---------------------
Poisson div(E) correction  : no
div(B) cleaning            : no
---------------------
Planet Boundary
---------------------
Reflection type            : 0 (specular)
---------------------
Exosphere Ionization
---------------------
Status                     : disabled
---------------------
Check Simulation Constraints
---------------------
Accuracy Constraint:  
u_th < dx/dt species 0.....OK
v_th < dy/dt species 0......OK
u_th < dx/dt species 1.....OK
v_th < dy/dt species 1......OK
u_th < dx/dt species 2.....OK
v_th < dy/dt species 2......OK
u_th < dx/dt species 3.....OK
v_th < dy/dt species 3......OK

Finite Grid Stability Constraint:  
OK u_th*dt/dx (species 0) = 0.1728 > .1
OK v_th*dt/dy (species 0) = 0.1296 > .1
WARNING. u_th*dt/dx (species 1) = 0.048384 < .1
WARNING. v_th*dt/dy (species 1) = 0.036288 < .1
OK u_th*dt/dx (species 2) = 0.1728 > .1
OK v_th*dt/dy (species 2) = 0.1296 > .1
WARNING. u_th*dt/dx (species 3) = 0.048384 < .1
WARNING. v_th*dt/dy (species 3) = 0.036288 < .1

CFL Condition (c*dt/dx < 1):  
---------------------
Speed of light c     = 1
Time step dt         = 0.15
Grid spacing dx      = 0.0390625
Grid spacing dy      = 0.0520833
Grid spacing dz      = 0.078125
c*dt/dx              = 3.84  WARNING: CFL VIOLATED!
c*dt/dy              = 2.88  WARNING: CFL VIOLATED!
c*dt/dz              = 1.92  WARNING: CFL VIOLATED!
c*dt*|1/dx|          = 5.16976  WARNING: multi-dim CFL VIOLATED!

Numerical Resolution Parameters:  
---------------------
Larmor radius / dx (species 0) = 0.923077  (rL = 0.0360577, Omega_c*dt = 0.1872)
Larmor radius / dx (species 1) = 16.5415  (rL = 0.646154, Omega_c*dt = 0.002925)
Larmor radius / dx (species 2) = 0.923077  (rL = 0.0360577, Omega_c*dt = 0.1872)
Larmor radius / dx (species 3) = 16.5415  (rL = 0.646154, Omega_c*dt = 0.002925)
Species 0 (qom=-64): omega_p = 8, d_s/dx = 3.2, omega_p*dt = 1.2  OK
Species 1 (qom=1): omega_p = 1, d_s/dx = 25.6, omega_p*dt = 0.15  OK
Species 2 (qom=-64): omega_p = 2.52982, d_s/dx = 10.1193, omega_p*dt = 0.379473  OK
Species 3 (qom=1): omega_p = 0.316228, d_s/dx = 80.9543, omega_p*dt = 0.0474342  OK

Estimated Memory Per Rank
---------------------
Local grid (with ghosts): 66x66x66 cells, 67x67x67 nodes
HOST:   EMfields = 307.853 MB, particles = 4096 MB, comm = 409.6 MB, field buf = 53.4397 MB
        TOTAL = 4866.89 MB (4.75283 GB)
DEVICE: particles = 5734.4 MB, buffers = 1561.6 MB, moments = 91.7856 MB, field = 53.4397 MB, sort = 1088.36 MB
        TOTAL = 8529.59 MB (8.32967 GB)  (+ 500 MB CUDA context)
COMBINED = 13396.5 MB (13.0825 GB)
---------------------
------------------------------------------
Initialize GEM Challenge with Perturbation
------------------------------------------
B0x                              = 0.0195
B0y                              = 0
B0z                              = 0
Delta (current sheet thickness) = 0.5
rho species 0 = 1 DRIFTING 
rho species 1 = 1 DRIFTING 
rho species 2 = 0.1 BACKGROUND 
rho species 3 = 0.1 BACKGROUND 
-------------------------
(2.0) WARNING init(), IOManager.cpp:128: Selected particle backend requires HDF5 (compile with USE_HDF5=ON). Particle output disabled.
(2.0) WARNING init(), IOManager.cpp:133: Selected restart backend requires HDF5 (compile with USE_HDF5=ON). Restart output disabled.
(3.0) WARNING init(), IOManager.cpp:128: Selected particle backend requires HDF5 (compile with USE_HDF5=ON). Particle output disabled.
(3.0) WARNING init(), IOManager.cpp:133: Selected restart backend requires HDF5 (compile with USE_HDF5=ON). Restart output disabled.
(6.0) WARNING init(), IOManager.cpp:128: Selected particle backend requires HDF5 (compile with USE_HDF5=ON). Particle output disabled.
(6.0) WARNING init(), IOManager.cpp:133: Selected restart backend requires HDF5 (compile with USE_HDF5=ON). Restart output disabled.
(1.0) WARNING init(), IOManager.cpp:128: Selected particle backend requires HDF5 (compile with USE_HDF5=ON). Particle output disabled.
(1.0) WARNING init(), IOManager.cpp:133: Selected restart backend requires HDF5 (compile with USE_HDF5=ON). Restart output disabled.
(0.0) WARNING init(), IOManager.cpp:128: Selected particle backend requires HDF5 (compile with USE_HDF5=ON). Particle output disabled.
(0.0) WARNING init(), IOManager.cpp:133: Selected restart backend requires HDF5 (compile with USE_HDF5=ON). Restart output disabled.
(4.0) WARNING init(), IOManager.cpp:128: Selected particle backend requires HDF5 (compile with USE_HDF5=ON). Particle output disabled.
(4.0) WARNING init(), IOManager.cpp:133: Selected restart backend requires HDF5 (compile with USE_HDF5=ON). Restart output disabled.
(5.0) WARNING init(), IOManager.cpp:128: Selected particle backend requires HDF5 (compile with USE_HDF5=ON). Particle output disabled.
(5.0) WARNING init(), IOManager.cpp:133: Selected restart backend requires HDF5 (compile with USE_HDF5=ON). Restart output disabled.
(7.0) WARNING init(), IOManager.cpp:128: Selected particle backend requires HDF5 (compile with USE_HDF5=ON). Particle output disabled.
(7.0) WARNING init(), IOManager.cpp:133: Selected restart backend requires HDF5 (compile with USE_HDF5=ON). Restart output disabled.
CUDA Init finished
 ======= Cycle 0 ======= 
*** E CALCULATION [GPU] ***
*** MAXWELL SOLVER [GPU] ***
(7.0) DEBUG send_start(), BlockCommunicator.h:559: inserted new block 4
Initial residual: 0.587166 norm b vector (source) = 0.587165
GMRES converged at restart # 2; iteration #0 with error: 9.81077e-07
  [Cycle 0] Particle sorting: ON
*** B CALCULATION [GPU] ***
Execution time cycle: 1497.46 ms  [sort=17.9566 field=113.079 da_wait=0.003917 mover+out=1197.72 exchange+sort+moments=96.7971 B=66.1157 momentsAwait=5.79161 outCopy=0.001764]
 ======= Cycle 1 ======= 
*** E CALCULATION [GPU] ***
*** MAXWELL SOLVER [GPU] ***
Initial residual: 0.427348 norm b vector (source) = 0.749754
GMRES converged at restart # 2; iteration #3 with error: 8.26063e-07
  [Cycle 1] Particle sorting: ON
*** B CALCULATION [GPU] ***
Execution time cycle: 254.163 ms  [sort=0.0512 field=115.122 da_wait=0.00012 mover+out=0.037453 exchange+sort+moments=63.0055 B=70.1827 momentsAwait=5.76313 outCopy=0.000691]
 ======= Cycle 2 ======= 
*** E CALCULATION [GPU] ***
*** MAXWELL SOLVER [GPU] ***
Initial residual: 0.39776 norm b vector (source) = 0.328652
GMRES converged at restart # 2; iteration #4 with error: 8.95129e-07
  [Cycle 2] Particle sorting: ON
*** B CALCULATION [GPU] ***
Execution time cycle: 252.931 ms  [sort=0.06159 field=120.232 da_wait=0.00012 mover+out=0.031341 exchange+sort+moments=56.7391 B=70.0807 momentsAwait=5.78527 outCopy=0.000761]
 ======= Cycle 3 ======= 
*** E CALCULATION [GPU] ***
*** MAXWELL SOLVER [GPU] ***
Initial residual: 0.211501 norm b vector (source) = 0.441332
GMRES converged at restart # 2; iteration #4 with error: 6.62559e-07
  [Cycle 3] Particle sorting: ON
*** B CALCULATION [GPU] ***
Execution time cycle: 249.487 ms  [sort=0.060778 field=120.053 da_wait=0.00012 mover+out=0.036311 exchange+sort+moments=53.5766 B=69.9789 momentsAwait=5.78037 outCopy=0.000731]
 ======= Cycle 4 ======= 
*** E CALCULATION [GPU] ***
*** MAXWELL SOLVER [GPU] ***
Initial residual: 0.255448 norm b vector (source) = 0.303985
GMRES converged at restart # 2; iteration #5 with error: 6.60426e-07
  [Cycle 4] Particle sorting: ON
*** B CALCULATION [GPU] ***
Execution time cycle: 250.124 ms  [sort=0.036711 field=122.622 da_wait=0.00013 mover+out=0.03072 exchange+sort+moments=51.3816 B=70.2739 momentsAwait=5.77825 outCopy=0.000521]
 ======= Cycle 5 ======= 
*** E CALCULATION [GPU] ***
*** MAXWELL SOLVER [GPU] ***
Initial residual: 0.179696 norm b vector (source) = 0.332969
GMRES converged at restart # 2; iteration #4 with error: 7.26621e-07
  [Cycle 5] Particle sorting: ON
*** B CALCULATION [GPU] ***
Execution time cycle: 243.685 ms  [sort=0.057432 field=117.353 da_wait=0.00014 mover+out=0.025219 exchange+sort+moments=50.2379 B=70.2694 momentsAwait=5.7417 outCopy=0.000651]
 ======= Cycle 6 ======= 
*** E CALCULATION [GPU] ***
*** MAXWELL SOLVER [GPU] ***
Initial residual: 0.188838 norm b vector (source) = 0.313567
GMRES converged at restart # 2; iteration #4 with error: 8.26945e-07
  [Cycle 6] Particle sorting: ON
*** B CALCULATION [GPU] ***
Execution time cycle: 246.571 ms  [sort=0.050738 field=120.389 da_wait=0.00013 mover+out=0.029708 exchange+sort+moments=49.9774 B=70.3271 momentsAwait=5.79692 outCopy=0.000411]
 ======= Cycle 7 ======= 
*** E CALCULATION [GPU] ***
*** MAXWELL SOLVER [GPU] ***
Initial residual: 0.176217 norm b vector (source) = 0.298216
GMRES converged at restart # 2; iteration #4 with error: 9.28202e-07
  [Cycle 7] Particle sorting: ON
*** B CALCULATION [GPU] ***
Execution time cycle: 243.644 ms  [sort=0.053955 field=117.337 da_wait=0.000161 mover+out=0.034236 exchange+sort+moments=50.228 B=70.2461 momentsAwait=5.7445 outCopy=0.000681]
 ======= Cycle 8 ======= 
*** E CALCULATION [GPU] ***
*** MAXWELL SOLVER [GPU] ***
Initial residual: 0.174681 norm b vector (source) = 0.289546
GMRES converged at restart # 2; iteration #4 with error: 8.99115e-07
  [Cycle 8] Particle sorting: ON
*** B CALCULATION [GPU] ***
Execution time cycle: 246.892 ms  [sort=0.055107 field=120.497 da_wait=0.00014 mover+out=0.032564 exchange+sort+moments=50.382 B=70.1822 momentsAwait=5.74207 outCopy=0.000551]
 ======= Cycle 9 ======= 
*** E CALCULATION [GPU] ***
*** MAXWELL SOLVER [GPU] ***
Initial residual: 0.173559 norm b vector (source) = 0.281865
GMRES converged at restart # 2; iteration #4 with error: 9.73634e-07
  [Cycle 9] Particle sorting: ON
*** B CALCULATION [GPU] ***
Execution time cycle: 246.672 ms  [sort=0.052633 field=120.458 da_wait=0.000131 mover+out=0.029577 exchange+sort+moments=50.1009 B=70.1935 momentsAwait=5.83565 outCopy=0.000621]
 ======= Cycle 10 ======= 
*** E CALCULATION [GPU] ***
*** MAXWELL SOLVER [GPU] ***
Initial residual: 0.173782 norm b vector (source) = 0.277021
GMRES converged at restart # 2; iteration #5 with error: 7.23048e-07
  [Cycle 10] Particle sorting: ON
*** B CALCULATION [GPU] ***
Execution time cycle: 248.619 ms  [sort=0.050569 field=122.969 da_wait=0.000111 mover+out=0.026441 exchange+sort+moments=49.5545 B=70.2161 momentsAwait=5.80139 outCopy=0.000622]
 ======= Cycle 11 ======= 
*** E CALCULATION [GPU] ***
*** MAXWELL SOLVER [GPU] ***
Initial residual: 0.174695 norm b vector (source) = 0.274858
GMRES converged at restart # 2; iteration #5 with error: 8.44042e-07
  [Cycle 11] Particle sorting: ON
*** B CALCULATION [GPU] ***
Execution time cycle: 248.46 ms  [sort=0.048103 field=122.656 da_wait=0.00014 mover+out=0.027323 exchange+sort+moments=49.7329 B=70.2111 momentsAwait=5.7839 outCopy=0.000511]
 ======= Cycle 12 ======= 
*** E CALCULATION [GPU] ***
*** MAXWELL SOLVER [GPU] ***
Initial residual: 0.175818 norm b vector (source) = 0.27556
GMRES converged at restart # 2; iteration #5 with error: 9.94916e-07
  [Cycle 12] Particle sorting: ON
*** B CALCULATION [GPU] ***
Execution time cycle: 248.378 ms  [sort=0.045588 field=122.581 da_wait=0.00016 mover+out=0.029467 exchange+sort+moments=49.8502 B=70.1363 momentsAwait=5.73472 outCopy=0.000521]
 ======= Cycle 13 ======= 
*** E CALCULATION [GPU] ***
*** MAXWELL SOLVER [GPU] ***
Initial residual: 0.177025 norm b vector (source) = 0.278102
GMRES converged at restart # 2; iteration #6 with error: 7.24823e-07
  [Cycle 13] Particle sorting: ON
*** B CALCULATION [GPU] ***
Execution time cycle: 251.464 ms  [sort=0.033024 field=125.249 da_wait=0.00012 mover+out=0.032593 exchange+sort+moments=50.036 B=70.3557 momentsAwait=5.75683 outCopy=0.000662]
 ======= Cycle 14 ======= 
*** E CALCULATION [GPU] ***
*** MAXWELL SOLVER [GPU] ***
Initial residual: 0.178007 norm b vector (source) = 0.280857
GMRES converged at restart # 2; iteration #6 with error: 8.18481e-07
  [Cycle 14] Particle sorting: ON
*** B CALCULATION [GPU] ***
Execution time cycle: 251.125 ms  [sort=0.049867 field=125.195 da_wait=0.00012 mover+out=0.028295 exchange+sort+moments=49.9206 B=70.1641 momentsAwait=5.76673 outCopy=0.000711]
 ======= Cycle 15 ======= 
*** E CALCULATION [GPU] ***
*** MAXWELL SOLVER [GPU] ***
Initial residual: 0.179055 norm b vector (source) = 0.283157
GMRES converged at restart # 2; iteration #6 with error: 8.86181e-07
  [Cycle 15] Particle sorting: ON
*** B CALCULATION [GPU] ***
Execution time cycle: 251.302 ms  [sort=0.048685 field=125.181 da_wait=0.00014 mover+out=0.029007 exchange+sort+moments=49.8588 B=70.4457 momentsAwait=5.73771 outCopy=0.000681]
 ======= Cycle 16 ======= 
*** E CALCULATION [GPU] ***
*** MAXWELL SOLVER [GPU] ***
Initial residual: 0.179743 norm b vector (source) = 0.28436
GMRES converged at restart # 2; iteration #6 with error: 9.38942e-07
  [Cycle 16] Particle sorting: ON
*** B CALCULATION [GPU] ***
Execution time cycle: 250.51 ms  [sort=0.05184 field=125.157 da_wait=0.000141 mover+out=0.027072 exchange+sort+moments=49.4389 B=70.1368 momentsAwait=5.698 outCopy=0.000551]
 ======= Cycle 17 ======= 
*** E CALCULATION [GPU] ***
*** MAXWELL SOLVER [GPU] ***
Initial residual: 0.180832 norm b vector (source) = 0.285107
GMRES converged at restart # 2; iteration #6 with error: 9.97093e-07
  [Cycle 17] Particle sorting: ON
*** B CALCULATION [GPU] ***
Execution time cycle: 251.068 ms  [sort=0.053394 field=125.33 da_wait=0.000121 mover+out=0.026261 exchange+sort+moments=49.7648 B=70.1434 momentsAwait=5.74931 outCopy=0.000471]
 ======= Cycle 18 ======= 
*** E CALCULATION [GPU] ***
*** MAXWELL SOLVER [GPU] ***
Initial residual: 0.182026 norm b vector (source) = 0.285854
GMRES converged at restart # 2; iteration #7 with error: 6.99731e-07
  [Cycle 18] Particle sorting: ON
*** B CALCULATION [GPU] ***
Execution time cycle: 254.427 ms  [sort=0.052191 field=127.81 da_wait=0.00012 mover+out=0.030249 exchange+sort+moments=50.6082 B=70.1309 momentsAwait=5.79496 outCopy=0.000621]
 ======= Cycle 19 ======= 
*** E CALCULATION [GPU] ***
*** MAXWELL SOLVER [GPU] ***
Initial residual: 0.183308 norm b vector (source) = 0.286761
GMRES converged at restart # 2; iteration #7 with error: 7.1788e-07
  [Cycle 19] Particle sorting: ON
*** B CALCULATION [GPU] ***
Execution time cycle: 253.487 ms  [sort=0.051309 field=127.873 da_wait=0.00014 mover+out=0.037222 exchange+sort+moments=49.6766 B=70.0508 momentsAwait=5.79743 outCopy=0.000531]
 ======= Cycle 20 ======= 
*** E CALCULATION [GPU] ***
*** MAXWELL SOLVER [GPU] ***
Initial residual: 0.184179 norm b vector (source) = 0.287389
GMRES converged at restart # 2; iteration #7 with error: 7.39327e-07
  [Cycle 20] Particle sorting: ON
*** B CALCULATION [GPU] ***
Execution time cycle: 253.433 ms  [sort=0.051299 field=127.639 da_wait=0.00016 mover+out=0.031611 exchange+sort+moments=49.8359 B=70.0614 momentsAwait=5.81379 outCopy=0.000501]
 ======= Cycle 21 ======= 
*** E CALCULATION [GPU] ***
*** MAXWELL SOLVER [GPU] ***
Initial residual: 0.185096 norm b vector (source) = 0.287956
GMRES converged at restart # 2; iteration #7 with error: 7.63243e-07
  [Cycle 21] Particle sorting: ON
*** B CALCULATION [GPU] ***
Execution time cycle: 253.581 ms  [sort=0.049376 field=127.625 da_wait=0.000141 mover+out=0.026832 exchange+sort+moments=49.9164 B=70.1459 momentsAwait=5.81696 outCopy=0.000481]
 ======= Cycle 22 ======= 
*** E CALCULATION [GPU] ***
*** MAXWELL SOLVER [GPU] ***
Initial residual: 0.185946 norm b vector (source) = 0.288636
GMRES converged at restart # 2; iteration #7 with error: 7.68995e-07
  [Cycle 22] Particle sorting: ON
*** B CALCULATION [GPU] ***
Execution time cycle: 253.055 ms  [sort=0.032764 field=127.616 da_wait=0.00013 mover+out=0.028615 exchange+sort+moments=49.6388 B=69.9735 momentsAwait=5.76445 outCopy=0.000381]
 ======= Cycle 23 ======= 
*** E CALCULATION [GPU] ***
*** MAXWELL SOLVER [GPU] ***
Initial residual: 0.186414 norm b vector (source) = 0.289345
GMRES converged at restart # 2; iteration #7 with error: 7.68323e-07
  [Cycle 23] Particle sorting: ON
*** B CALCULATION [GPU] ***
Execution time cycle: 253.604 ms  [sort=0.050548 field=127.781 da_wait=0.00016 mover+out=0.028896 exchange+sort+moments=49.853 B=70.0744 momentsAwait=5.81564 outCopy=0.000662]
 ======= Cycle 24 ======= 
*** E CALCULATION [GPU] ***
*** MAXWELL SOLVER [GPU] ***
Initial residual: 0.186763 norm b vector (source) = 0.289876
GMRES converged at restart # 2; iteration #7 with error: 7.68032e-07
  [Cycle 24] Particle sorting: ON
*** B CALCULATION [GPU] ***
Execution time cycle: 253.711 ms  [sort=0.051099 field=127.935 da_wait=0.00015 mover+out=0.029257 exchange+sort+moments=49.6199 B=70.2964 momentsAwait=5.77866 outCopy=0.000531]
 ======= Cycle 25 ======= 
*** E CALCULATION [GPU] ***
*** MAXWELL SOLVER [GPU] ***
Initial residual: 0.186877 norm b vector (source) = 0.289755
GMRES converged at restart # 2; iteration #7 with error: 7.58908e-07
  [Cycle 25] Particle sorting: ON
*** B CALCULATION [GPU] ***
Execution time cycle: 254.065 ms  [sort=0.053975 field=128.011 da_wait=0.0001 mover+out=0.03099 exchange+sort+moments=49.9363 B=70.226 momentsAwait=5.80564 outCopy=0.000421]
 ======= Cycle 26 ======= 
*** E CALCULATION [GPU] ***
*** MAXWELL SOLVER [GPU] ***
Initial residual: 0.187128 norm b vector (source) = 0.289532
GMRES converged at restart # 2; iteration #7 with error: 7.70536e-07
  [Cycle 26] Particle sorting: ON
*** B CALCULATION [GPU] ***
Execution time cycle: 253.581 ms  [sort=0.044386 field=127.935 da_wait=0.00014 mover+out=0.027564 exchange+sort+moments=49.5907 B=70.1375 momentsAwait=5.84531 outCopy=0.000672]
 ======= Cycle 27 ======= 
*** E CALCULATION [GPU] ***
*** MAXWELL SOLVER [GPU] ***
Initial residual: 0.187533 norm b vector (source) = 0.28972
GMRES converged at restart # 2; iteration #7 with error: 8.08325e-07
  [Cycle 27] Particle sorting: ON
*** B CALCULATION [GPU] ***
Execution time cycle: 253.043 ms  [sort=0.050659 field=127.145 da_wait=0.00016 mover+out=0.026512 exchange+sort+moments=49.8995 B=70.1281 momentsAwait=5.79302 outCopy=0.000631]
 ======= Cycle 28 ======= 
*** E CALCULATION [GPU] ***
*** MAXWELL SOLVER [GPU] ***
Initial residual: 0.18766 norm b vector (source) = 0.289822
GMRES converged at restart # 2; iteration #7 with error: 8.34756e-07
  [Cycle 28] Particle sorting: ON
*** B CALCULATION [GPU] ***
Execution time cycle: 254.013 ms  [sort=0.053534 field=127.489 da_wait=0.00019 mover+out=0.031451 exchange+sort+moments=50.5491 B=70.0001 momentsAwait=5.8893 outCopy=0.000892]
 ======= Cycle 29 ======= 
*** E CALCULATION [GPU] ***
*** MAXWELL SOLVER [GPU] ***
Initial residual: 0.187777 norm b vector (source) = 0.28988
GMRES converged at restart # 2; iteration #7 with error: 8.64532e-07
  [Cycle 29] Particle sorting: ON
*** B CALCULATION [GPU] ***
Execution time cycle: 253.333 ms  [sort=0.050708 field=127.554 da_wait=0.00014 mover+out=0.031702 exchange+sort+moments=49.7682 B=70.071 momentsAwait=5.85665 outCopy=0.000521]
 ======= Cycle 30 ======= 
*** E CALCULATION [GPU] ***
*** MAXWELL SOLVER [GPU] ***
Initial residual: 0.187994 norm b vector (source) = 0.29022
GMRES converged at restart # 2; iteration #7 with error: 8.99747e-07
  [Cycle 30] Particle sorting: ON
*** B CALCULATION [GPU] ***
Execution time cycle: 253.679 ms  [sort=0.051871 field=127.752 da_wait=0.000141 mover+out=0.026882 exchange+sort+moments=50.0865 B=69.9766 momentsAwait=5.78436 outCopy=0.000742]
 ======= Cycle 31 ======= 
*** E CALCULATION [GPU] ***
*** MAXWELL SOLVER [GPU] ***
Initial residual: 0.188281 norm b vector (source) = 0.290716
GMRES converged at restart # 2; iteration #7 with error: 9.08361e-07
  [Cycle 31] Particle sorting: ON
*** B CALCULATION [GPU] ***
Execution time cycle: 254.071 ms  [sort=0.05187 field=127.986 da_wait=0.00013 mover+out=0.026291 exchange+sort+moments=49.8343 B=70.3951 momentsAwait=5.77702 outCopy=0.000541]
 ======= Cycle 32 ======= 
*** E CALCULATION [GPU] ***
*** MAXWELL SOLVER [GPU] ***
Initial residual: 0.188252 norm b vector (source) = 0.290925
GMRES converged at restart # 2; iteration #7 with error: 9.24294e-07
  [Cycle 32] Particle sorting: ON
*** B CALCULATION [GPU] ***
Execution time cycle: 253.862 ms  [sort=0.052432 field=127.391 da_wait=0.00015 mover+out=0.028857 exchange+sort+moments=50.46 B=70.1436 momentsAwait=5.78613 outCopy=0.000511]
 ======= Cycle 33 ======= 
*** E CALCULATION [GPU] ***
*** MAXWELL SOLVER [GPU] ***
Initial residual: 0.188583 norm b vector (source) = 0.291473
GMRES converged at restart # 2; iteration #7 with error: 9.62571e-07
  [Cycle 33] Particle sorting: ON
*** B CALCULATION [GPU] ***
Execution time cycle: 252.037 ms  [sort=0.04653 field=127.479 da_wait=0.00014 mover+out=0.0309 exchange+sort+moments=48.5699 B=70.1738 momentsAwait=5.73555 outCopy=0.000651]
 ======= Cycle 34 ======= 
*** E CALCULATION [GPU] ***
*** MAXWELL SOLVER [GPU] ***
Initial residual: 0.188643 norm b vector (source) = 0.291938
GMRES converged at restart # 2; iteration #7 with error: 9.22349e-07
  [Cycle 34] Particle sorting: ON
*** B CALCULATION [GPU] ***
Execution time cycle: 256.015 ms  [sort=0.048544 field=130.593 da_wait=0.00022 mover+out=0.028987 exchange+sort+moments=49.3489 B=70.2011 momentsAwait=5.79319 outCopy=0.000451]
 ======= Cycle 35 ======= 
*** E CALCULATION [GPU] ***
*** MAXWELL SOLVER [GPU] ***
Initial residual: 0.188708 norm b vector (source) = 0.292389
GMRES converged at restart # 2; iteration #7 with error: 9.86143e-07
  [Cycle 35] Particle sorting: ON
*** B CALCULATION [GPU] ***
Execution time cycle: 256.685 ms  [sort=0.0516 field=130.394 da_wait=0.000141 mover+out=0.032473 exchange+sort+moments=50.1849 B=70.1487 momentsAwait=5.87289 outCopy=0.000441]
 ======= Cycle 36 ======= 
*** E CALCULATION [GPU] ***
*** MAXWELL SOLVER [GPU] ***
Initial residual: 0.188606 norm b vector (source) = 0.292621
GMRES converged at restart # 2; iteration #8 with error: 7.42985e-07
  [Cycle 36] Particle sorting: ON
*** B CALCULATION [GPU] ***
Execution time cycle: 259.207 ms  [sort=0.053544 field=133.419 da_wait=0.00015 mover+out=0.026331 exchange+sort+moments=49.806 B=70.0728 momentsAwait=5.82862 outCopy=0.000871]
 ======= Cycle 37 ======= 
*** E CALCULATION [GPU] ***
*** MAXWELL SOLVER [GPU] ***
Initial residual: 0.188423 norm b vector (source) = 0.292593
GMRES converged at restart # 2; iteration #8 with error: 8.17938e-07
  [Cycle 37] Particle sorting: ON
*** B CALCULATION [GPU] ***
Execution time cycle: 258.507 ms  [sort=0.054787 field=133.073 da_wait=0.00013 mover+out=0.026361 exchange+sort+moments=49.4883 B=70.1199 momentsAwait=5.74438 outCopy=0.000621]
 ======= Cycle 38 ======= 
*** E CALCULATION [GPU] ***
*** MAXWELL SOLVER [GPU] ***
Initial residual: 0.187943 norm b vector (source) = 0.291994
GMRES converged at restart # 2; iteration #8 with error: 8.99933e-07
  [Cycle 38] Particle sorting: ON
*** B CALCULATION [GPU] ***
Execution time cycle: 258.323 ms  [sort=0.052052 field=132.957 da_wait=0.00014 mover+out=0.029598 exchange+sort+moments=49.3927 B=70.0478 momentsAwait=5.84338 outCopy=0.000551]
 ======= Cycle 39 ======= 
*** E CALCULATION [GPU] ***
*** MAXWELL SOLVER [GPU] ***
Initial residual: 0.187451 norm b vector (source) = 0.291228
GMRES converged at restart # 2; iteration #8 with error: 9.80743e-07
  [Cycle 39] Particle sorting: ON
*** B CALCULATION [GPU] ***
Execution time cycle: 258.987 ms  [sort=0.051721 field=133.325 da_wait=0.000141 mover+out=0.032323 exchange+sort+moments=49.6825 B=70.0421 momentsAwait=5.85278 outCopy=0.000591]
 ======= Cycle 40 ======= 
*** E CALCULATION [GPU] ***
*** MAXWELL SOLVER [GPU] ***
Initial residual: 0.187428 norm b vector (source) = 0.291029
GMRES converged at restart # 3; iteration #0 with error: 8.03153e-07
  [Cycle 40] Particle sorting: ON
*** B CALCULATION [GPU] ***
Execution time cycle: 263.365 ms  [sort=0.051129 field=137.588 da_wait=0.00016 mover+out=0.025841 exchange+sort+moments=49.8383 B=70.0984 momentsAwait=5.76247 outCopy=0.000601]
 ======= Cycle 41 ======= 
*** E CALCULATION [GPU] ***
*** MAXWELL SOLVER [GPU] ***
Initial residual: 0.187571 norm b vector (source) = 0.291206
GMRES converged at restart # 3; iteration #0 with error: 8.05734e-07
  [Cycle 41] Particle sorting: ON
*** B CALCULATION [GPU] ***
Execution time cycle: 263.284 ms  [sort=0.053073 field=137.382 da_wait=0.00021 mover+out=0.029227 exchange+sort+moments=49.8472 B=70.2209 momentsAwait=5.75071 outCopy=0.000871]
 ======= Cycle 42 ======= 
*** E CALCULATION [GPU] ***
*** MAXWELL SOLVER [GPU] ***
Initial residual: 0.187853 norm b vector (source) = 0.291721
GMRES converged at restart # 3; iteration #0 with error: 7.93582e-07
  [Cycle 42] Particle sorting: ON
*** B CALCULATION [GPU] ***
Execution time cycle: 263.674 ms  [sort=0.050288 field=137.541 da_wait=0.00014 mover+out=0.031261 exchange+sort+moments=50.1498 B=70.1407 momentsAwait=5.75917 outCopy=0.000621]
 ======= Cycle 43 ======= 
*** E CALCULATION [GPU] ***
*** MAXWELL SOLVER [GPU] ***
Initial residual: 0.188075 norm b vector (source) = 0.292363
GMRES converged at restart # 2; iteration #8 with error: 9.91869e-07
  [Cycle 43] Particle sorting: ON
*** B CALCULATION [GPU] ***
Execution time cycle: 258.8 ms  [sort=0.049656 field=133.17 da_wait=0.00011 mover+out=0.027734 exchange+sort+moments=49.6127 B=70.189 momentsAwait=5.75054 outCopy=0.000481]
 ======= Cycle 44 ======= 
*** E CALCULATION [GPU] ***
*** MAXWELL SOLVER [GPU] ***
Initial residual: 0.188106 norm b vector (source) = 0.292819
GMRES converged at restart # 2; iteration #8 with error: 9.84322e-07
  [Cycle 44] Particle sorting: ON
*** B CALCULATION [GPU] ***
Execution time cycle: 259.052 ms  [sort=0.050808 field=133.118 da_wait=0.000111 mover+out=0.03111 exchange+sort+moments=49.9215 B=70.1356 momentsAwait=5.79463 outCopy=0.000811]
 ======= Cycle 45 ======= 
*** E CALCULATION [GPU] ***
*** MAXWELL SOLVER [GPU] ***
Initial residual: 0.18787 norm b vector (source) = 0.292734
GMRES converged at restart # 2; iteration #8 with error: 9.80049e-07
  [Cycle 45] Particle sorting: ON
*** B CALCULATION [GPU] ***
Execution time cycle: 258.847 ms  [sort=0.050048 field=133.551 da_wait=0.00014 mover+out=0.028816 exchange+sort+moments=49.4192 B=70.0368 momentsAwait=5.75933 outCopy=0.000952]
 ======= Cycle 46 ======= 
*** E CALCULATION [GPU] ***
*** MAXWELL SOLVER [GPU] ***
Initial residual: 0.187682 norm b vector (source) = 0.292374
GMRES converged at restart # 2; iteration #8 with error: 9.80198e-07
  [Cycle 46] Particle sorting: ON
*** B CALCULATION [GPU] ***
Execution time cycle: 258.454 ms  [sort=0.055728 field=133.132 da_wait=0.00014 mover+out=0.028826 exchange+sort+moments=49.3107 B=70.193 momentsAwait=5.73307 outCopy=0.000641]
 ======= Cycle 47 ======= 
*** E CALCULATION [GPU] ***
*** MAXWELL SOLVER [GPU] ***
Initial residual: 0.187701 norm b vector (source) = 0.292182
GMRES converged at restart # 2; iteration #8 with error: 9.97418e-07
  [Cycle 47] Particle sorting: ON
*** B CALCULATION [GPU] ***
Execution time cycle: 258.958 ms  [sort=0.054817 field=133.469 da_wait=0.00014 mover+out=0.028205 exchange+sort+moments=49.5873 B=70.0607 momentsAwait=5.75751 outCopy=0.000481]
 ======= Cycle 48 ======= 
*** E CALCULATION [GPU] ***
*** MAXWELL SOLVER [GPU] ***
Initial residual: 0.187923 norm b vector (source) = 0.292295
GMRES converged at restart # 3; iteration #0 with error: 8.12388e-07
  [Cycle 48] Particle sorting: ON
*** B CALCULATION [GPU] ***
Execution time cycle: 262.496 ms  [sort=0.054126 field=137.199 da_wait=0.00016 mover+out=0.035729 exchange+sort+moments=49.4741 B=70.0058 momentsAwait=5.72749 outCopy=0.000581]
 ======= Cycle 49 ======= 
*** E CALCULATION [GPU] ***
*** MAXWELL SOLVER [GPU] ***
Initial residual: 0.188129 norm b vector (source) = 0.292604
GMRES converged at restart # 3; iteration #0 with error: 8.46307e-07
  [Cycle 49] Particle sorting: ON
*** B CALCULATION [GPU] ***
Execution time cycle: 263.144 ms  [sort=0.049596 field=137.079 da_wait=0.000141 mover+out=0.030729 exchange+sort+moments=50.0109 B=70.1536 momentsAwait=5.81954 outCopy=0.000631]
 ======= Cycle 50 ======= 
*** E CALCULATION [GPU] ***
*** MAXWELL SOLVER [GPU] ***
Initial residual: 0.188542 norm b vector (source) = 0.293207
GMRES converged at restart # 2; iteration #9 with error: 7.64602e-07
  [Cycle 50] Particle sorting: ON
*** B CALCULATION [GPU] ***
Execution time cycle: 275.943 ms  [sort=13.8968 field=136.514 da_wait=0.000581 mover+out=0.028546 exchange+sort+moments=49.5217 B=70.2031 momentsAwait=5.77832 outCopy=0.000641]
 ======= Cycle 51 ======= 
*** E CALCULATION [GPU] ***
*** MAXWELL SOLVER [GPU] ***
Initial residual: 0.188805 norm b vector (source) = 0.29377
GMRES converged at restart # 2; iteration #9 with error: 7.96152e-07
  [Cycle 51] Particle sorting: ON
*** B CALCULATION [GPU] ***
Execution time cycle: 261.188 ms  [sort=0.049997 field=135.793 da_wait=0.000141 mover+out=0.033715 exchange+sort+moments=49.3386 B=70.2136 momentsAwait=5.75819 outCopy=0.000501]
 ======= Cycle 52 ======= 
*** E CALCULATION [GPU] ***
*** MAXWELL SOLVER [GPU] ***
Initial residual: 0.188694 norm b vector (source) = 0.293794
GMRES converged at restart # 2; iteration #9 with error: 8.16499e-07
  [Cycle 52] Particle sorting: ON
*** B CALCULATION [GPU] ***
Execution time cycle: 262.121 ms  [sort=0.051811 field=136.063 da_wait=0.00014 mover+out=0.03096 exchange+sort+moments=49.9814 B=70.1915 momentsAwait=5.80038 outCopy=0.000892]
 ======= Cycle 53 ======= 
*** E CALCULATION [GPU] ***
*** MAXWELL SOLVER [GPU] ***
Initial residual: 0.18856 norm b vector (source) = 0.293475
GMRES converged at restart # 2; iteration #9 with error: 8.32041e-07
  [Cycle 53] Particle sorting: ON
*** B CALCULATION [GPU] ***
Execution time cycle: 261.723 ms  [sort=0.052071 field=135.843 da_wait=0.00014 mover+out=0.029537 exchange+sort+moments=49.9519 B=70.0728 momentsAwait=5.77249 outCopy=0.000942]
 ======= Cycle 54 ======= 
*** E CALCULATION [GPU] ***
*** MAXWELL SOLVER [GPU] ***
Initial residual: 0.188482 norm b vector (source) = 0.293126
GMRES converged at restart # 2; iteration #9 with error: 8.42891e-07
  [Cycle 54] Particle sorting: ON
*** B CALCULATION [GPU] ***
Execution time cycle: 260.978 ms  [sort=0.048644 field=136.001 da_wait=0.00012 mover+out=0.02553 exchange+sort+moments=49.1046 B=70.0164 momentsAwait=5.7816 outCopy=0.000731]
 ======= Cycle 55 ======= 
*** E CALCULATION [GPU] ***
*** MAXWELL SOLVER [GPU] ***
Initial residual: 0.188264 norm b vector (source) = 0.292669
GMRES converged at restart # 2; iteration #9 with error: 8.33213e-07
  [Cycle 55] Particle sorting: ON
*** B CALCULATION [GPU] ***
Execution time cycle: 261.415 ms  [sort=0.051069 field=135.913 da_wait=0.00014 mover+out=0.027614 exchange+sort+moments=49.5646 B=70.0338 momentsAwait=5.82421 outCopy=0.000572]
 ======= Cycle 56 ======= 
*** E CALCULATION [GPU] ***
*** MAXWELL SOLVER [GPU] ***
Initial residual: 0.188264 norm b vector (source) = 0.2925
GMRES converged at restart # 2; iteration #9 with error: 7.9898e-07
  [Cycle 56] Particle sorting: ON
*** B CALCULATION [GPU] ***
Execution time cycle: 261.227 ms  [sort=0.053554 field=135.78 da_wait=0.000131 mover+out=0.025509 exchange+sort+moments=49.5731 B=70.0028 momentsAwait=5.79102 outCopy=0.000641]
 ======= Cycle 57 ======= 
*** E CALCULATION [GPU] ***
*** MAXWELL SOLVER [GPU] ***
Initial residual: 0.188428 norm b vector (source) = 0.292639
GMRES converged at restart # 2; iteration #9 with error: 7.52449e-07
  [Cycle 57] Particle sorting: ON
*** B CALCULATION [GPU] ***
Execution time cycle: 261.237 ms  [sort=0.052632 field=135.592 da_wait=0.00012 mover+out=0.029918 exchange+sort+moments=49.6877 B=70.1587 momentsAwait=5.71581 outCopy=0.000641]
 ======= Cycle 58 ======= 
*** E CALCULATION [GPU] ***
*** MAXWELL SOLVER [GPU] ***
Initial residual: 0.188933 norm b vector (source) = 0.293338
GMRES converged at restart # 3; iteration #0 with error: 8.24422e-07
  [Cycle 58] Particle sorting: ON
*** B CALCULATION [GPU] ***
Execution time cycle: 263.025 ms  [sort=0.050918 field=137.331 da_wait=0.000131 mover+out=0.031701 exchange+sort+moments=49.5314 B=70.112 momentsAwait=5.96756 outCopy=0.000821]
 ======= Cycle 59 ======= 
*** E CALCULATION [GPU] ***
*** MAXWELL SOLVER [GPU] ***
Initial residual: 0.189378 norm b vector (source) = 0.294185
GMRES converged at restart # 3; iteration #0 with error: 7.94876e-07
  [Cycle 59] Particle sorting: ON
*** B CALCULATION [GPU] ***
Execution time cycle: 263.028 ms  [sort=0.048684 field=137.414 da_wait=0.00014 mover+out=0.02582 exchange+sort+moments=49.3801 B=70.3908 momentsAwait=5.76777 outCopy=0.000672]
 ======= Cycle 60 ======= 
*** E CALCULATION [GPU] ***
*** MAXWELL SOLVER [GPU] ***
Initial residual: 0.189724 norm b vector (source) = 0.294977
GMRES converged at restart # 2; iteration #8 with error: 9.85078e-07
  [Cycle 60] Particle sorting: ON
*** B CALCULATION [GPU] ***
Execution time cycle: 259.314 ms  [sort=0.05134 field=133.097 da_wait=0.000111 mover+out=0.027373 exchange+sort+moments=50.0416 B=70.2629 momentsAwait=5.83357 outCopy=0.000621]
 ======= Cycle 61 ======= 
*** E CALCULATION [GPU] ***
*** MAXWELL SOLVER [GPU] ***
Initial residual: 0.18988 norm b vector (source) = 0.295594
GMRES converged at restart # 2; iteration #8 with error: 9.59962e-07
  [Cycle 61] Particle sorting: ON
*** B CALCULATION [GPU] ***
Execution time cycle: 259.486 ms  [sort=0.05152 field=133.259 da_wait=0.000111 mover+out=0.03102 exchange+sort+moments=50.0923 B=70.1989 momentsAwait=5.85231 outCopy=0.000531]
 ======= Cycle 62 ======= 
*** E CALCULATION [GPU] ***
*** MAXWELL SOLVER [GPU] ***
Initial residual: 0.189855 norm b vector (source) = 0.295985
GMRES converged at restart # 2; iteration #8 with error: 9.53621e-07
  [Cycle 62] Particle sorting: ON
*** B CALCULATION [GPU] ***
Execution time cycle: 258.32 ms  [sort=0.049255 field=133.218 da_wait=0.00012 mover+out=0.028866 exchange+sort+moments=49.2207 B=70.0702 momentsAwait=5.73278 outCopy=0.000632]
 ======= Cycle 63 ======= 
*** E CALCULATION [GPU] ***
*** MAXWELL SOLVER [GPU] ***
Initial residual: 0.189645 norm b vector (source) = 0.296189
GMRES converged at restart # 2; iteration #8 with error: 9.79839e-07
  [Cycle 63] Particle sorting: ON
*** B CALCULATION [GPU] ***
Execution time cycle: 258.865 ms  [sort=0.047011 field=133.422 da_wait=0.00014 mover+out=0.029778 exchange+sort+moments=49.1602 B=70.2137 momentsAwait=5.99249 outCopy=0.000571]
 ======= Cycle 64 ======= 
*** E CALCULATION [GPU] ***
*** MAXWELL SOLVER [GPU] ***
Initial residual: 0.189353 norm b vector (source) = 0.296244
GMRES converged at restart # 3; iteration #0 with error: 8.0705e-07
  [Cycle 64] Particle sorting: ON
*** B CALCULATION [GPU] ***
Execution time cycle: 262.904 ms  [sort=0.051159 field=137.606 da_wait=0.00018 mover+out=0.02582 exchange+sort+moments=49.2502 B=70.1661 momentsAwait=5.80459 outCopy=0.000531]
 ======= Cycle 65 ======= 
*** E CALCULATION [GPU] ***
*** MAXWELL SOLVER [GPU] ***
Initial residual: 0.189296 norm b vector (source) = 0.296416
GMRES converged at restart # 2; iteration #9 with error: 7.53565e-07
  [Cycle 65] Particle sorting: ON
*** B CALCULATION [GPU] ***
Execution time cycle: 261.736 ms  [sort=0.052973 field=135.975 da_wait=0.00015 mover+out=0.028887 exchange+sort+moments=49.7976 B=70.1076 momentsAwait=5.77241 outCopy=0.000601]
 ======= Cycle 66 ======= 
*** E CALCULATION [GPU] ***
*** MAXWELL SOLVER [GPU] ***
Initial residual: 0.189481 norm b vector (source) = 0.296785
GMRES converged at restart # 2; iteration #9 with error: 8.31311e-07
  [Cycle 66] Particle sorting: ON
*** B CALCULATION [GPU] ***
Execution time cycle: 261.03 ms  [sort=0.053454 field=135.651 da_wait=0.00016 mover+out=0.029407 exchange+sort+moments=49.5294 B=69.9986 momentsAwait=5.76785 outCopy=0.000471]
 ======= Cycle 67 ======= 
*** E CALCULATION [GPU] ***
*** MAXWELL SOLVER [GPU] ***
Initial residual: 0.189638 norm b vector (source) = 0.297072
GMRES converged at restart # 2; iteration #9 with error: 9.05303e-07
  [Cycle 67] Particle sorting: ON
*** B CALCULATION [GPU] ***
Execution time cycle: 260.207 ms  [sort=0.052262 field=136.039 da_wait=0.000131 mover+out=0.029146 exchange+sort+moments=48.2295 B=70.0896 momentsAwait=5.7668 outCopy=0.000451]
 ======= Cycle 68 ======= 
*** E CALCULATION [GPU] ***
*** MAXWELL SOLVER [GPU] ***
Initial residual: 0.19037 norm b vector (source) = 0.297825
GMRES converged at restart # 2; iteration #9 with error: 9.73574e-07
  [Cycle 68] Particle sorting: ON
*** B CALCULATION [GPU] ***
Execution time cycle: 261.537 ms  [sort=0.049145 field=135.965 da_wait=0.00014 mover+out=0.030138 exchange+sort+moments=49.2357 B=70.2895 momentsAwait=5.96764 outCopy=0.000561]
 ======= Cycle 69 ======= 
*** E CALCULATION [GPU] ***
*** MAXWELL SOLVER [GPU] ***
Initial residual: 0.191213 norm b vector (source) = 0.29903
GMRES converged at restart # 3; iteration #0 with error: 8.37142e-07
  [Cycle 69] Particle sorting: ON
*** B CALCULATION [GPU] ***
Execution time cycle: 265.443 ms  [sort=0.062932 field=140.014 da_wait=0.00012 mover+out=0.027153 exchange+sort+moments=49.2938 B=70.2061 momentsAwait=5.83813 outCopy=0.000461]
 ======= Cycle 70 ======= 
*** E CALCULATION [GPU] ***
*** MAXWELL SOLVER [GPU] ***
Initial residual: 0.19188 norm b vector (source) = 0.300244
GMRES converged at restart # 3; iteration #0 with error: 8.48307e-07
  [Cycle 70] Particle sorting: ON
*** B CALCULATION [GPU] ***
Execution time cycle: 265.551 ms  [sort=0.050748 field=140.023 da_wait=0.000141 mover+out=0.026752 exchange+sort+moments=49.5471 B=70.1219 momentsAwait=5.78069 outCopy=0.000551]
 ======= Cycle 71 ======= 
*** E CALCULATION [GPU] ***
*** MAXWELL SOLVER [GPU] ***
Initial residual: 0.191981 norm b vector (source) = 0.300802
GMRES converged at restart # 3; iteration #0 with error: 8.34473e-07
  [Cycle 71] Particle sorting: ON
*** B CALCULATION [GPU] ***
Execution time cycle: 265.461 ms  [sort=0.05183 field=139.778 da_wait=0.00013 mover+out=0.031321 exchange+sort+moments=49.6139 B=70.1657 momentsAwait=5.81988 outCopy=0.000451]
 ======= Cycle 72 ======= 
*** E CALCULATION [GPU] ***
*** MAXWELL SOLVER [GPU] ***
Initial residual: 0.191822 norm b vector (source) = 0.300854
GMRES converged at restart # 2; iteration #9 with error: 9.75503e-07
  [Cycle 72] Particle sorting: ON
*** B CALCULATION [GPU] ***
Execution time cycle: 260.688 ms  [sort=0.052763 field=135.547 da_wait=0.00016 mover+out=0.028656 exchange+sort+moments=49.1318 B=70.0881 momentsAwait=5.83946 outCopy=0.000551]
 ======= Cycle 73 ======= 
*** E CALCULATION [GPU] ***
*** MAXWELL SOLVER [GPU] ***
Initial residual: 0.191447 norm b vector (source) = 0.300445
GMRES converged at restart # 2; iteration #9 with error: 9.21253e-07
  [Cycle 73] Particle sorting: ON
*** B CALCULATION [GPU] ***
Execution time cycle: 260.958 ms  [sort=0.052271 field=135.982 da_wait=0.00016 mover+out=0.0258 exchange+sort+moments=49.0754 B=70.0251 momentsAwait=5.7968 outCopy=0.000561]
 ======= Cycle 74 ======= 
*** E CALCULATION [GPU] ***
*** MAXWELL SOLVER [GPU] ***
Initial residual: 0.190846 norm b vector (source) = 0.29959
GMRES converged at restart # 2; iteration #9 with error: 8.6829e-07
  [Cycle 74] Particle sorting: ON
*** B CALCULATION [GPU] ***
Execution time cycle: 261.164 ms  [sort=0.051239 field=135.808 da_wait=0.000131 mover+out=0.029126 exchange+sort+moments=49.3231 B=70.0855 momentsAwait=5.86686 outCopy=0.000541]
 ======= Cycle 75 ======= 
*** E CALCULATION [GPU] ***
*** MAXWELL SOLVER [GPU] ***
Initial residual: 0.190253 norm b vector (source) = 0.298689
GMRES converged at restart # 2; iteration #9 with error: 8.38572e-07
  [Cycle 75] Particle sorting: ON
*** B CALCULATION [GPU] ***
Execution time cycle: 261.438 ms  [sort=0.054045 field=135.908 da_wait=0.00015 mover+out=0.031682 exchange+sort+moments=49.5644 B=70.1089 momentsAwait=5.76922 outCopy=0.000922]
 ======= Cycle 76 ======= 
*** E CALCULATION [GPU] ***
*** MAXWELL SOLVER [GPU] ***
Initial residual: 0.190083 norm b vector (source) = 0.29824
GMRES converged at restart # 2; iteration #9 with error: 8.2475e-07
  [Cycle 76] Particle sorting: ON
*** B CALCULATION [GPU] ***
Execution time cycle: 261.716 ms  [sort=0.052783 field=136.021 da_wait=0.00016 mover+out=0.03119 exchange+sort+moments=49.6909 B=70.1599 momentsAwait=5.75936 outCopy=0.000521]
 ======= Cycle 77 ======= 
*** E CALCULATION [GPU] ***
*** MAXWELL SOLVER [GPU] ***
Initial residual: 0.190282 norm b vector (source) = 0.298445
GMRES converged at restart # 2; iteration #9 with error: 8.33462e-07
  [Cycle 77] Particle sorting: ON
*** B CALCULATION [GPU] ***
Execution time cycle: 261.405 ms  [sort=0.049456 field=135.663 da_wait=0.00014 mover+out=0.031862 exchange+sort+moments=49.4798 B=70.2001 momentsAwait=5.97972 outCopy=0.000721]
 ======= Cycle 78 ======= 
*** E CALCULATION [GPU] ***
*** MAXWELL SOLVER [GPU] ***
Initial residual: 0.190709 norm b vector (source) = 0.299137
GMRES converged at restart # 2; iteration #9 with error: 8.65908e-07
  [Cycle 78] Particle sorting: ON
*** B CALCULATION [GPU] ***
Execution time cycle: 261.825 ms  [sort=0.052371 field=136.115 da_wait=0.00016 mover+out=0.027794 exchange+sort+moments=49.708 B=70.1206 momentsAwait=5.80035 outCopy=0.000541]
 ======= Cycle 79 ======= 
*** E CALCULATION [GPU] ***
*** MAXWELL SOLVER [GPU] ***
Initial residual: 0.19125 norm b vector (source) = 0.300136
GMRES converged at restart # 2; iteration #9 with error: 9.09661e-07
  [Cycle 79] Particle sorting: ON
*** B CALCULATION [GPU] ***
Execution time cycle: 261.701 ms  [sort=0.050829 field=135.891 da_wait=0.000141 mover+out=0.029106 exchange+sort+moments=49.7385 B=70.1322 momentsAwait=5.85818 outCopy=0.000652]
 ======= Cycle 80 ======= 
*** E CALCULATION [GPU] ***
*** MAXWELL SOLVER [GPU] ***
Initial residual: 0.191559 norm b vector (source) = 0.300942
GMRES converged at restart # 2; iteration #9 with error: 9.75302e-07
  [Cycle 80] Particle sorting: ON
*** B CALCULATION [GPU] ***
Execution time cycle: 261.146 ms  [sort=0.052512 field=135.738 da_wait=0.00012 mover+out=0.029307 exchange+sort+moments=49.5537 B=70.0023 momentsAwait=5.76963 outCopy=0.000681]
 ======= Cycle 81 ======= 
*** E CALCULATION [GPU] ***
*** MAXWELL SOLVER [GPU] ***
Initial residual: 0.191887 norm b vector (source) = 0.301624
GMRES converged at restart # 3; iteration #0 with error: 8.63524e-07
  [Cycle 81] Particle sorting: ON
*** B CALCULATION [GPU] ***
Execution time cycle: 265.627 ms  [sort=0.052031 field=139.896 da_wait=0.000111 mover+out=0.031911 exchange+sort+moments=49.7879 B=70.0828 momentsAwait=5.77543 outCopy=0.000892]
 ======= Cycle 82 ======= 
*** E CALCULATION [GPU] ***
*** MAXWELL SOLVER [GPU] ***
Initial residual: 0.192162 norm b vector (source) = 0.302187
GMRES converged at restart # 3; iteration #0 with error: 8.81116e-07
  [Cycle 82] Particle sorting: ON
*** B CALCULATION [GPU] ***
Execution time cycle: 268.023 ms  [sort=0.049936 field=142.907 da_wait=0.000161 mover+out=0.032102 exchange+sort+moments=49.2138 B=69.9621 momentsAwait=5.85702 outCopy=0.000771]
 ======= Cycle 83 ======= 
*** E CALCULATION [GPU] ***
*** MAXWELL SOLVER [GPU] ***
Initial residual: 0.192352 norm b vector (source) = 0.302572
GMRES converged at restart # 3; iteration #0 with error: 9.10352e-07
  [Cycle 83] Particle sorting: ON
*** B CALCULATION [GPU] ***
Execution time cycle: 268.901 ms  [sort=0.047192 field=143.156 da_wait=0.00011 mover+out=0.030129 exchange+sort+moments=49.7092 B=70.0974 momentsAwait=5.86055 outCopy=0.000541]
 ======= Cycle 84 ======= 
*** E CALCULATION [GPU] ***
*** MAXWELL SOLVER [GPU] ***
Initial residual: 0.192664 norm b vector (source) = 0.303081
GMRES converged at restart # 3; iteration #0 with error: 9.09344e-07
  [Cycle 84] Particle sorting: ON
*** B CALCULATION [GPU] ***
Execution time cycle: 268.562 ms  [sort=0.052191 field=142.899 da_wait=0.00012 mover+out=0.032423 exchange+sort+moments=49.5459 B=70.248 momentsAwait=5.78448 outCopy=0.000461]
 ======= Cycle 85 ======= 
*** E CALCULATION [GPU] ***
*** MAXWELL SOLVER [GPU] ***
Initial residual: 0.192536 norm b vector (source) = 0.303143
GMRES converged at restart # 3; iteration #0 with error: 8.92192e-07
  [Cycle 85] Particle sorting: ON
*** B CALCULATION [GPU] ***
Execution time cycle: 265.274 ms  [sort=0.055698 field=139.836 da_wait=0.00011 mover+out=0.031391 exchange+sort+moments=49.3883 B=70.1245 momentsAwait=5.83723 outCopy=0.000661]
 ======= Cycle 86 ======= 
*** E CALCULATION [GPU] ***
*** MAXWELL SOLVER [GPU] ***
Initial residual: 0.19248 norm b vector (source) = 0.303098
GMRES converged at restart # 3; iteration #0 with error: 8.26404e-07
  [Cycle 86] Particle sorting: ON
*** B CALCULATION [GPU] ***
Execution time cycle: 265.638 ms  [sort=0.05149 field=139.758 da_wait=0.00014 mover+out=0.033375 exchange+sort+moments=49.8042 B=70.1241 momentsAwait=5.86608 outCopy=0.000431]
 ======= Cycle 87 ======= 
*** E CALCULATION [GPU] ***
*** MAXWELL SOLVER [GPU] ***
Initial residual: 0.192568 norm b vector (source) = 0.303184
GMRES converged at restart # 2; iteration #9 with error: 9.13883e-07
  [Cycle 87] Particle sorting: ON
*** B CALCULATION [GPU] ***
Execution time cycle: 261.636 ms  [sort=0.048003 field=136.105 da_wait=0.000151 mover+out=0.026511 exchange+sort+moments=49.526 B=70.1823 momentsAwait=5.74751 outCopy=0.000471]
 ======= Cycle 88 ======= 
*** E CALCULATION [GPU] ***
*** MAXWELL SOLVER [GPU] ***
Initial residual: 0.192111 norm b vector (source) = 0.302798
GMRES converged at restart # 2; iteration #9 with error: 8.23712e-07
  [Cycle 88] Particle sorting: ON
*** B CALCULATION [GPU] ***
Execution time cycle: 260.723 ms  [sort=0.050047 field=135.646 da_wait=0.000261 mover+out=0.030339 exchange+sort+moments=49.0778 B=70.1533 momentsAwait=5.76472 outCopy=0.000772]
 ======= Cycle 89 ======= 
*** E CALCULATION [GPU] ***
*** MAXWELL SOLVER [GPU] ***
Initial residual: 0.191891 norm b vector (source) = 0.302548
GMRES converged at restart # 2; iteration #9 with error: 7.55411e-07
  [Cycle 89] Particle sorting: ON
*** B CALCULATION [GPU] ***
Execution time cycle: 261.072 ms  [sort=0.049566 field=135.841 da_wait=0.00014 mover+out=0.02572 exchange+sort+moments=49.276 B=70.0296 momentsAwait=5.84926 outCopy=0.000641]
 ======= Cycle 90 ======= 
*** E CALCULATION [GPU] ***
*** MAXWELL SOLVER [GPU] ***
Initial residual: 0.19155 norm b vector (source) = 0.302303
GMRES converged at restart # 3; iteration #0 with error: 8.34627e-07
  [Cycle 90] Particle sorting: ON
*** B CALCULATION [GPU] ***
Execution time cycle: 262.249 ms  [sort=0.050518 field=136.995 da_wait=0.000121 mover+out=0.032934 exchange+sort+moments=49.3822 B=70.0286 momentsAwait=5.75928 outCopy=0.000781]
 ======= Cycle 91 ======= 
*** E CALCULATION [GPU] ***
*** MAXWELL SOLVER [GPU] ***
Initial residual: 0.191239 norm b vector (source) = 0.302026
GMRES converged at restart # 3; iteration #0 with error: 8.13475e-07
  [Cycle 91] Particle sorting: ON
*** B CALCULATION [GPU] ***
Execution time cycle: 262.977 ms  [sort=0.050408 field=137.589 da_wait=0.00014 mover+out=0.032513 exchange+sort+moments=49.3949 B=69.9978 momentsAwait=5.91174 outCopy=0.000461]
 ======= Cycle 92 ======= 
*** E CALCULATION [GPU] ***
*** MAXWELL SOLVER [GPU] ***
Initial residual: 0.191065 norm b vector (source) = 0.301787
GMRES converged at restart # 3; iteration #0 with error: 8.18255e-07
  [Cycle 92] Particle sorting: ON
*** B CALCULATION [GPU] ***
Execution time cycle: 262.66 ms  [sort=0.048604 field=137.546 da_wait=0.00014 mover+out=0.026782 exchange+sort+moments=49.3463 B=69.9398 momentsAwait=5.75196 outCopy=0.000551]
 ======= Cycle 93 ======= 
*** E CALCULATION [GPU] ***
*** MAXWELL SOLVER [GPU] ***
Initial residual: 0.190745 norm b vector (source) = 0.301472
GMRES converged at restart # 2; iteration #9 with error: 7.34805e-07
  [Cycle 93] Particle sorting: ON
*** B CALCULATION [GPU] ***
Execution time cycle: 261.645 ms  [sort=0.051741 field=135.733 da_wait=0.00014 mover+out=0.03103 exchange+sort+moments=49.9003 B=70.0972 momentsAwait=5.83126 outCopy=0.000541]
 ======= Cycle 94 ======= 
*** E CALCULATION [GPU] ***
*** MAXWELL SOLVER [GPU] ***
Initial residual: 0.190683 norm b vector (source) = 0.301348
GMRES converged at restart # 2; iteration #9 with error: 7.90086e-07
  [Cycle 94] Particle sorting: ON
*** B CALCULATION [GPU] ***
Execution time cycle: 261.455 ms  [sort=0.053594 field=136.011 da_wait=0.000141 mover+out=0.033485 exchange+sort+moments=49.4881 B=70.0098 momentsAwait=5.85824 outCopy=0.000541]
 ======= Cycle 95 ======= 
*** E CALCULATION [GPU] ***
*** MAXWELL SOLVER [GPU] ***
Initial residual: 0.190672 norm b vector (source) = 0.301434
GMRES converged at restart # 2; iteration #9 with error: 8.5607e-07
  [Cycle 95] Particle sorting: ON
*** B CALCULATION [GPU] ***
Execution time cycle: 262.016 ms  [sort=0.052352 field=136.482 da_wait=0.00011 mover+out=0.033575 exchange+sort+moments=49.4308 B=70.2037 momentsAwait=5.81292 outCopy=0.000451]
 ======= Cycle 96 ======= 
*** E CALCULATION [GPU] ***
*** MAXWELL SOLVER [GPU] ***
Initial residual: 0.190805 norm b vector (source) = 0.301753
GMRES converged at restart # 2; iteration #9 with error: 9.20574e-07
  [Cycle 96] Particle sorting: ON
*** B CALCULATION [GPU] ***
Execution time cycle: 262.346 ms  [sort=0.047062 field=136.265 da_wait=0.00012 mover+out=0.032484 exchange+sort+moments=49.9282 B=70.0647 momentsAwait=6.00716 outCopy=0.000531]
 ======= Cycle 97 ======= 
*** E CALCULATION [GPU] ***
*** MAXWELL SOLVER [GPU] ***
Initial residual: 0.190896 norm b vector (source) = 0.302045
GMRES converged at restart # 2; iteration #9 with error: 9.71213e-07
  [Cycle 97] Particle sorting: ON
*** B CALCULATION [GPU] ***
Execution time cycle: 261.393 ms  [sort=0.049506 field=136.19 da_wait=0.000151 mover+out=0.027253 exchange+sort+moments=49.2103 B=70.0775 momentsAwait=5.83783 outCopy=0.00046]
 ======= Cycle 98 ======= 
*** E CALCULATION [GPU] ***
*** MAXWELL SOLVER [GPU] ***
Initial residual: 0.19118 norm b vector (source) = 0.302425
GMRES converged at restart # 3; iteration #0 with error: 8.26686e-07
  [Cycle 98] Particle sorting: ON
*** B CALCULATION [GPU] ***
Execution time cycle: 265.37 ms  [sort=0.05159 field=139.777 da_wait=0.00013 mover+out=0.025991 exchange+sort+moments=49.7318 B=70.0654 momentsAwait=5.71721 outCopy=0.000531]
 ======= Cycle 99 ======= 
*** E CALCULATION [GPU] ***
*** MAXWELL SOLVER [GPU] ***
Initial residual: 0.191348 norm b vector (source) = 0.302828
GMRES converged at restart # 3; iteration #0 with error: 8.26479e-07
  [Cycle 99] Particle sorting: ON
*** B CALCULATION [GPU] ***
Execution time cycle: 265.286 ms  [sort=0.05149 field=139.773 da_wait=0.00011 mover+out=0.03095 exchange+sort+moments=49.6478 B=69.9826 momentsAwait=5.80045 outCopy=0.000381]
 ======= Cycle 100 ======= 
*** E CALCULATION [GPU] ***
*** MAXWELL SOLVER [GPU] ***
Initial residual: 0.191332 norm b vector (source) = 0.303087
GMRES converged at restart # 2; iteration #9 with error: 9.72209e-07
  [Cycle 100] Particle sorting: ON
*** B CALCULATION [GPU] ***
Execution time cycle: 275.372 ms  [sort=14.0126 field=136.525 da_wait=0.000651 mover+out=0.024287 exchange+sort+moments=49.0754 B=69.9938 momentsAwait=5.73987 outCopy=0.000661]
 ======= Cycle 101 ======= 
*** E CALCULATION [GPU] ***
*** MAXWELL SOLVER [GPU] ***
Initial residual: 0.191215 norm b vector (source) = 0.303213
GMRES converged at restart # 2; iteration #9 with error: 9.28024e-07
  [Cycle 101] Particle sorting: ON
*** B CALCULATION [GPU] ***
Execution time cycle: 261.261 ms  [sort=0.049025 field=136.029 da_wait=0.00041 mover+out=0.025931 exchange+sort+moments=49.2839 B=70.114 momentsAwait=5.75804 outCopy=0.000612]
 ======= Cycle 102 ======= 
*** E CALCULATION [GPU] ***
*** MAXWELL SOLVER [GPU] ***
Initial residual: 0.190978 norm b vector (source) = 0.303151
GMRES converged at restart # 2; iteration #9 with error: 8.80407e-07
  [Cycle 102] Particle sorting: ON
*** B CALCULATION [GPU] ***
Execution time cycle: 261.707 ms  [sort=0.053113 field=136.084 da_wait=0.00014 mover+out=0.034667 exchange+sort+moments=49.6482 B=70.0669 momentsAwait=5.82031 outCopy=0.000471]
 ======= Cycle 103 ======= 
*** E CALCULATION [GPU] ***
*** MAXWELL SOLVER [GPU] ***
Initial residual: 0.190979 norm b vector (source) = 0.303239
GMRES converged at restart # 2; iteration #9 with error: 8.22031e-07
  [Cycle 103] Particle sorting: ON
*** B CALCULATION [GPU] ***
Execution time cycle: 262.353 ms  [sort=0.051811 field=136.256 da_wait=0.000131 mover+out=0.028695 exchange+sort+moments=49.9675 B=70.2838 momentsAwait=5.76405 outCopy=0.000791]
 ======= Cycle 104 ======= 
*** E CALCULATION [GPU] ***
*** MAXWELL SOLVER [GPU] ***
Initial residual: 0.190982 norm b vector (source) = 0.303259
GMRES converged at restart # 2; iteration #9 with error: 7.81644e-07
  [Cycle 104] Particle sorting: ON
*** B CALCULATION [GPU] ***
Execution time cycle: 261.42 ms  [sort=0.072381 field=135.802 da_wait=0.000121 mover+out=0.032603 exchange+sort+moments=49.3831 B=70.3334 momentsAwait=5.79578 outCopy=0.000551]
 ======= Cycle 105 ======= 
*** E CALCULATION [GPU] ***
*** MAXWELL SOLVER [GPU] ***
Initial residual: 0.191058 norm b vector (source) = 0.30313
GMRES converged at restart # 2; iteration #9 with error: 7.59109e-07
  [Cycle 105] Particle sorting: ON
*** B CALCULATION [GPU] ***
Execution time cycle: 262.304 ms  [sort=0.054325 field=136.312 da_wait=0.00017 mover+out=0.033405 exchange+sort+moments=49.5805 B=70.134 momentsAwait=6.18908 outCopy=0.000621]
 ======= Cycle 106 ======= 
*** E CALCULATION [GPU] ***
*** MAXWELL SOLVER [GPU] ***
Initial residual: 0.191247 norm b vector (source) = 0.303086
GMRES converged at restart # 2; iteration #9 with error: 7.58307e-07
  [Cycle 106] Particle sorting: ON
*** B CALCULATION [GPU] ***
Execution time cycle: 262.056 ms  [sort=0.049316 field=136.762 da_wait=0.00015 mover+out=0.02586 exchange+sort+moments=49.2941 B=70.0737 momentsAwait=5.85007 outCopy=0.000451]
 ======= Cycle 107 ======= 
*** E CALCULATION [GPU] ***
*** MAXWELL SOLVER [GPU] ***
Initial residual: 0.191545 norm b vector (source) = 0.303139
GMRES converged at restart # 2; iteration #9 with error: 7.81119e-07
  [Cycle 107] Particle sorting: ON
*** B CALCULATION [GPU] ***
Execution time cycle: 261.839 ms  [sort=0.050007 field=135.709 da_wait=0.00022 mover+out=0.031281 exchange+sort+moments=50.0335 B=70.117 momentsAwait=5.89796 outCopy=0.000551]
 ======= Cycle 108 ======= 
*** E CALCULATION [GPU] ***
*** MAXWELL SOLVER [GPU] ***
Initial residual: 0.192066 norm b vector (source) = 0.303609
GMRES converged at restart # 2; iteration #9 with error: 8.28562e-07
  [Cycle 108] Particle sorting: ON
*** B CALCULATION [GPU] ***
Execution time cycle: 261.693 ms  [sort=0.047272 field=136.378 da_wait=0.00014 mover+out=0.028305 exchange+sort+moments=49.4532 B=69.9634 momentsAwait=5.82159 outCopy=0.000551]
 ======= Cycle 109 ======= 
*** E CALCULATION [GPU] ***
*** MAXWELL SOLVER [GPU] ***
Initial residual: 0.192614 norm b vector (source) = 0.304244
GMRES converged at restart # 2; iteration #9 with error: 8.91155e-07
  [Cycle 109] Particle sorting: ON
*** B CALCULATION [GPU] ***
Execution time cycle: 261.967 ms  [sort=0.050138 field=136.645 da_wait=0.00014 mover+out=0.030369 exchange+sort+moments=49.4241 B=69.9932 momentsAwait=5.82372 outCopy=0.000631]
 ======= Cycle 110 ======= 
*** E CALCULATION [GPU] ***
*** MAXWELL SOLVER [GPU] ***
Initial residual: 0.19294 norm b vector (source) = 0.304762
GMRES converged at restart # 2; iteration #9 with error: 9.59866e-07
  [Cycle 110] Particle sorting: ON
*** B CALCULATION [GPU] ***
Execution time cycle: 262.338 ms  [sort=0.050197 field=136.587 da_wait=0.000121 mover+out=0.030318 exchange+sort+moments=49.3923 B=70.0762 momentsAwait=6.20104 outCopy=0.000451]
 ======= Cycle 111 ======= 
*** E CALCULATION [GPU] ***
*** MAXWELL SOLVER [GPU] ***
Initial residual: 0.193266 norm b vector (source) = 0.305361
GMRES converged at restart # 3; iteration #0 with error: 8.50132e-07
  [Cycle 111] Particle sorting: ON
*** B CALCULATION [GPU] ***
Execution time cycle: 266.156 ms  [sort=0.04664 field=140.672 da_wait=0.00013 mover+out=0.027945 exchange+sort+moments=49.5191 B=70.0908 momentsAwait=5.79871 outCopy=0.000671]
 ======= Cycle 112 ======= 
*** E CALCULATION [GPU] ***
*** MAXWELL SOLVER [GPU] ***
Initial residual: 0.193695 norm b vector (source) = 0.306035
GMRES converged at restart # 3; iteration #0 with error: 8.69595e-07
  [Cycle 112] Particle sorting: ON
*** B CALCULATION [GPU] ***
Execution time cycle: 268.779 ms  [sort=0.049285 field=143.089 da_wait=0.000141 mover+out=0.028906 exchange+sort+moments=49.6557 B=70.171 momentsAwait=5.78447 outCopy=0.00048]
 ======= Cycle 113 ======= 
*** E CALCULATION [GPU] ***
*** MAXWELL SOLVER [GPU] ***
Initial residual: 0.193742 norm b vector (source) = 0.306375
GMRES converged at restart # 3; iteration #0 with error: 8.86002e-07
  [Cycle 113] Particle sorting: ON
*** B CALCULATION [GPU] ***
Execution time cycle: 269.15 ms  [sort=0.05163 field=143.337 da_wait=0.00012 mover+out=0.030139 exchange+sort+moments=49.6473 B=70.2009 momentsAwait=5.8827 outCopy=0.000561]
 ======= Cycle 114 ======= 
*** E CALCULATION [GPU] ***
*** MAXWELL SOLVER [GPU] ***
Initial residual: 0.193784 norm b vector (source) = 0.306513
GMRES converged at restart # 3; iteration #0 with error: 8.69507e-07
  [Cycle 114] Particle sorting: ON
*** B CALCULATION [GPU] ***
Execution time cycle: 269.386 ms  [sort=0.049746 field=143.761 da_wait=0.00011 mover+out=0.032754 exchange+sort+moments=49.4488 B=70.0009 momentsAwait=6.0917 outCopy=0.000451]
 ======= Cycle 115 ======= 
*** E CALCULATION [GPU] ***
*** MAXWELL SOLVER [GPU] ***
Initial residual: 0.193664 norm b vector (source) = 0.306441
GMRES converged at restart # 2; iteration #9 with error: 9.84192e-07
  [Cycle 115] Particle sorting: ON
*** B CALCULATION [GPU] ***
Execution time cycle: 265.411 ms  [sort=0.048143 field=140.02 da_wait=0.000141 mover+out=0.027513 exchange+sort+moments=49.4445 B=70.1176 momentsAwait=5.75263 outCopy=0.000671]
 ======= Cycle 116 ======= 
*** E CALCULATION [GPU] ***
*** MAXWELL SOLVER [GPU] ***
Initial residual: 0.19322 norm b vector (source) = 0.305981
GMRES converged at restart # 2; iteration #9 with error: 9.19435e-07
  [Cycle 116] Particle sorting: ON
*** B CALCULATION [GPU] ***
Execution time cycle: 260.908 ms  [sort=0.048273 field=135.773 da_wait=0.00019 mover+out=0.027213 exchange+sort+moments=49.2237 B=70.0331 momentsAwait=5.80148 outCopy=0.000571]
 ======= Cycle 117 ======= 
*** E CALCULATION [GPU] ***
*** MAXWELL SOLVER [GPU] ***
Initial residual: 0.193 norm b vector (source) = 0.305545
GMRES converged at restart # 2; iteration #9 with error: 8.21697e-07
  [Cycle 117] Particle sorting: ON
*** B CALCULATION [GPU] ***
Execution time cycle: 261.302 ms  [sort=0.050438 field=135.692 da_wait=0.000131 mover+out=0.028946 exchange+sort+moments=49.649 B=69.97 momentsAwait=5.91126 outCopy=0.000551]
 ======= Cycle 118 ======= 
*** E CALCULATION [GPU] ***
*** MAXWELL SOLVER [GPU] ***
Initial residual: 0.192829 norm b vector (source) = 0.305195
GMRES converged at restart # 2; iteration #9 with error: 7.29711e-07
  [Cycle 118] Particle sorting: ON
*** B CALCULATION [GPU] ***
Execution time cycle: 261.572 ms  [sort=0.052041 field=136.473 da_wait=0.00011 mover+out=0.031782 exchange+sort+moments=49.1495 B=70.0002 momentsAwait=5.86449 outCopy=0.000531]
 ======= Cycle 119 ======= 
*** E CALCULATION [GPU] ***
*** MAXWELL SOLVER [GPU] ***
Initial residual: 0.19282 norm b vector (source) = 0.305118
GMRES converged at restart # 2; iteration #8 with error: 9.89662e-07
  [Cycle 119] Particle sorting: ON
*** B CALCULATION [GPU] ***
Execution time cycle: 259.41 ms  [sort=0.05172 field=134.071 da_wait=0.00014 mover+out=0.031691 exchange+sort+moments=49.2958 B=70.0233 momentsAwait=5.93572 outCopy=0.000451]
 ======= Cycle 120 ======= 
*** E CALCULATION [GPU] ***
*** MAXWELL SOLVER [GPU] ***
Initial residual: 0.192707 norm b vector (source) = 0.305088
GMRES converged at restart # 2; iteration #8 with error: 9.3548e-07
  [Cycle 120] Particle sorting: ON
*** B CALCULATION [GPU] ***
Execution time cycle: 260.566 ms  [sort=0.049225 field=134.679 da_wait=0.00016 mover+out=0.027664 exchange+sort+moments=49.8086 B=70.131 momentsAwait=5.87009 outCopy=0.000722]
 ======= Cycle 121 ======= 
*** E CALCULATION [GPU] ***
*** MAXWELL SOLVER [GPU] ***
Initial residual: 0.192843 norm b vector (source) = 0.305254
GMRES converged at restart # 2; iteration #8 with error: 9.22687e-07
  [Cycle 121] Particle sorting: ON
*** B CALCULATION [GPU] ***
Execution time cycle: 259.368 ms  [sort=0.054616 field=133.92 da_wait=0.00011 mover+out=0.03074 exchange+sort+moments=49.3202 B=70.1784 momentsAwait=5.86244 outCopy=0.001092]
 ======= Cycle 122 ======= 
*** E CALCULATION [GPU] ***
*** MAXWELL SOLVER [GPU] ***
Initial residual: 0.19303 norm b vector (source) = 0.305548
GMRES converged at restart # 2; iteration #8 with error: 9.51612e-07
  [Cycle 122] Particle sorting: ON
*** B CALCULATION [GPU] ***
Execution time cycle: 259.739 ms  [sort=0.049617 field=134.113 da_wait=0.00012 mover+out=0.029056 exchange+sort+moments=49.6012 B=70.1288 momentsAwait=5.81619 outCopy=0.000541]
 ======= Cycle 123 ======= 
*** E CALCULATION [GPU] ***
*** MAXWELL SOLVER [GPU] ***
Initial residual: 0.193079 norm b vector (source) = 0.30565
GMRES converged at restart # 3; iteration #0 with error: 7.97079e-07
  [Cycle 123] Particle sorting: ON
*** B CALCULATION [GPU] ***
Execution time cycle: 263.046 ms  [sort=0.04626 field=137.746 da_wait=0.00012 mover+out=0.034137 exchange+sort+moments=49.3896 B=70.038 momentsAwait=5.79137 outCopy=0.000441]
 ======= Cycle 124 ======= 
*** E CALCULATION [GPU] ***
*** MAXWELL SOLVER [GPU] ***
Initial residual: 0.193279 norm b vector (source) = 0.305769
GMRES converged at restart # 2; iteration #9 with error: 7.37911e-07
  [Cycle 124] Particle sorting: ON
*** B CALCULATION [GPU] ***
Execution time cycle: 262.601 ms  [sort=0.047743 field=136.608 da_wait=0.00011 mover+out=0.030309 exchange+sort+moments=49.8569 B=70.0118 momentsAwait=6.04601 outCopy=0.000661]
 ======= Cycle 125 ======= 
*** E CALCULATION [GPU] ***
*** MAXWELL SOLVER [GPU] ***
Initial residual: 0.193511 norm b vector (source) = 0.306125
GMRES converged at restart # 2; iteration #9 with error: 8.15496e-07
  [Cycle 125] Particle sorting: ON
*** B CALCULATION [GPU] ***
Execution time cycle: 262.181 ms  [sort=0.050317 field=136.833 da_wait=0.00014 mover+out=0.026441 exchange+sort+moments=49.3749 B=70.0339 momentsAwait=5.86147 outCopy=0.000651]
 ======= Cycle 126 ======= 
*** E CALCULATION [GPU] ***
*** MAXWELL SOLVER [GPU] ***
Initial residual: 0.193704 norm b vector (source) = 0.306545
GMRES converged at restart # 2; iteration #9 with error: 8.81429e-07
  [Cycle 126] Particle sorting: ON
*** B CALCULATION [GPU] ***
Execution time cycle: 260.941 ms  [sort=0.048975 field=136.213 da_wait=0.000161 mover+out=0.027142 exchange+sort+moments=48.9294 B=69.9326 momentsAwait=5.78996 outCopy=0.00045]
 ======= Cycle 127 ======= 
*** E CALCULATION [GPU] ***
*** MAXWELL SOLVER [GPU] ***
Initial residual: 0.193831 norm b vector (source) = 0.306819
GMRES converged at restart # 2; iteration #9 with error: 9.19472e-07
  [Cycle 127] Particle sorting: ON
*** B CALCULATION [GPU] ***
Execution time cycle: 262.099 ms  [sort=0.045469 field=136.418 da_wait=0.00014 mover+out=0.027714 exchange+sort+moments=49.8159 B=70.0001 momentsAwait=5.79039 outCopy=0.00047]
 ======= Cycle 128 ======= 
*** E CALCULATION [GPU] ***
*** MAXWELL SOLVER [GPU] ***
Initial residual: 0.193575 norm b vector (source) = 0.306548
GMRES converged at restart # 2; iteration #9 with error: 9.23447e-07
  [Cycle 128] Particle sorting: ON
*** B CALCULATION [GPU] ***
Execution time cycle: 261.92 ms  [sort=0.045258 field=136.262 da_wait=0.00014 mover+out=0.033014 exchange+sort+moments=49.7846 B=69.9962 momentsAwait=5.79854 outCopy=0.000451]
 ======= Cycle 129 ======= 
*** E CALCULATION [GPU] ***
*** MAXWELL SOLVER [GPU] ***
Initial residual: 0.193277 norm b vector (source) = 0.305945
GMRES converged at restart # 2; iteration #9 with error: 8.89562e-07
  [Cycle 129] Particle sorting: ON
*** B CALCULATION [GPU] ***
Execution time cycle: 262.628 ms  [sort=0.053063 field=137.278 da_wait=0.00012 mover+out=0.026852 exchange+sort+moments=49.3393 B=70.063 momentsAwait=5.86698 outCopy=0.000701]
 ======= Cycle 130 ======= 
*** E CALCULATION [GPU] ***
*** MAXWELL SOLVER [GPU] ***
Initial residual: 0.193165 norm b vector (source) = 0.305527
GMRES converged at restart # 2; iteration #9 with error: 8.16767e-07
  [Cycle 130] Particle sorting: ON
*** B CALCULATION [GPU] ***
Execution time cycle: 262.196 ms  [sort=0.049225 field=136.678 da_wait=0.00014 mover+out=0.029858 exchange+sort+moments=49.4114 B=70.2527 momentsAwait=5.77344 outCopy=0.000531]
 ======= Cycle 131 ======= 
*** E CALCULATION [GPU] ***
*** MAXWELL SOLVER [GPU] ***
Initial residual: 0.193137 norm b vector (source) = 0.305423
GMRES converged at restart # 2; iteration #9 with error: 7.29373e-07
  [Cycle 131] Particle sorting: ON
*** B CALCULATION [GPU] ***
Execution time cycle: 262.122 ms  [sort=0.048905 field=136.543 da_wait=0.00012 mover+out=0.035599 exchange+sort+moments=49.3242 B=70.2587 momentsAwait=5.91154 outCopy=0.000411]
 ======= Cycle 132 ======= 
*** E CALCULATION [GPU] ***
*** MAXWELL SOLVER [GPU] ***
Initial residual: 0.193459 norm b vector (source) = 0.305861
GMRES converged at restart # 2; iteration #8 with error: 9.69466e-07
  [Cycle 132] Particle sorting: ON
*** B CALCULATION [GPU] ***
Execution time cycle: 258.696 ms  [sort=0.047422 field=133.629 da_wait=0.00014 mover+out=0.030109 exchange+sort+moments=49.0534 B=70.1762 momentsAwait=5.75988 outCopy=0.000692]
 ======= Cycle 133 ======= 
*** E CALCULATION [GPU] ***
*** MAXWELL SOLVER [GPU] ***
Initial residual: 0.193624 norm b vector (source) = 0.306435
GMRES converged at restart # 2; iteration #8 with error: 8.75585e-07
  [Cycle 133] Particle sorting: ON
*** B CALCULATION [GPU] ***
Execution time cycle: 259.581 ms  [sort=0.051771 field=133.754 da_wait=0.00014 mover+out=0.030058 exchange+sort+moments=49.5836 B=70.1111 momentsAwait=6.05021 outCopy=0.00045]
 ======= Cycle 134 ======= 
*** E CALCULATION [GPU] ***
*** MAXWELL SOLVER [GPU] ***
Initial residual: 0.193557 norm b vector (source) = 0.306672
GMRES converged at restart # 2; iteration #8 with error: 8.16459e-07
  [Cycle 134] Particle sorting: ON
*** B CALCULATION [GPU] ***
Execution time cycle: 259.591 ms  [sort=0.046791 field=134.191 da_wait=0.00014 mover+out=0.031962 exchange+sort+moments=49.4169 B=70.1014 momentsAwait=5.80227 outCopy=0.000451]
 ======= Cycle 135 ======= 
*** E CALCULATION [GPU] ***
*** MAXWELL SOLVER [GPU] ***
Initial residual: 0.193312 norm b vector (source) = 0.306506
GMRES converged at restart # 2; iteration #8 with error: 8.09226e-07
  [Cycle 135] Particle sorting: ON
*** B CALCULATION [GPU] ***
Execution time cycle: 258.394 ms  [sort=0.049907 field=133.473 da_wait=0.00015 mover+out=0.026772 exchange+sort+moments=49.0107 B=70.022 momentsAwait=5.81068 outCopy=0.000431]
 ======= Cycle 136 ======= 
*** E CALCULATION [GPU] ***
*** MAXWELL SOLVER [GPU] ***
Initial residual: 0.19289 norm b vector (source) = 0.306033
GMRES converged at restart # 2; iteration #8 with error: 8.41817e-07
  [Cycle 136] Particle sorting: ON
*** B CALCULATION [GPU] ***
Execution time cycle: 258.429 ms  [sort=0.04623 field=133.648 da_wait=0.000131 mover+out=0.030829 exchange+sort+moments=48.8861 B=69.8967 momentsAwait=5.92059 outCopy=0.000611]
 ======= Cycle 137 ======= 
*** E CALCULATION [GPU] ***
*** MAXWELL SOLVER [GPU] ***
Initial residual: 0.192511 norm b vector (source) = 0.305443
GMRES converged at restart # 2; iteration #8 with error: 9.13751e-07
  [Cycle 137] Particle sorting: ON
*** B CALCULATION [GPU] ***
Execution time cycle: 258.591 ms  [sort=0.052141 field=133.808 da_wait=0.00019 mover+out=0.031702 exchange+sort+moments=48.8636 B=69.9954 momentsAwait=5.84003 outCopy=0.000722]
 ======= Cycle 138 ======= 
*** E CALCULATION [GPU] ***
*** MAXWELL SOLVER [GPU] ***
Initial residual: 0.192397 norm b vector (source) = 0.305056
GMRES converged at restart # 3; iteration #0 with error: 8.02721e-07
  [Cycle 138] Particle sorting: ON
*** B CALCULATION [GPU] ***
Execution time cycle: 263.183 ms  [sort=0.053013 field=137.422 da_wait=0.000161 mover+out=0.032343 exchange+sort+moments=49.4864 B=69.9791 momentsAwait=6.20972 outCopy=0.00037]
 ======= Cycle 139 ======= 
*** E CALCULATION [GPU] ***
*** MAXWELL SOLVER [GPU] ***
Initial residual: 0.192485 norm b vector (source) = 0.304872
GMRES converged at restart # 2; iteration #9 with error: 7.68575e-07
  [Cycle 139] Particle sorting: ON
*** B CALCULATION [GPU] ***
Execution time cycle: 262.765 ms  [sort=0.053574 field=136.704 da_wait=0.00013 mover+out=0.025861 exchange+sort+moments=49.8133 B=70.3083 momentsAwait=5.85982 outCopy=0.000451]
 ======= Cycle 140 ======= 
*** E CALCULATION [GPU] ***
*** MAXWELL SOLVER [GPU] ***
Initial residual: 0.192885 norm b vector (source) = 0.305029
GMRES converged at restart # 2; iteration #9 with error: 8.58163e-07
  [Cycle 140] Particle sorting: ON
*** B CALCULATION [GPU] ***
Execution time cycle: 261.638 ms  [sort=0.049425 field=136.181 da_wait=0.00013 mover+out=0.030059 exchange+sort+moments=49.3087 B=70.1265 momentsAwait=5.94154 outCopy=0.000551]
 ======= Cycle 141 ======= 
*** E CALCULATION [GPU] ***
*** MAXWELL SOLVER [GPU] ***
Initial residual: 0.193469 norm b vector (source) = 0.305514
GMRES converged at restart # 2; iteration #9 with error: 9.26326e-07
  [Cycle 141] Particle sorting: ON
*** B CALCULATION [GPU] ***
Execution time cycle: 262.634 ms  [sort=0.05181 field=136.646 da_wait=0.00014 mover+out=0.029187 exchange+sort+moments=49.9787 B=70.0982 momentsAwait=5.82882 outCopy=0.000721]
 ======= Cycle 142 ======= 
*** E CALCULATION [GPU] ***
*** MAXWELL SOLVER [GPU] ***
Initial residual: 0.193889 norm b vector (source) = 0.305946
GMRES converged at restart # 2; iteration #9 with error: 9.52604e-07
  [Cycle 142] Particle sorting: ON
*** B CALCULATION [GPU] ***
Execution time cycle: 261.842 ms  [sort=0.04627 field=136.522 da_wait=0.00014 mover+out=0.032283 exchange+sort+moments=49.4383 B=70.0109 momentsAwait=5.79125 outCopy=0.000872]
 ======= Cycle 143 ======= 
*** E CALCULATION [GPU] ***
*** MAXWELL SOLVER [GPU] ***
Initial residual: 0.193802 norm b vector (source) = 0.305804
GMRES converged at restart # 2; iteration #9 with error: 9.3715e-07
  [Cycle 143] Particle sorting: ON
*** B CALCULATION [GPU] ***
Execution time cycle: 261.839 ms  [sort=0.047692 field=136.47 da_wait=0.00014 mover+out=0.034958 exchange+sort+moments=49.33 B=69.9749 momentsAwait=5.98086 outCopy=0.000471]
 ======= Cycle 144 ======= 
*** E CALCULATION [GPU] ***
*** MAXWELL SOLVER [GPU] ***
Initial residual: 0.193698 norm b vector (source) = 0.305578
GMRES converged at restart # 2; iteration #9 with error: 8.86782e-07
  [Cycle 144] Particle sorting: ON
*** B CALCULATION [GPU] ***
Execution time cycle: 261.629 ms  [sort=0.047713 field=136.894 da_wait=0.00012 mover+out=0.026441 exchange+sort+moments=48.8765 B=69.9782 momentsAwait=5.80525 outCopy=0.000541]
 ======= Cycle 145 ======= 
*** E CALCULATION [GPU] ***
*** MAXWELL SOLVER [GPU] ***
Initial residual: 0.193754 norm b vector (source) = 0.305623
GMRES converged at restart # 2; iteration #9 with error: 8.07232e-07
  [Cycle 145] Particle sorting: ON
*** B CALCULATION [GPU] ***
Execution time cycle: 261.362 ms  [sort=0.049747 field=136.359 da_wait=0.00012 mover+out=0.026992 exchange+sort+moments=49.1109 B=69.9926 momentsAwait=5.82221 outCopy=0.00041]
 ======= Cycle 146 ======= 
*** E CALCULATION [GPU] ***
*** MAXWELL SOLVER [GPU] ***
Initial residual: 0.193969 norm b vector (source) = 0.306067
GMRES converged at restart # 3; iteration #0 with error: 8.39383e-07
  [Cycle 146] Particle sorting: ON
*** B CALCULATION [GPU] ***
Execution time cycle: 262.448 ms  [sort=0.043234 field=137.649 da_wait=0.00012 mover+out=0.031131 exchange+sort+moments=48.8171 B=70.0488 momentsAwait=5.85823 outCopy=0.000311]
 ======= Cycle 147 ======= 
*** E CALCULATION [GPU] ***
*** MAXWELL SOLVER [GPU] ***
Initial residual: 0.194286 norm b vector (source) = 0.306742
GMRES converged at restart # 2; iteration #8 with error: 9.56309e-07
  [Cycle 147] Particle sorting: ON
*** B CALCULATION [GPU] ***
Execution time cycle: 259.505 ms  [sort=0.054586 field=133.836 da_wait=0.000201 mover+out=0.029868 exchange+sort+moments=49.8199 B=69.9589 momentsAwait=5.80496 outCopy=0.000621]
 ======= Cycle 148 ======= 
*** E CALCULATION [GPU] ***
*** MAXWELL SOLVER [GPU] ***
Initial residual: 0.194553 norm b vector (source) = 0.307242
GMRES converged at restart # 2; iteration #8 with error: 8.69685e-07
  [Cycle 148] Particle sorting: ON
*** B CALCULATION [GPU] ***
Execution time cycle: 259.655 ms  [sort=0.049265 field=134.211 da_wait=0.00021 mover+out=0.026822 exchange+sort+moments=49.4526 B=70.06 momentsAwait=5.85479 outCopy=0.000641]
 ======= Cycle 149 ======= 
*** E CALCULATION [GPU] ***
*** MAXWELL SOLVER [GPU] ***
Initial residual: 0.194542 norm b vector (source) = 0.307229
GMRES converged at restart # 2; iteration #8 with error: 8.01662e-07
  [Cycle 149] Particle sorting: ON
*** B CALCULATION [GPU] ***
Execution time cycle: 259.053 ms  [sort=0.054396 field=133.84 da_wait=0.00018 mover+out=0.029397 exchange+sort+moments=49.1883 B=70.0673 momentsAwait=5.87294 outCopy=0.000651]
 ======= Cycle 150 ======= 
*** E CALCULATION [GPU] ***
*** MAXWELL SOLVER [GPU] ***
Initial residual: 0.194404 norm b vector (source) = 0.306777
GMRES converged at restart # 2; iteration #8 with error: 7.77356e-07
  [Cycle 150] Particle sorting: ON
*** B CALCULATION [GPU] ***
Execution time cycle: 272.392 ms  [sort=13.9989 field=134.215 da_wait=0.000682 mover+out=0.024437 exchange+sort+moments=48.2448 B=70.0703 momentsAwait=5.83683 outCopy=0.000561]
 ======= Cycle 151 ======= 
*** E CALCULATION [GPU] ***
*** MAXWELL SOLVER [GPU] ***
Initial residual: 0.194279 norm b vector (source) = 0.306367
GMRES converged at restart # 2; iteration #8 with error: 7.83031e-07
  [Cycle 151] Particle sorting: ON
*** B CALCULATION [GPU] ***
Execution time cycle: 258.83 ms  [sort=0.047152 field=133.876 da_wait=0.00015 mover+out=0.031181 exchange+sort+moments=49.0401 B=69.9829 momentsAwait=5.85198 outCopy=0.000451]
 ======= Cycle 152 ======= 
*** E CALCULATION [GPU] ***
*** MAXWELL SOLVER [GPU] ***
Initial residual: 0.19421 norm b vector (source) = 0.306128
GMRES converged at restart # 2; iteration #8 with error: 8.16773e-07
  [Cycle 152] Particle sorting: ON
*** B CALCULATION [GPU] ***
Execution time cycle: 259.267 ms  [sort=0.048314 field=133.901 da_wait=0.000131 mover+out=0.034366 exchange+sort+moments=49.2903 B=69.9546 momentsAwait=6.03775 outCopy=0.000491]
 ======= Cycle 153 ======= 
*** E CALCULATION [GPU] ***
*** MAXWELL SOLVER [GPU] ***
Initial residual: 0.194293 norm b vector (source) = 0.306163
GMRES converged at restart # 2; iteration #8 with error: 8.84199e-07
  [Cycle 153] Particle sorting: ON
*** B CALCULATION [GPU] ***
Execution time cycle: 259.68 ms  [sort=0.047392 field=134.606 da_wait=0.00016 mover+out=0.029087 exchange+sort+moments=49.0953 B=70.0361 momentsAwait=5.86487 outCopy=0.000862]
 ======= Cycle 154 ======= 
*** E CALCULATION [GPU] ***
*** MAXWELL SOLVER [GPU] ***
Initial residual: 0.194509 norm b vector (source) = 0.306378
GMRES converged at restart # 2; iteration #8 with error: 9.71346e-07
  [Cycle 154] Particle sorting: ON
*** B CALCULATION [GPU] ***
Execution time cycle: 259.457 ms  [sort=0.050929 field=134.108 da_wait=0.00014 mover+out=0.028065 exchange+sort+moments=49.32 B=70.1017 momentsAwait=5.84733 outCopy=0.000541]
 ======= Cycle 155 ======= 
*** E CALCULATION [GPU] ***
*** MAXWELL SOLVER [GPU] ***
Initial residual: 0.194567 norm b vector (source) = 0.3065
GMRES converged at restart # 3; iteration #0 with error: 8.32685e-07
  [Cycle 155] Particle sorting: ON
*** B CALCULATION [GPU] ***
Execution time cycle: 262.471 ms  [sort=0.050107 field=137.333 da_wait=0.00014 mover+out=0.034578 exchange+sort+moments=49.2679 B=69.978 momentsAwait=5.80682 outCopy=0.000531]
 ======= Cycle 156 ======= 
*** E CALCULATION [GPU] ***
*** MAXWELL SOLVER [GPU] ***
Initial residual: 0.19458 norm b vector (source) = 0.306521
GMRES converged at restart # 2; iteration #9 with error: 7.65476e-07
  [Cycle 156] Particle sorting: ON
*** B CALCULATION [GPU] ***
Execution time cycle: 261.942 ms  [sort=0.049557 field=136.117 da_wait=0.00013 mover+out=0.03093 exchange+sort+moments=49.7596 B=70.2578 momentsAwait=5.72691 outCopy=0.000541]
 ======= Cycle 157 ======= 
*** E CALCULATION [GPU] ***
*** MAXWELL SOLVER [GPU] ***
Initial residual: 0.194772 norm b vector (source) = 0.306634
GMRES converged at restart # 2; iteration #9 with error: 7.91711e-07
  [Cycle 157] Particle sorting: ON
*** B CALCULATION [GPU] ***
Execution time cycle: 261.982 ms  [sort=0.05156 field=136.105 da_wait=0.000141 mover+out=0.029537 exchange+sort+moments=49.2984 B=70.189 momentsAwait=6.30742 outCopy=0.000592]
 ======= Cycle 158 ======= 
*** E CALCULATION [GPU] ***
*** MAXWELL SOLVER [GPU] ***
Initial residual: 0.194972 norm b vector (source) = 0.306927
GMRES converged at restart # 2; iteration #9 with error: 7.77784e-07
  [Cycle 158] Particle sorting: ON
*** B CALCULATION [GPU] ***
Execution time cycle: 261.994 ms  [sort=0.035258 field=137.09 da_wait=0.00014 mover+out=0.026902 exchange+sort+moments=49.021 B=69.9153 momentsAwait=5.90462 outCopy=0.000861]
 ======= Cycle 159 ======= 
*** E CALCULATION [GPU] ***
*** MAXWELL SOLVER [GPU] ***
Initial residual: 0.194823 norm b vector (source) = 0.30702
GMRES converged at restart # 2; iteration #9 with error: 7.30192e-07
  [Cycle 159] Particle sorting: ON
*** B CALCULATION [GPU] ***
Execution time cycle: 261.705 ms  [sort=0.051169 field=136.48 da_wait=0.00014 mover+out=0.031131 exchange+sort+moments=49.045 B=70.0719 momentsAwait=6.02507 outCopy=0.000801]
 ======= Cycle 160 ======= 
*** E CALCULATION [GPU] ***
*** MAXWELL SOLVER [GPU] ***
Initial residual: 0.194465 norm b vector (source) = 0.306737
GMRES converged at restart # 2; iteration #8 with error: 9.87486e-07
  [Cycle 160] Particle sorting: ON
*** B CALCULATION [GPU] ***
Execution time cycle: 258.74 ms  [sort=0.048214 field=133.757 da_wait=0.00011 mover+out=0.031331 exchange+sort+moments=49.0175 B=69.9149 momentsAwait=5.97061 outCopy=0.000531]
 ======= Cycle 161 ======= 
*** E CALCULATION [GPU] ***
*** MAXWELL SOLVER [GPU] ***
Initial residual: 0.194004 norm b vector (source) = 0.306298
GMRES converged at restart # 2; iteration #8 with error: 8.68701e-07
  [Cycle 161] Particle sorting: ON
*** B CALCULATION [GPU] ***
Execution time cycle: 258.473 ms  [sort=0.048815 field=133.646 da_wait=0.00016 mover+out=0.031792 exchange+sort+moments=48.981 B=69.8317 momentsAwait=5.93326 outCopy=0.00037]
 ======= Cycle 162 ======= 
*** E CALCULATION [GPU] ***
*** MAXWELL SOLVER [GPU] ***
Initial residual: 0.193589 norm b vector (source) = 0.305708
GMRES converged at restart # 2; iteration #8 with error: 7.4868e-07
  [Cycle 162] Particle sorting: ON
*** B CALCULATION [GPU] ***
Execution time cycle: 258.804 ms  [sort=0.04621 field=133.788 da_wait=0.00015 mover+out=0.032864 exchange+sort+moments=49.0179 B=69.781 momentsAwait=6.13753 outCopy=0.000711]
 ======= Cycle 163 ======= 
*** E CALCULATION [GPU] ***
*** MAXWELL SOLVER [GPU] ***
Initial residual: 0.193472 norm b vector (source) = 0.305259
GMRES converged at restart # 2; iteration #7 with error: 9.57104e-07
  [Cycle 163] Particle sorting: ON
*** B CALCULATION [GPU] ***
Execution time cycle: 256.823 ms  [sort=0.054065 field=131.807 da_wait=0.000141 mover+out=0.027243 exchange+sort+moments=48.9469 B=70.0787 momentsAwait=5.90795 outCopy=0.000561]
 ======= Cycle 164 ======= 
*** E CALCULATION [GPU] ***
*** MAXWELL SOLVER [GPU] ***
Initial residual: 0.193808 norm b vector (source) = 0.305334
GMRES converged at restart # 2; iteration #7 with error: 8.72088e-07
  [Cycle 164] Particle sorting: ON
*** B CALCULATION [GPU] ***
Execution time cycle: 256.324 ms  [sort=0.057031 field=131.07 da_wait=0.00015 mover+out=0.028576 exchange+sort+moments=49.2003 B=70.0157 momentsAwait=5.95167 outCopy=0.000561]
 ======= Cycle 165 ======= 
*** E CALCULATION [GPU] ***
*** MAXWELL SOLVER [GPU] ***
Initial residual: 0.194578 norm b vector (source) = 0.30614
GMRES converged at restart # 2; iteration #7 with error: 8.46401e-07
  [Cycle 165] Particle sorting: ON
*** B CALCULATION [GPU] ***
Execution time cycle: 256.532 ms  [sort=0.053043 field=130.763 da_wait=0.00019 mover+out=0.031551 exchange+sort+moments=49.5198 B=70.1439 momentsAwait=6.01938 outCopy=0.000571]
 ======= Cycle 166 ======= 
*** E CALCULATION [GPU] ***
*** MAXWELL SOLVER [GPU] ***
Initial residual: 0.195155 norm b vector (source) = 0.307034
GMRES converged at restart # 2; iteration #7 with error: 8.75436e-07
  [Cycle 166] Particle sorting: ON
*** B CALCULATION [GPU] ***
Execution time cycle: 256.084 ms  [sort=0.047753 field=130.852 da_wait=0.000191 mover+out=0.034126 exchange+sort+moments=49.2028 B=69.9644 momentsAwait=5.98166 outCopy=0.000772]
 ======= Cycle 167 ======= 
*** E CALCULATION [GPU] ***
*** MAXWELL SOLVER [GPU] ***
Initial residual: 0.195349 norm b vector (source) = 0.307536
GMRES converged at restart # 2; iteration #7 with error: 9.56217e-07
  [Cycle 167] Particle sorting: ON
*** B CALCULATION [GPU] ***
Execution time cycle: 255.984 ms  [sort=0.053675 field=131.011 da_wait=0.000141 mover+out=0.03094 exchange+sort+moments=48.5978 B=69.9801 momentsAwait=6.30988 outCopy=0.000611]
 ======= Cycle 168 ======= 
*** E CALCULATION [GPU] ***
*** MAXWELL SOLVER [GPU] ***
Initial residual: 0.19513 norm b vector (source) = 0.307325
GMRES converged at restart # 2; iteration #8 with error: 7.41355e-07
  [Cycle 168] Particle sorting: ON
*** B CALCULATION [GPU] ***
Execution time cycle: 259.021 ms  [sort=0.047943 field=134.086 da_wait=0.000141 mover+out=0.028034 exchange+sort+moments=49.0438 B=69.8433 momentsAwait=5.97156 outCopy=0.000661]
 ======= Cycle 169 ======= 
*** E CALCULATION [GPU] ***
*** MAXWELL SOLVER [GPU] ***
Initial residual: 0.194943 norm b vector (source) = 0.306757
GMRES converged at restart # 2; iteration #8 with error: 8.4654e-07
  [Cycle 169] Particle sorting: ON
*** B CALCULATION [GPU] ***
Execution time cycle: 257.874 ms  [sort=0.055928 field=133.19 da_wait=0.000161 mover+out=0.027633 exchange+sort+moments=48.7158 B=69.9596 momentsAwait=5.92472 outCopy=0.000491]
 ======= Cycle 170 ======= 
*** E CALCULATION [GPU] ***
*** MAXWELL SOLVER [GPU] ***
Initial residual: 0.194903 norm b vector (source) = 0.306366
GMRES converged at restart # 2; iteration #8 with error: 9.52892e-07
  [Cycle 170] Particle sorting: ON
*** B CALCULATION [GPU] ***
Execution time cycle: 258.454 ms  [sort=0.051741 field=133.619 da_wait=0.00013 mover+out=0.029347 exchange+sort+moments=48.8387 B=69.827 momentsAwait=6.0878 outCopy=0.000531]
 ======= Cycle 171 ======= 
*** E CALCULATION [GPU] ***
*** MAXWELL SOLVER [GPU] ***
Initial residual: 0.194958 norm b vector (source) = 0.306223
GMRES converged at restart # 3; iteration #0 with error: 8.15796e-07
  [Cycle 171] Particle sorting: ON
*** B CALCULATION [GPU] ***
Execution time cycle: 262.89 ms  [sort=0.048875 field=137.355 da_wait=0.00014 mover+out=0.029537 exchange+sort+moments=49.606 B=69.8619 momentsAwait=5.98751 outCopy=0.000751]
 ======= Cycle 172 ======= 
*** E CALCULATION [GPU] ***
*** MAXWELL SOLVER [GPU] ***
Initial residual: 0.195099 norm b vector (source) = 0.306278
GMRES converged at restart # 3; iteration #0 with error: 8.4574e-07
  [Cycle 172] Particle sorting: ON
*** B CALCULATION [GPU] ***
Execution time cycle: 263.267 ms  [sort=0.047503 field=138.335 da_wait=0.00014 mover+out=0.026962 exchange+sort+moments=48.9379 B=69.9142 momentsAwait=6.00447 outCopy=0.000571]
 ======= Cycle 173 ======= 
*** E CALCULATION [GPU] ***
*** MAXWELL SOLVER [GPU] ***
Initial residual: 0.195035 norm b vector (source) = 0.306332
GMRES converged at restart # 3; iteration #0 with error: 8.34319e-07
  [Cycle 173] Particle sorting: ON
*** B CALCULATION [GPU] ***
Execution time cycle: 263.045 ms  [sort=0.053314 field=137.605 da_wait=0.000231 mover+out=0.033144 exchange+sort+moments=49.4365 B=69.8969 momentsAwait=6.01901 outCopy=0.000561]
 ======= Cycle 174 ======= 
*** E CALCULATION [GPU] ***
*** MAXWELL SOLVER [GPU] ***
Initial residual: 0.194725 norm b vector (source) = 0.306097
GMRES converged at restart # 3; iteration #0 with error: 7.86481e-07
  [Cycle 174] Particle sorting: ON
*** B CALCULATION [GPU] ***
Execution time cycle: 262.624 ms  [sort=0.050117 field=137.426 da_wait=0.000221 mover+out=0.033104 exchange+sort+moments=49.2756 B=69.9119 momentsAwait=5.92654 outCopy=0.000481]
 ======= Cycle 175 ======= 
*** E CALCULATION [GPU] ***
*** MAXWELL SOLVER [GPU] ***
Initial residual: 0.194587 norm b vector (source) = 0.305893
GMRES converged at restart # 2; iteration #8 with error: 9.11931e-07
  [Cycle 175] Particle sorting: ON
*** B CALCULATION [GPU] ***
Execution time cycle: 258.61 ms  [sort=0.052291 field=133.618 da_wait=0.00015 mover+out=0.028345 exchange+sort+moments=48.9949 B=69.9167 momentsAwait=5.99909 outCopy=0.000371]
 ======= Cycle 176 ======= 
*** E CALCULATION [GPU] ***
*** MAXWELL SOLVER [GPU] ***
Initial residual: 0.194661 norm b vector (source) = 0.305951
GMRES converged at restart # 2; iteration #8 with error: 8.12991e-07
  [Cycle 176] Particle sorting: ON
*** B CALCULATION [GPU] ***
Execution time cycle: 258.589 ms  [sort=0.033735 field=133.541 da_wait=0.00012 mover+out=0.030119 exchange+sort+moments=48.8953 B=69.8596 momentsAwait=6.22781 outCopy=0.000451]
 ======= Cycle 177 ======= 
*** E CALCULATION [GPU] ***
*** MAXWELL SOLVER [GPU] ***
Initial residual: 0.194797 norm b vector (source) = 0.30612
GMRES converged at restart # 2; iteration #8 with error: 7.16073e-07
  [Cycle 177] Particle sorting: ON
*** B CALCULATION [GPU] ***
Execution time cycle: 259.138 ms  [sort=0.052051 field=134.081 da_wait=0.000151 mover+out=0.02612 exchange+sort+moments=49.0476 B=69.9847 momentsAwait=5.94539 outCopy=0.000561]
 ======= Cycle 178 ======= 
*** E CALCULATION [GPU] ***
*** MAXWELL SOLVER [GPU] ***
Initial residual: 0.195011 norm b vector (source) = 0.306447
GMRES converged at restart # 2; iteration #7 with error: 9.37153e-07
  [Cycle 178] Particle sorting: ON
*** B CALCULATION [GPU] ***
Execution time cycle: 255.847 ms  [sort=0.051379 field=130.691 da_wait=0.00012 mover+out=0.025479 exchange+sort+moments=49.3987 B=69.7455 momentsAwait=5.93459 outCopy=0.000471]
 ======= Cycle 179 ======= 
*** E CALCULATION [GPU] ***
*** MAXWELL SOLVER [GPU] ***
Initial residual: 0.195061 norm b vector (source) = 0.306665
GMRES converged at restart # 2; iteration #7 with error: 8.75465e-07
  [Cycle 179] Particle sorting: ON
*** B CALCULATION [GPU] ***
Execution time cycle: 256.509 ms  [sort=0.048995 field=131.031 da_wait=0.00014 mover+out=0.034798 exchange+sort+moments=49.4545 B=69.9337 momentsAwait=6.00544 outCopy=0.000411]
 ======= Cycle 180 ======= 
*** E CALCULATION [GPU] ***
*** MAXWELL SOLVER [GPU] ***
Initial residual: 0.194883 norm b vector (source) = 0.30663
GMRES converged at restart # 2; iteration #7 with error: 8.60169e-07
  [Cycle 180] Particle sorting: ON
*** B CALCULATION [GPU] ***
Execution time cycle: 255.7 ms  [sort=0.047332 field=130.931 da_wait=0.00011 mover+out=0.031661 exchange+sort+moments=49.1332 B=69.5752 momentsAwait=5.98015 outCopy=0.000571]
 ======= Cycle 181 ======= 
*** E CALCULATION [GPU] ***
*** MAXWELL SOLVER [GPU] ***
Initial residual: 0.194717 norm b vector (source) = 0.306348
GMRES converged at restart # 2; iteration #7 with error: 8.89185e-07
  [Cycle 181] Particle sorting: ON
*** B CALCULATION [GPU] ***
Execution time cycle: 255.418 ms  [sort=0.047562 field=130.717 da_wait=0.00012 mover+out=0.03093 exchange+sort+moments=48.8478 B=69.6227 momentsAwait=6.15191 outCopy=0.000481]
 ======= Cycle 182 ======= 
*** E CALCULATION [GPU] ***
*** MAXWELL SOLVER [GPU] ***
Initial residual: 0.194356 norm b vector (source) = 0.305788
GMRES converged at restart # 2; iteration #7 with error: 9.65089e-07
  [Cycle 182] Particle sorting: ON
*** B CALCULATION [GPU] ***
Execution time cycle: 256.638 ms  [sort=0.047823 field=131.686 da_wait=0.00014 mover+out=0.027885 exchange+sort+moments=48.9826 B=69.8689 momentsAwait=6.02402 outCopy=0.000541]
 ======= Cycle 183 ======= 
*** E CALCULATION [GPU] ***
*** MAXWELL SOLVER [GPU] ***
Initial residual: 0.194254 norm b vector (source) = 0.305452
GMRES converged at restart # 2; iteration #8 with error: 7.33307e-07
  [Cycle 183] Particle sorting: ON
*** B CALCULATION [GPU] ***
Execution time cycle: 259.616 ms  [sort=0.050318 field=133.568 da_wait=0.00014 mover+out=0.032083 exchange+sort+moments=49.7988 B=70.0918 momentsAwait=6.07383 outCopy=0.000651]
 ======= Cycle 184 ======= 
*** E CALCULATION [GPU] ***
*** MAXWELL SOLVER [GPU] ***
Initial residual: 0.194848 norm b vector (source) = 0.305986
GMRES converged at restart # 2; iteration #8 with error: 8.15989e-07
  [Cycle 184] Particle sorting: ON
*** B CALCULATION [GPU] ***
Execution time cycle: 258.407 ms  [sort=0.047693 field=133.352 da_wait=0.00016 mover+out=0.031622 exchange+sort+moments=48.9893 B=69.9096 momentsAwait=6.07599 outCopy=0.000632]
 ======= Cycle 185 ======= 
*** E CALCULATION [GPU] ***
*** MAXWELL SOLVER [GPU] ***
Initial residual: 0.195387 norm b vector (source) = 0.306954
GMRES converged at restart # 2; iteration #8 with error: 8.88643e-07
  [Cycle 185] Particle sorting: ON
*** B CALCULATION [GPU] ***
Execution time cycle: 259.449 ms  [sort=0.034838 field=133.722 da_wait=0.00014 mover+out=0.03062 exchange+sort+moments=49.7969 B=69.8512 momentsAwait=6.01211 outCopy=0.000491]
 ======= Cycle 186 ======= 
*** E CALCULATION [GPU] ***
*** MAXWELL SOLVER [GPU] ***
Initial residual: 0.195277 norm b vector (source) = 0.307427
GMRES converged at restart # 2; iteration #8 with error: 9.45628e-07
  [Cycle 186] Particle sorting: ON
*** B CALCULATION [GPU] ***
Execution time cycle: 259.399 ms  [sort=0.04674 field=133.608 da_wait=0.00014 mover+out=0.032784 exchange+sort+moments=49.7653 B=69.9084 momentsAwait=6.03702 outCopy=0.000691]
 ======= Cycle 187 ======= 
*** E CALCULATION [GPU] ***
*** MAXWELL SOLVER [GPU] ***
Initial residual: 0.194998 norm b vector (source) = 0.307332
GMRES converged at restart # 2; iteration #8 with error: 9.62068e-07
  [Cycle 187] Particle sorting: ON
*** B CALCULATION [GPU] ***
Execution time cycle: 259.678 ms  [sort=0.051951 field=134.24 da_wait=0.00012 mover+out=0.026732 exchange+sort+moments=49.4986 B=69.7987 momentsAwait=6.06095 outCopy=0.00045]
 ======= Cycle 188 ======= 
*** E CALCULATION [GPU] ***
*** MAXWELL SOLVER [GPU] ***
Initial residual: 0.194629 norm b vector (source) = 0.306848
GMRES converged at restart # 2; iteration #8 with error: 9.39348e-07
  [Cycle 188] Particle sorting: ON
*** B CALCULATION [GPU] ***
Execution time cycle: 259.632 ms  [sort=0.049647 field=133.414 da_wait=0.000121 mover+out=0.029888 exchange+sort+moments=50.2261 B=69.8526 momentsAwait=6.05889 outCopy=0.000661]
 ======= Cycle 189 ======= 
*** E CALCULATION [GPU] ***
*** MAXWELL SOLVER [GPU] ***
Initial residual: 0.19411 norm b vector (source) = 0.306055
GMRES converged at restart # 2; iteration #8 with error: 8.73851e-07
  [Cycle 189] Particle sorting: ON
*** B CALCULATION [GPU] ***
Execution time cycle: 258.538 ms  [sort=0.052683 field=133.424 da_wait=0.00016 mover+out=0.029668 exchange+sort+moments=49.2624 B=69.7536 momentsAwait=6.01509 outCopy=0.000561]
 ======= Cycle 190 ======= 
*** E CALCULATION [GPU] ***
*** MAXWELL SOLVER [GPU] ***
Initial residual: 0.193943 norm b vector (source) = 0.305493
GMRES converged at restart # 2; iteration #8 with error: 7.86401e-07
  [Cycle 190] Particle sorting: ON
*** B CALCULATION [GPU] ***
Execution time cycle: 258.747 ms  [sort=0.048754 field=133.69 da_wait=0.00014 mover+out=0.031622 exchange+sort+moments=49.153 B=69.8006 momentsAwait=6.02201 outCopy=0.000451]
 ======= Cycle 191 ======= 
*** E CALCULATION [GPU] ***
*** MAXWELL SOLVER [GPU] ***
Initial residual: 0.193748 norm b vector (source) = 0.30495
GMRES converged at restart # 3; iteration #0 with error: 7.7876e-07
  [Cycle 191] Particle sorting: ON
*** B CALCULATION [GPU] ***
Execution time cycle: 259.85 ms  [sort=0.045238 field=134.732 da_wait=0.000221 mover+out=0.029607 exchange+sort+moments=49.0846 B=69.6772 momentsAwait=6.28029 outCopy=0.000631]
 ======= Cycle 192 ======= 
*** E CALCULATION [GPU] ***
*** MAXWELL SOLVER [GPU] ***
Initial residual: 0.193823 norm b vector (source) = 0.304753
GMRES converged at restart # 2; iteration #7 with error: 8.74082e-07
  [Cycle 192] Particle sorting: ON
*** B CALCULATION [GPU] ***
Execution time cycle: 257.175 ms  [sort=0.045588 field=131.715 da_wait=0.00023 mover+out=0.027834 exchange+sort+moments=49.455 B=70.0093 momentsAwait=5.92153 outCopy=0.000451]
 ======= Cycle 193 ======= 
*** E CALCULATION [GPU] ***
*** MAXWELL SOLVER [GPU] ***
Initial residual: 0.193903 norm b vector (source) = 0.304777
GMRES converged at restart # 2; iteration #7 with error: 7.71002e-07
  [Cycle 193] Particle sorting: ON
*** B CALCULATION [GPU] ***
Execution time cycle: 255.737 ms  [sort=0.053814 field=130.948 da_wait=0.00013 mover+out=0.027193 exchange+sort+moments=48.8998 B=69.9527 momentsAwait=5.85451 outCopy=0.000862]
 ======= Cycle 194 ======= 
*** E CALCULATION [GPU] ***
*** MAXWELL SOLVER [GPU] ***
Initial residual: 0.193884 norm b vector (source) = 0.304742
GMRES converged at restart # 2; iteration #7 with error: 7.09931e-07
  [Cycle 194] Particle sorting: ON
*** B CALCULATION [GPU] ***
Execution time cycle: 255.615 ms  [sort=0.034768 field=130.733 da_wait=0.0001 mover+out=0.031441 exchange+sort+moments=48.9772 B=69.8161 momentsAwait=6.02251 outCopy=0.000511]
 ======= Cycle 195 ======= 
*** E CALCULATION [GPU] ***
*** MAXWELL SOLVER [GPU] ***
Initial residual: 0.19396 norm b vector (source) = 0.304739
GMRES converged at restart # 2; iteration #7 with error: 7.8863e-07
  [Cycle 195] Particle sorting: ON
*** B CALCULATION [GPU] ***
Execution time cycle: 252.606 ms  [sort=0.049556 field=127.927 da_wait=0.000141 mover+out=0.03096 exchange+sort+moments=49.0304 B=69.6402 momentsAwait=5.927 outCopy=0.000441]
 ======= Cycle 196 ======= 
*** E CALCULATION [GPU] ***
*** MAXWELL SOLVER [GPU] ***
Initial residual: 0.194155 norm b vector (source) = 0.304968
GMRES converged at restart # 2; iteration #7 with error: 8.06438e-07
  [Cycle 196] Particle sorting: ON
*** B CALCULATION [GPU] ***
Execution time cycle: 253.511 ms  [sort=0.047573 field=128.14 da_wait=0.000111 mover+out=0.048884 exchange+sort+moments=49.2982 B=69.7808 momentsAwait=6.19531 outCopy=0.000441]
 ======= Cycle 197 ======= 
*** E CALCULATION [GPU] ***
*** MAXWELL SOLVER [GPU] ***
Initial residual: 0.194513 norm b vector (source) = 0.305623
GMRES converged at restart # 2; iteration #7 with error: 7.53244e-07
  [Cycle 197] Particle sorting: ON
*** B CALCULATION [GPU] ***
Execution time cycle: 255.742 ms  [sort=0.048093 field=131.403 da_wait=0.00021 mover+out=0.028406 exchange+sort+moments=48.6878 B=69.6639 momentsAwait=5.91029 outCopy=0.000581]
 ======= Cycle 198 ======= 
*** E CALCULATION [GPU] ***
*** MAXWELL SOLVER [GPU] ***
Initial residual: 0.194622 norm b vector (source) = 0.306224
GMRES converged at restart # 2; iteration #7 with error: 8.40647e-07
  [Cycle 198] Particle sorting: ON
*** B CALCULATION [GPU] ***
Execution time cycle: 255.625 ms  [sort=0.048394 field=131.186 da_wait=0.00014 mover+out=0.035579 exchange+sort+moments=48.851 B=69.5946 momentsAwait=5.90828 outCopy=0.000762]
 ======= Cycle 199 ======= 
*** E CALCULATION [GPU] ***
*** MAXWELL SOLVER [GPU] ***
Initial residual: 0.194706 norm b vector (source) = 0.306643
GMRES converged at restart # 2; iteration #7 with error: 9.4475e-07
  [Cycle 199] Particle sorting: ON
*** B CALCULATION [GPU] ***
Execution time cycle: 2118.66 ms  [sort=0.049766 field=130.892 da_wait=0.00021 mover+out=0.034317 exchange+sort+moments=48.7617 B=69.7333 momentsAwait=6.01402 outCopy=1863.18]
 ======= Cycle 200 ======= 
*** E CALCULATION [GPU] ***
*** MAXWELL SOLVER [GPU] ***
Initial residual: 0.194728 norm b vector (source) = 0.306799
GMRES converged at restart # 2; iteration #8 with error: 7.13014e-07
  [Cycle 200] Particle sorting: ON
*** B CALCULATION [GPU] ***
Execution time cycle: 1128.87 ms  [sort=56.6178 field=134.398 da_wait=0.000841 mover+out=834.78 exchange+sort+moments=27.3035 B=69.7691 momentsAwait=5.99574 outCopy=0.000842]
 ======= Cycle 201 ======= 
*** E CALCULATION [GPU] ***
*** MAXWELL SOLVER [GPU] ***
Initial residual: 0.194849 norm b vector (source) = 0.306964
GMRES converged at restart # 2; iteration #8 with error: 7.64608e-07
  [Cycle 201] Particle sorting: ON
*** B CALCULATION [GPU] ***
Execution time cycle: 259.93 ms  [sort=0.056409 field=134.65 da_wait=0.00021 mover+out=0.039647 exchange+sort+moments=49.2261 B=69.8309 momentsAwait=6.12568 outCopy=0.000811]
 ======= Cycle 202 ======= 
*** E CALCULATION [GPU] ***
*** MAXWELL SOLVER [GPU] ***
Initial residual: 0.195172 norm b vector (source) = 0.307248
GMRES converged at restart # 2; iteration #8 with error: 7.83428e-07
  [Cycle 202] Particle sorting: ON
*** B CALCULATION [GPU] ***
Execution time cycle: 258.767 ms  [sort=0.05662 field=133.573 da_wait=0.000111 mover+out=0.037643 exchange+sort+moments=49.1944 B=69.834 momentsAwait=6.07056 outCopy=0.000952]
 ======= Cycle 203 ======= 
*** E CALCULATION [GPU] ***
*** MAXWELL SOLVER [GPU] ***
Initial residual: 0.195701 norm b vector (source) = 0.307801
GMRES converged at restart # 2; iteration #8 with error: 7.71506e-07
  [Cycle 203] Particle sorting: ON
*** B CALCULATION [GPU] ***
Execution time cycle: 259.122 ms  [sort=0.035218 field=133.931 da_wait=0.00015 mover+out=0.031872 exchange+sort+moments=49.2465 B=69.8707 momentsAwait=6.00648 outCopy=0.000741]
 ======= Cycle 204 ======= 
*** E CALCULATION [GPU] ***
*** MAXWELL SOLVER [GPU] ***
Initial residual: 0.196207 norm b vector (source) = 0.308486
GMRES converged at restart # 2; iteration #8 with error: 7.27455e-07
  [Cycle 204] Particle sorting: ON
*** B CALCULATION [GPU] ***
Execution time cycle: 258.222 ms  [sort=0.051279 field=133.721 da_wait=0.000141 mover+out=0.026551 exchange+sort+moments=48.8671 B=69.6785 momentsAwait=5.87695 outCopy=0.000631]
 ======= Cycle 205 ======= 
*** E CALCULATION [GPU] ***
*** MAXWELL SOLVER [GPU] ***
Initial residual: 0.196304 norm b vector (source) = 0.308787
GMRES converged at restart # 2; iteration #7 with error: 9.62237e-07
  [Cycle 205] Particle sorting: ON
*** B CALCULATION [GPU] ***
Execution time cycle: 255.553 ms  [sort=0.053284 field=131.017 da_wait=0.00014 mover+out=0.042402 exchange+sort+moments=48.8412 B=69.5712 momentsAwait=6.02701 outCopy=0.000551]
 ======= Cycle 206 ======= 
*** E CALCULATION [GPU] ***
*** MAXWELL SOLVER [GPU] ***
Initial residual: 0.19629 norm b vector (source) = 0.308881
GMRES converged at restart # 2; iteration #7 with error: 8.49748e-07
  [Cycle 206] Particle sorting: ON
*** B CALCULATION [GPU] ***
Execution time cycle: 255.83 ms  [sort=0.077029 field=131.352 da_wait=0.000141 mover+out=0.026221 exchange+sort+moments=48.7192 B=69.6359 momentsAwait=6.01944 outCopy=0.000611]
 ======= Cycle 207 ======= 
*** E CALCULATION [GPU] ***
*** MAXWELL SOLVER [GPU] ***
Initial residual: 0.19597 norm b vector (source) = 0.308666
GMRES converged at restart # 2; iteration #7 with error: 7.45086e-07
  [Cycle 207] Particle sorting: ON
*** B CALCULATION [GPU] ***
Execution time cycle: 256.14 ms  [sort=0.053634 field=131.131 da_wait=0.00021 mover+out=0.028726 exchange+sort+moments=49.2962 B=69.7396 momentsAwait=5.89029 outCopy=0.000521]
 ======= Cycle 208 ======= 
*** E CALCULATION [GPU] ***
*** MAXWELL SOLVER [GPU] ***
Initial residual: 0.195922 norm b vector (source) = 0.308671
GMRES converged at restart # 2; iteration #7 with error: 7.60781e-07
  [Cycle 208] Particle sorting: ON
*** B CALCULATION [GPU] ***
Execution time cycle: 252.772 ms  [sort=0.049787 field=128.159 da_wait=0.000181 mover+out=0.034316 exchange+sort+moments=48.9291 B=69.6899 momentsAwait=5.90826 outCopy=0.000591]
 ======= Cycle 209 ======= 
*** E CALCULATION [GPU] ***
*** MAXWELL SOLVER [GPU] ***
Initial residual: 0.195785 norm b vector (source) = 0.308541
GMRES converged at restart # 2; iteration #7 with error: 7.05873e-07
  [Cycle 209] Particle sorting: ON
*** B CALCULATION [GPU] ***
Execution time cycle: 253.319 ms  [sort=0.053123 field=128.386 da_wait=0.000161 mover+out=0.025088 exchange+sort+moments=49.3194 B=69.6094 momentsAwait=5.92488 outCopy=0.000651]
 ======= Cycle 210 ======= 
*** E CALCULATION [GPU] ***
*** MAXWELL SOLVER [GPU] ***
Initial residual: 0.195569 norm b vector (source) = 0.308225
GMRES converged at restart # 2; iteration #7 with error: 6.90513e-07
  [Cycle 210] Particle sorting: ON
*** B CALCULATION [GPU] ***
Execution time cycle: 252.709 ms  [sort=0.053904 field=128.13 da_wait=0.00014 mover+out=0.043775 exchange+sort+moments=48.7128 B=69.6668 momentsAwait=6.10053 outCopy=0.000791]
 ======= Cycle 211 ======= 
*** E CALCULATION [GPU] ***
*** MAXWELL SOLVER [GPU] ***
Initial residual: 0.195454 norm b vector (source) = 0.307725
GMRES converged at restart # 2; iteration #7 with error: 7.18223e-07
  [Cycle 211] Particle sorting: ON
*** B CALCULATION [GPU] ***
Execution time cycle: 253.46 ms  [sort=0.054065 field=128.958 da_wait=0.000251 mover+out=0.045348 exchange+sort+moments=48.6567 B=69.7552 momentsAwait=5.99015 outCopy=0.00035]
 ======= Cycle 212 ======= 
*** E CALCULATION [GPU] ***
*** MAXWELL SOLVER [GPU] ***
Initial residual: 0.195172 norm b vector (source) = 0.307082
GMRES converged at restart # 2; iteration #7 with error: 7.87789e-07
  [Cycle 212] Particle sorting: ON
*** B CALCULATION [GPU] ***
Execution time cycle: 253.062 ms  [sort=0.033004 field=128.347 da_wait=0.000161 mover+out=0.031922 exchange+sort+moments=48.9724 B=69.7141 momentsAwait=5.96298 outCopy=0.000561]
 ======= Cycle 213 ======= 
*** E CALCULATION [GPU] ***
*** MAXWELL SOLVER [GPU] ***
Initial residual: 0.194981 norm b vector (source) = 0.306439
GMRES converged at restart # 2; iteration #7 with error: 7.7494e-07
  [Cycle 213] Particle sorting: ON
*** B CALCULATION [GPU] ***
Execution time cycle: 256.081 ms  [sort=0.048524 field=131.503 da_wait=0.00014 mover+out=0.030399 exchange+sort+moments=48.9459 B=69.6385 momentsAwait=5.91395 outCopy=0.000621]
 ======= Cycle 214 ======= 
*** E CALCULATION [GPU] ***
*** MAXWELL SOLVER [GPU] ***
Initial residual: 0.194908 norm b vector (source) = 0.306078
GMRES converged at restart # 2; iteration #7 with error: 8.77908e-07
  [Cycle 214] Particle sorting: ON
*** B CALCULATION [GPU] ***
Execution time cycle: 255.535 ms  [sort=0.047191 field=131.586 da_wait=0.00016 mover+out=0.02558 exchange+sort+moments=48.4133 B=69.539 momentsAwait=5.92289 outCopy=0.000531]
 ======= Cycle 215 ======= 
*** E CALCULATION [GPU] ***
*** MAXWELL SOLVER [GPU] ***
Initial residual: 0.194925 norm b vector (source) = 0.306066
GMRES converged at restart # 2; iteration #7 with error: 9.74153e-07
  [Cycle 215] Particle sorting: ON
*** B CALCULATION [GPU] ***
Execution time cycle: 256.227 ms  [sort=0.052171 field=131.38 da_wait=0.00014 mover+out=0.042493 exchange+sort+moments=49.1102 B=69.5236 momentsAwait=6.11873 outCopy=0.000471]
 ======= Cycle 216 ======= 
*** E CALCULATION [GPU] ***
*** MAXWELL SOLVER [GPU] ***
Initial residual: 0.194963 norm b vector (source) = 0.306211
GMRES converged at restart # 2; iteration #8 with error: 7.078e-07
  [Cycle 216] Particle sorting: ON
*** B CALCULATION [GPU] ***
Execution time cycle: 258.393 ms  [sort=0.049927 field=134.219 da_wait=0.000151 mover+out=0.026862 exchange+sort+moments=48.635 B=69.5346 momentsAwait=5.92697 outCopy=0.000621]
 ======= Cycle 217 ======= 
*** E CALCULATION [GPU] ***
*** MAXWELL SOLVER [GPU] ***
Initial residual: 0.195093 norm b vector (source) = 0.306512
GMRES converged at restart # 2; iteration #8 with error: 7.17221e-07
  [Cycle 217] Particle sorting: ON
*** B CALCULATION [GPU] ***
Execution time cycle: 257.696 ms  [sort=0.049546 field=133.265 da_wait=0.00021 mover+out=0.030409 exchange+sort+moments=48.8559 B=69.5833 momentsAwait=5.9109 outCopy=0.000712]
 ======= Cycle 218 ======= 
*** E CALCULATION [GPU] ***
*** MAXWELL SOLVER [GPU] ***
Initial residual: 0.195387 norm b vector (source) = 0.30707
GMRES converged at restart # 3; iteration #0 with error: 7.75717e-07
  [Cycle 218] Particle sorting: ON
*** B CALCULATION [GPU] ***
Execution time cycle: 259.884 ms  [sort=0.047933 field=135.031 da_wait=0.00013 mover+out=0.031702 exchange+sort+moments=48.9393 B=69.8319 momentsAwait=6.00156 outCopy=0.000692]
 ======= Cycle 219 ======= 
*** E CALCULATION [GPU] ***
*** MAXWELL SOLVER [GPU] ***
Initial residual: 0.195813 norm b vector (source) = 0.307685
GMRES converged at restart # 2; iteration #7 with error: 9.13113e-07
  [Cycle 219] Particle sorting: ON
*** B CALCULATION [GPU] ***
Execution time cycle: 255.532 ms  [sort=0.049736 field=130.923 da_wait=0.00016 mover+out=0.033465 exchange+sort+moments=48.9503 B=69.6588 momentsAwait=5.91632 outCopy=0.00037]
 ======= Cycle 220 ======= 
*** E CALCULATION [GPU] ***
*** MAXWELL SOLVER [GPU] ***
Initial residual: 0.196186 norm b vector (source) = 0.308246
GMRES converged at restart # 2; iteration #7 with error: 8.0178e-07
  [Cycle 220] Particle sorting: ON
*** B CALCULATION [GPU] ***
Execution time cycle: 256.48 ms  [sort=0.047773 field=130.942 da_wait=0.000221 mover+out=0.026892 exchange+sort+moments=49.4651 B=69.9166 momentsAwait=6.08102 outCopy=0.000601]
 ======= Cycle 221 ======= 
*** E CALCULATION [GPU] ***
*** MAXWELL SOLVER [GPU] ***
Initial residual: 0.19633 norm b vector (source) = 0.308705
GMRES converged at restart # 2; iteration #7 with error: 7.9641e-07
  [Cycle 221] Particle sorting: ON
*** B CALCULATION [GPU] ***
Execution time cycle: 253.091 ms  [sort=0.036692 field=128.753 da_wait=0.000161 mover+out=0.04121 exchange+sort+moments=48.7814 B=69.5295 momentsAwait=5.9481 outCopy=0.000451]
 ======= Cycle 222 ======= 
*** E CALCULATION [GPU] ***
*** MAXWELL SOLVER [GPU] ***
Initial residual: 0.196225 norm b vector (source) = 0.308916
GMRES converged at restart # 2; iteration #7 with error: 6.83695e-07
  [Cycle 222] Particle sorting: ON
*** B CALCULATION [GPU] ***
Execution time cycle: 252.553 ms  [sort=0.050518 field=128.06 da_wait=0.000141 mover+out=0.029687 exchange+sort+moments=48.8403 B=69.6063 momentsAwait=5.96575 outCopy=0.000771]
 ======= Cycle 223 ======= 
*** E CALCULATION [GPU] ***
*** MAXWELL SOLVER [GPU] ***
Initial residual: 0.196337 norm b vector (source) = 0.309205
GMRES converged at restart # 2; iteration #6 with error: 8.94272e-07
  [Cycle 223] Particle sorting: ON
*** B CALCULATION [GPU] ***
Execution time cycle: 250.111 ms  [sort=0.050849 field=125.667 da_wait=0.00015 mover+out=0.035208 exchange+sort+moments=48.827 B=69.5766 momentsAwait=5.95325 outCopy=0.000531]
 ======= Cycle 224 ======= 
*** E CALCULATION [GPU] ***
*** MAXWELL SOLVER [GPU] ***
Initial residual: 0.196618 norm b vector (source) = 0.309663
GMRES converged at restart # 2; iteration #6 with error: 8.2264e-07
  [Cycle 224] Particle sorting: ON
*** B CALCULATION [GPU] ***
Execution time cycle: 250.505 ms  [sort=0.049075 field=125.905 da_wait=0.00014 mover+out=0.026081 exchange+sort+moments=48.9751 B=69.57 momentsAwait=5.97924 outCopy=0.000541]
 ======= Cycle 225 ======= 
*** E CALCULATION [GPU] ***
*** MAXWELL SOLVER [GPU] ***
Initial residual: 0.196638 norm b vector (source) = 0.30985
GMRES converged at restart # 2; iteration #6 with error: 8.08834e-07
  [Cycle 225] Particle sorting: ON
*** B CALCULATION [GPU] ***
Execution time cycle: 250.223 ms  [sort=0.054035 field=125.293 da_wait=0.00012 mover+out=0.02588 exchange+sort+moments=49.1295 B=69.7588 momentsAwait=5.96117 outCopy=0.000461]
 ======= Cycle 226 ======= 
*** E CALCULATION [GPU] ***
*** MAXWELL SOLVER [GPU] ***
Initial residual: 0.196416 norm b vector (source) = 0.309543
GMRES converged at restart # 2; iteration #6 with error: 8.48453e-07
  [Cycle 226] Particle sorting: ON
*** B CALCULATION [GPU] ***
Execution time cycle: 250.775 ms  [sort=0.052703 field=126.505 da_wait=0.00014 mover+out=0.029948 exchange+sort+moments=48.7516 B=69.5623 momentsAwait=5.87254 outCopy=0.000481]
 ======= Cycle 227 ======= 
*** E CALCULATION [GPU] ***
*** MAXWELL SOLVER [GPU] ***
Initial residual: 0.196381 norm b vector (source) = 0.309219
GMRES converged at restart # 2; iteration #6 with error: 9.38211e-07
  [Cycle 227] Particle sorting: ON
*** B CALCULATION [GPU] ***
Execution time cycle: 250.93 ms  [sort=0.053755 field=125.874 da_wait=0.00011 mover+out=0.032924 exchange+sort+moments=49.3853 B=69.7171 momentsAwait=5.86599 outCopy=0.000641]
 ======= Cycle 228 ======= 
*** E CALCULATION [GPU] ***
*** MAXWELL SOLVER [GPU] ***
Initial residual: 0.196095 norm b vector (source) = 0.308765
GMRES converged at restart # 2; iteration #7 with error: 7.14873e-07
  [Cycle 228] Particle sorting: ON
*** B CALCULATION [GPU] ***
Execution time cycle: 252.862 ms  [sort=0.048594 field=128.13 da_wait=0.00016 mover+out=0.031742 exchange+sort+moments=49.0123 B=69.7637 momentsAwait=5.87439 outCopy=0.000571]
 ======= Cycle 229 ======= 
*** E CALCULATION [GPU] ***
*** MAXWELL SOLVER [GPU] ***
Initial residual: 0.1959 norm b vector (source) = 0.30836
GMRES converged at restart # 2; iteration #7 with error: 8.01049e-07
  [Cycle 229] Particle sorting: ON
*** B CALCULATION [GPU] ***
Execution time cycle: 252.583 ms  [sort=0.053203 field=128.226 da_wait=0.00016 mover+out=0.027163 exchange+sort+moments=48.6485 B=69.7195 momentsAwait=5.90818 outCopy=0.000471]
 ======= Cycle 230 ======= 
*** E CALCULATION [GPU] ***
*** MAXWELL SOLVER [GPU] ***
Initial residual: 0.195431 norm b vector (source) = 0.307833
GMRES converged at restart # 2; iteration #7 with error: 7.60727e-07
  [Cycle 230] Particle sorting: ON
*** B CALCULATION [GPU] ***
Execution time cycle: 255.758 ms  [sort=0.038565 field=131.308 da_wait=0.000161 mover+out=0.02608 exchange+sort+moments=48.7719 B=69.4885 momentsAwait=6.12353 outCopy=0.000551]
 ======= Cycle 231 ======= 
*** E CALCULATION [GPU] ***
*** MAXWELL SOLVER [GPU] ***
Initial residual: 0.195199 norm b vector (source) = 0.307475
GMRES converged at restart # 2; iteration #7 with error: 7.95535e-07
  [Cycle 231] Particle sorting: ON
*** B CALCULATION [GPU] ***
Execution time cycle: 255.414 ms  [sort=0.053594 field=131.629 da_wait=0.00016 mover+out=0.027032 exchange+sort+moments=48.3053 B=69.4919 momentsAwait=5.90728 outCopy=0.000651]
 ======= Cycle 232 ======= 
*** E CALCULATION [GPU] ***
*** MAXWELL SOLVER [GPU] ***
Initial residual: 0.195299 norm b vector (source) = 0.307473
GMRES converged at restart # 2; iteration #7 with error: 7.89329e-07
  [Cycle 232] Particle sorting: ON
*** B CALCULATION [GPU] ***
Execution time cycle: 254.883 ms  [sort=0.048995 field=131.268 da_wait=0.00014 mover+out=0.030219 exchange+sort+moments=48.2107 B=69.4206 momentsAwait=5.90326 outCopy=0.000572]
 ======= Cycle 233 ======= 
*** E CALCULATION [GPU] ***
*** MAXWELL SOLVER [GPU] ***
Initial residual: 0.195551 norm b vector (source) = 0.307636
GMRES converged at restart # 2; iteration #7 with error: 7.41331e-07
  [Cycle 233] Particle sorting: ON
*** B CALCULATION [GPU] ***
Execution time cycle: 255.685 ms  [sort=0.050318 field=131.11 da_wait=0.00013 mover+out=0.029818 exchange+sort+moments=48.9097 B=69.5956 momentsAwait=5.98833 outCopy=0.000461]
 ======= Cycle 234 ======= 
*** E CALCULATION [GPU] ***
*** MAXWELL SOLVER [GPU] ***
Initial residual: 0.195743 norm b vector (source) = 0.307916
GMRES converged at restart # 2; iteration #7 with error: 7.67615e-07
  [Cycle 234] Particle sorting: ON
*** B CALCULATION [GPU] ***
Execution time cycle: 253.135 ms  [sort=0.050037 field=128.247 da_wait=0.00014 mover+out=0.026812 exchange+sort+moments=49.1688 B=69.7227 momentsAwait=5.91893 outCopy=0.000531]
 ======= Cycle 235 ======= 
*** E CALCULATION [GPU] ***
*** MAXWELL SOLVER [GPU] ***
Initial residual: 0.196018 norm b vector (source) = 0.308329
GMRES converged at restart # 2; iteration #6 with error: 9.96351e-07
  [Cycle 235] Particle sorting: ON
*** B CALCULATION [GPU] ***
Execution time cycle: 250.605 ms  [sort=0.05156 field=125.583 da_wait=0.000151 mover+out=0.02604 exchange+sort+moments=49.2394 B=69.6162 momentsAwait=6.08847 outCopy=0.000351]
 ======= Cycle 236 ======= 
*** E CALCULATION [GPU] ***
*** MAXWELL SOLVER [GPU] ***
Initial residual: 0.196197 norm b vector (source) = 0.308619
GMRES converged at restart # 2; iteration #6 with error: 8.51066e-07
  [Cycle 236] Particle sorting: ON
*** B CALCULATION [GPU] ***
Execution time cycle: 250.101 ms  [sort=0.044216 field=125.267 da_wait=0.00014 mover+out=0.028185 exchange+sort+moments=49.0843 B=69.7827 momentsAwait=5.89417 outCopy=0.000441]
 ======= Cycle 237 ======= 
*** E CALCULATION [GPU] ***
*** MAXWELL SOLVER [GPU] ***
Initial residual: 0.196136 norm b vector (source) = 0.308606
GMRES converged at restart # 2; iteration #6 with error: 7.39429e-07
  [Cycle 237] Particle sorting: ON
*** B CALCULATION [GPU] ***
Execution time cycle: 249.362 ms  [sort=0.042933 field=124.631 da_wait=0.000151 mover+out=0.030849 exchange+sort+moments=49.2139 B=69.677 momentsAwait=5.76581 outCopy=0.000451]
 ======= Cycle 238 ======= 
*** E CALCULATION [GPU] ***
*** MAXWELL SOLVER [GPU] ***
Initial residual: 0.196149 norm b vector (source) = 0.308591
GMRES converged at restart # 2; iteration #6 with error: 6.66162e-07
  [Cycle 238] Particle sorting: ON
*** B CALCULATION [GPU] ***
Execution time cycle: 249.138 ms  [sort=0.049235 field=124.899 da_wait=0.00014 mover+out=0.034407 exchange+sort+moments=48.7041 B=69.6434 momentsAwait=5.80687 outCopy=0.000782]
 ======= Cycle 239 ======= 
*** E CALCULATION [GPU] ***
*** MAXWELL SOLVER [GPU] ***
Initial residual: 0.196114 norm b vector (source) = 0.308591
GMRES converged at restart # 2; iteration #6 with error: 6.33821e-07
  [Cycle 239] Particle sorting: ON
*** B CALCULATION [GPU] ***
Execution time cycle: 249.472 ms  [sort=0.033374 field=125.35 da_wait=0.00018 mover+out=0.025339 exchange+sort+moments=48.7536 B=69.4953 momentsAwait=5.81305 outCopy=0.000571]
 ======= Cycle 240 ======= 
*** E CALCULATION [GPU] ***
*** MAXWELL SOLVER [GPU] ***
Initial residual: 0.195881 norm b vector (source) = 0.308484
GMRES converged at restart # 2; iteration #6 with error: 6.47187e-07
  [Cycle 240] Particle sorting: ON
*** B CALCULATION [GPU] ***
Execution time cycle: 250.679 ms  [sort=0.048023 field=125.826 da_wait=0.00013 mover+out=0.026482 exchange+sort+moments=49.1748 B=69.5336 momentsAwait=6.06898 outCopy=0.000551]
 ======= Cycle 241 ======= 
*** E CALCULATION [GPU] ***
*** MAXWELL SOLVER [GPU] ***
Initial residual: 0.195808 norm b vector (source) = 0.308457
GMRES converged at restart # 2; iteration #6 with error: 7.05449e-07
  [Cycle 241] Particle sorting: ON
*** B CALCULATION [GPU] ***
Execution time cycle: 249.083 ms  [sort=0.053204 field=125.522 da_wait=0.00014 mover+out=0.029928 exchange+sort+moments=48.2612 B=69.5031 momentsAwait=5.71293 outCopy=0.000391]
 ======= Cycle 242 ======= 
*** E CALCULATION [GPU] ***
*** MAXWELL SOLVER [GPU] ***
Initial residual: 0.195716 norm b vector (source) = 0.308413
GMRES converged at restart # 2; iteration #6 with error: 7.95525e-07
  [Cycle 242] Particle sorting: ON
*** B CALCULATION [GPU] ***
Execution time cycle: 249.245 ms  [sort=0.050808 field=124.652 da_wait=0.00013 mover+out=0.029407 exchange+sort+moments=49.3292 B=69.3713 momentsAwait=5.81186 outCopy=0.000881]
 ======= Cycle 243 ======= 
*** E CALCULATION [GPU] ***
*** MAXWELL SOLVER [GPU] ***
Initial residual: 0.195914 norm b vector (source) = 0.308655
GMRES converged at restart # 2; iteration #6 with error: 9.18845e-07
  [Cycle 243] Particle sorting: ON
*** B CALCULATION [GPU] ***
Execution time cycle: 248.966 ms  [sort=0.047402 field=124.791 da_wait=0.00014 mover+out=0.030379 exchange+sort+moments=48.5367 B=69.7225 momentsAwait=5.83718 outCopy=0.000441]
 ======= Cycle 244 ======= 
*** E CALCULATION [GPU] ***
*** MAXWELL SOLVER [GPU] ***
Initial residual: 0.195896 norm b vector (source) = 0.308714
GMRES converged at restart # 2; iteration #7 with error: 7.01361e-07
  [Cycle 244] Particle sorting: ON
*** B CALCULATION [GPU] ***
Execution time cycle: 251.981 ms  [sort=0.045709 field=127.562 da_wait=0.00016 mover+out=0.026582 exchange+sort+moments=49.0117 B=69.5549 momentsAwait=5.77978 outCopy=0.000531]
 ======= Cycle 245 ======= 
*** E CALCULATION [GPU] ***
*** MAXWELL SOLVER [GPU] ***
Initial residual: 0.19574 norm b vector (source) = 0.308516
GMRES converged at restart # 2; iteration #7 with error: 7.6922e-07
  [Cycle 245] Particle sorting: ON
*** B CALCULATION [GPU] ***
Execution time cycle: 252.95 ms  [sort=0.051891 field=128.145 da_wait=0.000161 mover+out=0.027012 exchange+sort+moments=48.9237 B=69.6787 momentsAwait=6.12346 outCopy=0.000732]
 ======= Cycle 246 ======= 
*** E CALCULATION [GPU] ***
*** MAXWELL SOLVER [GPU] ***
Initial residual: 0.195913 norm b vector (source) = 0.308518
GMRES converged at restart # 2; iteration #7 with error: 8.02897e-07
  [Cycle 246] Particle sorting: ON
*** B CALCULATION [GPU] ***
Execution time cycle: 251.855 ms  [sort=0.047182 field=127.834 da_wait=0.00017 mover+out=0.027333 exchange+sort+moments=48.5323 B=69.6501 momentsAwait=5.76389 outCopy=0.000541]
 ======= Cycle 247 ======= 
*** E CALCULATION [GPU] ***
*** MAXWELL SOLVER [GPU] ***
Initial residual: 0.196109 norm b vector (source) = 0.3087
GMRES converged at restart # 2; iteration #7 with error: 7.99971e-07
  [Cycle 247] Particle sorting: ON
*** B CALCULATION [GPU] ***
Execution time cycle: 251.71 ms  [sort=0.052622 field=127.325 da_wait=0.00015 mover+out=0.031622 exchange+sort+moments=48.7931 B=69.7198 momentsAwait=5.78729 outCopy=0.000621]
 ======= Cycle 248 ======= 
*** E CALCULATION [GPU] ***
*** MAXWELL SOLVER [GPU] ***
Initial residual: 0.196423 norm b vector (source) = 0.30912
GMRES converged at restart # 2; iteration #7 with error: 7.56133e-07
  [Cycle 248] Particle sorting: ON
*** B CALCULATION [GPU] ***
Execution time cycle: 251.766 ms  [sort=0.032833 field=127.372 da_wait=0.00014 mover+out=0.032062 exchange+sort+moments=48.8068 B=69.6732 momentsAwait=5.84797 outCopy=0.000622]
 ======= Cycle 249 ======= 
*** E CALCULATION [GPU] ***
*** MAXWELL SOLVER [GPU] ***
Initial residual: 0.196722 norm b vector (source) = 0.309612
GMRES converged at restart # 2; iteration #7 with error: 6.85821e-07
  [Cycle 249] Particle sorting: ON
*** B CALCULATION [GPU] ***
Execution time cycle: 251.661 ms  [sort=0.048164 field=127.992 da_wait=0.000231 mover+out=0.029667 exchange+sort+moments=48.1307 B=69.6083 momentsAwait=5.85199 outCopy=0.000612]
 ======= Cycle 250 ======= 
*** E CALCULATION [GPU] ***
*** MAXWELL SOLVER [GPU] ***
Initial residual: 0.196609 norm b vector (source) = 0.309779
GMRES converged at restart # 2; iteration #6 with error: 8.94627e-07
  [Cycle 250] Particle sorting: ON
*** B CALCULATION [GPU] ***
Execution time cycle: 264.042 ms  [sort=13.9917 field=126.054 da_wait=0.000481 mover+out=0.026492 exchange+sort+moments=48.4782 B=69.5544 momentsAwait=5.93629 outCopy=0.00045]
 ======= Cycle 251 ======= 
*** E CALCULATION [GPU] ***
*** MAXWELL SOLVER [GPU] ***
Initial residual: 0.196212 norm b vector (source) = 0.309577
GMRES converged at restart # 2; iteration #6 with error: 7.69738e-07
  [Cycle 251] Particle sorting: ON
*** B CALCULATION [GPU] ***
Execution time cycle: 249.404 ms  [sort=0.053174 field=124.946 da_wait=0.000161 mover+out=0.037443 exchange+sort+moments=48.8798 B=69.6329 momentsAwait=5.85407 outCopy=0.000451]
 ======= Cycle 252 ======= 
*** E CALCULATION [GPU] ***
*** MAXWELL SOLVER [GPU] ***
Initial residual: 0.195568 norm b vector (source) = 0.309029
GMRES converged at restart # 2; iteration #6 with error: 6.69782e-07
  [Cycle 252] Particle sorting: ON
*** B CALCULATION [GPU] ***
Execution time cycle: 249.555 ms  [sort=0.046761 field=124.668 da_wait=0.00014 mover+out=0.030179 exchange+sort+moments=49.3818 B=69.6456 momentsAwait=5.78083 outCopy=0.000732]
 ======= Cycle 253 ======= 
*** E CALCULATION [GPU] ***
*** MAXWELL SOLVER [GPU] ***
Initial residual: 0.195016 norm b vector (source) = 0.308416
GMRES converged at restart # 2; iteration #5 with error: 9.59104e-07
  [Cycle 253] Particle sorting: ON
*** B CALCULATION [GPU] ***
Execution time cycle: 247.831 ms  [sort=0.048424 field=122.611 da_wait=0.00019 mover+out=0.031982 exchange+sort+moments=49.4736 B=69.8216 momentsAwait=5.84361 outCopy=0.000541]
 ======= Cycle 254 ======= 
*** E CALCULATION [GPU] ***
*** MAXWELL SOLVER [GPU] ***
Initial residual: 0.194856 norm b vector (source) = 0.308129
GMRES converged at restart # 2; iteration #5 with error: 8.95976e-07
  [Cycle 254] Particle sorting: ON
*** B CALCULATION [GPU] ***
Execution time cycle: 247.471 ms  [sort=0.050739 field=122.701 da_wait=0.00014 mover+out=0.027153 exchange+sort+moments=49.0872 B=69.7279 momentsAwait=5.87572 outCopy=0.000451]
 ======= Cycle 255 ======= 
*** E CALCULATION [GPU] ***
*** MAXWELL SOLVER [GPU] ***
Initial residual: 0.195273 norm b vector (source) = 0.308599
GMRES converged at restart # 2; iteration #5 with error: 8.84756e-07
  [Cycle 255] Particle sorting: ON
*** B CALCULATION [GPU] ***
Execution time cycle: 247.813 ms  [sort=0.051931 field=123.122 da_wait=0.00012 mover+out=0.027584 exchange+sort+moments=49.1939 B=69.6927 momentsAwait=5.72421 outCopy=0.000451]
 ======= Cycle 256 ======= 
*** E CALCULATION [GPU] ***
*** MAXWELL SOLVER [GPU] ***
Initial residual: 0.195776 norm b vector (source) = 0.30943
GMRES converged at restart # 2; iteration #5 with error: 9.29638e-07
  [Cycle 256] Particle sorting: ON
*** B CALCULATION [GPU] ***
Execution time cycle: 247.218 ms  [sort=0.058473 field=122.231 da_wait=0.00016 mover+out=0.029608 exchange+sort+moments=49.3202 B=69.5839 momentsAwait=5.99364 outCopy=0.000721]
 ======= Cycle 257 ======= 
*** E CALCULATION [GPU] ***
*** MAXWELL SOLVER [GPU] ***
Initial residual: 0.196146 norm b vector (source) = 0.310146
GMRES converged at restart # 2; iteration #6 with error: 6.39814e-07
  [Cycle 257] Particle sorting: ON
*** B CALCULATION [GPU] ***
Execution time cycle: 249.444 ms  [sort=0.033775 field=125.255 da_wait=0.00015 mover+out=0.031932 exchange+sort+moments=48.6909 B=69.6617 momentsAwait=5.76959 outCopy=0.000531]
 ======= Cycle 258 ======= 
*** E CALCULATION [GPU] ***
*** MAXWELL SOLVER [GPU] ***
Initial residual: 0.196231 norm b vector (source) = 0.310505
GMRES converged at restart # 2; iteration #6 with error: 7.27348e-07
  [Cycle 258] Particle sorting: ON
*** B CALCULATION [GPU] ***
Execution time cycle: 248.861 ms  [sort=0.048985 field=124.548 da_wait=0.00013 mover+out=0.033034 exchange+sort+moments=48.7165 B=69.77 momentsAwait=5.74396 outCopy=0.000611]
 ======= Cycle 259 ======= 
*** E CALCULATION [GPU] ***
*** MAXWELL SOLVER [GPU] ***
Initial residual: 0.196145 norm b vector (source) = 0.310407
GMRES converged at restart # 2; iteration #6 with error: 8.23926e-07
  [Cycle 259] Particle sorting: ON
*** B CALCULATION [GPU] ***
Execution time cycle: 248.851 ms  [sort=0.047943 field=124.768 da_wait=0.000131 mover+out=0.03102 exchange+sort+moments=48.493 B=69.5953 momentsAwait=5.91509 outCopy=0.000431]
 ======= Cycle 260 ======= 
*** E CALCULATION [GPU] ***
*** MAXWELL SOLVER [GPU] ***
Initial residual: 0.196036 norm b vector (source) = 0.310143
GMRES converged at restart # 2; iteration #6 with error: 9.07193e-07
  [Cycle 260] Particle sorting: ON
*** B CALCULATION [GPU] ***
Execution time cycle: 249.765 ms  [sort=0.044717 field=125.519 da_wait=0.00013 mover+out=0.026281 exchange+sort+moments=48.6934 B=69.6948 momentsAwait=5.78549 outCopy=0.000561]
 ======= Cycle 261 ======= 
*** E CALCULATION [GPU] ***
*** MAXWELL SOLVER [GPU] ***
Initial residual: 0.195976 norm b vector (source) = 0.309906
GMRES converged at restart # 2; iteration #6 with error: 9.53698e-07
  [Cycle 261] Particle sorting: ON
*** B CALCULATION [GPU] ***
Execution time cycle: 249.872 ms  [sort=0.052292 field=124.702 da_wait=0.00014 mover+out=0.029377 exchange+sort+moments=49.6168 B=69.5731 momentsAwait=5.89749 outCopy=0.000461]
 ======= Cycle 262 ======= 
*** E CALCULATION [GPU] ***
*** MAXWELL SOLVER [GPU] ***
Initial residual: 0.195758 norm b vector (source) = 0.309507
GMRES converged at restart # 2; iteration #6 with error: 9.46433e-07
  [Cycle 262] Particle sorting: ON
*** B CALCULATION [GPU] ***
Execution time cycle: 250.69 ms  [sort=0.058503 field=125.306 da_wait=0.00014 mover+out=0.028686 exchange+sort+moments=49.5657 B=69.9408 momentsAwait=5.79028 outCopy=0.000461]
 ======= Cycle 263 ======= 
*** E CALCULATION [GPU] ***
*** MAXWELL SOLVER [GPU] ***
Initial residual: 0.195917 norm b vector (source) = 0.309402
GMRES converged at restart # 2; iteration #6 with error: 8.86972e-07
  [Cycle 263] Particle sorting: ON
*** B CALCULATION [GPU] ***
Execution time cycle: 249.776 ms  [sort=0.052011 field=124.744 da_wait=0.00012 mover+out=0.031341 exchange+sort+moments=49.5017 B=69.6694 momentsAwait=5.77746 outCopy=0.000351]
 ======= Cycle 264 ======= 
*** E CALCULATION [GPU] ***
*** MAXWELL SOLVER [GPU] ***
Initial residual: 0.195801 norm b vector (source) = 0.3093
GMRES converged at restart # 2; iteration #6 with error: 7.92448e-07
  [Cycle 264] Particle sorting: ON
*** B CALCULATION [GPU] ***
Execution time cycle: 249.774 ms  [sort=0.046931 field=124.964 da_wait=0.00018 mover+out=0.029327 exchange+sort+moments=49.1232 B=69.8252 momentsAwait=5.78425 outCopy=0.000831]
 ======= Cycle 265 ======= 
*** E CALCULATION [GPU] ***
*** MAXWELL SOLVER [GPU] ***
Initial residual: 0.195531 norm b vector (source) = 0.309021
GMRES converged at restart # 2; iteration #6 with error: 6.74172e-07
  [Cycle 265] Particle sorting: ON
*** B CALCULATION [GPU] ***
Execution time cycle: 249.739 ms  [sort=0.049806 field=125.285 da_wait=0.00014 mover+out=0.026131 exchange+sort+moments=48.9652 B=69.7197 momentsAwait=5.69305 outCopy=0.000491]
 ======= Cycle 266 ======= 
*** E CALCULATION [GPU] ***
*** MAXWELL SOLVER [GPU] ***
Initial residual: 0.195495 norm b vector (source) = 0.308964
GMRES converged at restart # 2; iteration #5 with error: 9.12501e-07
  [Cycle 266] Particle sorting: ON
*** B CALCULATION [GPU] ***
Execution time cycle: 246.785 ms  [sort=0.034006 field=122.282 da_wait=0.000221 mover+out=0.026551 exchange+sort+moments=48.7902 B=69.6307 momentsAwait=6.0215 outCopy=0.000661]
 ======= Cycle 267 ======= 
*** E CALCULATION [GPU] ***
*** MAXWELL SOLVER [GPU] ***
Initial residual: 0.195322 norm b vector (source) = 0.308937
GMRES converged at restart # 2; iteration #5 with error: 7.79388e-07
  [Cycle 267] Particle sorting: ON
*** B CALCULATION [GPU] ***
Execution time cycle: 247.278 ms  [sort=0.053464 field=122.842 da_wait=0.00016 mover+out=0.026792 exchange+sort+moments=48.7852 B=69.8106 momentsAwait=5.75927 outCopy=0.00043]
 ======= Cycle 268 ======= 
*** E CALCULATION [GPU] ***
*** MAXWELL SOLVER [GPU] ***
Initial residual: 0.195195 norm b vector (source) = 0.308923
GMRES converged at restart # 2; iteration #5 with error: 7.4921e-07
  [Cycle 268] Particle sorting: ON
*** B CALCULATION [GPU] ***
Execution time cycle: 243.254 ms  [sort=0.047422 field=119.085 da_wait=0.0001 mover+out=0.03091 exchange+sort+moments=48.593 B=69.687 momentsAwait=5.81025 outCopy=0.000611]
 ======= Cycle 269 ======= 
*** E CALCULATION [GPU] ***
*** MAXWELL SOLVER [GPU] ***
Initial residual: 0.195309 norm b vector (source) = 0.309052
GMRES converged at restart # 2; iteration #5 with error: 7.02949e-07
  [Cycle 269] Particle sorting: ON
*** B CALCULATION [GPU] ***
Execution time cycle: 244.651 ms  [sort=0.050749 field=119.922 da_wait=0.00011 mover+out=0.033455 exchange+sort+moments=48.9668 B=69.7785 momentsAwait=5.8997 outCopy=0.000421]
 ======= Cycle 270 ======= 
*** E CALCULATION [GPU] ***
*** MAXWELL SOLVER [GPU] ***
Initial residual: 0.195542 norm b vector (source) = 0.309242
GMRES converged at restart # 2; iteration #5 with error: 7.05493e-07
  [Cycle 270] Particle sorting: ON
*** B CALCULATION [GPU] ***
Execution time cycle: 243.918 ms  [sort=0.047492 field=119.904 da_wait=0.000131 mover+out=0.025299 exchange+sort+moments=48.4716 B=69.6784 momentsAwait=5.79103 outCopy=0.000601]
 ======= Cycle 271 ======= 
*** E CALCULATION [GPU] ***
*** MAXWELL SOLVER [GPU] ***
Initial residual: 0.195715 norm b vector (source) = 0.309348
GMRES converged at restart # 2; iteration #5 with error: 7.53356e-07
  [Cycle 271] Particle sorting: ON
*** B CALCULATION [GPU] ***
Execution time cycle: 243.951 ms  [sort=0.048775 field=118.862 da_wait=0.00013 mover+out=0.026782 exchange+sort+moments=49.2494 B=69.7787 momentsAwait=5.98451 outCopy=0.00037]
 ======= Cycle 272 ======= 
*** E CALCULATION [GPU] ***
*** MAXWELL SOLVER [GPU] ***
Initial residual: 0.195862 norm b vector (source) = 0.309489
GMRES converged at restart # 2; iteration #5 with error: 7.80422e-07
  [Cycle 272] Particle sorting: ON
*** B CALCULATION [GPU] ***
Execution time cycle: 247.034 ms  [sort=0.04589 field=122.816 da_wait=0.00012 mover+out=0.027634 exchange+sort+moments=48.5801 B=69.8071 momentsAwait=5.75623 outCopy=0.000551]
 ======= Cycle 273 ======= 
*** E CALCULATION [GPU] ***
*** MAXWELL SOLVER [GPU] ***
Initial residual: 0.196133 norm b vector (source) = 0.309835
GMRES converged at restart # 2; iteration #5 with error: 8.98608e-07
  [Cycle 273] Particle sorting: ON
*** B CALCULATION [GPU] ***
Execution time cycle: 246.489 ms  [sort=0.047893 field=122.085 da_wait=0.00022 mover+out=0.033205 exchange+sort+moments=48.8575 B=69.7128 momentsAwait=5.7516 outCopy=0.000381]
 ======= Cycle 274 ======= 
*** E CALCULATION [GPU] ***
*** MAXWELL SOLVER [GPU] ***
Initial residual: 0.196353 norm b vector (source) = 0.310276
GMRES converged at restart # 2; iteration #6 with error: 6.39437e-07
  [Cycle 274] Particle sorting: ON
*** B CALCULATION [GPU] ***
Execution time cycle: 249.892 ms  [sort=0.049136 field=124.948 da_wait=0.000231 mover+out=0.030539 exchange+sort+moments=49.3165 B=69.6768 momentsAwait=5.87075 outCopy=0.000371]
 ======= Cycle 275 ======= 
*** E CALCULATION [GPU] ***
*** MAXWELL SOLVER [GPU] ***
Initial residual: 0.196426 norm b vector (source) = 0.310567
GMRES converged at restart # 2; iteration #6 with error: 7.13969e-07
  [Cycle 275] Particle sorting: ON
*** B CALCULATION [GPU] ***
Execution time cycle: 249.665 ms  [sort=0.031561 field=125.475 da_wait=0.00012 mover+out=0.026621 exchange+sort+moments=48.7021 B=69.6744 momentsAwait=5.75435 outCopy=0.000541]
 ======= Cycle 276 ======= 
*** E CALCULATION [GPU] ***
*** MAXWELL SOLVER [GPU] ***
Initial residual: 0.196658 norm b vector (source) = 0.31095
GMRES converged at restart # 2; iteration #6 with error: 7.60358e-07
  [Cycle 276] Particle sorting: ON
*** B CALCULATION [GPU] ***
Execution time cycle: 249.384 ms  [sort=0.048263 field=124.564 da_wait=0.000151 mover+out=0.027323 exchange+sort+moments=49.0706 B=69.6558 momentsAwait=6.01711 outCopy=0.000571]
 ======= Cycle 277 ======= 
*** E CALCULATION [GPU] ***
*** MAXWELL SOLVER [GPU] ***
Initial residual: 0.196832 norm b vector (source) = 0.311309
GMRES converged at restart # 2; iteration #6 with error: 7.57498e-07
  [Cycle 277] Particle sorting: ON
*** B CALCULATION [GPU] ***
Execution time cycle: 249.931 ms  [sort=0.052422 field=125.257 da_wait=0.00013 mover+out=0.027814 exchange+sort+moments=49.0017 B=69.7037 momentsAwait=5.88708 outCopy=0.000441]
 ======= Cycle 278 ======= 
*** E CALCULATION [GPU] ***
*** MAXWELL SOLVER [GPU] ***
Initial residual: 0.197013 norm b vector (source) = 0.311623
GMRES converged at restart # 2; iteration #6 with error: 7.15721e-07
  [Cycle 278] Particle sorting: ON
*** B CALCULATION [GPU] ***
Execution time cycle: 249.456 ms  [sort=0.049346 field=124.842 da_wait=0.000151 mover+out=0.029547 exchange+sort+moments=48.9721 B=69.693 momentsAwait=5.86951 outCopy=0.000661]
 ======= Cycle 279 ======= 
*** E CALCULATION [GPU] ***
*** MAXWELL SOLVER [GPU] ***
Initial residual: 0.197303 norm b vector (source) = 0.312077
GMRES converged at restart # 2; iteration #6 with error: 6.45196e-07
  [Cycle 279] Particle sorting: ON
*** B CALCULATION [GPU] ***
Execution time cycle: 249.253 ms  [sort=0.049796 field=124.649 da_wait=0.00014 mover+out=0.029628 exchange+sort+moments=48.8313 B=69.7832 momentsAwait=5.90944 outCopy=0.000702]
 ======= Cycle 280 ======= 
*** E CALCULATION [GPU] ***
*** MAXWELL SOLVER [GPU] ***
Initial residual: 0.197677 norm b vector (source) = 0.312714
GMRES converged at restart # 2; iteration #5 with error: 9.00695e-07
  [Cycle 280] Particle sorting: ON
*** B CALCULATION [GPU] ***
Execution time cycle: 247.216 ms  [sort=0.045007 field=122.454 da_wait=0.00013 mover+out=0.027363 exchange+sort+moments=48.9908 B=69.8622 momentsAwait=5.83524 outCopy=0.000541]
 ======= Cycle 281 ======= 
*** E CALCULATION [GPU] ***
*** MAXWELL SOLVER [GPU] ***
Initial residual: 0.197771 norm b vector (source) = 0.313153
GMRES converged at restart # 2; iteration #5 with error: 7.70333e-07
  [Cycle 281] Particle sorting: ON
*** B CALCULATION [GPU] ***
Execution time cycle: 246.386 ms  [sort=0.049987 field=122.015 da_wait=0.00013 mover+out=0.02592 exchange+sort+moments=48.4307 B=69.8337 momentsAwait=6.0299 outCopy=0.00044]
 ======= Cycle 282 ======= 
*** E CALCULATION [GPU] ***
*** MAXWELL SOLVER [GPU] ***
Initial residual: 0.197675 norm b vector (source) = 0.313201
GMRES converged at restart # 2; iteration #5 with error: 7.22551e-07
  [Cycle 282] Particle sorting: ON
*** B CALCULATION [GPU] ***
Execution time cycle: 244.714 ms  [sort=0.050619 field=119.898 da_wait=0.000141 mover+out=0.027944 exchange+sort+moments=49.1034 B=69.7663 momentsAwait=5.86679 outCopy=0.000801]
 ======= Cycle 283 ======= 
*** E CALCULATION [GPU] ***
*** MAXWELL SOLVER [GPU] ***
Initial residual: 0.197757 norm b vector (source) = 0.313336
GMRES converged at restart # 2; iteration #4 with error: 9.72708e-07
  [Cycle 283] Particle sorting: ON
*** B CALCULATION [GPU] ***
Execution time cycle: 241.717 ms  [sort=0.054716 field=116.749 da_wait=0.0002 mover+out=0.030559 exchange+sort+moments=49.3674 B=69.6523 momentsAwait=5.86206 outCopy=0.000461]
 ======= Cycle 284 ======= 
*** E CALCULATION [GPU] ***
*** MAXWELL SOLVER [GPU] ***
Initial residual: 0.19756 norm b vector (source) = 0.313322
GMRES converged at restart # 2; iteration #4 with error: 9.01491e-07
  [Cycle 284] Particle sorting: ON
*** B CALCULATION [GPU] ***
Execution time cycle: 241.188 ms  [sort=0.033004 field=116.961 da_wait=0.00015 mover+out=0.031581 exchange+sort+moments=48.5887 B=69.6804 momentsAwait=5.89232 outCopy=0.000551]
 ======= Cycle 285 ======= 
*** E CALCULATION [GPU] ***
*** MAXWELL SOLVER [GPU] ***
Initial residual: 0.197309 norm b vector (source) = 0.313038
GMRES converged at restart # 2; iteration #4 with error: 8.81271e-07
  [Cycle 285] Particle sorting: ON
*** B CALCULATION [GPU] ***
Execution time cycle: 241.364 ms  [sort=0.045659 field=117.199 da_wait=0.000121 mover+out=0.027553 exchange+sort+moments=48.5934 B=69.6916 momentsAwait=5.80624 outCopy=0.000471]
 ======= Cycle 286 ======= 
*** E CALCULATION [GPU] ***
*** MAXWELL SOLVER [GPU] ***
Initial residual: 0.197493 norm b vector (source) = 0.31292
GMRES converged at restart # 2; iteration #4 with error: 9.17077e-07
  [Cycle 286] Particle sorting: ON
*** B CALCULATION [GPU] ***
Execution time cycle: 242.21 ms  [sort=0.045839 field=117.351 da_wait=0.00013 mover+out=0.024999 exchange+sort+moments=49.1965 B=69.7844 momentsAwait=5.80695 outCopy=0.000531]
 ======= Cycle 287 ======= 
*** E CALCULATION [GPU] ***
*** MAXWELL SOLVER [GPU] ***
Initial residual: 0.197617 norm b vector (source) = 0.312799
GMRES converged at restart # 3; iteration #0 with error: 7.75212e-07
  [Cycle 287] Particle sorting: ON
*** B CALCULATION [GPU] ***
Execution time cycle: 245.674 ms  [sort=0.05161 field=120.972 da_wait=0.00013 mover+out=0.028185 exchange+sort+moments=48.9048 B=69.6666 momentsAwait=6.05035 outCopy=0.000521]
 ======= Cycle 288 ======= 
*** E CALCULATION [GPU] ***
*** MAXWELL SOLVER [GPU] ***
Initial residual: 0.197507 norm b vector (source) = 0.312572
GMRES converged at restart # 2; iteration #5 with error: 7.50664e-07
  [Cycle 288] Particle sorting: ON
*** B CALCULATION [GPU] ***
Execution time cycle: 244.169 ms  [sort=0.046089 field=119.633 da_wait=0.00013 mover+out=0.026902 exchange+sort+moments=48.9342 B=69.713 momentsAwait=5.81512 outCopy=0.000501]
 ======= Cycle 289 ======= 
*** E CALCULATION [GPU] ***
*** MAXWELL SOLVER [GPU] ***
Initial residual: 0.197117 norm b vector (source) = 0.312084
GMRES converged at restart # 2; iteration #5 with error: 7.86826e-07
  [Cycle 289] Particle sorting: ON
*** B CALCULATION [GPU] ***
Execution time cycle: 247.413 ms  [sort=0.049857 field=122.373 da_wait=0.00013 mover+out=0.028215 exchange+sort+moments=49.2572 B=69.8518 momentsAwait=5.85248 outCopy=0.000711]
 ======= Cycle 290 ======= 
*** E CALCULATION [GPU] ***
*** MAXWELL SOLVER [GPU] ***
Initial residual: 0.196866 norm b vector (source) = 0.311675
GMRES converged at restart # 2; iteration #5 with error: 8.72316e-07
  [Cycle 290] Particle sorting: ON
*** B CALCULATION [GPU] ***
Execution time cycle: 247.093 ms  [sort=0.048053 field=122.488 da_wait=0.00012 mover+out=0.030519 exchange+sort+moments=48.896 B=69.7224 momentsAwait=5.90697 outCopy=0.000451]
 ======= Cycle 291 ======= 
*** E CALCULATION [GPU] ***
*** MAXWELL SOLVER [GPU] ***
Initial residual: 0.19648 norm b vector (source) = 0.311287
GMRES converged at restart # 2; iteration #5 with error: 9.25538e-07
  [Cycle 291] Particle sorting: ON
*** B CALCULATION [GPU] ***
Execution time cycle: 247.46 ms  [sort=0.047112 field=122.581 da_wait=0.00014 mover+out=0.026592 exchange+sort+moments=49.2455 B=69.789 momentsAwait=5.77021 outCopy=0.000601]
 ======= Cycle 292 ======= 
*** E CALCULATION [GPU] ***
*** MAXWELL SOLVER [GPU] ***
Initial residual: 0.196206 norm b vector (source) = 0.311043
GMRES converged at restart # 2; iteration #5 with error: 9.3177e-07
  [Cycle 292] Particle sorting: ON
*** B CALCULATION [GPU] ***
Execution time cycle: 247.219 ms  [sort=0.046841 field=122.186 da_wait=0.000151 mover+out=0.02613 exchange+sort+moments=49.219 B=69.6483 momentsAwait=6.09178 outCopy=0.000601]
 ======= Cycle 293 ======= 
*** E CALCULATION [GPU] ***
*** MAXWELL SOLVER [GPU] ***
Initial residual: 0.196215 norm b vector (source) = 0.311123
GMRES converged at restart # 2; iteration #5 with error: 8.79931e-07
  [Cycle 293] Particle sorting: ON
*** B CALCULATION [GPU] ***
Execution time cycle: 247.388 ms  [sort=0.033235 field=122.964 da_wait=0.00013 mover+out=0.029337 exchange+sort+moments=48.6736 B=69.8773 momentsAwait=5.81056 outCopy=0.000471]
 ======= Cycle 294 ======= 
*** E CALCULATION [GPU] ***
*** MAXWELL SOLVER [GPU] ***
Initial residual: 0.196179 norm b vector (source) = 0.311202
GMRES converged at restart # 2; iteration #5 with error: 7.89601e-07
  [Cycle 294] Particle sorting: ON
*** B CALCULATION [GPU] ***
Execution time cycle: 246.788 ms  [sort=0.047733 field=122.322 da_wait=0.00011 mover+out=0.032122 exchange+sort+moments=48.9505 B=69.5982 momentsAwait=5.83613 outCopy=0.000601]
 ======= Cycle 295 ======= 
*** E CALCULATION [GPU] ***
*** MAXWELL SOLVER [GPU] ***
Initial residual: 0.196331 norm b vector (source) = 0.311375
GMRES converged at restart # 2; iteration #5 with error: 7.36751e-07
  [Cycle 295] Particle sorting: ON
*** B CALCULATION [GPU] ***
Execution time cycle: 244.325 ms  [sort=0.050057 field=119.713 da_wait=0.00015 mover+out=0.034407 exchange+sort+moments=49.1202 B=69.5493 momentsAwait=5.85741 outCopy=0.000481]
 ======= Cycle 296 ======= 
*** E CALCULATION [GPU] ***
*** MAXWELL SOLVER [GPU] ***
Initial residual: 0.196592 norm b vector (source) = 0.311729
GMRES converged at restart # 2; iteration #4 with error: 9.38495e-07
  [Cycle 296] Particle sorting: ON
*** B CALCULATION [GPU] ***
Execution time cycle: 241.479 ms  [sort=0.047492 field=117.143 da_wait=0.00013 mover+out=0.03117 exchange+sort+moments=48.6711 B=69.7774 momentsAwait=5.80796 outCopy=0.000631]
 ======= Cycle 297 ======= 
*** E CALCULATION [GPU] ***
*** MAXWELL SOLVER [GPU] ***
Initial residual: 0.197017 norm b vector (source) = 0.312345
GMRES converged at restart # 2; iteration #4 with error: 7.99733e-07
  [Cycle 297] Particle sorting: ON
*** B CALCULATION [GPU] ***
Execution time cycle: 241.302 ms  [sort=0.052352 field=116.699 da_wait=0.00013 mover+out=0.026432 exchange+sort+moments=48.6673 B=69.8675 momentsAwait=5.98845 outCopy=0.000461]
 ======= Cycle 298 ======= 
*** E CALCULATION [GPU] ***
*** MAXWELL SOLVER [GPU] ***
Initial residual: 0.197251 norm b vector (source) = 0.312924
GMRES converged at restart # 2; iteration #4 with error: 7.02054e-07
  [Cycle 298] Particle sorting: ON
*** B CALCULATION [GPU] ***
Execution time cycle: 242.421 ms  [sort=0.033335 field=117.509 da_wait=0.00013 mover+out=0.027544 exchange+sort+moments=49.1065 B=69.8618 momentsAwait=5.88231 outCopy=0.000461]
 ======= Cycle 299 ======= 
*** E CALCULATION [GPU] ***
*** MAXWELL SOLVER [GPU] ***
Initial residual: 0.197242 norm b vector (source) = 0.313169
GMRES converged at restart # 2; iteration #3 with error: 9.96601e-07
  [Cycle 299] Particle sorting: ON
*** B CALCULATION [GPU] ***
Execution time cycle: 238.598 ms  [sort=0.052342 field=114.239 da_wait=0.00015 mover+out=0.032783 exchange+sort+moments=48.5216 B=69.8255 momentsAwait=5.92649 outCopy=0.000982]
 ======= Cycle 300 ======= 
*** E CALCULATION [GPU] ***
*** MAXWELL SOLVER [GPU] ***
Initial residual: 0.197101 norm b vector (source) = 0.312953
GMRES converged at restart # 2; iteration #3 with error: 9.65137e-07
  [Cycle 300] Particle sorting: ON
*** B CALCULATION [GPU] ***
Execution time cycle: 253.229 ms  [sort=14.0608 field=115.055 da_wait=0.000621 mover+out=0.024878 exchange+sort+moments=48.4327 B=69.7909 momentsAwait=5.86339 outCopy=0.000631]
 ======= Cycle 301 ======= 
*** E CALCULATION [GPU] ***
*** MAXWELL SOLVER [GPU] ***
Initial residual: 0.196722 norm b vector (source) = 0.312087
GMRES converged at restart # 2; iteration #3 with error: 9.99414e-07
  [Cycle 301] Particle sorting: ON
*** B CALCULATION [GPU] ***
Execution time cycle: 239.478 ms  [sort=0.047232 field=114.822 da_wait=0.000151 mover+out=0.029637 exchange+sort+moments=48.989 B=69.7857 momentsAwait=5.80423 outCopy=0.000561]
 ======= Cycle 302 ======= 
*** E CALCULATION [GPU] ***
*** MAXWELL SOLVER [GPU] ***
Initial residual: 0.196225 norm b vector (source) = 0.310828
GMRES converged at restart # 2; iteration #4 with error: 7.02096e-07
  [Cycle 302] Particle sorting: ON
*** B CALCULATION [GPU] ***
Execution time cycle: 241.891 ms  [sort=0.033875 field=117.096 da_wait=0.00013 mover+out=0.028345 exchange+sort+moments=49.1189 B=69.7761 momentsAwait=5.83689 outCopy=0.000561]
 ======= Cycle 303 ======= 
*** E CALCULATION [GPU] ***
*** MAXWELL SOLVER [GPU] ***
Initial residual: 0.196108 norm b vector (source) = 0.310017
GMRES converged at restart # 2; iteration #4 with error: 8.00409e-07
  [Cycle 303] Particle sorting: ON
*** B CALCULATION [GPU] ***
Execution time cycle: 241.342 ms  [sort=0.051129 field=116.594 da_wait=0.00013 mover+out=0.02589 exchange+sort+moments=48.8522 B=69.774 momentsAwait=6.04421 outCopy=0.000491]
 ======= Cycle 304 ======= 
*** E CALCULATION [GPU] ***
*** MAXWELL SOLVER [GPU] ***
Initial residual: 0.19596 norm b vector (source) = 0.309678
GMRES converged at restart # 2; iteration #4 with error: 9.17058e-07
  [Cycle 304] Particle sorting: ON
*** B CALCULATION [GPU] ***
Execution time cycle: 242.187 ms  [sort=0.048504 field=117.756 da_wait=0.000141 mover+out=0.025219 exchange+sort+moments=48.6121 B=69.8331 momentsAwait=5.91112 outCopy=0.000692]
 ======= Cycle 305 ======= 
*** E CALCULATION [GPU] ***
*** MAXWELL SOLVER [GPU] ***
Initial residual: 0.196035 norm b vector (source) = 0.309828
GMRES converged at restart # 2; iteration #5 with error: 6.83085e-07
  [Cycle 305] Particle sorting: ON
*** B CALCULATION [GPU] ***
Execution time cycle: 243.592 ms  [sort=0.049646 field=119.381 da_wait=0.000231 mover+out=0.034837 exchange+sort+moments=48.464 B=69.8488 momentsAwait=5.81299 outCopy=0.000451]
 ======= Cycle 306 ======= 
*** E CALCULATION [GPU] ***
*** MAXWELL SOLVER [GPU] ***
Initial residual: 0.196103 norm b vector (source) = 0.310159
GMRES converged at restart # 2; iteration #5 with error: 7.33297e-07
  [Cycle 306] Particle sorting: ON
*** B CALCULATION [GPU] ***
Execution time cycle: 244.649 ms  [sort=0.047091 field=119.483 da_wait=0.00014 mover+out=0.028255 exchange+sort+moments=49.3572 B=69.9029 momentsAwait=5.8306 outCopy=0.000531]
 ======= Cycle 307 ======= 
*** E CALCULATION [GPU] ***
*** MAXWELL SOLVER [GPU] ***
Initial residual: 0.196211 norm b vector (source) = 0.310542
GMRES converged at restart # 2; iteration #5 with error: 7.4213e-07
  [Cycle 307] Particle sorting: ON
*** B CALCULATION [GPU] ***
Execution time cycle: 244.593 ms  [sort=0.049997 field=119.839 da_wait=0.00013 mover+out=0.027594 exchange+sort+moments=48.9803 B=69.896 momentsAwait=5.79931 outCopy=0.000641]
 ======= Cycle 308 ======= 
*** E CALCULATION [GPU] ***
*** MAXWELL SOLVER [GPU] ***
Initial residual: 0.196355 norm b vector (source) = 0.310903
GMRES converged at restart # 2; iteration #5 with error: 6.99047e-07
  [Cycle 308] Particle sorting: ON
*** B CALCULATION [GPU] ***
Execution time cycle: 244.327 ms  [sort=0.074404 field=119.137 da_wait=0.000161 mover+out=0.027142 exchange+sort+moments=49.148 B=69.8882 momentsAwait=6.05202 outCopy=0.000631]
 ======= Cycle 309 ======= 
*** E CALCULATION [GPU] ***
*** MAXWELL SOLVER [GPU] ***
Initial residual: 0.1964 norm b vector (source) = 0.311065
GMRES converged at restart # 2; iteration #4 with error: 9.48546e-07
  [Cycle 309] Particle sorting: ON
*** B CALCULATION [GPU] ***
Execution time cycle: 241.8 ms  [sort=0.05129 field=117.189 da_wait=0.000141 mover+out=0.027273 exchange+sort+moments=48.7778 B=69.9803 momentsAwait=5.77398 outCopy=0.000641]
 ======= Cycle 310 ======= 
*** E CALCULATION [GPU] ***
*** MAXWELL SOLVER [GPU] ***
Initial residual: 0.196263 norm b vector (source) = 0.310953
GMRES converged at restart # 2; iteration #4 with error: 8.30787e-07
  [Cycle 310] Particle sorting: ON
*** B CALCULATION [GPU] ***
Execution time cycle: 241.555 ms  [sort=0.050769 field=116.913 da_wait=0.00016 mover+out=0.026913 exchange+sort+moments=48.8347 B=69.8629 momentsAwait=5.86541 outCopy=0.000521]
 ======= Cycle 311 ======= 
*** E CALCULATION [GPU] ***
*** MAXWELL SOLVER [GPU] ***
Initial residual: 0.196417 norm b vector (source) = 0.311053
GMRES converged at restart # 2; iteration #4 with error: 7.1707e-07
  [Cycle 311] Particle sorting: ON
*** B CALCULATION [GPU] ***
Execution time cycle: 241.539 ms  [sort=0.031862 field=117.062 da_wait=0.000111 mover+out=0.03127 exchange+sort+moments=48.6594 B=69.9089 momentsAwait=5.84424 outCopy=0.000531]
 ======= Cycle 312 ======= 
*** E CALCULATION [GPU] ***
*** MAXWELL SOLVER [GPU] ***
Initial residual: 0.196741 norm b vector (source) = 0.311457
GMRES converged at restart # 2; iteration #3 with error: 9.73025e-07
  [Cycle 312] Particle sorting: ON
*** B CALCULATION [GPU] ***
Execution time cycle: 239.247 ms  [sort=0.044777 field=115.091 da_wait=0.00014 mover+out=0.027053 exchange+sort+moments=48.6656 B=69.6234 momentsAwait=5.79429 outCopy=0.000671]
 ======= Cycle 313 ======= 
*** E CALCULATION [GPU] ***
*** MAXWELL SOLVER [GPU] ***
Initial residual: 0.197033 norm b vector (source) = 0.311922
GMRES converged at restart # 2; iteration #3 with error: 8.83315e-07
  [Cycle 313] Particle sorting: ON
*** B CALCULATION [GPU] ***
Execution time cycle: 238.859 ms  [sort=0.046851 field=114.467 da_wait=0.00012 mover+out=0.027354 exchange+sort+moments=48.552 B=69.9673 momentsAwait=5.79748 outCopy=0.000812]
 ======= Cycle 314 ======= 
*** E CALCULATION [GPU] ***
*** MAXWELL SOLVER [GPU] ***
Initial residual: 0.197116 norm b vector (source) = 0.312097
GMRES converged at restart # 2; iteration #3 with error: 8.41707e-07
  [Cycle 314] Particle sorting: ON
*** B CALCULATION [GPU] ***
Execution time cycle: 239.966 ms  [sort=0.048244 field=114.762 da_wait=0.00013 mover+out=0.026362 exchange+sort+moments=49.274 B=69.8234 momentsAwait=6.03096 outCopy=0.000711]
 ======= Cycle 315 ======= 
*** E CALCULATION [GPU] ***
*** MAXWELL SOLVER [GPU] ***
Initial residual: 0.197031 norm b vector (source) = 0.311949
GMRES converged at restart # 2; iteration #3 with error: 8.4669e-07
  [Cycle 315] Particle sorting: ON
*** B CALCULATION [GPU] ***
Execution time cycle: 240.091 ms  [sort=0.047973 field=115.033 da_wait=0.00013 mover+out=0.033335 exchange+sort+moments=49.0039 B=70.0518 momentsAwait=5.91953 outCopy=0.000752]
 ======= Cycle 316 ======= 
*** E CALCULATION [GPU] ***
*** MAXWELL SOLVER [GPU] ***
Initial residual: 0.197081 norm b vector (source) = 0.311756
GMRES converged at restart # 2; iteration #3 with error: 8.91012e-07
  [Cycle 316] Particle sorting: ON
*** B CALCULATION [GPU] ***
Execution time cycle: 239.536 ms  [sort=0.046039 field=114.541 da_wait=0.000101 mover+out=0.029637 exchange+sort+moments=49.1824 B=69.9227 momentsAwait=5.81389 outCopy=0.000531]
 ======= Cycle 317 ======= 
*** E CALCULATION [GPU] ***
*** MAXWELL SOLVER [GPU] ***
Initial residual: 0.196783 norm b vector (source) = 0.311303
GMRES converged at restart # 2; iteration #3 with error: 9.81525e-07
  [Cycle 317] Particle sorting: ON
*** B CALCULATION [GPU] ***
Execution time cycle: 239.486 ms  [sort=0.05155 field=114.894 da_wait=0.00013 mover+out=0.029567 exchange+sort+moments=48.7554 B=69.8961 momentsAwait=5.85878 outCopy=0.000451]
 ======= Cycle 318 ======= 
*** E CALCULATION [GPU] ***
*** MAXWELL SOLVER [GPU] ***
Initial residual: 0.196439 norm b vector (source) = 0.310745
GMRES converged at restart # 2; iteration #4 with error: 7.09412e-07
  [Cycle 318] Particle sorting: ON
*** B CALCULATION [GPU] ***
Execution time cycle: 242.179 ms  [sort=0.048314 field=117.393 da_wait=0.000131 mover+out=0.02601 exchange+sort+moments=49.2183 B=69.6682 momentsAwait=5.823 outCopy=0.001083]
 ======= Cycle 319 ======= 
*** E CALCULATION [GPU] ***
*** MAXWELL SOLVER [GPU] ***
Initial residual: 0.196148 norm b vector (source) = 0.310333
GMRES converged at restart # 2; iteration #4 with error: 7.92163e-07
  [Cycle 319] Particle sorting: ON
*** B CALCULATION [GPU] ***
Execution time cycle: 241.764 ms  [sort=0.05104 field=116.877 da_wait=0.0002 mover+out=0.026752 exchange+sort+moments=49.0197 B=69.7478 momentsAwait=6.04072 outCopy=0.000481]
 ======= Cycle 320 ======= 
*** E CALCULATION [GPU] ***
*** MAXWELL SOLVER [GPU] ***
Initial residual: 0.195907 norm b vector (source) = 0.310051
GMRES converged at restart # 2; iteration #4 with error: 8.60493e-07
  [Cycle 320] Particle sorting: ON
*** B CALCULATION [GPU] ***
Execution time cycle: 242.123 ms  [sort=0.032723 field=117.696 da_wait=0.000201 mover+out=0.026261 exchange+sort+moments=48.6266 B=69.8379 momentsAwait=5.90328 outCopy=0.000541]
 ======= Cycle 321 ======= 
*** E CALCULATION [GPU] ***
*** MAXWELL SOLVER [GPU] ***
Initial residual: 0.195744 norm b vector (source) = 0.309825
GMRES converged at restart # 2; iteration #4 with error: 8.88577e-07
  [Cycle 321] Particle sorting: ON
*** B CALCULATION [GPU] ***
Execution time cycle: 241.274 ms  [sort=0.044978 field=116.829 da_wait=0.00012 mover+out=0.028195 exchange+sort+moments=48.8346 B=69.7098 momentsAwait=5.82655 outCopy=0.000642]
 ======= Cycle 322 ======= 
*** E CALCULATION [GPU] ***
*** MAXWELL SOLVER [GPU] ***
Initial residual: 0.195685 norm b vector (source) = 0.309731
GMRES converged at restart # 2; iteration #4 with error: 8.69509e-07
  [Cycle 322] Particle sorting: ON
*** B CALCULATION [GPU] ***
Execution time cycle: 241.781 ms  [sort=0.046892 field=116.936 da_wait=0.00016 mover+out=0.030279 exchange+sort+moments=48.9325 B=69.9929 momentsAwait=5.84199 outCopy=0.000692]
 ======= Cycle 323 ======= 
*** E CALCULATION [GPU] ***
*** MAXWELL SOLVER [GPU] ***
Initial residual: 0.195632 norm b vector (source) = 0.309684
GMRES converged at restart # 2; iteration #4 with error: 8.02601e-07
  [Cycle 323] Particle sorting: ON
*** B CALCULATION [GPU] ***
Execution time cycle: 241.705 ms  [sort=0.047131 field=117.219 da_wait=0.000131 mover+out=0.027343 exchange+sort+moments=48.7351 B=69.7979 momentsAwait=5.87743 outCopy=0.000381]
 ======= Cycle 324 ======= 
*** E CALCULATION [GPU] ***
*** MAXWELL SOLVER [GPU] ***
Initial residual: 0.195541 norm b vector (source) = 0.309493
GMRES converged at restart # 2; iteration #4 with error: 7.0982e-07
  [Cycle 324] Particle sorting: ON
*** B CALCULATION [GPU] ***
Execution time cycle: 242.298 ms  [sort=0.049205 field=117.194 da_wait=0.00012 mover+out=0.028025 exchange+sort+moments=49.2793 B=69.9219 momentsAwait=5.82394 outCopy=0.001122]
 ======= Cycle 325 ======= 
*** E CALCULATION [GPU] ***
*** MAXWELL SOLVER [GPU] ***
Initial residual: 0.195852 norm b vector (source) = 0.309627
GMRES converged at restart # 2; iteration #3 with error: 9.4965e-07
  [Cycle 325] Particle sorting: ON
*** B CALCULATION [GPU] ***
Execution time cycle: 239.118 ms  [sort=0.050267 field=114.364 da_wait=0.00013 mover+out=0.030048 exchange+sort+moments=48.7399 B=69.9883 momentsAwait=5.94573 outCopy=0.000471]
 ======= Cycle 326 ======= 
*** E CALCULATION [GPU] ***
*** MAXWELL SOLVER [GPU] ***
Initial residual: 0.196179 norm b vector (source) = 0.310005
GMRES converged at restart # 2; iteration #3 with error: 8.33012e-07
  [Cycle 326] Particle sorting: ON
*** B CALCULATION [GPU] ***
Execution time cycle: 239.494 ms  [sort=0.049686 field=114.902 da_wait=0.00016 mover+out=0.029077 exchange+sort+moments=48.7457 B=69.9088 momentsAwait=5.85792 outCopy=0.000562]
 ======= Cycle 327 ======= 
*** E CALCULATION [GPU] ***
*** MAXWELL SOLVER [GPU] ***
Initial residual: 0.19655 norm b vector (source) = 0.31051
GMRES converged at restart # 2; iteration #3 with error: 8.21902e-07
  [Cycle 327] Particle sorting: ON
*** B CALCULATION [GPU] ***
Execution time cycle: 236.278 ms  [sort=0.047693 field=111.709 da_wait=0.00013 mover+out=0.030439 exchange+sort+moments=48.9622 B=69.7014 momentsAwait=5.82715 outCopy=0.000582]
 ======= Cycle 328 ======= 
*** E CALCULATION [GPU] ***
*** MAXWELL SOLVER [GPU] ***
Initial residual: 0.197085 norm b vector (source) = 0.31122
GMRES converged at restart # 2; iteration #3 with error: 7.68133e-07
  [Cycle 328] Particle sorting: ON
*** B CALCULATION [GPU] ***
Execution time cycle: 235.792 ms  [sort=0.049696 field=111.514 da_wait=0.000121 mover+out=0.029086 exchange+sort+moments=48.5787 B=69.7944 momentsAwait=5.82543 outCopy=0.000631]
 ======= Cycle 329 ======= 
*** E CALCULATION [GPU] ***
*** MAXWELL SOLVER [GPU] ***
Initial residual: 0.197573 norm b vector (source) = 0.311888
GMRES converged at restart # 2; iteration #3 with error: 7.37641e-07
  [Cycle 329] Particle sorting: ON
*** B CALCULATION [GPU] ***
Execution time cycle: 236.511 ms  [sort=0.031711 field=112.265 da_wait=0.00013 mover+out=0.026251 exchange+sort+moments=48.642 B=69.7319 momentsAwait=5.81365 outCopy=0.000461]
 ======= Cycle 330 ======= 
*** E CALCULATION [GPU] ***
*** MAXWELL SOLVER [GPU] ***
Initial residual: 0.198031 norm b vector (source) = 0.312457
GMRES converged at restart # 2; iteration #3 with error: 7.30856e-07
  [Cycle 330] Particle sorting: ON
*** B CALCULATION [GPU] ***
Execution time cycle: 235.341 ms  [sort=0.052943 field=111.185 da_wait=0.000141 mover+out=0.029357 exchange+sort+moments=48.4334 B=69.7124 momentsAwait=5.92749 outCopy=0.000521]
 ======= Cycle 331 ======= 
*** E CALCULATION [GPU] ***
*** MAXWELL SOLVER [GPU] ***
Initial residual: 0.198107 norm b vector (source) = 0.312646
GMRES converged at restart # 2; iteration #3 with error: 7.51752e-07
  [Cycle 331] Particle sorting: ON
*** B CALCULATION [GPU] ***
Execution time cycle: 236.537 ms  [sort=0.046711 field=112.167 da_wait=0.000221 mover+out=0.028265 exchange+sort+moments=48.5628 B=69.8958 momentsAwait=5.83641 outCopy=0.000481]
 ======= Cycle 332 ======= 
*** E CALCULATION [GPU] ***
*** MAXWELL SOLVER [GPU] ***
Initial residual: 0.198094 norm b vector (source) = 0.312676
GMRES converged at restart # 2; iteration #3 with error: 8.06577e-07
  [Cycle 332] Particle sorting: ON
*** B CALCULATION [GPU] ***
Execution time cycle: 240.799 ms  [sort=0.044487 field=111.811 da_wait=0.00012 mover+out=0.032994 exchange+sort+moments=48.8941 B=69.951 momentsAwait=10.0648 outCopy=0.000521]
 ======= Cycle 333 ======= 
*** E CALCULATION [GPU] ***
*** MAXWELL SOLVER [GPU] ***
Initial residual: 0.197779 norm b vector (source) = 0.312494
GMRES converged at restart # 2; iteration #3 with error: 8.17922e-07
  [Cycle 333] Particle sorting: ON
*** B CALCULATION [GPU] ***
Execution time cycle: 240.77 ms  [sort=0.050117 field=114.665 da_wait=0.00013 mover+out=0.029437 exchange+sort+moments=48.72 B=71.3928 momentsAwait=5.91283 outCopy=0.000381]
 ======= Cycle 334 ======= 
*** E CALCULATION [GPU] ***
*** MAXWELL SOLVER [GPU] ***
Initial residual: 0.19737 norm b vector (source) = 0.312193
GMRES converged at restart # 2; iteration #3 with error: 9.00399e-07
  [Cycle 334] Particle sorting: ON
*** B CALCULATION [GPU] ***
Execution time cycle: 239.776 ms  [sort=0.046971 field=114.365 da_wait=0.00011 mover+out=0.03074 exchange+sort+moments=49.3985 B=70.0627 momentsAwait=5.87195 outCopy=0.000612]
 ======= Cycle 335 ======= 
*** E CALCULATION [GPU] ***
*** MAXWELL SOLVER [GPU] ***
Initial residual: 0.197143 norm b vector (source) = 0.311917
GMRES converged at restart # 2; iteration #3 with error: 9.5886e-07
  [Cycle 335] Particle sorting: ON
*** B CALCULATION [GPU] ***
Execution time cycle: 240.445 ms  [sort=0.047252 field=115.622 da_wait=0.00016 mover+out=0.027584 exchange+sort+moments=48.9579 B=69.9095 momentsAwait=5.88033 outCopy=0.000551]
 ======= Cycle 336 ======= 
*** E CALCULATION [GPU] ***
*** MAXWELL SOLVER [GPU] ***
Initial residual: 0.196881 norm b vector (source) = 0.311471
GMRES converged at restart # 2; iteration #3 with error: 9.74173e-07
  [Cycle 336] Particle sorting: ON
*** B CALCULATION [GPU] ***
Execution time cycle: 240.205 ms  [sort=0.048113 field=115.081 da_wait=0.00013 mover+out=0.028125 exchange+sort+moments=49.3381 B=69.8474 momentsAwait=5.86205 outCopy=0.000541]
 ======= Cycle 337 ======= 
*** E CALCULATION [GPU] ***
*** MAXWELL SOLVER [GPU] ***
Initial residual: 0.196656 norm b vector (source) = 0.310996
GMRES converged at restart # 2; iteration #3 with error: 9.45113e-07
  [Cycle 337] Particle sorting: ON
*** B CALCULATION [GPU] ***
Execution time cycle: 240.774 ms  [sort=0.051149 field=115.714 da_wait=0.000161 mover+out=0.030409 exchange+sort+moments=49.2597 B=69.854 momentsAwait=5.86376 outCopy=0.000541]
 ======= Cycle 338 ======= 
*** E CALCULATION [GPU] ***
*** MAXWELL SOLVER [GPU] ***
Initial residual: 0.196697 norm b vector (source) = 0.310803
GMRES converged at restart # 2; iteration #3 with error: 8.84502e-07
  [Cycle 338] Particle sorting: ON
*** B CALCULATION [GPU] ***
Execution time cycle: 239.674 ms  [sort=0.037793 field=115.212 da_wait=0.000111 mover+out=0.030308 exchange+sort+moments=48.7248 B=69.8521 momentsAwait=5.81724 outCopy=0.000341]
 ======= Cycle 339 ======= 
*** E CALCULATION [GPU] ***
*** MAXWELL SOLVER [GPU] ***
Initial residual: 0.196724 norm b vector (source) = 0.310843
GMRES converged at restart # 2; iteration #3 with error: 8.14808e-07
  [Cycle 339] Particle sorting: ON
*** B CALCULATION [GPU] ***
Execution time cycle: 240.384 ms  [sort=0.050378 field=115.401 da_wait=0.00024 mover+out=0.029287 exchange+sort+moments=49.2011 B=69.7702 momentsAwait=5.93168 outCopy=0.000521]
 ======= Cycle 340 ======= 
*** E CALCULATION [GPU] ***
*** MAXWELL SOLVER [GPU] ***
Initial residual: 0.19679 norm b vector (source) = 0.311023
GMRES converged at restart # 2; iteration #3 with error: 8.10514e-07
  [Cycle 340] Particle sorting: ON
*** B CALCULATION [GPU] ***
Execution time cycle: 237.483 ms  [sort=0.036822 field=112.831 da_wait=0.00015 mover+out=0.028185 exchange+sort+moments=48.7716 B=69.8649 momentsAwait=5.94971 outCopy=0.000551]
 ======= Cycle 341 ======= 
*** E CALCULATION [GPU] ***
*** MAXWELL SOLVER [GPU] ***
Initial residual: 0.19687 norm b vector (source) = 0.311374
GMRES converged at restart # 2; iteration #3 with error: 7.46936e-07
  [Cycle 341] Particle sorting: ON
*** B CALCULATION [GPU] ***
Execution time cycle: 237.415 ms  [sort=0.049717 field=112.558 da_wait=0.00013 mover+out=0.026552 exchange+sort+moments=48.9792 B=69.8764 momentsAwait=5.92449 outCopy=0.000451]
 ======= Cycle 342 ======= 
*** E CALCULATION [GPU] ***
*** MAXWELL SOLVER [GPU] ***
Initial residual: 0.196728 norm b vector (source) = 0.311555
GMRES converged at restart # 2; iteration #3 with error: 6.9598e-07
  [Cycle 342] Particle sorting: ON
*** B CALCULATION [GPU] ***
Execution time cycle: 237.123 ms  [sort=0.048654 field=112.361 da_wait=0.00014 mover+out=0.027213 exchange+sort+moments=48.9379 B=69.911 momentsAwait=5.83609 outCopy=0.000611]
 ======= Cycle 343 ======= 
*** E CALCULATION [GPU] ***
*** MAXWELL SOLVER [GPU] ***
Initial residual: 0.196698 norm b vector (source) = 0.311584
GMRES converged at restart # 2; iteration #2 with error: 9.86019e-07
  [Cycle 343] Particle sorting: ON
*** B CALCULATION [GPU] ***
Execution time cycle: 235.47 ms  [sort=0.047742 field=110.391 da_wait=0.00015 mover+out=0.030069 exchange+sort+moments=49.0847 B=70.0218 momentsAwait=5.8947 outCopy=0.000451]
 ======= Cycle 344 ======= 
*** E CALCULATION [GPU] ***
*** MAXWELL SOLVER [GPU] ***
Initial residual: 0.196484 norm b vector (source) = 0.311263
GMRES converged at restart # 2; iteration #2 with error: 9.46897e-07
  [Cycle 344] Particle sorting: ON
*** B CALCULATION [GPU] ***
Execution time cycle: 235.091 ms  [sort=0.0466 field=109.844 da_wait=0.00016 mover+out=0.028255 exchange+sort+moments=49.1271 B=70.091 momentsAwait=5.95341 outCopy=0.000471]
 ======= Cycle 345 ======= 
*** E CALCULATION [GPU] ***
*** MAXWELL SOLVER [GPU] ***
Initial residual: 0.196427 norm b vector (source) = 0.310883
GMRES converged at restart # 2; iteration #2 with error: 9.34045e-07
  [Cycle 345] Particle sorting: ON
*** B CALCULATION [GPU] ***
Execution time cycle: 234.894 ms  [sort=0.049045 field=109.87 da_wait=0.00013 mover+out=0.028726 exchange+sort+moments=49.2822 B=69.8196 momentsAwait=5.84369 outCopy=0.000541]
 ======= Cycle 346 ======= 
*** E CALCULATION [GPU] ***
*** MAXWELL SOLVER [GPU] ***
Initial residual: 0.196354 norm b vector (source) = 0.310617
GMRES converged at restart # 2; iteration #2 with error: 9.55387e-07
  [Cycle 346] Particle sorting: ON
*** B CALCULATION [GPU] ***
Execution time cycle: 234.437 ms  [sort=0.04645 field=110.068 da_wait=0.000111 mover+out=0.028375 exchange+sort+moments=48.5118 B=69.8849 momentsAwait=5.89706 outCopy=0.000711]
 ======= Cycle 347 ======= 
*** E CALCULATION [GPU] ***
*** MAXWELL SOLVER [GPU] ***
Initial residual: 0.196044 norm b vector (source) = 0.310063
GMRES converged at restart # 2; iteration #3 with error: 6.7267e-07
  [Cycle 347] Particle sorting: ON
*** B CALCULATION [GPU] ***
Execution time cycle: 236.78 ms  [sort=0.034267 field=112.214 da_wait=0.00013 mover+out=0.030529 exchange+sort+moments=48.7415 B=69.8314 momentsAwait=5.92809 outCopy=0.000531]
 ======= Cycle 348 ======= 
*** E CALCULATION [GPU] ***
*** MAXWELL SOLVER [GPU] ***
Initial residual: 0.195918 norm b vector (source) = 0.309561
GMRES converged at restart # 2; iteration #3 with error: 7.28666e-07
  [Cycle 348] Particle sorting: ON
*** B CALCULATION [GPU] ***
Execution time cycle: 238.222 ms  [sort=0.048213 field=113.064 da_wait=0.00013 mover+out=0.026331 exchange+sort+moments=49.4057 B=69.776 momentsAwait=5.90109 outCopy=0.000661]
 ======= Cycle 349 ======= 
*** E CALCULATION [GPU] ***
*** MAXWELL SOLVER [GPU] ***
Initial residual: 0.1959 norm b vector (source) = 0.309274
GMRES converged at restart # 2; iteration #3 with error: 7.87305e-07
  [Cycle 349] Particle sorting: ON
*** B CALCULATION [GPU] ***
Execution time cycle: 236.752 ms  [sort=0.049386 field=112.075 da_wait=0.00014 mover+out=0.031121 exchange+sort+moments=48.9319 B=69.7933 momentsAwait=5.87036 outCopy=0.000491]
 ======= Cycle 350 ======= 
*** E CALCULATION [GPU] ***
*** MAXWELL SOLVER [GPU] ***
Initial residual: 0.196056 norm b vector (source) = 0.309265
GMRES converged at restart # 2; iteration #3 with error: 8.28703e-07
  [Cycle 350] Particle sorting: ON
*** B CALCULATION [GPU] ***
Execution time cycle: 251.615 ms  [sort=14.0861 field=112.965 da_wait=0.000521 mover+out=0.024337 exchange+sort+moments=48.7911 B=69.8736 momentsAwait=5.87441 outCopy=0.000511]
 ======= Cycle 351 ======= 
*** E CALCULATION [GPU] ***
*** MAXWELL SOLVER [GPU] ***
Initial residual: 0.196155 norm b vector (source) = 0.309389
GMRES converged at restart # 2; iteration #3 with error: 8.39937e-07
  [Cycle 351] Particle sorting: ON
*** B CALCULATION [GPU] ***
Execution time cycle: 237.134 ms  [sort=0.049476 field=112.336 da_wait=0.000121 mover+out=0.029848 exchange+sort+moments=48.8734 B=69.9684 momentsAwait=5.87539 outCopy=0.000551]
 ======= Cycle 352 ======= 
*** E CALCULATION [GPU] ***
*** MAXWELL SOLVER [GPU] ***
Initial residual: 0.196337 norm b vector (source) = 0.309574
GMRES converged at restart # 2; iteration #3 with error: 8.19064e-07
  [Cycle 352] Particle sorting: ON
*** B CALCULATION [GPU] ***
Execution time cycle: 237.551 ms  [sort=0.04648 field=112.616 da_wait=0.0001 mover+out=0.026251 exchange+sort+moments=48.9931 B=70.011 momentsAwait=5.85719 outCopy=0.000711]
 ======= Cycle 353 ======= 
*** E CALCULATION [GPU] ***
*** MAXWELL SOLVER [GPU] ***
Initial residual: 0.196574 norm b vector (source) = 0.309806
GMRES converged at restart # 2; iteration #3 with error: 7.82462e-07
  [Cycle 353] Particle sorting: ON
*** B CALCULATION [GPU] ***
Execution time cycle: 237.181 ms  [sort=0.0519 field=112.316 da_wait=0.000111 mover+out=0.026972 exchange+sort+moments=48.9119 B=69.9816 momentsAwait=5.89135 outCopy=0.000541]
 ======= Cycle 354 ======= 
*** E CALCULATION [GPU] ***
*** MAXWELL SOLVER [GPU] ***
Initial residual: 0.19662 norm b vector (source) = 0.309879
GMRES converged at restart # 2; iteration #3 with error: 7.36168e-07
  [Cycle 354] Particle sorting: ON
*** B CALCULATION [GPU] ***
Execution time cycle: 237.695 ms  [sort=0.049136 field=112.928 da_wait=0.00012 mover+out=0.027513 exchange+sort+moments=48.9531 B=69.8104 momentsAwait=5.92705 outCopy=0.000361]
 ======= Cycle 355 ======= 
*** E CALCULATION [GPU] ***
*** MAXWELL SOLVER [GPU] ***
Initial residual: 0.196692 norm b vector (source) = 0.309907
GMRES converged at restart # 2; iteration #3 with error: 6.93284e-07
  [Cycle 355] Particle sorting: ON
*** B CALCULATION [GPU] ***
Execution time cycle: 237.413 ms  [sort=0.049406 field=112.349 da_wait=0.00015 mover+out=0.029969 exchange+sort+moments=49.1596 B=69.8603 momentsAwait=5.96431 outCopy=0.000381]
 ======= Cycle 356 ======= 
*** E CALCULATION [GPU] ***
*** MAXWELL SOLVER [GPU] ***
Initial residual: 0.196879 norm b vector (source) = 0.310075
GMRES converged at restart # 2; iteration #2 with error: 9.90751e-07
  [Cycle 356] Particle sorting: ON
*** B CALCULATION [GPU] ***
Execution time cycle: 234.473 ms  [sort=0.032543 field=109.643 da_wait=0.00011 mover+out=0.028415 exchange+sort+moments=49.0014 B=69.9105 momentsAwait=5.8564 outCopy=0.000601]
 ======= Cycle 357 ======= 
*** E CALCULATION [GPU] ***
*** MAXWELL SOLVER [GPU] ***
Initial residual: 0.196903 norm b vector (source) = 0.310184
GMRES converged at restart # 2; iteration #2 with error: 9.42934e-07
  [Cycle 357] Particle sorting: ON
*** B CALCULATION [GPU] ***
Execution time cycle: 235.272 ms  [sort=0.047232 field=110.324 da_wait=0.00011 mover+out=0.02596 exchange+sort+moments=49.0607 B=69.8931 momentsAwait=5.92059 outCopy=0.000481]
 ======= Cycle 358 ======= 
*** E CALCULATION [GPU] ***
*** MAXWELL SOLVER [GPU] ***
Initial residual: 0.196948 norm b vector (source) = 0.310198
GMRES converged at restart # 2; iteration #2 with error: 8.93856e-07
  [Cycle 358] Particle sorting: ON
*** B CALCULATION [GPU] ***
Execution time cycle: 235.299 ms  [sort=0.050027 field=110.456 da_wait=0.00012 mover+out=0.024257 exchange+sort+moments=49.0452 B=69.8275 momentsAwait=5.89547 outCopy=0.000552]
 ======= Cycle 359 ======= 
*** E CALCULATION [GPU] ***
*** MAXWELL SOLVER [GPU] ***
Initial residual: 0.196981 norm b vector (source) = 0.31023
GMRES converged at restart # 2; iteration #2 with error: 8.49562e-07
  [Cycle 359] Particle sorting: ON
*** B CALCULATION [GPU] ***
Execution time cycle: 235.135 ms  [sort=0.048925 field=110.132 da_wait=0.00014 mover+out=0.030319 exchange+sort+moments=49.1296 B=69.9301 momentsAwait=5.8632 outCopy=0.00045]
 ======= Cycle 360 ======= 
*** E CALCULATION [GPU] ***
*** MAXWELL SOLVER [GPU] ***
Initial residual: 0.197019 norm b vector (source) = 0.310292
GMRES converged at restart # 2; iteration #2 with error: 8.15908e-07
  [Cycle 360] Particle sorting: ON
*** B CALCULATION [GPU] ***
Execution time cycle: 235.924 ms  [sort=0.045719 field=110.766 da_wait=0.00012 mover+out=0.028856 exchange+sort+moments=49.305 B=69.8577 momentsAwait=5.91988 outCopy=0.000671]
 ======= Cycle 361 ======= 
*** E CALCULATION [GPU] ***
*** MAXWELL SOLVER [GPU] ***
Initial residual: 0.196975 norm b vector (source) = 0.310354
GMRES converged at restart # 2; iteration #2 with error: 8.05104e-07
  [Cycle 361] Particle sorting: ON
*** B CALCULATION [GPU] ***
Execution time cycle: 235.345 ms  [sort=0.047302 field=110.049 da_wait=0.00014 mover+out=0.031301 exchange+sort+moments=49.4023 B=69.9014 momentsAwait=5.91305 outCopy=0.000702]
 ======= Cycle 362 ======= 
*** E CALCULATION [GPU] ***
*** MAXWELL SOLVER [GPU] ***
Initial residual: 0.196842 norm b vector (source) = 0.310372
GMRES converged at restart # 2; iteration #2 with error: 8.26382e-07
  [Cycle 362] Particle sorting: ON
*** B CALCULATION [GPU] ***
Execution time cycle: 235.856 ms  [sort=0.037984 field=110.199 da_wait=0.000111 mover+out=0.03106 exchange+sort+moments=49.3279 B=69.8459 momentsAwait=6.41354 outCopy=0.000531]
 ======= Cycle 363 ======= 
*** E CALCULATION [GPU] ***
*** MAXWELL SOLVER [GPU] ***
Initial residual: 0.197005 norm b vector (source) = 0.310672
GMRES converged at restart # 2; iteration #2 with error: 8.73352e-07
  [Cycle 363] Particle sorting: ON
*** B CALCULATION [GPU] ***
Execution time cycle: 234.749 ms  [sort=0.04598 field=110.341 da_wait=0.00013 mover+out=0.025009 exchange+sort+moments=48.6178 B=69.8642 momentsAwait=5.85435 outCopy=0.000481]
 ======= Cycle 364 ======= 
*** E CALCULATION [GPU] ***
*** MAXWELL SOLVER [GPU] ***
Initial residual: 0.19699 norm b vector (source) = 0.310987
GMRES converged at restart # 2; iteration #2 with error: 9.25884e-07
  [Cycle 364] Particle sorting: ON
*** B CALCULATION [GPU] ***
Execution time cycle: 234.515 ms  [sort=0.045779 field=109.835 da_wait=0.00011 mover+out=0.031712 exchange+sort+moments=48.8512 B=69.7832 momentsAwait=5.96765 outCopy=0.000632]
 ======= Cycle 365 ======= 
*** E CALCULATION [GPU] ***
*** MAXWELL SOLVER [GPU] ***
Initial residual: 0.196698 norm b vector (source) = 0.310919
GMRES converged at restart # 2; iteration #2 with error: 9.59537e-07
  [Cycle 365] Particle sorting: ON
*** B CALCULATION [GPU] ***
Execution time cycle: 234.759 ms  [sort=0.038575 field=109.91 da_wait=0.00013 mover+out=0.028937 exchange+sort+moments=49.0895 B=69.7515 momentsAwait=5.94018 outCopy=0.000632]
 ======= Cycle 366 ======= 
*** E CALCULATION [GPU] ***
*** MAXWELL SOLVER [GPU] ***
Initial residual: 0.1963 norm b vector (source) = 0.310524
GMRES converged at restart # 2; iteration #2 with error: 9.67071e-07
  [Cycle 366] Particle sorting: ON
*** B CALCULATION [GPU] ***
Execution time cycle: 235.986 ms  [sort=0.048805 field=111.035 da_wait=0.000141 mover+out=0.031681 exchange+sort+moments=48.9903 B=69.9596 momentsAwait=5.91942 outCopy=0.000571]
 ======= Cycle 367 ======= 
*** E CALCULATION [GPU] ***
*** MAXWELL SOLVER [GPU] ***
Initial residual: 0.195989 norm b vector (source) = 0.310034
GMRES converged at restart # 2; iteration #2 with error: 9.56154e-07
  [Cycle 367] Particle sorting: ON
*** B CALCULATION [GPU] ***
Execution time cycle: 235.165 ms  [sort=0.049666 field=109.907 da_wait=0.00013 mover+out=0.033796 exchange+sort+moments=49.3387 B=69.9301 momentsAwait=5.90484 outCopy=0.000471]
 ======= Cycle 368 ======= 
*** E CALCULATION [GPU] ***
*** MAXWELL SOLVER [GPU] ***
Initial residual: 0.195908 norm b vector (source) = 0.309697
GMRES converged at restart # 2; iteration #2 with error: 9.46903e-07
  [Cycle 368] Particle sorting: ON
*** B CALCULATION [GPU] ***
Execution time cycle: 236.045 ms  [sort=0.047663 field=109.946 da_wait=0.00013 mover+out=0.028054 exchange+sort+moments=49.7139 B=69.9452 momentsAwait=6.36343 outCopy=0.000541]
 ======= Cycle 369 ======= 
*** E CALCULATION [GPU] ***
*** MAXWELL SOLVER [GPU] ***
Initial residual: 0.196043 norm b vector (source) = 0.309572
GMRES converged at restart # 2; iteration #2 with error: 9.4683e-07
  [Cycle 369] Particle sorting: ON
*** B CALCULATION [GPU] ***
Execution time cycle: 235.345 ms  [sort=0.047402 field=110.368 da_wait=0.00011 mover+out=0.0255 exchange+sort+moments=49.0429 B=69.9202 momentsAwait=5.94116 outCopy=0.000641]
 ======= Cycle 370 ======= 
*** E CALCULATION [GPU] ***
*** MAXWELL SOLVER [GPU] ***
Initial residual: 0.196356 norm b vector (source) = 0.309695
GMRES converged at restart # 2; iteration #2 with error: 9.53898e-07
  [Cycle 370] Particle sorting: ON
*** B CALCULATION [GPU] ***
Execution time cycle: 235.044 ms  [sort=0.049306 field=110.169 da_wait=0.00011 mover+out=0.02552 exchange+sort+moments=48.9722 B=69.9302 momentsAwait=5.89728 outCopy=0.000461]
 ======= Cycle 371 ======= 
*** E CALCULATION [GPU] ***
*** MAXWELL SOLVER [GPU] ***
Initial residual: 0.196661 norm b vector (source) = 0.309988
GMRES converged at restart # 2; iteration #2 with error: 9.60222e-07
  [Cycle 371] Particle sorting: ON
*** B CALCULATION [GPU] ***
Execution time cycle: 235.859 ms  [sort=0.040729 field=110.959 da_wait=0.00011 mover+out=0.033636 exchange+sort+moments=48.9811 B=69.9242 momentsAwait=5.91983 outCopy=0.000371]
 ======= Cycle 372 ======= 
*** E CALCULATION [GPU] ***
*** MAXWELL SOLVER [GPU] ***
Initial residual: 0.19685 norm b vector (source) = 0.310284
GMRES converged at restart # 2; iteration #2 with error: 9.53305e-07
  [Cycle 372] Particle sorting: ON
*** B CALCULATION [GPU] ***
Execution time cycle: 235.564 ms  [sort=0.038465 field=110.743 da_wait=0.00012 mover+out=0.029968 exchange+sort+moments=48.8774 B=69.9179 momentsAwait=5.95721 outCopy=0.000391]
 ======= Cycle 373 ======= 
*** E CALCULATION [GPU] ***
*** MAXWELL SOLVER [GPU] ***
Initial residual: 0.196954 norm b vector (source) = 0.310452
GMRES converged at restart # 2; iteration #2 with error: 9.18577e-07
  [Cycle 373] Particle sorting: ON
*** B CALCULATION [GPU] ***
Execution time cycle: 235.616 ms  [sort=0.037933 field=110.767 da_wait=0.00018 mover+out=0.028866 exchange+sort+moments=48.9543 B=69.9444 momentsAwait=5.88348 outCopy=0.00035]
 ======= Cycle 374 ======= 
*** E CALCULATION [GPU] ***
*** MAXWELL SOLVER [GPU] ***
Initial residual: 0.197199 norm b vector (source) = 0.310641
GMRES converged at restart # 2; iteration #2 with error: 8.53773e-07
  [Cycle 374] Particle sorting: ON
*** B CALCULATION [GPU] ***
Execution time cycle: 235.089 ms  [sort=0.033145 field=110.398 da_wait=0.00012 mover+out=0.028275 exchange+sort+moments=48.7941 B=69.9254 momentsAwait=5.90913 outCopy=0.000441]
 ======= Cycle 375 ======= 
*** E CALCULATION [GPU] ***
*** MAXWELL SOLVER [GPU] ***
Initial residual: 0.197283 norm b vector (source) = 0.310669
GMRES converged at restart # 2; iteration #2 with error: 7.86184e-07
  [Cycle 375] Particle sorting: ON
*** B CALCULATION [GPU] ***
Execution time cycle: 235.872 ms  [sort=0.040218 field=110.858 da_wait=0.00012 mover+out=0.024738 exchange+sort+moments=49.0963 B=69.9303 momentsAwait=5.92192 outCopy=0.00034]
 ======= Cycle 376 ======= 
*** E CALCULATION [GPU] ***
*** MAXWELL SOLVER [GPU] ***
Initial residual: 0.197227 norm b vector (source) = 0.310563
GMRES converged at restart # 2; iteration #2 with error: 8.25431e-07
  [Cycle 376] Particle sorting: ON
*** B CALCULATION [GPU] ***
Execution time cycle: 232.993 ms  [sort=0.039577 field=107.77 da_wait=0.00012 mover+out=0.029658 exchange+sort+moments=49.2603 B=69.9489 momentsAwait=5.94421 outCopy=0.000271]
 ======= Cycle 377 ======= 
*** E CALCULATION [GPU] ***
*** MAXWELL SOLVER [GPU] ***
Initial residual: 0.197156 norm b vector (source) = 0.310319
GMRES converged at restart # 2; iteration #2 with error: 8.06575e-07
  [Cycle 377] Particle sorting: ON
*** B CALCULATION [GPU] ***
Execution time cycle: 234.092 ms  [sort=0.049075 field=108.514 da_wait=0.000121 mover+out=0.028705 exchange+sort+moments=49.4802 B=70.0686 momentsAwait=5.95139 outCopy=0.00026]
 ======= Cycle 378 ======= 
*** E CALCULATION [GPU] ***
*** MAXWELL SOLVER [GPU] ***
Initial residual: 0.196937 norm b vector (source) = 0.30997
GMRES converged at restart # 2; iteration #2 with error: 8.21198e-07
  [Cycle 378] Particle sorting: ON
*** B CALCULATION [GPU] ***
Execution time cycle: 232.268 ms  [sort=0.039387 field=107.699 da_wait=0.00012 mover+out=0.030279 exchange+sort+moments=48.6254 B=69.9121 momentsAwait=5.96145 outCopy=0.000341]
 ======= Cycle 379 ======= 
*** E CALCULATION [GPU] ***
*** MAXWELL SOLVER [GPU] ***
Initial residual: 0.19668 norm b vector (source) = 0.309582
GMRES converged at restart # 2; iteration #1 with error: 9.94509e-07
  [Cycle 379] Particle sorting: ON
*** B CALCULATION [GPU] ***
Execution time cycle: 233.252 ms  [sort=0.039647 field=108.518 da_wait=0.00013 mover+out=0.029828 exchange+sort+moments=48.8687 B=69.9387 momentsAwait=5.85636 outCopy=0.000741]
 ======= Cycle 380 ======= 
*** E CALCULATION [GPU] ***
*** MAXWELL SOLVER [GPU] ***
Initial residual: 0.196258 norm b vector (source) = 0.309082
GMRES converged at restart # 2; iteration #2 with error: 7.86352e-07
  [Cycle 380] Particle sorting: ON
*** B CALCULATION [GPU] ***
Execution time cycle: 235.379 ms  [sort=0.049607 field=110.341 da_wait=0.00015 mover+out=0.028746 exchange+sort+moments=49.0825 B=69.9354 momentsAwait=5.94096 outCopy=0.000451]
 ======= Cycle 381 ======= 
*** E CALCULATION [GPU] ***
*** MAXWELL SOLVER [GPU] ***
Initial residual: 0.196076 norm b vector (source) = 0.308772
GMRES converged at restart # 2; iteration #2 with error: 8.12992e-07
  [Cycle 381] Particle sorting: ON
*** B CALCULATION [GPU] ***
Execution time cycle: 235.888 ms  [sort=0.04149 field=110.679 da_wait=0.00011 mover+out=0.028746 exchange+sort+moments=49.2632 B=69.9308 momentsAwait=5.9443 outCopy=0.000572]
 ======= Cycle 382 ======= 
*** E CALCULATION [GPU] ***
*** MAXWELL SOLVER [GPU] ***
Initial residual: 0.195929 norm b vector (source) = 0.308504
GMRES converged at restart # 2; iteration #2 with error: 8.36103e-07
  [Cycle 382] Particle sorting: ON
*** B CALCULATION [GPU] ***
Execution time cycle: 235.201 ms  [sort=0.041781 field=110.628 da_wait=0.00011 mover+out=0.027363 exchange+sort+moments=48.7326 B=69.8185 momentsAwait=5.95285 outCopy=0.000631]
 ======= Cycle 383 ======= 
*** E CALCULATION [GPU] ***
*** MAXWELL SOLVER [GPU] ***
Initial residual: 0.195783 norm b vector (source) = 0.308262
GMRES converged at restart # 2; iteration #2 with error: 8.60597e-07
  [Cycle 383] Particle sorting: ON
*** B CALCULATION [GPU] ***
Execution time cycle: 236.311 ms  [sort=0.053944 field=111.388 da_wait=0.000111 mover+out=0.029166 exchange+sort+moments=48.9097 B=69.8712 momentsAwait=6.05863 outCopy=0.000481]
 ======= Cycle 384 ======= 
*** E CALCULATION [GPU] ***
*** MAXWELL SOLVER [GPU] ***
Initial residual: 0.195839 norm b vector (source) = 0.308276
GMRES converged at restart # 2; iteration #2 with error: 8.96118e-07
  [Cycle 384] Particle sorting: ON
*** B CALCULATION [GPU] ***
Execution time cycle: 235.186 ms  [sort=0.044526 field=110.531 da_wait=0.000111 mover+out=0.034727 exchange+sort+moments=48.8047 B=69.8527 momentsAwait=5.91849 outCopy=0.000481]
 ======= Cycle 385 ======= 
*** E CALCULATION [GPU] ***
*** MAXWELL SOLVER [GPU] ***
Initial residual: 0.195755 norm b vector (source) = 0.308191
GMRES converged at restart # 2; iteration #2 with error: 9.32199e-07
  [Cycle 385] Particle sorting: ON
*** B CALCULATION [GPU] ***
Execution time cycle: 234.822 ms  [sort=0.044898 field=110.556 da_wait=0.000131 mover+out=0.028605 exchange+sort+moments=48.3943 B=69.8581 momentsAwait=5.9392 outCopy=0.000471]
 ======= Cycle 386 ======= 
*** E CALCULATION [GPU] ***
*** MAXWELL SOLVER [GPU] ***
Initial residual: 0.19569 norm b vector (source) = 0.308074
GMRES converged at restart # 2; iteration #2 with error: 9.51465e-07
  [Cycle 386] Particle sorting: ON
*** B CALCULATION [GPU] ***
Execution time cycle: 235.82 ms  [sort=0.045247 field=110.216 da_wait=0.00011 mover+out=0.029447 exchange+sort+moments=49.5814 B=69.9599 momentsAwait=5.98681 outCopy=0.000521]
 ======= Cycle 387 ======= 
*** E CALCULATION [GPU] ***
*** MAXWELL SOLVER [GPU] ***
Initial residual: 0.195569 norm b vector (source) = 0.307985
GMRES converged at restart # 2; iteration #2 with error: 9.44794e-07
  [Cycle 387] Particle sorting: ON
*** B CALCULATION [GPU] ***
Execution time cycle: 236.275 ms  [sort=0.050648 field=110.876 da_wait=0.0001 mover+out=0.027444 exchange+sort+moments=49.4616 B=69.9761 momentsAwait=5.88328 outCopy=0.000481]
 ======= Cycle 388 ======= 
*** E CALCULATION [GPU] ***
*** MAXWELL SOLVER [GPU] ***
Initial residual: 0.195647 norm b vector (source) = 0.308089
GMRES converged at restart # 2; iteration #2 with error: 9.14087e-07
  [Cycle 388] Particle sorting: ON
*** B CALCULATION [GPU] ***
Execution time cycle: 235.479 ms  [sort=0.050338 field=110.481 da_wait=0.00012 mover+out=0.025249 exchange+sort+moments=49.0997 B=69.8953 momentsAwait=5.92627 outCopy=0.000481]
 ======= Cycle 389 ======= 
*** E CALCULATION [GPU] ***
*** MAXWELL SOLVER [GPU] ***
Initial residual: 0.19543 norm b vector (source) = 0.308076
GMRES converged at restart # 2; iteration #2 with error: 8.69356e-07
  [Cycle 389] Particle sorting: ON
*** B CALCULATION [GPU] ***
Execution time cycle: 235.816 ms  [sort=0.050578 field=111.145 da_wait=0.00012 mover+out=0.026491 exchange+sort+moments=48.7968 B=69.8513 momentsAwait=5.94594 outCopy=0.000451]
 ======= Cycle 390 ======= 
*** E CALCULATION [GPU] ***
*** MAXWELL SOLVER [GPU] ***
Initial residual: 0.195376 norm b vector (source) = 0.308
GMRES converged at restart # 2; iteration #2 with error: 8.19518e-07
  [Cycle 390] Particle sorting: ON
*** B CALCULATION [GPU] ***
Execution time cycle: 235.256 ms  [sort=0.049997 field=110.549 da_wait=0.000131 mover+out=0.030319 exchange+sort+moments=48.8622 B=69.8403 momentsAwait=5.92397 outCopy=0.000631]
 ======= Cycle 391 ======= 
*** E CALCULATION [GPU] ***
*** MAXWELL SOLVER [GPU] ***
Initial residual: 0.195214 norm b vector (source) = 0.307784
GMRES converged at restart # 2; iteration #2 with error: 7.71793e-07
  [Cycle 391] Particle sorting: ON
*** B CALCULATION [GPU] ***
Execution time cycle: 235.468 ms  [sort=0.047372 field=110.479 da_wait=0.00013 mover+out=0.030559 exchange+sort+moments=49.1476 B=69.8714 momentsAwait=5.89141 outCopy=0.00044]
 ======= Cycle 392 ======= 
*** E CALCULATION [GPU] ***
*** MAXWELL SOLVER [GPU] ***
Initial residual: 0.195198 norm b vector (source) = 0.307532
GMRES converged at restart # 2; iteration #2 with error: 8.2085e-07
  [Cycle 392] Particle sorting: ON
*** B CALCULATION [GPU] ***
Execution time cycle: 232.544 ms  [sort=0.043595 field=107.494 da_wait=0.00012 mover+out=0.034116 exchange+sort+moments=48.8541 B=69.788 momentsAwait=6.32889 outCopy=0.000501]
 ======= Cycle 393 ======= 
*** E CALCULATION [GPU] ***
*** MAXWELL SOLVER [GPU] ***
Initial residual: 0.195242 norm b vector (source) = 0.307451
GMRES converged at restart # 2; iteration #2 with error: 8.04593e-07
  [Cycle 393] Particle sorting: ON
*** B CALCULATION [GPU] ***
Execution time cycle: 232.353 ms  [sort=0.046831 field=107.641 da_wait=0.00018 mover+out=0.026321 exchange+sort+moments=48.8026 B=69.9108 momentsAwait=5.92528 outCopy=0.000601]
 ======= Cycle 394 ======= 
*** E CALCULATION [GPU] ***
*** MAXWELL SOLVER [GPU] ***
Initial residual: 0.195141 norm b vector (source) = 0.307299
GMRES converged at restart # 2; iteration #2 with error: 8.04174e-07
  [Cycle 394] Particle sorting: ON
*** B CALCULATION [GPU] ***
Execution time cycle: 234.531 ms  [sort=0.047933 field=108.842 da_wait=0.00012 mover+out=0.029037 exchange+sort+moments=49.7 B=69.9434 momentsAwait=5.96768 outCopy=0.000531]
 ======= Cycle 395 ======= 
*** E CALCULATION [GPU] ***
*** MAXWELL SOLVER [GPU] ***
Initial residual: 0.194922 norm b vector (source) = 0.307121
GMRES converged at restart # 2; iteration #2 with error: 8.21028e-07
  [Cycle 395] Particle sorting: ON
*** B CALCULATION [GPU] ***
Execution time cycle: 233.611 ms  [sort=0.04633 field=108.121 da_wait=0.00013 mover+out=0.026401 exchange+sort+moments=49.2163 B=70.3426 momentsAwait=5.85837 outCopy=0.000701]
 ======= Cycle 396 ======= 
*** E CALCULATION [GPU] ***
*** MAXWELL SOLVER [GPU] ***
Initial residual: 0.195105 norm b vector (source) = 0.307226
GMRES converged at restart # 2; iteration #2 with error: 7.67692e-07
  [Cycle 396] Particle sorting: ON
*** B CALCULATION [GPU] ***
Execution time cycle: 235.613 ms  [sort=0.045458 field=110.256 da_wait=0.00013 mover+out=0.030449 exchange+sort+moments=49.3392 B=69.9978 momentsAwait=5.94297 outCopy=0.000541]
 ======= Cycle 397 ======= 
*** E CALCULATION [GPU] ***
*** MAXWELL SOLVER [GPU] ***
Initial residual: 0.19538 norm b vector (source) = 0.307557
GMRES converged at restart # 2; iteration #2 with error: 8.24057e-07
  [Cycle 397] Particle sorting: ON
*** B CALCULATION [GPU] ***
Execution time cycle: 235.33 ms  [sort=0.04631 field=110.243 da_wait=0.000211 mover+out=0.029768 exchange+sort+moments=49.0233 B=70.0357 momentsAwait=5.95187 outCopy=0.000351]
 ======= Cycle 398 ======= 
*** E CALCULATION [GPU] ***
*** MAXWELL SOLVER [GPU] ***
Initial residual: 0.195629 norm b vector (source) = 0.307882
GMRES converged at restart # 2; iteration #2 with error: 9.10987e-07
  [Cycle 398] Particle sorting: ON
*** B CALCULATION [GPU] ***
Execution time cycle: 235.779 ms  [sort=0.037633 field=110.711 da_wait=0.00013 mover+out=0.02562 exchange+sort+moments=49.0622 B=69.9921 momentsAwait=5.9496 outCopy=0.00046]
 ======= Cycle 399 ======= 
*** E CALCULATION [GPU] ***
*** MAXWELL SOLVER [GPU] ***
Initial residual: 0.195695 norm b vector (source) = 0.307883
GMRES converged at restart # 2; iteration #3 with error: 6.80367e-07
  [Cycle 399] Particle sorting: ON
*** B CALCULATION [GPU] ***
Execution time cycle: 1796.04 ms  [sort=0.041521 field=112.406 da_wait=0.000181 mover+out=0.026501 exchange+sort+moments=49.0535 B=69.9015 momentsAwait=5.94848 outCopy=1558.66]


*** SIMULATION ENDED SUCESSFULLY ***
 Simulation Time: 113.524 sec (0.0315343 hours)
***

