
Number of processes = 32
-------------------------
Number of threads = 6
-------------------------

Virtual Cartesian Processors Topology
-------------------------------------
Processors grid: 4x4x2
Periodicity X: 1
Periodicity Y: 0
Periodicity Z: 1


Simulation Parameters
---------------------
Number of species    = 4
qom[0] = -64
qom[1] = 1
qom[2] = -64
qom[3] = 1
x-Length                 = 10
y-Length                 = 13.3333
z-Length                 = 10
Number of cells (x)      = 256
Number of cells (y)      = 256
Number of cells (z)      = 128
Time step                = 0.15
Number of cycles         = 400
Results saved in  : data
Case type         : GEM
Simulation name   : weakGEM3D_N4
Smoothing         : on (alpha=0.2, Niter=6)
---------------------
EM Field Boundary Conditions
---------------------
Xleft  : 0 (perfect conductor)
Xright : 0 (perfect conductor)
Yleft  : 0 (perfect conductor)
Yright : 0 (perfect conductor)
Zleft  : 0 (perfect conductor)
Zright : 0 (perfect conductor)
SAL (absorbing layer): no
---------------------
Particle Boundary Conditions
---------------------
Xleft  : 1 (perfect mirror)
Xright : 1 (perfect mirror)
Yleft  : 1 (perfect mirror)
Yright : 1 (perfect mirror)
Zleft  : 1 (perfect mirror)
Zright : 1 (perfect mirror)
E inflow BCs in GMRes : yes (applied per-face where bcPface == 2)
---------------------
Field Corrections
---------------------
Poisson div(E) correction  : no
div(B) cleaning            : no
---------------------
Planet Boundary
---------------------
Reflection type            : 0 (specular)
---------------------
Exosphere Ionization
---------------------
Status                     : disabled
---------------------
Check Simulation Constraints
---------------------
Accuracy Constraint:  
u_th < dx/dt species 0.....OK
v_th < dy/dt species 0......OK
u_th < dx/dt species 1.....OK
v_th < dy/dt species 1......OK
u_th < dx/dt species 2.....OK
v_th < dy/dt species 2......OK
u_th < dx/dt species 3.....OK
v_th < dy/dt species 3......OK

Finite Grid Stability Constraint:  
OK u_th*dt/dx (species 0) = 0.1728 > .1
OK v_th*dt/dy (species 0) = 0.1296 > .1
WARNING. u_th*dt/dx (species 1) = 0.048384 < .1
WARNING. v_th*dt/dy (species 1) = 0.036288 < .1
OK u_th*dt/dx (species 2) = 0.1728 > .1
OK v_th*dt/dy (species 2) = 0.1296 > .1
WARNING. u_th*dt/dx (species 3) = 0.048384 < .1
WARNING. v_th*dt/dy (species 3) = 0.036288 < .1

CFL Condition (c*dt/dx < 1):  
---------------------
Speed of light c     = 1
Time step dt         = 0.15
Grid spacing dx      = 0.0390625
Grid spacing dy      = 0.0520833
Grid spacing dz      = 0.078125
c*dt/dx              = 3.84  WARNING: CFL VIOLATED!
c*dt/dy              = 2.88  WARNING: CFL VIOLATED!
c*dt/dz              = 1.92  WARNING: CFL VIOLATED!
c*dt*|1/dx|          = 5.16976  WARNING: multi-dim CFL VIOLATED!

Numerical Resolution Parameters:  
---------------------
Larmor radius / dx (species 0) = 0.923077  (rL = 0.0360577, Omega_c*dt = 0.1872)
Larmor radius / dx (species 1) = 16.5415  (rL = 0.646154, Omega_c*dt = 0.002925)
Larmor radius / dx (species 2) = 0.923077  (rL = 0.0360577, Omega_c*dt = 0.1872)
Larmor radius / dx (species 3) = 16.5415  (rL = 0.646154, Omega_c*dt = 0.002925)
Species 0 (qom=-64): omega_p = 8, d_s/dx = 3.2, omega_p*dt = 1.2  OK
Species 1 (qom=1): omega_p = 1, d_s/dx = 25.6, omega_p*dt = 0.15  OK
Species 2 (qom=-64): omega_p = 2.52982, d_s/dx = 10.1193, omega_p*dt = 0.379473  OK
Species 3 (qom=1): omega_p = 0.316228, d_s/dx = 80.9543, omega_p*dt = 0.0474342  OK

Estimated Memory Per Rank
---------------------
Local grid (with ghosts): 66x66x66 cells, 67x67x67 nodes
HOST:   EMfields = 307.853 MB, particles = 4096 MB, comm = 409.6 MB, field buf = 53.4397 MB
        TOTAL = 4866.89 MB (4.75283 GB)
DEVICE: particles = 5734.4 MB, buffers = 1561.6 MB, moments = 91.7856 MB, field = 53.4397 MB, sort = 1088.36 MB
        TOTAL = 8529.59 MB (8.32967 GB)  (+ 500 MB CUDA context)
COMBINED = 13396.5 MB (13.0825 GB)
---------------------
------------------------------------------
Initialize GEM Challenge with Perturbation
------------------------------------------
B0x                              = 0.0195
B0y                              = 0
B0z                              = 0
Delta (current sheet thickness) = 0.5
rho species 0 = 1 DRIFTING 
rho species 1 = 1 DRIFTING 
rho species 2 = 0.1 BACKGROUND 
rho species 3 = 0.1 BACKGROUND 
-------------------------
(19.0) WARNING init(), IOManager.cpp:128: Selected particle backend requires HDF5 (compile with USE_HDF5=ON). Particle output disabled.
(19.0) WARNING init(), IOManager.cpp:133: Selected restart backend requires HDF5 (compile with USE_HDF5=ON). Restart output disabled.
(18.0) WARNING init(), IOManager.cpp:128: Selected particle backend requires HDF5 (compile with USE_HDF5=ON). Particle output disabled.
(18.0) WARNING init(), IOManager.cpp:133: Selected restart backend requires HDF5 (compile with USE_HDF5=ON). Restart output disabled.
(3.0) WARNING init(), IOManager.cpp:128: Selected particle backend requires HDF5 (compile with USE_HDF5=ON). Particle output disabled.
(3.0) WARNING init(), IOManager.cpp:133: Selected restart backend requires HDF5 (compile with USE_HDF5=ON). Restart output disabled.
(2.0) WARNING init(), IOManager.cpp:128: Selected particle backend requires HDF5 (compile with USE_HDF5=ON). Particle output disabled.
(2.0) WARNING init(), IOManager.cpp:133: Selected restart backend requires HDF5 (compile with USE_HDF5=ON). Restart output disabled.
(26.0) WARNING init(), IOManager.cpp:128: Selected particle backend requires HDF5 (compile with USE_HDF5=ON). Particle output disabled.
(26.0) WARNING init(), IOManager.cpp:133: Selected restart backend requires HDF5 (compile with USE_HDF5=ON). Restart output disabled.
(27.0) WARNING init(), IOManager.cpp:128: Selected particle backend requires HDF5 (compile with USE_HDF5=ON). Particle output disabled.
(27.0) WARNING init(), IOManager.cpp:133: Selected restart backend requires HDF5 (compile with USE_HDF5=ON). Restart output disabled.
(10.0) WARNING init(), IOManager.cpp:128: Selected particle backend requires HDF5 (compile with USE_HDF5=ON). Particle output disabled.
(10.0) WARNING init(), IOManager.cpp:133: Selected restart backend requires HDF5 (compile with USE_HDF5=ON). Restart output disabled.
(11.0) WARNING init(), IOManager.cpp:128: Selected particle backend requires HDF5 (compile with USE_HDF5=ON). Particle output disabled.
(11.0) WARNING init(), IOManager.cpp:133: Selected restart backend requires HDF5 (compile with USE_HDF5=ON). Restart output disabled.
(16.0) WARNING init(), IOManager.cpp:128: Selected particle backend requires HDF5 (compile with USE_HDF5=ON). Particle output disabled.
(16.0) WARNING init(), IOManager.cpp:133: Selected restart backend requires HDF5 (compile with USE_HDF5=ON). Restart output disabled.
(17.0) WARNING init(), IOManager.cpp:128: Selected particle backend requires HDF5 (compile with USE_HDF5=ON). Particle output disabled.
(17.0) WARNING init(), IOManager.cpp:133: Selected restart backend requires HDF5 (compile with USE_HDF5=ON). Restart output disabled.
(6.0) WARNING init(), IOManager.cpp:128: Selected particle backend requires HDF5 (compile with USE_HDF5=ON). Particle output disabled.
(6.0) WARNING init(), IOManager.cpp:133: Selected restart backend requires HDF5 (compile with USE_HDF5=ON). Restart output disabled.
(7.0) WARNING init(), IOManager.cpp:128: Selected particle backend requires HDF5 (compile with USE_HDF5=ON). Particle output disabled.
(7.0) WARNING init(), IOManager.cpp:133: Selected restart backend requires HDF5 (compile with USE_HDF5=ON). Restart output disabled.
(22.0) WARNING init(), IOManager.cpp:128: Selected particle backend requires HDF5 (compile with USE_HDF5=ON). Particle output disabled.
(22.0) WARNING init(), IOManager.cpp:133: Selected restart backend requires HDF5 (compile with USE_HDF5=ON). Restart output disabled.
(23.0) WARNING init(), IOManager.cpp:128: Selected particle backend requires HDF5 (compile with USE_HDF5=ON). Particle output disabled.
(23.0) WARNING init(), IOManager.cpp:133: Selected restart backend requires HDF5 (compile with USE_HDF5=ON). Restart output disabled.
(20.0) WARNING init(), IOManager.cpp:128: Selected particle backend requires HDF5 (compile with USE_HDF5=ON). Particle output disabled.
(20.0) WARNING init(), IOManager.cpp:133: Selected restart backend requires HDF5 (compile with USE_HDF5=ON). Restart output disabled.
(21.0) WARNING init(), IOManager.cpp:128: Selected particle backend requires HDF5 (compile with USE_HDF5=ON). Particle output disabled.
(21.0) WARNING init(), IOManager.cpp:133: Selected restart backend requires HDF5 (compile with USE_HDF5=ON). Restart output disabled.
(24.0) WARNING init(), IOManager.cpp:128: Selected particle backend requires HDF5 (compile with USE_HDF5=ON). Particle output disabled.
(24.0) WARNING init(), IOManager.cpp:133: Selected restart backend requires HDF5 (compile with USE_HDF5=ON). Restart output disabled.
(30.0) WARNING init(), IOManager.cpp:128: Selected particle backend requires HDF5 (compile with USE_HDF5=ON). Particle output disabled.
(30.0) WARNING init(), IOManager.cpp:133: Selected restart backend requires HDF5 (compile with USE_HDF5=ON). Restart output disabled.
(25.0) WARNING init(), IOManager.cpp:128: Selected particle backend requires HDF5 (compile with USE_HDF5=ON). Particle output disabled.
(25.0) WARNING init(), IOManager.cpp:133: Selected restart backend requires HDF5 (compile with USE_HDF5=ON). Restart output disabled.
(28.0) WARNING init(), IOManager.cpp:128: Selected particle backend requires HDF5 (compile with USE_HDF5=ON). Particle output disabled.
(28.0) WARNING init(), IOManager.cpp:133: Selected restart backend requires HDF5 (compile with USE_HDF5=ON). Restart output disabled.
(29.0) WARNING init(), IOManager.cpp:128: Selected particle backend requires HDF5 (compile with USE_HDF5=ON). Particle output disabled.
(29.0) WARNING init(), IOManager.cpp:133: Selected restart backend requires HDF5 (compile with USE_HDF5=ON). Restart output disabled.
(31.0) WARNING init(), IOManager.cpp:128: Selected particle backend requires HDF5 (compile with USE_HDF5=ON). Particle output disabled.
(31.0) WARNING init(), IOManager.cpp:133: Selected restart backend requires HDF5 (compile with USE_HDF5=ON). Restart output disabled.
(0.0) WARNING init(), IOManager.cpp:128: Selected particle backend requires HDF5 (compile with USE_HDF5=ON). Particle output disabled.
(0.0) WARNING init(), IOManager.cpp:133: Selected restart backend requires HDF5 (compile with USE_HDF5=ON). Restart output disabled.
(1.0) WARNING init(), IOManager.cpp:128: Selected particle backend requires HDF5 (compile with USE_HDF5=ON). Particle output disabled.
(1.0) WARNING init(), IOManager.cpp:133: Selected restart backend requires HDF5 (compile with USE_HDF5=ON). Restart output disabled.
(4.0) WARNING init(), IOManager.cpp:128: Selected particle backend requires HDF5 (compile with USE_HDF5=ON). Particle output disabled.
(4.0) WARNING init(), IOManager.cpp:133: Selected restart backend requires HDF5 (compile with USE_HDF5=ON). Restart output disabled.
(5.0) WARNING init(), IOManager.cpp:128: Selected particle backend requires HDF5 (compile with USE_HDF5=ON). Particle output disabled.
(5.0) WARNING init(), IOManager.cpp:133: Selected restart backend requires HDF5 (compile with USE_HDF5=ON). Restart output disabled.
(9.0) WARNING init(), IOManager.cpp:128: Selected particle backend requires HDF5 (compile with USE_HDF5=ON). Particle output disabled.
(9.0) WARNING init(), IOManager.cpp:133: Selected restart backend requires HDF5 (compile with USE_HDF5=ON). Restart output disabled.
(14.0) WARNING init(), IOManager.cpp:128: Selected particle backend requires HDF5 (compile with USE_HDF5=ON). Particle output disabled.
(14.0) WARNING init(), IOManager.cpp:133: Selected restart backend requires HDF5 (compile with USE_HDF5=ON). Restart output disabled.
(8.0) WARNING init(), IOManager.cpp:128: Selected particle backend requires HDF5 (compile with USE_HDF5=ON). Particle output disabled.
(8.0) WARNING init(), IOManager.cpp:133: Selected restart backend requires HDF5 (compile with USE_HDF5=ON). Restart output disabled.
(15.0) WARNING init(), IOManager.cpp:128: Selected particle backend requires HDF5 (compile with USE_HDF5=ON). Particle output disabled.
(15.0) WARNING init(), IOManager.cpp:133: Selected restart backend requires HDF5 (compile with USE_HDF5=ON). Restart output disabled.
(12.0) WARNING init(), IOManager.cpp:128: Selected particle backend requires HDF5 (compile with USE_HDF5=ON). Particle output disabled.
(12.0) WARNING init(), IOManager.cpp:133: Selected restart backend requires HDF5 (compile with USE_HDF5=ON). Restart output disabled.
(13.0) WARNING init(), IOManager.cpp:128: Selected particle backend requires HDF5 (compile with USE_HDF5=ON). Particle output disabled.
(13.0) WARNING init(), IOManager.cpp:133: Selected restart backend requires HDF5 (compile with USE_HDF5=ON). Restart output disabled.
CUDA Init finished
 ======= Cycle 0 ======= 
*** E CALCULATION [GPU] ***
*** MAXWELL SOLVER [GPU] ***
Initial residual: 0.592318 norm b vector (source) = 0.592315
GMRES converged at restart # 2; iteration #2 with error: 8.72655e-07
  [Cycle 0] Particle sorting: ON
*** B CALCULATION [GPU] ***
Execution time cycle: 1816.67 ms  [sort=18.0252 field=119.55 da_wait=0.009679 mover+out=1535.91 exchange+sort+moments=73.6666 B=63.0534 momentsAwait=6.45038 outCopy=0.002395]
 ======= Cycle 1 ======= 
*** E CALCULATION [GPU] ***
*** MAXWELL SOLVER [GPU] ***
Initial residual: 0.440744 norm b vector (source) = 0.764903
GMRES converged at restart # 2; iteration #4 with error: 7.55629e-07
  [Cycle 1] Particle sorting: ON
*** B CALCULATION [GPU] ***
Execution time cycle: 264.459 ms  [sort=0.042442 field=125.61 da_wait=0.00014 mover+out=0.039617 exchange+sort+moments=62.4484 B=69.8122 momentsAwait=6.5054 outCopy=0.000711]
 ======= Cycle 2 ======= 
*** E CALCULATION [GPU] ***
*** MAXWELL SOLVER [GPU] ***
Initial residual: 0.419239 norm b vector (source) = 0.387121
GMRES converged at restart # 2; iteration #5 with error: 9.02493e-07
  [Cycle 2] Particle sorting: ON
*** B CALCULATION [GPU] ***
Execution time cycle: 262.152 ms  [sort=0.059415 field=128.19 da_wait=0.00013 mover+out=0.03124 exchange+sort+moments=57.4832 B=69.8729 momentsAwait=6.51493 outCopy=0.000651]
 ======= Cycle 3 ======= 
*** E CALCULATION [GPU] ***
*** MAXWELL SOLVER [GPU] ***
Initial residual: 0.260325 norm b vector (source) = 0.503239
GMRES converged at restart # 2; iteration #4 with error: 8.94468e-07
  [Cycle 3] Particle sorting: ON
*** B CALCULATION [GPU] ***
Execution time cycle: 256.775 ms  [sort=0.057721 field=125.522 da_wait=0.00014 mover+out=0.03614 exchange+sort+moments=54.8781 B=69.7758 momentsAwait=6.50527 outCopy=0.000652]
 ======= Cycle 4 ======= 
*** E CALCULATION [GPU] ***
*** MAXWELL SOLVER [GPU] ***
Initial residual: 0.304054 norm b vector (source) = 0.402308
GMRES converged at restart # 2; iteration #5 with error: 8.86054e-07
  [Cycle 4] Particle sorting: ON
*** B CALCULATION [GPU] ***
Execution time cycle: 257.161 ms  [sort=0.057832 field=128.128 da_wait=0.00014 mover+out=0.032122 exchange+sort+moments=52.7794 B=69.7099 momentsAwait=6.45268 outCopy=0.000581]
 ======= Cycle 5 ======= 
*** E CALCULATION [GPU] ***
*** MAXWELL SOLVER [GPU] ***
Initial residual: 0.24942 norm b vector (source) = 0.433138
GMRES converged at restart # 2; iteration #5 with error: 6.70495e-07
  [Cycle 5] Particle sorting: ON
*** B CALCULATION [GPU] ***
Execution time cycle: 255.536 ms  [sort=0.05657 field=127.937 da_wait=0.000141 mover+out=0.033525 exchange+sort+moments=51.2294 B=69.8146 momentsAwait=6.46456 outCopy=0.000531]
 ======= Cycle 6 ======= 
*** E CALCULATION [GPU] ***
*** MAXWELL SOLVER [GPU] ***
Initial residual: 0.260271 norm b vector (source) = 0.424126
GMRES converged at restart # 2; iteration #5 with error: 8.63905e-07
  [Cycle 6] Particle sorting: ON
*** B CALCULATION [GPU] ***
Execution time cycle: 261.771 ms  [sort=0.050528 field=133.129 da_wait=0.00014 mover+out=0.031401 exchange+sort+moments=52.113 B=69.9799 momentsAwait=6.46561 outCopy=0.000581]
 ======= Cycle 7 ======= 
*** E CALCULATION [GPU] ***
*** MAXWELL SOLVER [GPU] ***
Initial residual: 0.254521 norm b vector (source) = 0.417534
GMRES converged at restart # 2; iteration #5 with error: 9.5938e-07
  [Cycle 7] Particle sorting: ON
*** B CALCULATION [GPU] ***
Execution time cycle: 256.003 ms  [sort=0.059104 field=127.652 da_wait=0.00012 mover+out=0.040308 exchange+sort+moments=51.7915 B=69.9846 momentsAwait=6.47447 outCopy=0.000631]
 ======= Cycle 8 ======= 
*** E CALCULATION [GPU] ***
*** MAXWELL SOLVER [GPU] ***
Initial residual: 0.256176 norm b vector (source) = 0.415112
GMRES converged at restart # 2; iteration #6 with error: 6.78903e-07
  [Cycle 8] Particle sorting: ON
*** B CALCULATION [GPU] ***
Execution time cycle: 258.716 ms  [sort=0.035128 field=130.471 da_wait=0.000131 mover+out=0.031551 exchange+sort+moments=51.9316 B=69.7797 momentsAwait=6.46667 outCopy=0.000691]
 ======= Cycle 9 ======= 
*** E CALCULATION [GPU] ***
*** MAXWELL SOLVER [GPU] ***
Initial residual: 0.257837 norm b vector (source) = 0.413087
GMRES converged at restart # 2; iteration #6 with error: 7.55381e-07
  [Cycle 9] Particle sorting: ON
*** B CALCULATION [GPU] ***
Execution time cycle: 258.658 ms  [sort=0.055026 field=130.515 da_wait=0.00013 mover+out=0.03083 exchange+sort+moments=51.6874 B=69.8759 momentsAwait=6.49287 outCopy=0.000992]
 ======= Cycle 10 ======= 
*** E CALCULATION [GPU] ***
*** MAXWELL SOLVER [GPU] ***
Initial residual: 0.260111 norm b vector (source) = 0.412743
GMRES converged at restart # 2; iteration #6 with error: 8.66422e-07
  [Cycle 10] Particle sorting: ON
*** B CALCULATION [GPU] ***
Execution time cycle: 263.241 ms  [sort=0.049726 field=135.565 da_wait=0.00013 mover+out=0.031421 exchange+sort+moments=50.9304 B=70.1009 momentsAwait=6.56218 outCopy=0.000501]
 ======= Cycle 11 ======= 
*** E CALCULATION [GPU] ***
*** MAXWELL SOLVER [GPU] ***
Initial residual: 0.262556 norm b vector (source) = 0.414125
GMRES converged at restart # 2; iteration #7 with error: 7.01933e-07
  [Cycle 11] Particle sorting: ON
*** B CALCULATION [GPU] ***
Execution time cycle: 278.386 ms  [sort=0.053193 field=150.19 da_wait=0.000141 mover+out=0.027343 exchange+sort+moments=51.7227 B=69.8823 momentsAwait=6.50928 outCopy=0.000701]
 ======= Cycle 12 ======= 
*** E CALCULATION [GPU] ***
*** MAXWELL SOLVER [GPU] ***
Initial residual: 0.264714 norm b vector (source) = 0.417018
GMRES converged at restart # 2; iteration #7 with error: 7.41441e-07
  [Cycle 12] Particle sorting: ON
*** B CALCULATION [GPU] ***
Execution time cycle: 269.331 ms  [sort=0.050728 field=141.646 da_wait=0.00012 mover+out=0.03087 exchange+sort+moments=51.0789 B=69.9331 momentsAwait=6.59082 outCopy=0.000501]
 ======= Cycle 13 ======= 
*** E CALCULATION [GPU] ***
*** MAXWELL SOLVER [GPU] ***
Initial residual: 0.266806 norm b vector (source) = 0.420744
GMRES converged at restart # 2; iteration #7 with error: 8.73618e-07
  [Cycle 13] Particle sorting: ON
*** B CALCULATION [GPU] ***
Execution time cycle: 269.524 ms  [sort=0.04615 field=141.603 da_wait=0.00014 mover+out=0.032022 exchange+sort+moments=51.5584 B=69.7583 momentsAwait=6.52549 outCopy=0.00043]
 ======= Cycle 14 ======= 
*** E CALCULATION [GPU] ***
*** MAXWELL SOLVER [GPU] ***
Initial residual: 0.269142 norm b vector (source) = 0.424665
GMRES converged at restart # 2; iteration #7 with error: 9.91015e-07
  [Cycle 14] Particle sorting: ON
*** B CALCULATION [GPU] ***
Execution time cycle: 269.123 ms  [sort=0.044065 field=142.166 da_wait=0.00013 mover+out=0.032584 exchange+sort+moments=50.5486 B=69.7882 momentsAwait=6.54238 outCopy=0.000511]
 ======= Cycle 15 ======= 
*** E CALCULATION [GPU] ***
*** MAXWELL SOLVER [GPU] ***
Initial residual: 0.271286 norm b vector (source) = 0.428122
GMRES converged at restart # 2; iteration #8 with error: 7.28582e-07
  [Cycle 15] Particle sorting: ON
*** B CALCULATION [GPU] ***
Execution time cycle: 266.981 ms  [sort=0.047532 field=139.237 da_wait=0.00014 mover+out=0.03109 exchange+sort+moments=51.0896 B=70.0328 momentsAwait=6.5431 outCopy=0.000341]
 ======= Cycle 16 ======= 
*** E CALCULATION [GPU] ***
*** MAXWELL SOLVER [GPU] ***
Initial residual: 0.273252 norm b vector (source) = 0.430911
GMRES converged at restart # 2; iteration #8 with error: 7.62818e-07
  [Cycle 16] Particle sorting: ON
*** B CALCULATION [GPU] ***
Execution time cycle: 278.185 ms  [sort=0.045739 field=149.773 da_wait=0.00014 mover+out=0.033345 exchange+sort+moments=51.7796 B=69.97 momentsAwait=6.58306 outCopy=0.000491]
 ======= Cycle 17 ======= 
*** E CALCULATION [GPU] ***
*** MAXWELL SOLVER [GPU] ***
Initial residual: 0.275081 norm b vector (source) = 0.433204
GMRES converged at restart # 2; iteration #8 with error: 7.85862e-07
  [Cycle 17] Particle sorting: ON
*** B CALCULATION [GPU] ***
Execution time cycle: 277.468 ms  [sort=0.034878 field=149.303 da_wait=0.000141 mover+out=0.029858 exchange+sort+moments=51.8215 B=69.7629 momentsAwait=6.51512 outCopy=0.000421]
 ======= Cycle 18 ======= 
*** E CALCULATION [GPU] ***
*** MAXWELL SOLVER [GPU] ***
Initial residual: 0.276617 norm b vector (source) = 0.434979
GMRES converged at restart # 2; iteration #8 with error: 8.00309e-07
  [Cycle 18] Particle sorting: ON
*** B CALCULATION [GPU] ***
Execution time cycle: 292.788 ms  [sort=0.045749 field=165.097 da_wait=0.00011 mover+out=0.03615 exchange+sort+moments=51.3109 B=69.8642 momentsAwait=6.43336 outCopy=0.000421]
 ======= Cycle 19 ======= 
*** E CALCULATION [GPU] ***
*** MAXWELL SOLVER [GPU] ***
Initial residual: 0.278121 norm b vector (source) = 0.436579
GMRES converged at restart # 2; iteration #8 with error: 8.09624e-07
  [Cycle 19] Particle sorting: ON
*** B CALCULATION [GPU] ***
Execution time cycle: 266.38 ms  [sort=0.048964 field=138.955 da_wait=0.000141 mover+out=0.032032 exchange+sort+moments=50.7253 B=70.133 momentsAwait=6.48399 outCopy=0.000652]
 ======= Cycle 20 ======= 
*** E CALCULATION [GPU] ***
*** MAXWELL SOLVER [GPU] ***
Initial residual: 0.279276 norm b vector (source) = 0.437895
GMRES converged at restart # 2; iteration #8 with error: 8.34547e-07
  [Cycle 20] Particle sorting: ON
*** B CALCULATION [GPU] ***
Execution time cycle: 266.639 ms  [sort=0.050108 field=139.139 da_wait=0.00012 mover+out=0.033615 exchange+sort+moments=51.0835 B=69.8381 momentsAwait=6.49383 outCopy=0.000501]
 ======= Cycle 21 ======= 
*** E CALCULATION [GPU] ***
*** MAXWELL SOLVER [GPU] ***
Initial residual: 0.280484 norm b vector (source) = 0.439256
GMRES converged at restart # 2; iteration #8 with error: 8.73435e-07
  [Cycle 21] Particle sorting: ON
*** B CALCULATION [GPU] ***
Execution time cycle: 266.686 ms  [sort=0.053804 field=138.768 da_wait=0.00021 mover+out=0.029989 exchange+sort+moments=51.5076 B=69.9144 momentsAwait=6.41172 outCopy=0.000611]
 ======= Cycle 22 ======= 
*** E CALCULATION [GPU] ***
*** MAXWELL SOLVER [GPU] ***
Initial residual: 0.281903 norm b vector (source) = 0.441138
GMRES converged at restart # 2; iteration #8 with error: 9.0445e-07
  [Cycle 22] Particle sorting: ON
*** B CALCULATION [GPU] ***
Execution time cycle: 266.061 ms  [sort=0.049035 field=138.722 da_wait=0.00014 mover+out=0.03114 exchange+sort+moments=50.9456 B=69.8314 momentsAwait=6.48095 outCopy=0.000411]
 ======= Cycle 23 ======= 
*** E CALCULATION [GPU] ***
*** MAXWELL SOLVER [GPU] ***
Initial residual: 0.282933 norm b vector (source) = 0.442922
GMRES converged at restart # 2; iteration #8 with error: 9.47149e-07
  [Cycle 23] Particle sorting: ON
*** B CALCULATION [GPU] ***
Execution time cycle: 272.775 ms  [sort=0.051941 field=145.135 da_wait=0.00013 mover+out=0.029758 exchange+sort+moments=51.1773 B=69.8875 momentsAwait=6.49345 outCopy=0.000431]
 ======= Cycle 24 ======= 
*** E CALCULATION [GPU] ***
*** MAXWELL SOLVER [GPU] ***
Initial residual: 0.283657 norm b vector (source) = 0.44419
GMRES converged at restart # 2; iteration #8 with error: 9.99231e-07
  [Cycle 24] Particle sorting: ON
*** B CALCULATION [GPU] ***
Execution time cycle: 272.095 ms  [sort=0.049877 field=144.505 da_wait=0.00014 mover+out=0.031832 exchange+sort+moments=51.0367 B=69.988 momentsAwait=6.4837 outCopy=0.00042]
 ======= Cycle 25 ======= 
*** E CALCULATION [GPU] ***
*** MAXWELL SOLVER [GPU] ***
Initial residual: 0.284223 norm b vector (source) = 0.445134
GMRES converged at restart # 3; iteration #0 with error: 8.07744e-07
  [Cycle 25] Particle sorting: ON
*** B CALCULATION [GPU] ***
Execution time cycle: 271.339 ms  [sort=0.046029 field=143.068 da_wait=0.000131 mover+out=0.032102 exchange+sort+moments=51.7801 B=69.9766 momentsAwait=6.43551 outCopy=0.00033]
 ======= Cycle 26 ======= 
*** E CALCULATION [GPU] ***
*** MAXWELL SOLVER [GPU] ***
Initial residual: 0.284661 norm b vector (source) = 0.445704
GMRES converged at restart # 3; iteration #0 with error: 8.26699e-07
  [Cycle 26] Particle sorting: ON
*** B CALCULATION [GPU] ***
Execution time cycle: 276.571 ms  [sort=0.033405 field=148.482 da_wait=0.00013 mover+out=0.032012 exchange+sort+moments=51.7628 B=69.7755 momentsAwait=6.48424 outCopy=0.000261]
 ======= Cycle 27 ======= 
*** E CALCULATION [GPU] ***
*** MAXWELL SOLVER [GPU] ***
Initial residual: 0.285051 norm b vector (source) = 0.446067
GMRES converged at restart # 3; iteration #0 with error: 8.49452e-07
  [Cycle 27] Particle sorting: ON
*** B CALCULATION [GPU] ***
Execution time cycle: 279.94 ms  [sort=0.040238 field=152.868 da_wait=0.000211 mover+out=0.030649 exchange+sort+moments=50.6785 B=69.852 momentsAwait=6.4707 outCopy=0.000251]
 ======= Cycle 28 ======= 
*** E CALCULATION [GPU] ***
*** MAXWELL SOLVER [GPU] ***
Initial residual: 0.285111 norm b vector (source) = 0.446118
GMRES converged at restart # 3; iteration #0 with error: 8.43378e-07
  [Cycle 28] Particle sorting: ON
*** B CALCULATION [GPU] ***
Execution time cycle: 282.516 ms  [sort=0.039276 field=155.019 da_wait=0.00014 mover+out=0.028636 exchange+sort+moments=50.7265 B=70.2525 momentsAwait=6.44989 outCopy=0.00033]
 ======= Cycle 29 ======= 
*** E CALCULATION [GPU] ***
*** MAXWELL SOLVER [GPU] ***
Initial residual: 0.285087 norm b vector (source) = 0.446042
GMRES converged at restart # 3; iteration #0 with error: 8.38167e-07
  [Cycle 29] Particle sorting: ON
*** B CALCULATION [GPU] ***
Execution time cycle: 270.572 ms  [sort=0.04158 field=143.029 da_wait=0.00014 mover+out=0.032984 exchange+sort+moments=51.1001 B=69.9515 momentsAwait=6.41698 outCopy=0.000331]
 ======= Cycle 30 ======= 
*** E CALCULATION [GPU] ***
*** MAXWELL SOLVER [GPU] ***
Initial residual: 0.285242 norm b vector (source) = 0.446281
GMRES converged at restart # 3; iteration #0 with error: 8.43189e-07
  [Cycle 30] Particle sorting: ON
*** B CALCULATION [GPU] ***
Execution time cycle: 276.345 ms  [sort=0.043344 field=148.207 da_wait=0.000131 mover+out=0.031952 exchange+sort+moments=51.7395 B=69.8845 momentsAwait=6.43781 outCopy=0.000321]
 ======= Cycle 31 ======= 
*** E CALCULATION [GPU] ***
*** MAXWELL SOLVER [GPU] ***
Initial residual: 0.285315 norm b vector (source) = 0.446635
GMRES converged at restart # 3; iteration #0 with error: 8.29934e-07
  [Cycle 31] Particle sorting: ON
*** B CALCULATION [GPU] ***
Execution time cycle: 270.475 ms  [sort=0.041761 field=143.047 da_wait=0.000141 mover+out=0.029747 exchange+sort+moments=51.1605 B=69.7174 momentsAwait=6.47811 outCopy=0.000321]
 ======= Cycle 32 ======= 
*** E CALCULATION [GPU] ***
*** MAXWELL SOLVER [GPU] ***
Initial residual: 0.28537 norm b vector (source) = 0.446943
GMRES converged at restart # 3; iteration #0 with error: 8.32966e-07
  [Cycle 32] Particle sorting: ON
*** B CALCULATION [GPU] ***
Execution time cycle: 271.348 ms  [sort=0.047482 field=142.973 da_wait=0.00013 mover+out=0.033244 exchange+sort+moments=51.9059 B=69.9256 momentsAwait=6.46218 outCopy=0.000431]
 ======= Cycle 33 ======= 
*** E CALCULATION [GPU] ***
*** MAXWELL SOLVER [GPU] ***
Initial residual: 0.285752 norm b vector (source) = 0.44774
GMRES converged at restart # 2; iteration #9 with error: 7.52574e-07
  [Cycle 33] Particle sorting: ON
*** B CALCULATION [GPU] ***
Execution time cycle: 265.321 ms  [sort=0.048875 field=141.61 da_wait=0.00014 mover+out=0.029597 exchange+sort+moments=46.9164 B=70.176 momentsAwait=6.53997 outCopy=0.000421]
 ======= Cycle 34 ======= 
*** E CALCULATION [GPU] ***
*** MAXWELL SOLVER [GPU] ***
Initial residual: 0.285785 norm b vector (source) = 0.44819
GMRES converged at restart # 2; iteration #9 with error: 8.06987e-07
  [Cycle 34] Particle sorting: ON
*** B CALCULATION [GPU] ***
Execution time cycle: 269.889 ms  [sort=0.038375 field=141.784 da_wait=0.00014 mover+out=0.035409 exchange+sort+moments=51.5346 B=70.0129 momentsAwait=6.48266 outCopy=0.00034]
 ======= Cycle 35 ======= 
*** E CALCULATION [GPU] ***
*** MAXWELL SOLVER [GPU] ***
Initial residual: 0.286698 norm b vector (source) = 0.44943
GMRES converged at restart # 2; iteration #9 with error: 8.94659e-07
  [Cycle 35] Particle sorting: ON
*** B CALCULATION [GPU] ***
Execution time cycle: 269.717 ms  [sort=0.032954 field=141.625 da_wait=0.00014 mover+out=0.031651 exchange+sort+moments=51.8164 B=69.7814 momentsAwait=6.42907 outCopy=0.000401]
 ======= Cycle 36 ======= 
*** E CALCULATION [GPU] ***
*** MAXWELL SOLVER [GPU] ***
Initial residual: 0.287161 norm b vector (source) = 0.450624
GMRES converged at restart # 3; iteration #0 with error: 8.42859e-07
  [Cycle 36] Particle sorting: ON
*** B CALCULATION [GPU] ***
Execution time cycle: 276.485 ms  [sort=0.041811 field=148.989 da_wait=0.000131 mover+out=0.032723 exchange+sort+moments=51.209 B=69.7685 momentsAwait=6.44292 outCopy=0.000431]
 ======= Cycle 37 ======= 
*** E CALCULATION [GPU] ***
*** MAXWELL SOLVER [GPU] ***
Initial residual: 0.287408 norm b vector (source) = 0.451348
GMRES converged at restart # 3; iteration #0 with error: 9.78589e-07
  [Cycle 37] Particle sorting: ON
*** B CALCULATION [GPU] ***
Execution time cycle: 276.621 ms  [sort=0.051049 field=149.054 da_wait=0.00014 mover+out=0.031 exchange+sort+moments=50.9365 B=70.0719 momentsAwait=6.47549 outCopy=0.000401]
 ======= Cycle 38 ======= 
*** E CALCULATION [GPU] ***
*** MAXWELL SOLVER [GPU] ***
Initial residual: 0.287736 norm b vector (source) = 0.451877
GMRES converged at restart # 3; iteration #1 with error: 9.32724e-07
  [Cycle 38] Particle sorting: ON
*** B CALCULATION [GPU] ***
Execution time cycle: 277.884 ms  [sort=0.034246 field=150.94 da_wait=0.00014 mover+out=0.029708 exchange+sort+moments=50.5664 B=69.871 momentsAwait=6.44298 outCopy=0.000421]
 ======= Cycle 39 ======= 
*** E CALCULATION [GPU] ***
*** MAXWELL SOLVER [GPU] ***
Initial residual: 0.288029 norm b vector (source) = 0.452377
GMRES converged at restart # 3; iteration #1 with error: 9.40068e-07
  [Cycle 39] Particle sorting: ON
*** B CALCULATION [GPU] ***
Execution time cycle: 281.806 ms  [sort=0.041641 field=154.102 da_wait=0.00012 mover+out=0.032222 exchange+sort+moments=51.2346 B=69.8923 momentsAwait=6.50279 outCopy=0.000571]
 ======= Cycle 40 ======= 
*** E CALCULATION [GPU] ***
*** MAXWELL SOLVER [GPU] ***
Initial residual: 0.288327 norm b vector (source) = 0.452891
GMRES converged at restart # 3; iteration #1 with error: 9.97665e-07
  [Cycle 40] Particle sorting: ON
*** B CALCULATION [GPU] ***
Execution time cycle: 286.659 ms  [sort=0.045337 field=159.32 da_wait=0.00013 mover+out=0.0307 exchange+sort+moments=50.9055 B=69.846 momentsAwait=6.51119 outCopy=0.000491]
 ======= Cycle 41 ======= 
*** E CALCULATION [GPU] ***
*** MAXWELL SOLVER [GPU] ***
Initial residual: 0.288525 norm b vector (source) = 0.453288
GMRES converged at restart # 3; iteration #1 with error: 9.92775e-07
  [Cycle 41] Particle sorting: ON
*** B CALCULATION [GPU] ***
Execution time cycle: 281.39 ms  [sort=0.041461 field=154.053 da_wait=0.00013 mover+out=0.032703 exchange+sort+moments=50.885 B=69.886 momentsAwait=6.49146 outCopy=0.000401]
 ======= Cycle 42 ======= 
*** E CALCULATION [GPU] ***
*** MAXWELL SOLVER [GPU] ***
Initial residual: 0.288782 norm b vector (source) = 0.453634
GMRES converged at restart # 3; iteration #1 with error: 9.58456e-07
  [Cycle 42] Particle sorting: ON
*** B CALCULATION [GPU] ***
Execution time cycle: 282.007 ms  [sort=0.043484 field=153.757 da_wait=0.00014 mover+out=0.032283 exchange+sort+moments=51.4831 B=70.1813 momentsAwait=6.50921 outCopy=0.000581]
 ======= Cycle 43 ======= 
*** E CALCULATION [GPU] ***
*** MAXWELL SOLVER [GPU] ***
Initial residual: 0.289058 norm b vector (source) = 0.453979
GMRES converged at restart # 3; iteration #1 with error: 9.15719e-07
  [Cycle 43] Particle sorting: ON
*** B CALCULATION [GPU] ***
Execution time cycle: 282.256 ms  [sort=0.048354 field=154.235 da_wait=0.00013 mover+out=0.030659 exchange+sort+moments=51.3136 B=70.1218 momentsAwait=6.506 outCopy=0.000431]
 ======= Cycle 44 ======= 
*** E CALCULATION [GPU] ***
*** MAXWELL SOLVER [GPU] ***
Initial residual: 0.289012 norm b vector (source) = 0.454042
GMRES converged at restart # 3; iteration #1 with error: 8.88437e-07
  [Cycle 44] Particle sorting: ON
*** B CALCULATION [GPU] ***
Execution time cycle: 282.581 ms  [sort=0.039737 field=154.581 da_wait=0.00014 mover+out=0.028415 exchange+sort+moments=51.3101 B=69.9984 momentsAwait=6.62238 outCopy=0.000461]
 ======= Cycle 45 ======= 
*** E CALCULATION [GPU] ***
*** MAXWELL SOLVER [GPU] ***
Initial residual: 0.289113 norm b vector (source) = 0.454204
GMRES converged at restart # 3; iteration #0 with error: 9.9643e-07
  [Cycle 45] Particle sorting: ON
*** B CALCULATION [GPU] ***
Execution time cycle: 279.711 ms  [sort=0.039246 field=152.136 da_wait=0.00016 mover+out=0.031551 exchange+sort+moments=51.0571 B=69.8857 momentsAwait=6.56023 outCopy=0.000251]
 ======= Cycle 46 ======= 
*** E CALCULATION [GPU] ***
*** MAXWELL SOLVER [GPU] ***
Initial residual: 0.289167 norm b vector (source) = 0.454203
GMRES converged at restart # 3; iteration #0 with error: 9.77557e-07
  [Cycle 46] Particle sorting: ON
*** B CALCULATION [GPU] ***
Execution time cycle: 279.413 ms  [sort=0.040789 field=152.157 da_wait=0.00014 mover+out=0.031261 exchange+sort+moments=50.3826 B=70.133 momentsAwait=6.66723 outCopy=0.000461]
 ======= Cycle 47 ======= 
*** E CALCULATION [GPU] ***
*** MAXWELL SOLVER [GPU] ***
Initial residual: 0.289545 norm b vector (source) = 0.454384
GMRES converged at restart # 3; iteration #0 with error: 9.85216e-07
  [Cycle 47] Particle sorting: ON
*** B CALCULATION [GPU] ***
Execution time cycle: 280.167 ms  [sort=0.040178 field=152.254 da_wait=0.00014 mover+out=0.032243 exchange+sort+moments=51.4995 B=69.8144 momentsAwait=6.52641 outCopy=0.000421]
 ======= Cycle 48 ======= 
*** E CALCULATION [GPU] ***
*** MAXWELL SOLVER [GPU] ***
Initial residual: 0.289761 norm b vector (source) = 0.454616
GMRES converged at restart # 3; iteration #1 with error: 8.93779e-07
  [Cycle 48] Particle sorting: ON
*** B CALCULATION [GPU] ***
Execution time cycle: 282.488 ms  [sort=0.045468 field=154.605 da_wait=0.000141 mover+out=0.032994 exchange+sort+moments=51.251 B=69.9203 momentsAwait=6.63285 outCopy=0.000331]
 ======= Cycle 49 ======= 
*** E CALCULATION [GPU] ***
*** MAXWELL SOLVER [GPU] ***
Initial residual: 0.289971 norm b vector (source) = 0.454947
GMRES converged at restart # 3; iteration #1 with error: 9.48851e-07
  [Cycle 49] Particle sorting: ON
*** B CALCULATION [GPU] ***
Execution time cycle: 286.992 ms  [sort=0.04124 field=159.505 da_wait=0.00014 mover+out=0.031611 exchange+sort+moments=50.8314 B=69.9475 momentsAwait=6.63395 outCopy=0.000331]
 ======= Cycle 50 ======= 
*** E CALCULATION [GPU] ***
*** MAXWELL SOLVER [GPU] ***
Initial residual: 0.290246 norm b vector (source) = 0.455452
GMRES converged at restart # 3; iteration #2 with error: 8.21751e-07
  [Cycle 50] Particle sorting: ON
*** B CALCULATION [GPU] ***
Execution time cycle: 299.019 ms  [sort=13.9109 field=157.363 da_wait=0.000691 mover+out=0.026021 exchange+sort+moments=51.0748 B=70.0923 momentsAwait=6.5518 outCopy=0.000341]
 ======= Cycle 51 ======= 
*** E CALCULATION [GPU] ***
*** MAXWELL SOLVER [GPU] ***
Initial residual: 0.290384 norm b vector (source) = 0.456001
GMRES converged at restart # 3; iteration #2 with error: 8.7379e-07
  [Cycle 51] Particle sorting: ON
*** B CALCULATION [GPU] ***
Execution time cycle: 284.582 ms  [sort=0.04655 field=156.608 da_wait=0.00013 mover+out=0.028165 exchange+sort+moments=51.1153 B=70.1369 momentsAwait=6.6464 outCopy=0.00025]
 ======= Cycle 52 ======= 
*** E CALCULATION [GPU] ***
*** MAXWELL SOLVER [GPU] ***
Initial residual: 0.290216 norm b vector (source) = 0.456153
GMRES converged at restart # 3; iteration #2 with error: 9.12117e-07
  [Cycle 52] Particle sorting: ON
*** B CALCULATION [GPU] ***
Execution time cycle: 285.146 ms  [sort=0.038705 field=157.141 da_wait=0.00014 mover+out=0.034497 exchange+sort+moments=51.3338 B=70.01 momentsAwait=6.58691 outCopy=0.00033]
 ======= Cycle 53 ======= 
*** E CALCULATION [GPU] ***
*** MAXWELL SOLVER [GPU] ***
Initial residual: 0.289866 norm b vector (source) = 0.455943
GMRES converged at restart # 3; iteration #2 with error: 9.42957e-07
  [Cycle 53] Particle sorting: ON
*** B CALCULATION [GPU] ***
Execution time cycle: 284.242 ms  [sort=0.043043 field=156.681 da_wait=0.00014 mover+out=0.033815 exchange+sort+moments=50.8797 B=70.018 momentsAwait=6.58665 outCopy=0.000251]
 ======= Cycle 54 ======= 
*** E CALCULATION [GPU] ***
*** MAXWELL SOLVER [GPU] ***
Initial residual: 0.289665 norm b vector (source) = 0.455528
GMRES converged at restart # 3; iteration #2 with error: 9.61074e-07
  [Cycle 54] Particle sorting: ON
*** B CALCULATION [GPU] ***
Execution time cycle: 284.514 ms  [sort=0.037733 field=157.048 da_wait=0.000201 mover+out=0.029377 exchange+sort+moments=50.6671 B=70.2053 momentsAwait=6.52638 outCopy=0.00034]
 ======= Cycle 55 ======= 
*** E CALCULATION [GPU] ***
*** MAXWELL SOLVER [GPU] ***
Initial residual: 0.289557 norm b vector (source) = 0.455081
GMRES converged at restart # 3; iteration #2 with error: 9.44624e-07
  [Cycle 55] Particle sorting: ON
*** B CALCULATION [GPU] ***
Execution time cycle: 284.34 ms  [sort=0.040448 field=156.725 da_wait=0.00013 mover+out=0.029798 exchange+sort+moments=51.0482 B=69.9729 momentsAwait=6.52333 outCopy=0.000401]
 ======= Cycle 56 ======= 
*** E CALCULATION [GPU] ***
*** MAXWELL SOLVER [GPU] ***
Initial residual: 0.28938 norm b vector (source) = 0.454596
GMRES converged at restart # 3; iteration #2 with error: 8.96326e-07
  [Cycle 56] Particle sorting: ON
*** B CALCULATION [GPU] ***
Execution time cycle: 285.454 ms  [sort=0.040429 field=157.698 da_wait=0.00013 mover+out=0.03084 exchange+sort+moments=51.0355 B=69.9581 momentsAwait=6.69054 outCopy=0.000351]
 ======= Cycle 57 ======= 
*** E CALCULATION [GPU] ***
*** MAXWELL SOLVER [GPU] ***
Initial residual: 0.289396 norm b vector (source) = 0.454385
GMRES converged at restart # 3; iteration #2 with error: 8.38246e-07
  [Cycle 57] Particle sorting: ON
*** B CALCULATION [GPU] ***
Execution time cycle: 285.108 ms  [sort=0.04651 field=157.327 da_wait=0.000131 mover+out=0.03104 exchange+sort+moments=51.0802 B=70.0187 momentsAwait=6.60335 outCopy=0.000521]
 ======= Cycle 58 ======= 
*** E CALCULATION [GPU] ***
*** MAXWELL SOLVER [GPU] ***
Initial residual: 0.289595 norm b vector (source) = 0.454514
GMRES converged at restart # 3; iteration #1 with error: 9.58559e-07
  [Cycle 58] Particle sorting: ON
*** B CALCULATION [GPU] ***
Execution time cycle: 282.296 ms  [sort=0.04168 field=154.734 da_wait=0.00013 mover+out=0.029648 exchange+sort+moments=50.955 B=69.9067 momentsAwait=6.62859 outCopy=0.000411]
 ======= Cycle 59 ======= 
*** E CALCULATION [GPU] ***
*** MAXWELL SOLVER [GPU] ***
Initial residual: 0.28974 norm b vector (source) = 0.454787
GMRES converged at restart # 3; iteration #1 with error: 8.95135e-07
  [Cycle 59] Particle sorting: ON
*** B CALCULATION [GPU] ***
Execution time cycle: 286.859 ms  [sort=0.047843 field=159.657 da_wait=0.000141 mover+out=0.029948 exchange+sort+moments=50.4824 B=70.0839 momentsAwait=6.55774 outCopy=0.000411]
 ======= Cycle 60 ======= 
*** E CALCULATION [GPU] ***
*** MAXWELL SOLVER [GPU] ***
Initial residual: 0.289821 norm b vector (source) = 0.454975
GMRES converged at restart # 3; iteration #0 with error: 9.77677e-07
  [Cycle 60] Particle sorting: ON
*** B CALCULATION [GPU] ***
Execution time cycle: 280.124 ms  [sort=0.051279 field=152.292 da_wait=0.00014 mover+out=0.032152 exchange+sort+moments=51.0838 B=70.0703 momentsAwait=6.59377 outCopy=0.000351]
 ======= Cycle 61 ======= 
*** E CALCULATION [GPU] ***
*** MAXWELL SOLVER [GPU] ***
Initial residual: 0.289958 norm b vector (source) = 0.455151
GMRES converged at restart # 3; iteration #1 with error: 9.20061e-07
  [Cycle 61] Particle sorting: ON
*** B CALCULATION [GPU] ***
Execution time cycle: 279.56 ms  [sort=0.050288 field=151.847 da_wait=0.00014 mover+out=0.032202 exchange+sort+moments=51.0744 B=69.9556 momentsAwait=6.60008 outCopy=0.00037]
 ======= Cycle 62 ======= 
*** E CALCULATION [GPU] ***
*** MAXWELL SOLVER [GPU] ***
Initial residual: 0.290029 norm b vector (source) = 0.45531
GMRES converged at restart # 3; iteration #1 with error: 9.11894e-07
  [Cycle 62] Particle sorting: ON
*** B CALCULATION [GPU] ***
Execution time cycle: 278.908 ms  [sort=0.042272 field=151.938 da_wait=0.00013 mover+out=0.029377 exchange+sort+moments=50.3292 B=69.8911 momentsAwait=6.67761 outCopy=0.00026]
 ======= Cycle 63 ======= 
*** E CALCULATION [GPU] ***
*** MAXWELL SOLVER [GPU] ***
Initial residual: 0.290232 norm b vector (source) = 0.455679
GMRES converged at restart # 3; iteration #1 with error: 9.38667e-07
  [Cycle 63] Particle sorting: ON
*** B CALCULATION [GPU] ***
Execution time cycle: 279.134 ms  [sort=0.041591 field=151.902 da_wait=0.00013 mover+out=0.030609 exchange+sort+moments=50.4404 B=70.1505 momentsAwait=6.56912 outCopy=0.000261]
 ======= Cycle 64 ======= 
*** E CALCULATION [GPU] ***
*** MAXWELL SOLVER [GPU] ***
Initial residual: 0.290452 norm b vector (source) = 0.456262
GMRES converged at restart # 3; iteration #1 with error: 8.76165e-07
  [Cycle 64] Particle sorting: ON
*** B CALCULATION [GPU] ***
Execution time cycle: 281.882 ms  [sort=0.038505 field=154.461 da_wait=0.00013 mover+out=0.030669 exchange+sort+moments=50.6643 B=70.0042 momentsAwait=6.68225 outCopy=0.000431]
 ======= Cycle 65 ======= 
*** E CALCULATION [GPU] ***
*** MAXWELL SOLVER [GPU] ***
Initial residual: 0.290768 norm b vector (source) = 0.456967
GMRES converged at restart # 3; iteration #1 with error: 9.79673e-07
  [Cycle 65] Particle sorting: ON
*** B CALCULATION [GPU] ***
Execution time cycle: 282.575 ms  [sort=0.05184 field=154.657 da_wait=0.00013 mover+out=0.032523 exchange+sort+moments=51.3711 B=69.8815 momentsAwait=6.58008 outCopy=0.000341]
 ======= Cycle 66 ======= 
*** E CALCULATION [GPU] ***
*** MAXWELL SOLVER [GPU] ***
Initial residual: 0.291166 norm b vector (source) = 0.457803
GMRES converged at restart # 3; iteration #2 with error: 8.96801e-07
  [Cycle 66] Particle sorting: ON
*** B CALCULATION [GPU] ***
Execution time cycle: 284.892 ms  [sort=0.046861 field=157.023 da_wait=0.00013 mover+out=0.032162 exchange+sort+moments=51.1559 B=70.0289 momentsAwait=6.60543 outCopy=0.000421]
 ======= Cycle 67 ======= 
*** E CALCULATION [GPU] ***
*** MAXWELL SOLVER [GPU] ***
Initial residual: 0.291745 norm b vector (source) = 0.458862
GMRES converged at restart # 3; iteration #2 with error: 9.97746e-07
  [Cycle 67] Particle sorting: ON
*** B CALCULATION [GPU] ***
Execution time cycle: 282.012 ms  [sort=0.048905 field=157.124 da_wait=0.00012 mover+out=0.034487 exchange+sort+moments=47.825 B=70.3292 momentsAwait=6.64991 outCopy=0.000471]
 ======= Cycle 68 ======= 
*** E CALCULATION [GPU] ***
*** MAXWELL SOLVER [GPU] ***
Initial residual: 0.291645 norm b vector (source) = 0.459082
GMRES converged at restart # 3; iteration #3 with error: 7.49364e-07
  [Cycle 68] Particle sorting: ON
*** B CALCULATION [GPU] ***
Execution time cycle: 288.056 ms  [sort=0.051981 field=159.314 da_wait=0.00014 mover+out=0.031121 exchange+sort+moments=51.8912 B=70.1895 momentsAwait=6.57756 outCopy=0.000421]
 ======= Cycle 69 ======= 
*** E CALCULATION [GPU] ***
*** MAXWELL SOLVER [GPU] ***
Initial residual: 0.291941 norm b vector (source) = 0.459446
GMRES converged at restart # 3; iteration #3 with error: 7.97154e-07
  [Cycle 69] Particle sorting: ON
*** B CALCULATION [GPU] ***
Execution time cycle: 287.29 ms  [sort=0.05156 field=159.149 da_wait=0.00021 mover+out=0.029618 exchange+sort+moments=51.3827 B=70.0922 momentsAwait=6.58478 outCopy=0.000491]
 ======= Cycle 70 ======= 
*** E CALCULATION [GPU] ***
*** MAXWELL SOLVER [GPU] ***
Initial residual: 0.291684 norm b vector (source) = 0.459464
GMRES converged at restart # 3; iteration #3 with error: 8.20778e-07
  [Cycle 70] Particle sorting: ON
*** B CALCULATION [GPU] ***
Execution time cycle: 287.416 ms  [sort=0.049316 field=159.274 da_wait=0.000131 mover+out=0.030369 exchange+sort+moments=51.587 B=69.9046 momentsAwait=6.57033 outCopy=0.000431]
 ======= Cycle 71 ======= 
*** E CALCULATION [GPU] ***
*** MAXWELL SOLVER [GPU] ***
Initial residual: 0.291517 norm b vector (source) = 0.459302
GMRES converged at restart # 3; iteration #3 with error: 8.12429e-07
  [Cycle 71] Particle sorting: ON
*** B CALCULATION [GPU] ***
Execution time cycle: 287.181 ms  [sort=0.050658 field=159.177 da_wait=0.000131 mover+out=0.031551 exchange+sort+moments=51.1658 B=70.1323 momentsAwait=6.62317 outCopy=0.000581]
 ======= Cycle 72 ======= 
*** E CALCULATION [GPU] ***
*** MAXWELL SOLVER [GPU] ***
Initial residual: 0.291639 norm b vector (source) = 0.459303
GMRES converged at restart # 3; iteration #3 with error: 7.75488e-07
  [Cycle 72] Particle sorting: ON
*** B CALCULATION [GPU] ***
Execution time cycle: 287.396 ms  [sort=0.050007 field=160.058 da_wait=0.000131 mover+out=0.029437 exchange+sort+moments=50.4681 B=70.2407 momentsAwait=6.5491 outCopy=0.00031]
 ======= Cycle 73 ======= 
*** E CALCULATION [GPU] ***
*** MAXWELL SOLVER [GPU] ***
Initial residual: 0.292078 norm b vector (source) = 0.459662
GMRES converged at restart # 3; iteration #3 with error: 7.12801e-07
  [Cycle 73] Particle sorting: ON
*** B CALCULATION [GPU] ***
Execution time cycle: 287.211 ms  [sort=0.048624 field=159.431 da_wait=0.000141 mover+out=0.029908 exchange+sort+moments=51.1131 B=70.1342 momentsAwait=6.45341 outCopy=0.00027]
 ======= Cycle 74 ======= 
*** E CALCULATION [GPU] ***
*** MAXWELL SOLVER [GPU] ***
Initial residual: 0.292303 norm b vector (source) = 0.460031
GMRES converged at restart # 3; iteration #2 with error: 9.57747e-07
  [Cycle 74] Particle sorting: ON
*** B CALCULATION [GPU] ***
Execution time cycle: 284.586 ms  [sort=0.04647 field=157.123 da_wait=0.00014 mover+out=0.03085 exchange+sort+moments=50.6248 B=70.1843 momentsAwait=6.57627 outCopy=0.000261]
 ======= Cycle 75 ======= 
*** E CALCULATION [GPU] ***
*** MAXWELL SOLVER [GPU] ***
Initial residual: 0.292525 norm b vector (source) = 0.460529
GMRES converged at restart # 3; iteration #2 with error: 9.01904e-07
  [Cycle 75] Particle sorting: ON
*** B CALCULATION [GPU] ***
Execution time cycle: 283.937 ms  [sort=0.04143 field=156.861 da_wait=0.00014 mover+out=0.030129 exchange+sort+moments=50.3818 B=70.1145 momentsAwait=6.50758 outCopy=0.000681]
 ======= Cycle 76 ======= 
*** E CALCULATION [GPU] ***
*** MAXWELL SOLVER [GPU] ***
Initial residual: 0.292894 norm b vector (source) = 0.461236
GMRES converged at restart # 3; iteration #2 with error: 8.72095e-07
  [Cycle 76] Particle sorting: ON
*** B CALCULATION [GPU] ***
Execution time cycle: 284.233 ms  [sort=0.039887 field=157.102 da_wait=0.00014 mover+out=0.031852 exchange+sort+moments=50.39 B=70.1244 momentsAwait=6.54482 outCopy=0.000251]
 ======= Cycle 77 ======= 
*** E CALCULATION [GPU] ***
*** MAXWELL SOLVER [GPU] ***
Initial residual: 0.293091 norm b vector (source) = 0.461716
GMRES converged at restart # 3; iteration #2 with error: 8.86158e-07
  [Cycle 77] Particle sorting: ON
*** B CALCULATION [GPU] ***
Execution time cycle: 284.246 ms  [sort=0.04086 field=156.766 da_wait=0.00013 mover+out=0.03083 exchange+sort+moments=50.518 B=70.3562 momentsAwait=6.53363 outCopy=0.000421]
 ======= Cycle 78 ======= 
*** E CALCULATION [GPU] ***
*** MAXWELL SOLVER [GPU] ***
Initial residual: 0.293349 norm b vector (source) = 0.462175
GMRES converged at restart # 3; iteration #2 with error: 9.35749e-07
  [Cycle 78] Particle sorting: ON
*** B CALCULATION [GPU] ***
Execution time cycle: 284.368 ms  [sort=0.045839 field=156.693 da_wait=0.00014 mover+out=0.032553 exchange+sort+moments=50.8035 B=70.3325 momentsAwait=6.45969 outCopy=0.00025]
 ======= Cycle 79 ======= 
*** E CALCULATION [GPU] ***
*** MAXWELL SOLVER [GPU] ***
Initial residual: 0.293297 norm b vector (source) = 0.462333
GMRES converged at restart # 4; iteration #0 with error: 8.5196e-07
  [Cycle 79] Particle sorting: ON
*** B CALCULATION [GPU] ***
Execution time cycle: 289.755 ms  [sort=0.042022 field=161.406 da_wait=0.00014 mover+out=0.031751 exchange+sort+moments=51.4049 B=70.1935 momentsAwait=6.6761 outCopy=0.00026]
 ======= Cycle 80 ======= 
*** E CALCULATION [GPU] ***
*** MAXWELL SOLVER [GPU] ***
Initial residual: 0.293294 norm b vector (source) = 0.462533
GMRES converged at restart # 3; iteration #3 with error: 7.59292e-07
  [Cycle 80] Particle sorting: ON
*** B CALCULATION [GPU] ***
Execution time cycle: 287.329 ms  [sort=0.036551 field=159.857 da_wait=0.00014 mover+out=0.031281 exchange+sort+moments=50.6977 B=70.1405 momentsAwait=6.56472 outCopy=0.00025]
 ======= Cycle 81 ======= 
*** E CALCULATION [GPU] ***
*** MAXWELL SOLVER [GPU] ***
Initial residual: 0.293195 norm b vector (source) = 0.462795
GMRES converged at restart # 3; iteration #3 with error: 8.31225e-07
  [Cycle 81] Particle sorting: ON
*** B CALCULATION [GPU] ***
Execution time cycle: 286.813 ms  [sort=0.044847 field=159.528 da_wait=0.00014 mover+out=0.033064 exchange+sort+moments=50.3556 B=70.3598 momentsAwait=6.49132 outCopy=0.00026]
 ======= Cycle 82 ======= 
*** E CALCULATION [GPU] ***
*** MAXWELL SOLVER [GPU] ***
Initial residual: 0.292729 norm b vector (source) = 0.462498
GMRES converged at restart # 3; iteration #3 with error: 8.86394e-07
  [Cycle 82] Particle sorting: ON
*** B CALCULATION [GPU] ***
Execution time cycle: 328.664 ms  [sort=0.042833 field=201.219 da_wait=0.000121 mover+out=0.028365 exchange+sort+moments=50.6099 B=70.2136 momentsAwait=6.54937 outCopy=0.000261]
 ======= Cycle 83 ======= 
*** E CALCULATION [GPU] ***
*** MAXWELL SOLVER [GPU] ***
Initial residual: 0.292041 norm b vector (source) = 0.461619
GMRES converged at restart # 3; iteration #3 with error: 9.20984e-07
  [Cycle 83] Particle sorting: ON
*** B CALCULATION [GPU] ***
Execution time cycle: 338.664 ms  [sort=0.040228 field=211.268 da_wait=0.00014 mover+out=0.029317 exchange+sort+moments=50.5861 B=70.1887 momentsAwait=6.55079 outCopy=0.0004]
 ======= Cycle 84 ======= 
*** E CALCULATION [GPU] ***
*** MAXWELL SOLVER [GPU] ***
Initial residual: 0.291255 norm b vector (source) = 0.460379
GMRES converged at restart # 3; iteration #3 with error: 9.17749e-07
  [Cycle 84] Particle sorting: ON
*** B CALCULATION [GPU] ***
Execution time cycle: 286.636 ms  [sort=0.041049 field=158.814 da_wait=0.000211 mover+out=0.029878 exchange+sort+moments=50.9132 B=70.2729 momentsAwait=6.56461 outCopy=0.000411]
 ======= Cycle 85 ======= 
*** E CALCULATION [GPU] ***
*** MAXWELL SOLVER [GPU] ***
Initial residual: 0.290816 norm b vector (source) = 0.45933
GMRES converged at restart # 3; iteration #3 with error: 8.66479e-07
  [Cycle 85] Particle sorting: ON
*** B CALCULATION [GPU] ***
Execution time cycle: 286.517 ms  [sort=0.040178 field=158.996 da_wait=0.00014 mover+out=0.03067 exchange+sort+moments=50.6004 B=70.3742 momentsAwait=6.47506 outCopy=0.000351]
 ======= Cycle 86 ======= 
*** E CALCULATION [GPU] ***
*** MAXWELL SOLVER [GPU] ***
Initial residual: 0.290645 norm b vector (source) = 0.458777
GMRES converged at restart # 3; iteration #3 with error: 7.89402e-07
  [Cycle 86] Particle sorting: ON
*** B CALCULATION [GPU] ***
Execution time cycle: 286.371 ms  [sort=0.044978 field=158.864 da_wait=0.00014 mover+out=0.030299 exchange+sort+moments=50.5309 B=70.4029 momentsAwait=6.49793 outCopy=0.00036]
 ======= Cycle 87 ======= 
*** E CALCULATION [GPU] ***
*** MAXWELL SOLVER [GPU] ***
Initial residual: 0.290708 norm b vector (source) = 0.458719
GMRES converged at restart # 3; iteration #3 with error: 7.01014e-07
  [Cycle 87] Particle sorting: ON
*** B CALCULATION [GPU] ***
Execution time cycle: 287.143 ms  [sort=0.04157 field=159.158 da_wait=0.00013 mover+out=0.032022 exchange+sort+moments=51.0727 B=70.3576 momentsAwait=6.48032 outCopy=0.000491]
 ======= Cycle 88 ======= 
*** E CALCULATION [GPU] ***
*** MAXWELL SOLVER [GPU] ***
Initial residual: 0.290885 norm b vector (source) = 0.459096
GMRES converged at restart # 3; iteration #2 with error: 8.95426e-07
  [Cycle 88] Particle sorting: ON
*** B CALCULATION [GPU] ***
Execution time cycle: 284.246 ms  [sort=0.047261 field=156.616 da_wait=0.00014 mover+out=0.030509 exchange+sort+moments=50.9235 B=70.1644 momentsAwait=6.46402 outCopy=0.000331]
 ======= Cycle 89 ======= 
*** E CALCULATION [GPU] ***
*** MAXWELL SOLVER [GPU] ***
Initial residual: 0.291134 norm b vector (source) = 0.459714
GMRES converged at restart # 3; iteration #1 with error: 9.75848e-07
  [Cycle 89] Particle sorting: ON
*** B CALCULATION [GPU] ***
Execution time cycle: 281.791 ms  [sort=0.047923 field=154.034 da_wait=0.00012 mover+out=0.030549 exchange+sort+moments=50.8237 B=70.3407 momentsAwait=6.51354 outCopy=0.0004]
 ======= Cycle 90 ======= 
*** E CALCULATION [GPU] ***
*** MAXWELL SOLVER [GPU] ***
Initial residual: 0.291407 norm b vector (source) = 0.460407
GMRES converged at restart # 3; iteration #1 with error: 8.93471e-07
  [Cycle 90] Particle sorting: ON
*** B CALCULATION [GPU] ***
Execution time cycle: 281.599 ms  [sort=0.042342 field=154.111 da_wait=0.000131 mover+out=0.03133 exchange+sort+moments=50.6039 B=70.3327 momentsAwait=6.47773 outCopy=0.000341]
 ======= Cycle 91 ======= 
*** E CALCULATION [GPU] ***
*** MAXWELL SOLVER [GPU] ***
Initial residual: 0.29147 norm b vector (source) = 0.460736
GMRES converged at restart # 3; iteration #0 with error: 9.88274e-07
  [Cycle 91] Particle sorting: ON
*** B CALCULATION [GPU] ***
Execution time cycle: 279.368 ms  [sort=0.042493 field=151.902 da_wait=0.00013 mover+out=0.031972 exchange+sort+moments=50.7293 B=70.2035 momentsAwait=6.45846 outCopy=0.000321]
 ======= Cycle 92 ======= 
*** E CALCULATION [GPU] ***
*** MAXWELL SOLVER [GPU] ***
Initial residual: 0.291701 norm b vector (source) = 0.461011
GMRES converged at restart # 3; iteration #1 with error: 8.72722e-07
  [Cycle 92] Particle sorting: ON
*** B CALCULATION [GPU] ***
Execution time cycle: 283.879 ms  [sort=0.039276 field=155.765 da_wait=0.00012 mover+out=0.030108 exchange+sort+moments=51.1957 B=70.3378 momentsAwait=6.51038 outCopy=0.00034]
 ======= Cycle 93 ======= 
*** E CALCULATION [GPU] ***
*** MAXWELL SOLVER [GPU] ***
Initial residual: 0.292211 norm b vector (source) = 0.461547
GMRES converged at restart # 3; iteration #1 with error: 9.40732e-07
  [Cycle 93] Particle sorting: ON
*** B CALCULATION [GPU] ***
Execution time cycle: 281.719 ms  [sort=0.037212 field=153.905 da_wait=0.000141 mover+out=0.030108 exchange+sort+moments=50.9723 B=70.2285 momentsAwait=6.54466 outCopy=0.000351]
 ======= Cycle 94 ======= 
*** E CALCULATION [GPU] ***
*** MAXWELL SOLVER [GPU] ***
Initial residual: 0.292493 norm b vector (source) = 0.461988
GMRES converged at restart # 3; iteration #2 with error: 8.47932e-07
  [Cycle 94] Particle sorting: ON
*** B CALCULATION [GPU] ***
Execution time cycle: 284.046 ms  [sort=0.040689 field=156.689 da_wait=0.000211 mover+out=0.0311 exchange+sort+moments=50.5371 B=70.255 momentsAwait=6.49238 outCopy=0.000351]
 ======= Cycle 95 ======= 
*** E CALCULATION [GPU] ***
*** MAXWELL SOLVER [GPU] ***
Initial residual: 0.292676 norm b vector (source) = 0.462222
GMRES converged at restart # 3; iteration #2 with error: 9.46922e-07
  [Cycle 95] Particle sorting: ON
*** B CALCULATION [GPU] ***
Execution time cycle: 284.443 ms  [sort=0.044116 field=156.348 da_wait=0.000141 mover+out=0.030088 exchange+sort+moments=51.1758 B=70.4116 momentsAwait=6.4324 outCopy=0.000761]
 ======= Cycle 96 ======= 
*** E CALCULATION [GPU] ***
*** MAXWELL SOLVER [GPU] ***
Initial residual: 0.292543 norm b vector (source) = 0.462068
GMRES converged at restart # 3; iteration #3 with error: 7.16376e-07
  [Cycle 96] Particle sorting: ON
*** B CALCULATION [GPU] ***
Execution time cycle: 287.239 ms  [sort=0.043214 field=159.131 da_wait=0.00013 mover+out=0.031511 exchange+sort+moments=51.1914 B=70.3766 momentsAwait=6.46453 outCopy=0.000271]
 ======= Cycle 97 ======= 
*** E CALCULATION [GPU] ***
*** MAXWELL SOLVER [GPU] ***
Initial residual: 0.292569 norm b vector (source) = 0.46192
GMRES converged at restart # 3; iteration #3 with error: 7.7432e-07
  [Cycle 97] Particle sorting: ON
*** B CALCULATION [GPU] ***
Execution time cycle: 287.096 ms  [sort=0.043724 field=159.073 da_wait=0.00014 mover+out=0.031401 exchange+sort+moments=51.2932 B=70.1888 momentsAwait=6.46554 outCopy=0.00025]
 ======= Cycle 98 ======= 
*** E CALCULATION [GPU] ***
*** MAXWELL SOLVER [GPU] ***
Initial residual: 0.292481 norm b vector (source) = 0.461749
GMRES converged at restart # 3; iteration #3 with error: 8.10957e-07
  [Cycle 98] Particle sorting: ON
*** B CALCULATION [GPU] ***
Execution time cycle: 287.139 ms  [sort=0.037192 field=158.924 da_wait=0.000131 mover+out=0.031431 exchange+sort+moments=51.4005 B=70.3051 momentsAwait=6.44049 outCopy=0.000351]
 ======= Cycle 99 ======= 
*** E CALCULATION [GPU] ***
*** MAXWELL SOLVER [GPU] ***
Initial residual: 0.292271 norm b vector (source) = 0.461423
GMRES converged at restart # 3; iteration #3 with error: 8.07918e-07
  [Cycle 99] Particle sorting: ON
*** B CALCULATION [GPU] ***
Execution time cycle: 287.326 ms  [sort=0.045257 field=158.827 da_wait=0.00013 mover+out=0.031191 exchange+sort+moments=51.6369 B=70.3688 momentsAwait=6.41688 outCopy=0.000411]
 ======= Cycle 100 ======= 
*** E CALCULATION [GPU] ***
*** MAXWELL SOLVER [GPU] ***
Initial residual: 0.292655 norm b vector (source) = 0.461687
GMRES converged at restart # 3; iteration #3 with error: 7.69616e-07
  [Cycle 100] Particle sorting: ON
*** B CALCULATION [GPU] ***
Execution time cycle: 300.331 ms  [sort=14.1389 field=159.3 da_wait=0.000852 mover+out=0.02592 exchange+sort+moments=49.8575 B=70.5481 momentsAwait=6.45995 outCopy=0.00045]
 ======= Cycle 101 ======= 
*** E CALCULATION [GPU] ***
*** MAXWELL SOLVER [GPU] ***
Initial residual: 0.292769 norm b vector (source) = 0.462099
GMRES converged at restart # 3; iteration #3 with error: 7.19177e-07
  [Cycle 101] Particle sorting: ON
*** B CALCULATION [GPU] ***
Execution time cycle: 286.116 ms  [sort=0.047923 field=158.812 da_wait=0.000121 mover+out=0.032382 exchange+sort+moments=50.2074 B=70.5506 momentsAwait=6.46501 outCopy=0.000311]
 ======= Cycle 102 ======= 
*** E CALCULATION [GPU] ***
*** MAXWELL SOLVER [GPU] ***
Initial residual: 0.292884 norm b vector (source) = 0.462573
GMRES converged at restart # 3; iteration #2 with error: 9.72538e-07
  [Cycle 102] Particle sorting: ON
*** B CALCULATION [GPU] ***
Execution time cycle: 284.882 ms  [sort=0.042272 field=156.77 da_wait=0.00014 mover+out=0.031752 exchange+sort+moments=51.2581 B=70.3447 momentsAwait=6.4348 outCopy=0.000251]
 ======= Cycle 103 ======= 
*** E CALCULATION [GPU] ***
*** MAXWELL SOLVER [GPU] ***
Initial residual: 0.293092 norm b vector (source) = 0.463194
GMRES converged at restart # 3; iteration #2 with error: 8.89597e-07
  [Cycle 103] Particle sorting: ON
*** B CALCULATION [GPU] ***
Execution time cycle: 284.79 ms  [sort=0.042543 field=156.528 da_wait=0.00014 mover+out=0.032744 exchange+sort+moments=51.2638 B=70.4165 momentsAwait=6.50517 outCopy=0.000331]
 ======= Cycle 104 ======= 
*** E CALCULATION [GPU] ***
*** MAXWELL SOLVER [GPU] ***
Initial residual: 0.293375 norm b vector (source) = 0.463804
GMRES converged at restart # 3; iteration #2 with error: 8.20728e-07
  [Cycle 104] Particle sorting: ON
*** B CALCULATION [GPU] ***
Execution time cycle: 284.773 ms  [sort=0.064455 field=156.431 da_wait=0.00021 mover+out=0.032333 exchange+sort+moments=51.1663 B=70.5891 momentsAwait=6.48893 outCopy=0.000341]
 ======= Cycle 105 ======= 
*** E CALCULATION [GPU] ***
*** MAXWELL SOLVER [GPU] ***
Initial residual: 0.293622 norm b vector (source) = 0.464368
GMRES converged at restart # 3; iteration #1 with error: 9.62895e-07
  [Cycle 105] Particle sorting: ON
*** B CALCULATION [GPU] ***
Execution time cycle: 282.233 ms  [sort=0.04628 field=154.006 da_wait=0.000141 mover+out=0.030328 exchange+sort+moments=51.3464 B=70.363 momentsAwait=6.4405 outCopy=0.000411]
 ======= Cycle 106 ======= 
*** E CALCULATION [GPU] ***
*** MAXWELL SOLVER [GPU] ***
Initial residual: 0.293743 norm b vector (source) = 0.464673
GMRES converged at restart # 3; iteration #1 with error: 9.70171e-07
  [Cycle 106] Particle sorting: ON
*** B CALCULATION [GPU] ***
Execution time cycle: 281.952 ms  [sort=0.042272 field=154.141 da_wait=0.00014 mover+out=0.032443 exchange+sort+moments=50.7693 B=70.4594 momentsAwait=6.50678 outCopy=0.00034]
 ======= Cycle 107 ======= 
*** E CALCULATION [GPU] ***
*** MAXWELL SOLVER [GPU] ***
Initial residual: 0.293672 norm b vector (source) = 0.464694
GMRES converged at restart # 3; iteration #2 with error: 8.37386e-07
  [Cycle 107] Particle sorting: ON
*** B CALCULATION [GPU] ***
Execution time cycle: 284.314 ms  [sort=0.049115 field=156.829 da_wait=0.000141 mover+out=0.030389 exchange+sort+moments=50.3942 B=70.5335 momentsAwait=6.47712 outCopy=0.000461]
 ======= Cycle 108 ======= 
*** E CALCULATION [GPU] ***
*** MAXWELL SOLVER [GPU] ***
Initial residual: 0.293393 norm b vector (source) = 0.464356
GMRES converged at restart # 3; iteration #2 with error: 9.17217e-07
  [Cycle 108] Particle sorting: ON
*** B CALCULATION [GPU] ***
Execution time cycle: 284.448 ms  [sort=0.046961 field=156.301 da_wait=0.00015 mover+out=0.030209 exchange+sort+moments=51.1321 B=70.4283 momentsAwait=6.50814 outCopy=0.000571]
 ======= Cycle 109 ======= 
*** E CALCULATION [GPU] ***
*** MAXWELL SOLVER [GPU] ***
Initial residual: 0.292942 norm b vector (source) = 0.463776
GMRES converged at restart # 3; iteration #3 with error: 6.9375e-07
  [Cycle 109] Particle sorting: ON
*** B CALCULATION [GPU] ***
Execution time cycle: 286.765 ms  [sort=0.042342 field=158.757 da_wait=0.00022 mover+out=0.030439 exchange+sort+moments=50.9759 B=70.499 momentsAwait=6.45943 outCopy=0.000411]
 ======= Cycle 110 ======= 
*** E CALCULATION [GPU] ***
*** MAXWELL SOLVER [GPU] ***
Initial residual: 0.292574 norm b vector (source) = 0.463286
GMRES converged at restart # 3; iteration #3 with error: 7.70696e-07
  [Cycle 110] Particle sorting: ON
*** B CALCULATION [GPU] ***
Execution time cycle: 287.074 ms  [sort=0.04137 field=158.956 da_wait=0.00014 mover+out=0.032112 exchange+sort+moments=51.0636 B=70.5254 momentsAwait=6.4553 outCopy=0.00042]
 ======= Cycle 111 ======= 
*** E CALCULATION [GPU] ***
*** MAXWELL SOLVER [GPU] ***
Initial residual: 0.292342 norm b vector (source) = 0.463049
GMRES converged at restart # 3; iteration #3 with error: 8.41363e-07
  [Cycle 111] Particle sorting: ON
*** B CALCULATION [GPU] ***
Execution time cycle: 286.905 ms  [sort=0.042102 field=158.942 da_wait=0.00015 mover+out=0.031491 exchange+sort+moments=50.844 B=70.5291 momentsAwait=6.51512 outCopy=0.000341]
 ======= Cycle 112 ======= 
*** E CALCULATION [GPU] ***
*** MAXWELL SOLVER [GPU] ***
Initial residual: 0.292298 norm b vector (source) = 0.463117
GMRES converged at restart # 3; iteration #3 with error: 8.84936e-07
  [Cycle 112] Particle sorting: ON
*** B CALCULATION [GPU] ***
Execution time cycle: 286.984 ms  [sort=0.035649 field=158.7 da_wait=0.00014 mover+out=0.03076 exchange+sort+moments=51.0033 B=70.7309 momentsAwait=6.48308 outCopy=0.00026]
 ======= Cycle 113 ======= 
*** E CALCULATION [GPU] ***
*** MAXWELL SOLVER [GPU] ***
Initial residual: 0.292427 norm b vector (source) = 0.463282
GMRES converged at restart # 3; iteration #3 with error: 8.94941e-07
  [Cycle 113] Particle sorting: ON
*** B CALCULATION [GPU] ***
Execution time cycle: 287.127 ms  [sort=0.044456 field=158.969 da_wait=0.00014 mover+out=0.029467 exchange+sort+moments=50.9026 B=70.7373 momentsAwait=6.44342 outCopy=0.000251]
 ======= Cycle 114 ======= 
*** E CALCULATION [GPU] ***
*** MAXWELL SOLVER [GPU] ***
Initial residual: 0.292414 norm b vector (source) = 0.463238
GMRES converged at restart # 3; iteration #3 with error: 8.62556e-07
  [Cycle 114] Particle sorting: ON
*** B CALCULATION [GPU] ***
Execution time cycle: 287.478 ms  [sort=0.03637 field=159.086 da_wait=0.00014 mover+out=0.030009 exchange+sort+moments=51.0974 B=70.7222 momentsAwait=6.50545 outCopy=0.000431]
 ======= Cycle 115 ======= 
*** E CALCULATION [GPU] ***
*** MAXWELL SOLVER [GPU] ***
Initial residual: 0.29264 norm b vector (source) = 0.463296
GMRES converged at restart # 3; iteration #3 with error: 7.92326e-07
  [Cycle 115] Particle sorting: ON
*** B CALCULATION [GPU] ***
Execution time cycle: 286.815 ms  [sort=0.051289 field=158.962 da_wait=0.000141 mover+out=0.032813 exchange+sort+moments=50.744 B=70.5488 momentsAwait=6.47485 outCopy=0.000491]
 ======= Cycle 116 ======= 
*** E CALCULATION [GPU] ***
*** MAXWELL SOLVER [GPU] ***
Initial residual: 0.292462 norm b vector (source) = 0.463136
GMRES converged at restart # 3; iteration #3 with error: 7.01241e-07
  [Cycle 116] Particle sorting: ON
*** B CALCULATION [GPU] ***
Execution time cycle: 286.49 ms  [sort=0.04629 field=158.991 da_wait=0.00014 mover+out=0.030259 exchange+sort+moments=50.1282 B=70.8308 momentsAwait=6.46337 outCopy=0.0004]
 ======= Cycle 117 ======= 
*** E CALCULATION [GPU] ***
*** MAXWELL SOLVER [GPU] ***
Initial residual: 0.292285 norm b vector (source) = 0.462836
GMRES converged at restart # 3; iteration #2 with error: 8.9002e-07
  [Cycle 117] Particle sorting: ON
*** B CALCULATION [GPU] ***
Execution time cycle: 284.555 ms  [sort=0.045528 field=156.361 da_wait=0.000141 mover+out=0.032182 exchange+sort+moments=51.0757 B=70.5627 momentsAwait=6.4769 outCopy=0.000631]
 ======= Cycle 118 ======= 
*** E CALCULATION [GPU] ***
*** MAXWELL SOLVER [GPU] ***
Initial residual: 0.292009 norm b vector (source) = 0.462578
GMRES converged at restart # 3; iteration #1 with error: 9.37247e-07
  [Cycle 118] Particle sorting: ON
*** B CALCULATION [GPU] ***
Execution time cycle: 282.564 ms  [sort=0.047482 field=154.026 da_wait=0.00013 mover+out=0.029908 exchange+sort+moments=51.2647 B=70.7372 momentsAwait=6.45777 outCopy=0.000351]
 ======= Cycle 119 ======= 
*** E CALCULATION [GPU] ***
*** MAXWELL SOLVER [GPU] ***
Initial residual: 0.292082 norm b vector (source) = 0.46273
GMRES converged at restart # 3; iteration #0 with error: 9.45363e-07
  [Cycle 119] Particle sorting: ON
*** B CALCULATION [GPU] ***
Execution time cycle: 279.573 ms  [sort=0.047261 field=151.673 da_wait=0.00012 mover+out=0.030559 exchange+sort+moments=50.576 B=70.7792 momentsAwait=6.46701 outCopy=0.000722]
 ======= Cycle 120 ======= 
*** E CALCULATION [GPU] ***
*** MAXWELL SOLVER [GPU] ***
Initial residual: 0.29205 norm b vector (source) = 0.462911
GMRES converged at restart # 3; iteration #1 with error: 8.58207e-07
  [Cycle 120] Particle sorting: ON
*** B CALCULATION [GPU] ***
Execution time cycle: 279.562 ms  [sort=0.044897 field=151.494 da_wait=0.000141 mover+out=0.032142 exchange+sort+moments=50.8455 B=70.6347 momentsAwait=6.51008 outCopy=0.000411]
 ======= Cycle 121 ======= 
*** E CALCULATION [GPU] ***
*** MAXWELL SOLVER [GPU] ***
Initial residual: 0.291916 norm b vector (source) = 0.46281
GMRES converged at restart # 3; iteration #1 with error: 8.4393e-07
  [Cycle 121] Particle sorting: ON
*** B CALCULATION [GPU] ***
Execution time cycle: 279.247 ms  [sort=0.048254 field=151.199 da_wait=0.00014 mover+out=0.031341 exchange+sort+moments=50.7364 B=70.7661 momentsAwait=6.46519 outCopy=0.000561]
 ======= Cycle 122 ======= 
*** E CALCULATION [GPU] ***
*** MAXWELL SOLVER [GPU] ***
Initial residual: 0.292094 norm b vector (source) = 0.462779
GMRES converged at restart # 3; iteration #1 with error: 8.8388e-07
  [Cycle 122] Particle sorting: ON
*** B CALCULATION [GPU] ***
Execution time cycle: 279.515 ms  [sort=0.047742 field=151.128 da_wait=0.00014 mover+out=0.03093 exchange+sort+moments=50.9211 B=70.8632 momentsAwait=6.52285 outCopy=0.000421]
 ======= Cycle 123 ======= 
*** E CALCULATION [GPU] ***
*** MAXWELL SOLVER [GPU] ***
Initial residual: 0.291967 norm b vector (source) = 0.462593
GMRES converged at restart # 3; iteration #0 with error: 9.84261e-07
  [Cycle 123] Particle sorting: ON
*** B CALCULATION [GPU] ***
Execution time cycle: 280.105 ms  [sort=0.050398 field=151.925 da_wait=0.00011 mover+out=0.032493 exchange+sort+moments=50.8348 B=70.7978 momentsAwait=6.46359 outCopy=0.000771]
 ======= Cycle 124 ======= 
*** E CALCULATION [GPU] ***
*** MAXWELL SOLVER [GPU] ***
Initial residual: 0.292125 norm b vector (source) = 0.462542
GMRES converged at restart # 3; iteration #1 with error: 9.65473e-07
  [Cycle 124] Particle sorting: ON
*** B CALCULATION [GPU] ***
Execution time cycle: 281.925 ms  [sort=0.04616 field=154.173 da_wait=0.00013 mover+out=0.031812 exchange+sort+moments=50.5501 B=70.6137 momentsAwait=6.50903 outCopy=0.000652]
 ======= Cycle 125 ======= 
*** E CALCULATION [GPU] ***
*** MAXWELL SOLVER [GPU] ***
Initial residual: 0.292522 norm b vector (source) = 0.462921
GMRES converged at restart # 3; iteration #2 with error: 8.83797e-07
  [Cycle 125] Particle sorting: ON
*** B CALCULATION [GPU] ***
Execution time cycle: 284.704 ms  [sort=0.048644 field=156.396 da_wait=0.00013 mover+out=0.0309 exchange+sort+moments=50.9017 B=70.8726 momentsAwait=6.45331 outCopy=0.000581]
 ======= Cycle 126 ======= 
*** E CALCULATION [GPU] ***
*** MAXWELL SOLVER [GPU] ***
Initial residual: 0.293089 norm b vector (source) = 0.463697
GMRES converged at restart # 3; iteration #2 with error: 9.67061e-07
  [Cycle 126] Particle sorting: ON
*** B CALCULATION [GPU] ***
Execution time cycle: 284.387 ms  [sort=0.045037 field=156.461 da_wait=0.00012 mover+out=0.029317 exchange+sort+moments=50.7173 B=70.6726 momentsAwait=6.46169 outCopy=0.00042]
 ======= Cycle 127 ======= 
*** E CALCULATION [GPU] ***
*** MAXWELL SOLVER [GPU] ***
Initial residual: 0.293407 norm b vector (source) = 0.464242
GMRES converged at restart # 4; iteration #0 with error: 8.5745e-07
  [Cycle 127] Particle sorting: ON
*** B CALCULATION [GPU] ***
Execution time cycle: 288.689 ms  [sort=0.044125 field=160.707 da_wait=0.00013 mover+out=0.03096 exchange+sort+moments=50.9213 B=70.588 momentsAwait=6.39649 outCopy=0.00042]
 ======= Cycle 128 ======= 
*** E CALCULATION [GPU] ***
*** MAXWELL SOLVER [GPU] ***
Initial residual: 0.293653 norm b vector (source) = 0.464556
GMRES converged at restart # 4; iteration #0 with error: 8.52527e-07
  [Cycle 128] Particle sorting: ON
*** B CALCULATION [GPU] ***
Execution time cycle: 288.209 ms  [sort=0.043865 field=160.383 da_wait=0.00014 mover+out=0.03059 exchange+sort+moments=50.3744 B=70.9061 momentsAwait=6.47051 outCopy=0.000331]
 ======= Cycle 129 ======= 
*** E CALCULATION [GPU] ***
*** MAXWELL SOLVER [GPU] ***
Initial residual: 0.293606 norm b vector (source) = 0.464474
GMRES converged at restart # 3; iteration #2 with error: 9.45505e-07
  [Cycle 129] Particle sorting: ON
*** B CALCULATION [GPU] ***
Execution time cycle: 284.425 ms  [sort=0.042673 field=156.447 da_wait=0.00017 mover+out=0.030259 exchange+sort+moments=50.72 B=70.6369 momentsAwait=6.54818 outCopy=0.000411]
 ======= Cycle 130 ======= 
*** E CALCULATION [GPU] ***
*** MAXWELL SOLVER [GPU] ***
Initial residual: 0.293389 norm b vector (source) = 0.464145
GMRES converged at restart # 3; iteration #2 with error: 8.54417e-07
  [Cycle 130] Particle sorting: ON
*** B CALCULATION [GPU] ***
Execution time cycle: 284.825 ms  [sort=0.04126 field=156.579 da_wait=0.00014 mover+out=0.032092 exchange+sort+moments=50.8482 B=70.8805 momentsAwait=6.44329 outCopy=0.000331]
 ======= Cycle 131 ======= 
*** E CALCULATION [GPU] ***
*** MAXWELL SOLVER [GPU] ***
Initial residual: 0.293357 norm b vector (source) = 0.46407
GMRES converged at restart # 3; iteration #1 with error: 9.1484e-07
  [Cycle 131] Particle sorting: ON
*** B CALCULATION [GPU] ***
Execution time cycle: 282.199 ms  [sort=0.045308 field=154.041 da_wait=0.00014 mover+out=0.03092 exchange+sort+moments=50.762 B=70.903 momentsAwait=6.41645 outCopy=0.000481]
 ======= Cycle 132 ======= 
*** E CALCULATION [GPU] ***
*** MAXWELL SOLVER [GPU] ***
Initial residual: 0.293483 norm b vector (source) = 0.464355
GMRES converged at restart # 3; iteration #1 with error: 8.94513e-07
  [Cycle 132] Particle sorting: ON
*** B CALCULATION [GPU] ***
Execution time cycle: 279.486 ms  [sort=0.047563 field=151.371 da_wait=0.00013 mover+out=0.030109 exchange+sort+moments=50.9048 B=70.6944 momentsAwait=6.43674 outCopy=0.000471]
 ======= Cycle 133 ======= 
*** E CALCULATION [GPU] ***
*** MAXWELL SOLVER [GPU] ***
Initial residual: 0.293802 norm b vector (source) = 0.465028
GMRES converged at restart # 3; iteration #0 with error: 9.58343e-07
  [Cycle 133] Particle sorting: ON
*** B CALCULATION [GPU] ***
Execution time cycle: 276.645 ms  [sort=0.047532 field=148.916 da_wait=0.00014 mover+out=0.032443 exchange+sort+moments=50.5653 B=70.6222 momentsAwait=6.46059 outCopy=0.000771]
 ======= Cycle 134 ======= 
*** E CALCULATION [GPU] ***
*** MAXWELL SOLVER [GPU] ***
Initial residual: 0.293832 norm b vector (source) = 0.465482
GMRES converged at restart # 3; iteration #0 with error: 8.85625e-07
  [Cycle 134] Particle sorting: ON
*** B CALCULATION [GPU] ***
Execution time cycle: 276.469 ms  [sort=0.049275 field=149.104 da_wait=0.00014 mover+out=0.029948 exchange+sort+moments=49.3997 B=71.3953 momentsAwait=6.49036 outCopy=0.000341]
 ======= Cycle 135 ======= 
*** E CALCULATION [GPU] ***
*** MAXWELL SOLVER [GPU] ***
Initial residual: 0.293458 norm b vector (source) = 0.465319
GMRES converged at restart # 3; iteration #0 with error: 8.7128e-07
  [Cycle 135] Particle sorting: ON
*** B CALCULATION [GPU] ***
Execution time cycle: 277.084 ms  [sort=0.050749 field=149.004 da_wait=0.00014 mover+out=0.033986 exchange+sort+moments=50.8149 B=70.7043 momentsAwait=6.47549 outCopy=0.000551]
 ======= Cycle 136 ======= 
*** E CALCULATION [GPU] ***
*** MAXWELL SOLVER [GPU] ***
Initial residual: 0.293583 norm b vector (source) = 0.465335
GMRES converged at restart # 3; iteration #0 with error: 9.11157e-07
  [Cycle 136] Particle sorting: ON
*** B CALCULATION [GPU] ***
Execution time cycle: 277.563 ms  [sort=0.0465 field=149.009 da_wait=0.00013 mover+out=0.032123 exchange+sort+moments=51.195 B=70.7874 momentsAwait=6.49272 outCopy=0.000391]
 ======= Cycle 137 ======= 
*** E CALCULATION [GPU] ***
*** MAXWELL SOLVER [GPU] ***
Initial residual: 0.293553 norm b vector (source) = 0.465269
GMRES converged at restart # 3; iteration #1 with error: 8.24844e-07
  [Cycle 137] Particle sorting: ON
*** B CALCULATION [GPU] ***
Execution time cycle: 279.445 ms  [sort=0.042242 field=151.05 da_wait=0.000141 mover+out=0.03099 exchange+sort+moments=51.0797 B=70.8024 momentsAwait=6.43874 outCopy=0.000321]
 ======= Cycle 138 ======= 
*** E CALCULATION [GPU] ***
*** MAXWELL SOLVER [GPU] ***
Initial residual: 0.293507 norm b vector (source) = 0.465061
GMRES converged at restart # 3; iteration #0 with error: 9.64924e-07
  [Cycle 138] Particle sorting: ON
*** B CALCULATION [GPU] ***
Execution time cycle: 279.798 ms  [sort=0.040859 field=152.055 da_wait=0.00014 mover+out=0.029397 exchange+sort+moments=50.3064 B=70.9189 momentsAwait=6.44667 outCopy=0.000271]
 ======= Cycle 139 ======= 
*** E CALCULATION [GPU] ***
*** MAXWELL SOLVER [GPU] ***
Initial residual: 0.293676 norm b vector (source) = 0.465037
GMRES converged at restart # 3; iteration #1 with error: 9.71781e-07
  [Cycle 139] Particle sorting: ON
*** B CALCULATION [GPU] ***
Execution time cycle: 282.68 ms  [sort=0.041079 field=154.105 da_wait=0.00014 mover+out=0.030369 exchange+sort+moments=50.9151 B=71.0758 momentsAwait=6.51201 outCopy=0.000411]
 ======= Cycle 140 ======= 
*** E CALCULATION [GPU] ***
*** MAXWELL SOLVER [GPU] ***
Initial residual: 0.293668 norm b vector (source) = 0.465014
GMRES converged at restart # 3; iteration #2 with error: 9.05269e-07
  [Cycle 140] Particle sorting: ON
*** B CALCULATION [GPU] ***
Execution time cycle: 284.402 ms  [sort=0.037192 field=156.21 da_wait=0.000171 mover+out=0.034937 exchange+sort+moments=50.5292 B=71.1107 momentsAwait=6.47925 outCopy=0.00026]
 ======= Cycle 141 ======= 
*** E CALCULATION [GPU] ***
*** MAXWELL SOLVER [GPU] ***
Initial residual: 0.293567 norm b vector (source) = 0.464845
GMRES converged at restart # 3; iteration #2 with error: 9.9662e-07
  [Cycle 141] Particle sorting: ON
*** B CALCULATION [GPU] ***
Execution time cycle: 285.108 ms  [sort=0.03573 field=156.643 da_wait=0.000141 mover+out=0.032693 exchange+sort+moments=50.8609 B=71.0759 momentsAwait=6.45962 outCopy=0.000421]
 ======= Cycle 142 ======= 
*** E CALCULATION [GPU] ***
*** MAXWELL SOLVER [GPU] ***
Initial residual: 0.29333 norm b vector (source) = 0.464475
GMRES converged at restart # 3; iteration #3 with error: 7.08385e-07
  [Cycle 142] Particle sorting: ON
*** B CALCULATION [GPU] ***
Execution time cycle: 287.161 ms  [sort=0.044958 field=158.989 da_wait=0.00014 mover+out=0.028335 exchange+sort+moments=50.7086 B=70.9354 momentsAwait=6.45418 outCopy=0.00026]
 ======= Cycle 143 ======= 
*** E CALCULATION [GPU] ***
*** MAXWELL SOLVER [GPU] ***
Initial residual: 0.293323 norm b vector (source) = 0.464248
GMRES converged at restart # 3; iteration #3 with error: 7.02972e-07
  [Cycle 143] Particle sorting: ON
*** B CALCULATION [GPU] ***
Execution time cycle: 286.408 ms  [sort=0.043504 field=158.859 da_wait=0.000141 mover+out=0.030629 exchange+sort+moments=49.9474 B=71.0509 momentsAwait=6.47612 outCopy=0.000571]
 ======= Cycle 144 ======= 
*** E CALCULATION [GPU] ***
*** MAXWELL SOLVER [GPU] ***
Initial residual: 0.293585 norm b vector (source) = 0.464453
GMRES converged at restart # 3; iteration #2 with error: 9.75584e-07
  [Cycle 144] Particle sorting: ON
*** B CALCULATION [GPU] ***
Execution time cycle: 285.422 ms  [sort=0.048484 field=156.537 da_wait=0.00013 mover+out=0.03079 exchange+sort+moments=50.9574 B=71.3359 momentsAwait=6.51109 outCopy=0.000691]
 ======= Cycle 145 ======= 
*** E CALCULATION [GPU] ***
*** MAXWELL SOLVER [GPU] ***
Initial residual: 0.293502 norm b vector (source) = 0.464582
GMRES converged at restart # 3; iteration #2 with error: 8.76978e-07
  [Cycle 145] Particle sorting: ON
*** B CALCULATION [GPU] ***
Execution time cycle: 285.224 ms  [sort=0.039928 field=156.62 da_wait=0.00014 mover+out=0.033595 exchange+sort+moments=50.9611 B=71.0962 momentsAwait=6.47268 outCopy=0.000401]
 ======= Cycle 146 ======= 
*** E CALCULATION [GPU] ***
*** MAXWELL SOLVER [GPU] ***
Initial residual: 0.293682 norm b vector (source) = 0.464979
GMRES converged at restart # 3; iteration #1 with error: 9.31409e-07
  [Cycle 146] Particle sorting: ON
*** B CALCULATION [GPU] ***
Execution time cycle: 282.161 ms  [sort=0.044286 field=154.237 da_wait=0.00014 mover+out=0.029948 exchange+sort+moments=50.2814 B=71.1124 momentsAwait=6.45531 outCopy=0.000391]
 ======= Cycle 147 ======= 
*** E CALCULATION [GPU] ***
*** MAXWELL SOLVER [GPU] ***
Initial residual: 0.293884 norm b vector (source) = 0.465651
GMRES converged at restart # 3; iteration #1 with error: 8.9584e-07
  [Cycle 147] Particle sorting: ON
*** B CALCULATION [GPU] ***
Execution time cycle: 284.641 ms  [sort=0.049436 field=156.675 da_wait=0.00013 mover+out=0.034577 exchange+sort+moments=50.3812 B=71.0277 momentsAwait=6.47264 outCopy=0.000421]
 ======= Cycle 148 ======= 
*** E CALCULATION [GPU] ***
*** MAXWELL SOLVER [GPU] ***
Initial residual: 0.293742 norm b vector (source) = 0.46607
GMRES converged at restart # 3; iteration #0 with error: 9.38297e-07
  [Cycle 148] Particle sorting: ON
*** B CALCULATION [GPU] ***
Execution time cycle: 277.332 ms  [sort=0.048835 field=149.116 da_wait=0.000141 mover+out=0.027323 exchange+sort+moments=50.4525 B=71.2513 momentsAwait=6.43544 outCopy=0.000331]
 ======= Cycle 149 ======= 
*** E CALCULATION [GPU] ***
*** MAXWELL SOLVER [GPU] ***
Initial residual: 0.293505 norm b vector (source) = 0.466047
GMRES converged at restart # 3; iteration #0 with error: 8.37887e-07
  [Cycle 149] Particle sorting: ON
*** B CALCULATION [GPU] ***
Execution time cycle: 277.658 ms  [sort=0.049045 field=148.566 da_wait=0.00014 mover+out=0.03101 exchange+sort+moments=51.0054 B=71.5283 momentsAwait=6.47755 outCopy=0.000571]
 ======= Cycle 150 ======= 
*** E CALCULATION [GPU] ***
*** MAXWELL SOLVER [GPU] ***
Initial residual: 0.293282 norm b vector (source) = 0.465699
GMRES converged at restart # 2; iteration #9 with error: 9.57211e-07
  [Cycle 150] Particle sorting: ON
*** B CALCULATION [GPU] ***
Execution time cycle: 288.117 ms  [sort=13.968 field=145.667 da_wait=0.000792 mover+out=0.024588 exchange+sort+moments=50.818 B=71.1931 momentsAwait=6.44555 outCopy=0.000261]
 ======= Cycle 151 ======= 
*** E CALCULATION [GPU] ***
*** MAXWELL SOLVER [GPU] ***
Initial residual: 0.293125 norm b vector (source) = 0.465179
GMRES converged at restart # 2; iteration #9 with error: 9.61886e-07
  [Cycle 151] Particle sorting: ON
*** B CALCULATION [GPU] ***
Execution time cycle: 272.883 ms  [sort=0.046069 field=144.811 da_wait=0.00014 mover+out=0.029717 exchange+sort+moments=50.3186 B=71.1786 momentsAwait=6.49904 outCopy=0.00025]
 ======= Cycle 152 ======= 
*** E CALCULATION [GPU] ***
*** MAXWELL SOLVER [GPU] ***
Initial residual: 0.292793 norm b vector (source) = 0.464421
GMRES converged at restart # 3; iteration #0 with error: 8.49635e-07
  [Cycle 152] Particle sorting: ON
*** B CALCULATION [GPU] ***
Execution time cycle: 277.277 ms  [sort=0.036952 field=148.922 da_wait=0.00013 mover+out=0.029938 exchange+sort+moments=50.5652 B=71.2428 momentsAwait=6.47957 outCopy=0.00026]
 ======= Cycle 153 ======= 
*** E CALCULATION [GPU] ***
*** MAXWELL SOLVER [GPU] ***
Initial residual: 0.292742 norm b vector (source) = 0.463969
GMRES converged at restart # 3; iteration #0 with error: 9.47355e-07
  [Cycle 153] Particle sorting: ON
*** B CALCULATION [GPU] ***
Execution time cycle: 277.653 ms  [sort=0.033244 field=148.978 da_wait=0.000131 mover+out=0.028525 exchange+sort+moments=50.8229 B=71.3845 momentsAwait=6.40494 outCopy=0.000341]
 ======= Cycle 154 ======= 
*** E CALCULATION [GPU] ***
*** MAXWELL SOLVER [GPU] ***
Initial residual: 0.292739 norm b vector (source) = 0.463849
GMRES converged at restart # 3; iteration #1 with error: 8.82876e-07
  [Cycle 154] Particle sorting: ON
*** B CALCULATION [GPU] ***
Execution time cycle: 285.326 ms  [sort=0.039537 field=151.523 da_wait=0.00022 mover+out=0.029768 exchange+sort+moments=50.6477 B=71.1616 momentsAwait=11.9238 outCopy=0.00025]
 ======= Cycle 155 ======= 
*** E CALCULATION [GPU] ***
*** MAXWELL SOLVER [GPU] ***
Initial residual: 0.292915 norm b vector (source) = 0.463999
GMRES converged at restart # 3; iteration #1 with error: 8.81753e-07
  [Cycle 155] Particle sorting: ON
*** B CALCULATION [GPU] ***
Execution time cycle: 282.478 ms  [sort=0.039877 field=154.214 da_wait=0.000141 mover+out=0.032282 exchange+sort+moments=50.7006 B=71.0388 momentsAwait=6.45202 outCopy=0.00041]
 ======= Cycle 156 ======= 
*** E CALCULATION [GPU] ***
*** MAXWELL SOLVER [GPU] ***
Initial residual: 0.293214 norm b vector (source) = 0.464352
GMRES converged at restart # 3; iteration #1 with error: 9.61483e-07
  [Cycle 156] Particle sorting: ON
*** B CALCULATION [GPU] ***
Execution time cycle: 282.291 ms  [sort=0.038424 field=153.819 da_wait=0.00014 mover+out=0.031281 exchange+sort+moments=50.6688 B=71.2926 momentsAwait=6.44062 outCopy=0.00027]
 ======= Cycle 157 ======= 
*** E CALCULATION [GPU] ***
*** MAXWELL SOLVER [GPU] ***
Initial residual: 0.293452 norm b vector (source) = 0.464669
GMRES converged at restart # 3; iteration #1 with error: 9.92129e-07
  [Cycle 157] Particle sorting: ON
*** B CALCULATION [GPU] ***
Execution time cycle: 282.935 ms  [sort=0.039827 field=154.364 da_wait=0.00014 mover+out=0.028856 exchange+sort+moments=50.5534 B=71.4598 momentsAwait=6.48896 outCopy=0.0004]
 ======= Cycle 158 ======= 
*** E CALCULATION [GPU] ***
*** MAXWELL SOLVER [GPU] ***
Initial residual: 0.293928 norm b vector (source) = 0.465196
GMRES converged at restart # 3; iteration #1 with error: 9.67737e-07
  [Cycle 158] Particle sorting: ON
*** B CALCULATION [GPU] ***
Execution time cycle: 282.918 ms  [sort=0.039046 field=153.932 da_wait=0.00013 mover+out=0.031982 exchange+sort+moments=51.281 B=71.1871 momentsAwait=6.44651 outCopy=0.00032]
 ======= Cycle 159 ======= 
*** E CALCULATION [GPU] ***
*** MAXWELL SOLVER [GPU] ***
Initial residual: 0.294294 norm b vector (source) = 0.46566
GMRES converged at restart # 3; iteration #1 with error: 8.83164e-07
  [Cycle 159] Particle sorting: ON
*** B CALCULATION [GPU] ***
Execution time cycle: 282.578 ms  [sort=0.040679 field=154.145 da_wait=0.00013 mover+out=0.032162 exchange+sort+moments=51.0444 B=70.8599 momentsAwait=6.4549 outCopy=0.000411]
 ======= Cycle 160 ======= 
*** E CALCULATION [GPU] ***
*** MAXWELL SOLVER [GPU] ***
Initial residual: 0.294434 norm b vector (source) = 0.465919
GMRES converged at restart # 3; iteration #1 with error: 8.65526e-07
  [Cycle 160] Particle sorting: ON
*** B CALCULATION [GPU] ***
Execution time cycle: 279.707 ms  [sort=0.040548 field=151.522 da_wait=0.000121 mover+out=0.03095 exchange+sort+moments=50.3833 B=71.3157 momentsAwait=6.41388 outCopy=0.000451]
 ======= Cycle 161 ======= 
*** E CALCULATION [GPU] ***
*** MAXWELL SOLVER [GPU] ***
Initial residual: 0.29446 norm b vector (source) = 0.466046
GMRES converged at restart # 3; iteration #0 with error: 8.81772e-07
  [Cycle 161] Particle sorting: ON
*** B CALCULATION [GPU] ***
Execution time cycle: 283.177 ms  [sort=0.044056 field=154.326 da_wait=0.00014 mover+out=0.030148 exchange+sort+moments=50.9374 B=71.3878 momentsAwait=6.45191 outCopy=0.000341]
 ======= Cycle 162 ======= 
*** E CALCULATION [GPU] ***
*** MAXWELL SOLVER [GPU] ***
Initial residual: 0.294406 norm b vector (source) = 0.46616
GMRES converged at restart # 2; iteration #9 with error: 9.09169e-07
  [Cycle 162] Particle sorting: ON
*** B CALCULATION [GPU] ***
Execution time cycle: 270.391 ms  [sort=0.033174 field=141.648 da_wait=0.00013 mover+out=0.029367 exchange+sort+moments=51.0956 B=71.1295 momentsAwait=6.4554 outCopy=0.00026]
 ======= Cycle 163 ======= 
*** E CALCULATION [GPU] ***
*** MAXWELL SOLVER [GPU] ***
Initial residual: 0.294456 norm b vector (source) = 0.466419
GMRES converged at restart # 2; iteration #9 with error: 7.65273e-07
  [Cycle 163] Particle sorting: ON
*** B CALCULATION [GPU] ***
Execution time cycle: 270.257 ms  [sort=0.039256 field=141.776 da_wait=0.00014 mover+out=0.03075 exchange+sort+moments=50.7893 B=71.1449 momentsAwait=6.47701 outCopy=0.000261]
 ======= Cycle 164 ======= 
*** E CALCULATION [GPU] ***
*** MAXWELL SOLVER [GPU] ***
Initial residual: 0.294601 norm b vector (source) = 0.46684
GMRES converged at restart # 3; iteration #0 with error: 8.05667e-07
  [Cycle 164] Particle sorting: ON
*** B CALCULATION [GPU] ***
Execution time cycle: 271.33 ms  [sort=0.030919 field=143.199 da_wait=0.000141 mover+out=0.032563 exchange+sort+moments=50.5708 B=71.0225 momentsAwait=6.47426 outCopy=0.000271]
 ======= Cycle 165 ======= 
*** E CALCULATION [GPU] ***
*** MAXWELL SOLVER [GPU] ***
Initial residual: 0.294735 norm b vector (source) = 0.467196
GMRES converged at restart # 2; iteration #8 with error: 9.896e-07
  [Cycle 165] Particle sorting: ON
*** B CALCULATION [GPU] ***
Execution time cycle: 267.435 ms  [sort=0.037923 field=138.974 da_wait=0.00011 mover+out=0.030389 exchange+sort+moments=50.6315 B=71.2765 momentsAwait=6.48434 outCopy=0.00042]
 ======= Cycle 166 ======= 
*** E CALCULATION [GPU] ***
*** MAXWELL SOLVER [GPU] ***
Initial residual: 0.294617 norm b vector (source) = 0.467293
GMRES converged at restart # 3; iteration #0 with error: 8.14105e-07
  [Cycle 166] Particle sorting: ON
*** B CALCULATION [GPU] ***
Execution time cycle: 272.177 ms  [sort=0.040839 field=143.119 da_wait=0.00014 mover+out=0.030138 exchange+sort+moments=50.9513 B=71.5173 momentsAwait=6.5179 outCopy=0.000411]
 ======= Cycle 167 ======= 
*** E CALCULATION [GPU] ***
*** MAXWELL SOLVER [GPU] ***
Initial residual: 0.294662 norm b vector (source) = 0.467232
GMRES converged at restart # 2; iteration #9 with error: 7.77466e-07
  [Cycle 167] Particle sorting: ON
*** B CALCULATION [GPU] ***
Execution time cycle: 270.648 ms  [sort=0.040749 field=141.556 da_wait=0.00013 mover+out=0.030389 exchange+sort+moments=51.1867 B=71.3453 momentsAwait=6.48845 outCopy=0.00034]
 ======= Cycle 168 ======= 
*** E CALCULATION [GPU] ***
*** MAXWELL SOLVER [GPU] ***
Initial residual: 0.294596 norm b vector (source) = 0.467017
GMRES converged at restart # 2; iteration #9 with error: 9.15307e-07
  [Cycle 168] Particle sorting: ON
*** B CALCULATION [GPU] ***
Execution time cycle: 269.42 ms  [sort=0.040819 field=141.698 da_wait=0.000141 mover+out=0.032142 exchange+sort+moments=49.5541 B=71.5689 momentsAwait=6.52588 outCopy=0.00027]
 ======= Cycle 169 ======= 
*** E CALCULATION [GPU] ***
*** MAXWELL SOLVER [GPU] ***
Initial residual: 0.294606 norm b vector (source) = 0.466752
GMRES converged at restart # 3; iteration #0 with error: 8.72855e-07
  [Cycle 169] Particle sorting: ON
*** B CALCULATION [GPU] ***
Execution time cycle: 276.73 ms  [sort=0.039406 field=148.848 da_wait=0.000141 mover+out=0.03123 exchange+sort+moments=49.9715 B=71.3613 momentsAwait=6.47886 outCopy=0.000411]
 ======= Cycle 170 ======= 
*** E CALCULATION [GPU] ***
*** MAXWELL SOLVER [GPU] ***
Initial residual: 0.294683 norm b vector (source) = 0.466577
GMRES converged at restart # 3; iteration #1 with error: 8.35415e-07
  [Cycle 170] Particle sorting: ON
*** B CALCULATION [GPU] ***
Execution time cycle: 279.502 ms  [sort=0.039696 field=151.492 da_wait=0.00022 mover+out=0.030379 exchange+sort+moments=50.2857 B=71.1262 momentsAwait=6.52674 outCopy=0.000421]
 ======= Cycle 171 ======= 
*** E CALCULATION [GPU] ***
*** MAXWELL SOLVER [GPU] ***
Initial residual: 0.294753 norm b vector (source) = 0.466463
GMRES converged at restart # 3; iteration #0 with error: 9.54242e-07
  [Cycle 171] Particle sorting: ON
*** B CALCULATION [GPU] ***
Execution time cycle: 280.219 ms  [sort=0.033555 field=151.63 da_wait=0.000131 mover+out=0.032372 exchange+sort+moments=50.7594 B=71.3004 momentsAwait=6.46298 outCopy=0.000451]
 ======= Cycle 172 ======= 
*** E CALCULATION [GPU] ***
*** MAXWELL SOLVER [GPU] ***
Initial residual: 0.294785 norm b vector (source) = 0.466287
GMRES converged at restart # 3; iteration #1 with error: 8.75098e-07
  [Cycle 172] Particle sorting: ON
*** B CALCULATION [GPU] ***
Execution time cycle: 282.247 ms  [sort=0.03587 field=154.053 da_wait=0.00012 mover+out=0.0307 exchange+sort+moments=50.239 B=71.3273 momentsAwait=6.56052 outCopy=0.000411]
 ======= Cycle 173 ======= 
*** E CALCULATION [GPU] ***
*** MAXWELL SOLVER [GPU] ***
Initial residual: 0.294739 norm b vector (source) = 0.466134
GMRES converged at restart # 3; iteration #0 with error: 9.88931e-07
  [Cycle 173] Particle sorting: ON
*** B CALCULATION [GPU] ***
Execution time cycle: 279.84 ms  [sort=0.045599 field=151.755 da_wait=0.000141 mover+out=0.030569 exchange+sort+moments=50.1797 B=71.363 momentsAwait=6.46567 outCopy=0.000481]
 ======= Cycle 174 ======= 
*** E CALCULATION [GPU] ***
*** MAXWELL SOLVER [GPU] ***
Initial residual: 0.294702 norm b vector (source) = 0.466139
GMRES converged at restart # 3; iteration #1 with error: 8.94267e-07
  [Cycle 174] Particle sorting: ON
*** B CALCULATION [GPU] ***
Execution time cycle: 280.11 ms  [sort=0.043073 field=151.393 da_wait=0.00013 mover+out=0.031351 exchange+sort+moments=50.6 B=71.5767 momentsAwait=6.46485 outCopy=0.000391]
 ======= Cycle 175 ======= 
*** E CALCULATION [GPU] ***
*** MAXWELL SOLVER [GPU] ***
Initial residual: 0.29466 norm b vector (source) = 0.466261
GMRES converged at restart # 3; iteration #0 with error: 9.50638e-07
  [Cycle 175] Particle sorting: ON
*** B CALCULATION [GPU] ***
Execution time cycle: 277.681 ms  [sort=0.044887 field=148.929 da_wait=0.00014 mover+out=0.035779 exchange+sort+moments=50.4991 B=71.7068 momentsAwait=6.46461 outCopy=0.000481]
 ======= Cycle 176 ======= 
*** E CALCULATION [GPU] ***
*** MAXWELL SOLVER [GPU] ***
Initial residual: 0.294333 norm b vector (source) = 0.466154
GMRES converged at restart # 2; iteration #9 with error: 9.7433e-07
  [Cycle 176] Particle sorting: ON
*** B CALCULATION [GPU] ***
Execution time cycle: 273.847 ms  [sort=0.047302 field=144.793 da_wait=0.000141 mover+out=0.032282 exchange+sort+moments=51.1765 B=71.3459 momentsAwait=6.45128 outCopy=0.000251]
 ======= Cycle 177 ======= 
*** E CALCULATION [GPU] ***
*** MAXWELL SOLVER [GPU] ***
Initial residual: 0.294092 norm b vector (source) = 0.465996
GMRES converged at restart # 2; iteration #9 with error: 8.43113e-07
  [Cycle 177] Particle sorting: ON
*** B CALCULATION [GPU] ***
Execution time cycle: 270.377 ms  [sort=0.045128 field=141.896 da_wait=0.00013 mover+out=0.033685 exchange+sort+moments=50.5841 B=71.3511 momentsAwait=6.46635 outCopy=0.00048]
 ======= Cycle 178 ======= 
*** E CALCULATION [GPU] ***
*** MAXWELL SOLVER [GPU] ***
Initial residual: 0.294128 norm b vector (source) = 0.465993
GMRES converged at restart # 2; iteration #9 with error: 7.27127e-07
  [Cycle 178] Particle sorting: ON
*** B CALCULATION [GPU] ***
Execution time cycle: 270.089 ms  [sort=0.050278 field=141.761 da_wait=0.00014 mover+out=0.031291 exchange+sort+moments=50.2981 B=71.4667 momentsAwait=6.48017 outCopy=0.000491]
 ======= Cycle 179 ======= 
*** E CALCULATION [GPU] ***
*** MAXWELL SOLVER [GPU] ***
Initial residual: 0.294184 norm b vector (source) = 0.46609
GMRES converged at restart # 3; iteration #0 with error: 7.90503e-07
  [Cycle 179] Particle sorting: ON
*** B CALCULATION [GPU] ***
Execution time cycle: 271.61 ms  [sort=0.046781 field=143.001 da_wait=0.00014 mover+out=0.032603 exchange+sort+moments=50.4487 B=71.5983 momentsAwait=6.48231 outCopy=0.000571]
 ======= Cycle 180 ======= 
*** E CALCULATION [GPU] ***
*** MAXWELL SOLVER [GPU] ***
Initial residual: 0.294093 norm b vector (source) = 0.466053
GMRES converged at restart # 2; iteration #8 with error: 9.88764e-07
  [Cycle 180] Particle sorting: ON
*** B CALCULATION [GPU] ***
Execution time cycle: 267.862 ms  [sort=0.032213 field=138.903 da_wait=0.00014 mover+out=0.034567 exchange+sort+moments=50.8836 B=71.5853 momentsAwait=6.42288 outCopy=0.000341]
 ======= Cycle 181 ======= 
*** E CALCULATION [GPU] ***
*** MAXWELL SOLVER [GPU] ***
Initial residual: 0.29409 norm b vector (source) = 0.46597
GMRES converged at restart # 3; iteration #0 with error: 8.11896e-07
  [Cycle 181] Particle sorting: ON
*** B CALCULATION [GPU] ***
Execution time cycle: 271.727 ms  [sort=0.041921 field=143.274 da_wait=0.00014 mover+out=0.03063 exchange+sort+moments=50.352 B=71.5768 momentsAwait=6.4511 outCopy=0.00031]
 ======= Cycle 182 ======= 
*** E CALCULATION [GPU] ***
*** MAXWELL SOLVER [GPU] ***
Initial residual: 0.29397 norm b vector (source) = 0.465662
GMRES converged at restart # 2; iteration #9 with error: 7.64264e-07
  [Cycle 182] Particle sorting: ON
*** B CALCULATION [GPU] ***
Execution time cycle: 591.499 ms  [sort=319.468 field=143.837 da_wait=0.00015 mover+out=0.031511 exchange+sort+moments=50.2372 B=71.3992 momentsAwait=6.52653 outCopy=0.00032]
 ======= Cycle 183 ======= 
*** E CALCULATION [GPU] ***
*** MAXWELL SOLVER [GPU] ***
Initial residual: 0.293748 norm b vector (source) = 0.465045
GMRES converged at restart # 2; iteration #9 with error: 8.76427e-07
  [Cycle 183] Particle sorting: ON
*** B CALCULATION [GPU] ***
Execution time cycle: 270.713 ms  [sort=0.041681 field=141.756 da_wait=0.000151 mover+out=0.030589 exchange+sort+moments=50.6566 B=71.7843 momentsAwait=6.44266 outCopy=0.000361]
 ======= Cycle 184 ======= 
*** E CALCULATION [GPU] ***
*** MAXWELL SOLVER [GPU] ***
Initial residual: 0.293964 norm b vector (source) = 0.464857
GMRES converged at restart # 2; iteration #9 with error: 9.73842e-07
  [Cycle 184] Particle sorting: ON
*** B CALCULATION [GPU] ***
Execution time cycle: 274.897 ms  [sort=0.042653 field=144.966 da_wait=0.000141 mover+out=0.033585 exchange+sort+moments=51.3224 B=72.009 momentsAwait=6.52245 outCopy=0.000321]
 ======= Cycle 185 ======= 
*** E CALCULATION [GPU] ***
*** MAXWELL SOLVER [GPU] ***
Initial residual: 0.294175 norm b vector (source) = 0.464987
GMRES converged at restart # 3; iteration #0 with error: 9.03674e-07
  [Cycle 185] Particle sorting: ON
*** B CALCULATION [GPU] ***
Execution time cycle: 278.633 ms  [sort=0.037473 field=148.882 da_wait=0.00017 mover+out=0.030209 exchange+sort+moments=51.6059 B=71.6566 momentsAwait=6.42034 outCopy=0.000421]
 ======= Cycle 186 ======= 
*** E CALCULATION [GPU] ***
*** MAXWELL SOLVER [GPU] ***
Initial residual: 0.294811 norm b vector (source) = 0.465629
GMRES converged at restart # 3; iteration #0 with error: 9.67898e-07
  [Cycle 186] Particle sorting: ON
*** B CALCULATION [GPU] ***
Execution time cycle: 278.022 ms  [sort=0.037924 field=149.056 da_wait=0.00013 mover+out=0.032103 exchange+sort+moments=51.0108 B=71.383 momentsAwait=6.50122 outCopy=0.00025]
 ======= Cycle 187 ======= 
*** E CALCULATION [GPU] ***
*** MAXWELL SOLVER [GPU] ***
Initial residual: 0.295206 norm b vector (source) = 0.46634
GMRES converged at restart # 3; iteration #0 with error: 9.85775e-07
  [Cycle 187] Particle sorting: ON
*** B CALCULATION [GPU] ***
Execution time cycle: 277.482 ms  [sort=0.043263 field=148.76 da_wait=0.00014 mover+out=0.031451 exchange+sort+moments=50.5697 B=71.6141 momentsAwait=6.46332 outCopy=0.000341]
 ======= Cycle 188 ======= 
*** E CALCULATION [GPU] ***
*** MAXWELL SOLVER [GPU] ***
Initial residual: 0.295358 norm b vector (source) = 0.466777
GMRES converged at restart # 3; iteration #0 with error: 9.42535e-07
  [Cycle 188] Particle sorting: ON
*** B CALCULATION [GPU] ***
Execution time cycle: 277.749 ms  [sort=0.036991 field=148.801 da_wait=0.00014 mover+out=0.031441 exchange+sort+moments=50.5708 B=71.8069 momentsAwait=6.50178 outCopy=0.00025]
 ======= Cycle 189 ======= 
*** E CALCULATION [GPU] ***
*** MAXWELL SOLVER [GPU] ***
Initial residual: 0.295321 norm b vector (source) = 0.466951
GMRES converged at restart # 3; iteration #0 with error: 8.49956e-07
  [Cycle 189] Particle sorting: ON
*** B CALCULATION [GPU] ***
Execution time cycle: 277.587 ms  [sort=0.033485 field=148.915 da_wait=0.000161 mover+out=0.033214 exchange+sort+moments=50.55 B=71.6482 momentsAwait=6.40674 outCopy=0.000261]
 ======= Cycle 190 ======= 
*** E CALCULATION [GPU] ***
*** MAXWELL SOLVER [GPU] ***
Initial residual: 0.294885 norm b vector (source) = 0.466674
GMRES converged at restart # 2; iteration #9 with error: 8.87124e-07
  [Cycle 190] Particle sorting: ON
*** B CALCULATION [GPU] ***
Execution time cycle: 543.197 ms  [sort=0.033935 field=414.496 da_wait=0.00014 mover+out=0.028295 exchange+sort+moments=50.7373 B=71.4384 momentsAwait=6.46332 outCopy=0.000351]
 ======= Cycle 191 ======= 
*** E CALCULATION [GPU] ***
*** MAXWELL SOLVER [GPU] ***
Initial residual: 0.2946 norm b vector (source) = 0.466289
GMRES converged at restart # 2; iteration #9 with error: 7.59862e-07
  [Cycle 191] Particle sorting: ON
*** B CALCULATION [GPU] ***
Execution time cycle: 269.636 ms  [sort=0.043364 field=141.411 da_wait=0.00014 mover+out=0.031011 exchange+sort+moments=50.1036 B=71.556 momentsAwait=6.49017 outCopy=0.000461]
 ======= Cycle 192 ======= 
*** E CALCULATION [GPU] ***
*** MAXWELL SOLVER [GPU] ***
Initial residual: 0.294422 norm b vector (source) = 0.466059
GMRES converged at restart # 2; iteration #8 with error: 9.62976e-07
  [Cycle 192] Particle sorting: ON
*** B CALCULATION [GPU] ***
Execution time cycle: 267.335 ms  [sort=0.049977 field=138.952 da_wait=0.00013 mover+out=0.03115 exchange+sort+moments=50.2885 B=71.5605 momentsAwait=6.45272 outCopy=0.000441]
 ======= Cycle 193 ======= 
*** E CALCULATION [GPU] ***
*** MAXWELL SOLVER [GPU] ***
Initial residual: 0.294378 norm b vector (source) = 0.466012
GMRES converged at restart # 2; iteration #8 with error: 8.25545e-07
  [Cycle 193] Particle sorting: ON
*** B CALCULATION [GPU] ***
Execution time cycle: 267.782 ms  [sort=0.04642 field=138.853 da_wait=0.00014 mover+out=0.032493 exchange+sort+moments=50.357 B=72.0352 momentsAwait=6.45664 outCopy=0.000341]
 ======= Cycle 194 ======= 
*** E CALCULATION [GPU] ***
*** MAXWELL SOLVER [GPU] ***
Initial residual: 0.294428 norm b vector (source) = 0.466119
GMRES converged at restart # 2; iteration #8 with error: 7.37804e-07
  [Cycle 194] Particle sorting: ON
*** B CALCULATION [GPU] ***
Execution time cycle: 268.728 ms  [sort=0.047231 field=139.488 da_wait=0.00014 mover+out=0.032083 exchange+sort+moments=51.0819 B=71.5597 momentsAwait=6.51853 outCopy=0.000251]
 ======= Cycle 195 ======= 
*** E CALCULATION [GPU] ***
*** MAXWELL SOLVER [GPU] ***
Initial residual: 0.294732 norm b vector (source) = 0.466431
GMRES converged at restart # 2; iteration #8 with error: 7.04344e-07
  [Cycle 195] Particle sorting: ON
*** B CALCULATION [GPU] ***
Execution time cycle: 267.025 ms  [sort=0.042332 field=139.033 da_wait=0.00014 mover+out=0.033234 exchange+sort+moments=50.0129 B=71.4393 momentsAwait=6.4634 outCopy=0.00034]
 ======= Cycle 196 ======= 
*** E CALCULATION [GPU] ***
*** MAXWELL SOLVER [GPU] ***
Initial residual: 0.295077 norm b vector (source) = 0.466695
GMRES converged at restart # 2; iteration #8 with error: 7.21658e-07
  [Cycle 196] Particle sorting: ON
*** B CALCULATION [GPU] ***
Execution time cycle: 267.335 ms  [sort=0.041571 field=139.019 da_wait=0.00013 mover+out=0.032493 exchange+sort+moments=50.0774 B=71.6509 momentsAwait=6.51371 outCopy=0.000311]
 ======= Cycle 197 ======= 
*** E CALCULATION [GPU] ***
*** MAXWELL SOLVER [GPU] ***
Initial residual: 0.294996 norm b vector (source) = 0.466431
GMRES converged at restart # 2; iteration #8 with error: 7.88782e-07
  [Cycle 197] Particle sorting: ON
*** B CALCULATION [GPU] ***
Execution time cycle: 267.002 ms  [sort=0.042111 field=139 da_wait=0.00013 mover+out=0.029177 exchange+sort+moments=50.1031 B=71.3694 momentsAwait=6.45784 outCopy=0.000581]
 ======= Cycle 198 ======= 
*** E CALCULATION [GPU] ***
*** MAXWELL SOLVER [GPU] ***
Initial residual: 0.294955 norm b vector (source) = 0.466005
GMRES converged at restart # 2; iteration #8 with error: 8.94927e-07
  [Cycle 198] Particle sorting: ON
*** B CALCULATION [GPU] ***
Execution time cycle: 267.58 ms  [sort=0.035378 field=138.89 da_wait=0.00016 mover+out=0.029558 exchange+sort+moments=50.5259 B=71.6431 momentsAwait=6.45585 outCopy=0.000421]
 ======= Cycle 199 ======= 
*** E CALCULATION [GPU] ***
*** MAXWELL SOLVER [GPU] ***
Initial residual: 0.294939 norm b vector (source) = 0.465695
GMRES converged at restart # 3; iteration #0 with error: 8.05476e-07
  [Cycle 199] Particle sorting: ON
*** B CALCULATION [GPU] ***
Execution time cycle: 2432.01 ms  [sort=0.047182 field=142.937 da_wait=0.000121 mover+out=0.031952 exchange+sort+moments=50.3023 B=71.5511 momentsAwait=6.45224 outCopy=2160.68]
 ======= Cycle 200 ======= 
*** E CALCULATION [GPU] ***
*** MAXWELL SOLVER [GPU] ***
Initial residual: 0.295185 norm b vector (source) = 0.465737
GMRES converged at restart # 2; iteration #9 with error: 7.74777e-07
  [Cycle 200] Particle sorting: ON
*** B CALCULATION [GPU] ***
Execution time cycle: 1546.59 ms  [sort=56.3085 field=144.171 da_wait=0.000822 mover+out=1239.64 exchange+sort+moments=28.3739 B=71.4933 momentsAwait=6.6018 outCopy=0.000692]
 ======= Cycle 201 ======= 
*** E CALCULATION [GPU] ***
*** MAXWELL SOLVER [GPU] ***
Initial residual: 0.295571 norm b vector (source) = 0.46621
GMRES converged at restart # 2; iteration #9 with error: 8.45827e-07
  [Cycle 201] Particle sorting: ON
*** B CALCULATION [GPU] ***
Execution time cycle: 271.994 ms  [sort=0.053253 field=143.045 da_wait=0.00012 mover+out=0.034978 exchange+sort+moments=50.3417 B=71.9885 momentsAwait=6.52991 outCopy=0.000611]
 ======= Cycle 202 ======= 
*** E CALCULATION [GPU] ***
*** MAXWELL SOLVER [GPU] ***
Initial residual: 0.29594 norm b vector (source) = 0.466846
GMRES converged at restart # 2; iteration #9 with error: 8.74161e-07
  [Cycle 202] Particle sorting: ON
*** B CALCULATION [GPU] ***
Execution time cycle: 270.501 ms  [sort=0.050358 field=141.855 da_wait=0.00012 mover+out=0.027904 exchange+sort+moments=50.5275 B=71.4669 momentsAwait=6.57245 outCopy=0.00034]
 ======= Cycle 203 ======= 
*** E CALCULATION [GPU] ***
*** MAXWELL SOLVER [GPU] ***
Initial residual: 0.296169 norm b vector (source) = 0.467405
GMRES converged at restart # 2; iteration #9 with error: 8.50735e-07
  [Cycle 203] Particle sorting: ON
*** B CALCULATION [GPU] ***
Execution time cycle: 270.39 ms  [sort=0.042983 field=141.879 da_wait=0.000131 mover+out=0.030679 exchange+sort+moments=50.3826 B=71.5023 momentsAwait=6.55169 outCopy=0.000561]
 ======= Cycle 204 ======= 
*** E CALCULATION [GPU] ***
*** MAXWELL SOLVER [GPU] ***
Initial residual: 0.296058 norm b vector (source) = 0.467602
GMRES converged at restart # 2; iteration #9 with error: 7.81268e-07
  [Cycle 204] Particle sorting: ON
*** B CALCULATION [GPU] ***
Execution time cycle: 270.42 ms  [sort=0.043073 field=142.122 da_wait=0.00012 mover+out=0.030169 exchange+sort+moments=49.8902 B=71.6961 momentsAwait=6.63857 outCopy=0.00033]
 ======= Cycle 205 ======= 
*** E CALCULATION [GPU] ***
*** MAXWELL SOLVER [GPU] ***
Initial residual: 0.295717 norm b vector (source) = 0.467442
GMRES converged at restart # 3; iteration #0 with error: 8.09488e-07
  [Cycle 205] Particle sorting: ON
*** B CALCULATION [GPU] ***
Execution time cycle: 271.714 ms  [sort=0.045849 field=143.233 da_wait=0.000121 mover+out=0.033434 exchange+sort+moments=50.1621 B=71.7732 momentsAwait=6.46566 outCopy=0.000571]
 ======= Cycle 206 ======= 
*** E CALCULATION [GPU] ***
*** MAXWELL SOLVER [GPU] ***
Initial residual: 0.295319 norm b vector (source) = 0.467066
GMRES converged at restart # 2; iteration #8 with error: 8.95303e-07
  [Cycle 206] Particle sorting: ON
*** B CALCULATION [GPU] ***
Execution time cycle: 267.707 ms  [sort=0.06192 field=138.832 da_wait=0.000121 mover+out=0.029607 exchange+sort+moments=50.5189 B=71.7763 momentsAwait=6.48583 outCopy=0.001633]
 ======= Cycle 207 ======= 
*** E CALCULATION [GPU] ***
*** MAXWELL SOLVER [GPU] ***
Initial residual: 0.294998 norm b vector (source) = 0.466776
GMRES converged at restart # 2; iteration #8 with error: 7.74631e-07
  [Cycle 207] Particle sorting: ON
*** B CALCULATION [GPU] ***
Execution time cycle: 267.872 ms  [sort=0.036631 field=139.692 da_wait=0.000111 mover+out=0.028936 exchange+sort+moments=49.9153 B=71.6956 momentsAwait=6.50319 outCopy=0.000251]
 ======= Cycle 208 ======= 
*** E CALCULATION [GPU] ***
*** MAXWELL SOLVER [GPU] ***
Initial residual: 0.294776 norm b vector (source) = 0.466579
GMRES converged at restart # 2; iteration #7 with error: 9.89856e-07
  [Cycle 208] Particle sorting: ON
*** B CALCULATION [GPU] ***
Execution time cycle: 264.566 ms  [sort=0.034357 field=136.175 da_wait=0.00018 mover+out=0.034016 exchange+sort+moments=50.1001 B=71.7764 momentsAwait=6.44554 outCopy=0.000351]
 ======= Cycle 209 ======= 
*** E CALCULATION [GPU] ***
*** MAXWELL SOLVER [GPU] ***
Initial residual: 0.294678 norm b vector (source) = 0.466501
GMRES converged at restart # 2; iteration #7 with error: 9.09782e-07
  [Cycle 209] Particle sorting: ON
*** B CALCULATION [GPU] ***
Execution time cycle: 265.131 ms  [sort=0.032753 field=136.239 da_wait=0.00012 mover+out=0.028475 exchange+sort+moments=50.436 B=71.901 momentsAwait=6.49381 outCopy=0.000331]
 ======= Cycle 210 ======= 
*** E CALCULATION [GPU] ***
*** MAXWELL SOLVER [GPU] ***
Initial residual: 0.29451 norm b vector (source) = 0.466265
GMRES converged at restart # 2; iteration #7 with error: 8.91739e-07
  [Cycle 210] Particle sorting: ON
*** B CALCULATION [GPU] ***
Execution time cycle: 265.134 ms  [sort=0.039697 field=136.42 da_wait=0.00012 mover+out=0.031672 exchange+sort+moments=50.1235 B=72.0781 momentsAwait=6.44007 outCopy=0.000251]
 ======= Cycle 211 ======= 
*** E CALCULATION [GPU] ***
*** MAXWELL SOLVER [GPU] ***
Initial residual: 0.294626 norm b vector (source) = 0.466038
GMRES converged at restart # 2; iteration #7 with error: 9.25925e-07
  [Cycle 211] Particle sorting: ON
*** B CALCULATION [GPU] ***
Execution time cycle: 265.338 ms  [sort=0.043825 field=136.319 da_wait=0.00014 mover+out=0.028846 exchange+sort+moments=50.7626 B=71.7358 momentsAwait=6.44768 outCopy=0.000351]
 ======= Cycle 212 ======= 
*** E CALCULATION [GPU] ***
*** MAXWELL SOLVER [GPU] ***
Initial residual: 0.29501 norm b vector (source) = 0.466094
GMRES converged at restart # 2; iteration #8 with error: 7.03244e-07
  [Cycle 212] Particle sorting: ON
*** B CALCULATION [GPU] ***
Execution time cycle: 267.62 ms  [sort=0.047352 field=138.792 da_wait=0.00012 mover+out=0.031361 exchange+sort+moments=50.2684 B=71.9599 momentsAwait=6.52066 outCopy=0.00034]
 ======= Cycle 213 ======= 
*** E CALCULATION [GPU] ***
*** MAXWELL SOLVER [GPU] ***
Initial residual: 0.295379 norm b vector (source) = 0.466261
GMRES converged at restart # 2; iteration #8 with error: 8.0034e-07
  [Cycle 213] Particle sorting: ON
*** B CALCULATION [GPU] ***
Execution time cycle: 267.541 ms  [sort=0.038795 field=139.081 da_wait=0.000131 mover+out=0.032593 exchange+sort+moments=50.0191 B=71.885 momentsAwait=6.48384 outCopy=0.000491]
 ======= Cycle 214 ======= 
*** E CALCULATION [GPU] ***
*** MAXWELL SOLVER [GPU] ***
Initial residual: 0.295593 norm b vector (source) = 0.466434
GMRES converged at restart # 2; iteration #8 with error: 9.05122e-07
  [Cycle 214] Particle sorting: ON
*** B CALCULATION [GPU] ***
Execution time cycle: 267.678 ms  [sort=0.044617 field=138.838 da_wait=0.000111 mover+out=0.032633 exchange+sort+moments=50.4182 B=71.8831 momentsAwait=6.46095 outCopy=0.000541]
 ======= Cycle 215 ======= 
*** E CALCULATION [GPU] ***
*** MAXWELL SOLVER [GPU] ***
Initial residual: 0.295458 norm b vector (source) = 0.466321
GMRES converged at restart # 3; iteration #0 with error: 7.88623e-07
  [Cycle 215] Particle sorting: ON
*** B CALCULATION [GPU] ***
Execution time cycle: 272.02 ms  [sort=0.047973 field=143.144 da_wait=0.000151 mover+out=0.031531 exchange+sort+moments=50.378 B=71.9248 momentsAwait=6.49289 outCopy=0.000401]
 ======= Cycle 216 ======= 
*** E CALCULATION [GPU] ***
*** MAXWELL SOLVER [GPU] ***
Initial residual: 0.295235 norm b vector (source) = 0.465952
GMRES converged at restart # 3; iteration #0 with error: 8.42272e-07
  [Cycle 216] Particle sorting: ON
*** B CALCULATION [GPU] ***
Execution time cycle: 272.132 ms  [sort=0.032714 field=143.257 da_wait=0.00012 mover+out=0.033715 exchange+sort+moments=50.4261 B=71.8997 momentsAwait=6.48251 outCopy=0.00026]
 ======= Cycle 217 ======= 
*** E CALCULATION [GPU] ***
*** MAXWELL SOLVER [GPU] ***
Initial residual: 0.295045 norm b vector (source) = 0.465453
GMRES converged at restart # 2; iteration #9 with error: 7.26339e-07
  [Cycle 217] Particle sorting: ON
*** B CALCULATION [GPU] ***
Execution time cycle: 270.294 ms  [sort=0.045308 field=141.28 da_wait=0.00012 mover+out=0.030679 exchange+sort+moments=50.5508 B=71.9384 momentsAwait=6.44899 outCopy=0.000491]
 ======= Cycle 218 ======= 
*** E CALCULATION [GPU] ***
*** MAXWELL SOLVER [GPU] ***
Initial residual: 0.294979 norm b vector (source) = 0.46512
GMRES converged at restart # 3; iteration #0 with error: 8.17685e-07
  [Cycle 218] Particle sorting: ON
*** B CALCULATION [GPU] ***
Execution time cycle: 271.742 ms  [sort=0.04139 field=143.073 da_wait=0.00012 mover+out=0.032553 exchange+sort+moments=50.0155 B=72.1144 momentsAwait=6.46396 outCopy=0.000501]
 ======= Cycle 219 ======= 
*** E CALCULATION [GPU] ***
*** MAXWELL SOLVER [GPU] ***
Initial residual: 0.295119 norm b vector (source) = 0.465208
GMRES converged at restart # 2; iteration #8 with error: 9.46662e-07
  [Cycle 219] Particle sorting: ON
*** B CALCULATION [GPU] ***
Execution time cycle: 267.844 ms  [sort=0.037943 field=138.723 da_wait=0.00012 mover+out=0.03097 exchange+sort+moments=50.4128 B=72.1681 momentsAwait=6.47052 outCopy=0.000721]
 ======= Cycle 220 ======= 
*** E CALCULATION [GPU] ***
*** MAXWELL SOLVER [GPU] ***
Initial residual: 0.295208 norm b vector (source) = 0.465535
GMRES converged at restart # 2; iteration #8 with error: 8.29755e-07
  [Cycle 220] Particle sorting: ON
*** B CALCULATION [GPU] ***
Execution time cycle: 267.974 ms  [sort=0.038665 field=138.888 da_wait=0.00012 mover+out=0.032783 exchange+sort+moments=50.6817 B=71.9214 momentsAwait=6.41022 outCopy=0.00034]
 ======= Cycle 221 ======= 
*** E CALCULATION [GPU] ***
*** MAXWELL SOLVER [GPU] ***
Initial residual: 0.295217 norm b vector (source) = 0.465961
GMRES converged at restart # 3; iteration #0 with error: 7.93883e-07
  [Cycle 221] Particle sorting: ON
*** B CALCULATION [GPU] ***
Execution time cycle: 268.908 ms  [sort=0.041571 field=140.262 da_wait=0.00012 mover+out=0.030269 exchange+sort+moments=50.0369 B=72.0874 momentsAwait=6.4494 outCopy=0.000441]
 ======= Cycle 222 ======= 
*** E CALCULATION [GPU] ***
*** MAXWELL SOLVER [GPU] ***
Initial residual: 0.295276 norm b vector (source) = 0.466449
GMRES converged at restart # 2; iteration #7 with error: 8.62847e-07
  [Cycle 222] Particle sorting: ON
*** B CALCULATION [GPU] ***
Execution time cycle: 265.094 ms  [sort=0.037442 field=136.46 da_wait=0.00012 mover+out=0.033956 exchange+sort+moments=49.6212 B=72.222 momentsAwait=6.71871 outCopy=0.00041]
 ======= Cycle 223 ======= 
*** E CALCULATION [GPU] ***
*** MAXWELL SOLVER [GPU] ***
Initial residual: 0.29518 norm b vector (source) = 0.466813
GMRES converged at restart # 2; iteration #7 with error: 7.39496e-07
  [Cycle 223] Particle sorting: ON
*** B CALCULATION [GPU] ***
Execution time cycle: 265.332 ms  [sort=0.051971 field=136.18 da_wait=0.00012 mover+out=0.033034 exchange+sort+moments=50.3041 B=72.1171 momentsAwait=6.64563 outCopy=0.00035]
 ======= Cycle 224 ======= 
*** E CALCULATION [GPU] ***
*** MAXWELL SOLVER [GPU] ***
Initial residual: 0.295137 norm b vector (source) = 0.466975
GMRES converged at restart # 2; iteration #7 with error: 7.6014e-07
  [Cycle 224] Particle sorting: ON
*** B CALCULATION [GPU] ***
Execution time cycle: 263.014 ms  [sort=0.044176 field=133.597 da_wait=0.00012 mover+out=0.033926 exchange+sort+moments=50.5946 B=72.0973 momentsAwait=6.64647 outCopy=0.000261]
 ======= Cycle 225 ======= 
*** E CALCULATION [GPU] ***
*** MAXWELL SOLVER [GPU] ***
Initial residual: 0.295176 norm b vector (source) = 0.46698
GMRES converged at restart # 2; iteration #7 with error: 7.31152e-07
  [Cycle 225] Particle sorting: ON
*** B CALCULATION [GPU] ***
Execution time cycle: 262.488 ms  [sort=0.031191 field=133.499 da_wait=0.00012 mover+out=0.030058 exchange+sort+moments=50.1775 B=72.075 momentsAwait=6.67458 outCopy=0.000251]
 ======= Cycle 226 ======= 
*** E CALCULATION [GPU] ***
*** MAXWELL SOLVER [GPU] ***
Initial residual: 0.29507 norm b vector (source) = 0.466689
GMRES converged at restart # 2; iteration #7 with error: 7.47844e-07
  [Cycle 226] Particle sorting: ON
*** B CALCULATION [GPU] ***
Execution time cycle: 261.99 ms  [sort=0.037733 field=133.095 da_wait=0.00012 mover+out=0.031882 exchange+sort+moments=50.0665 B=72.0416 momentsAwait=6.71694 outCopy=0.000411]
 ======= Cycle 227 ======= 
*** E CALCULATION [GPU] ***
*** MAXWELL SOLVER [GPU] ***
Initial residual: 0.294855 norm b vector (source) = 0.46614
GMRES converged at restart # 2; iteration #7 with error: 8.08423e-07
  [Cycle 227] Particle sorting: ON
*** B CALCULATION [GPU] ***
Execution time cycle: 262.217 ms  [sort=0.043644 field=133.22 da_wait=0.00012 mover+out=0.031061 exchange+sort+moments=50.1361 B=72.1268 momentsAwait=6.65933 outCopy=0.000411]
 ======= Cycle 228 ======= 
*** E CALCULATION [GPU] ***
*** MAXWELL SOLVER [GPU] ***
Initial residual: 0.294775 norm b vector (source) = 0.465714
GMRES converged at restart # 2; iteration #7 with error: 7.90323e-07
  [Cycle 228] Particle sorting: ON
*** B CALCULATION [GPU] ***
Execution time cycle: 265.468 ms  [sort=0.04091 field=136.321 da_wait=0.00012 mover+out=0.03092 exchange+sort+moments=50.3459 B=72.1066 momentsAwait=6.62193 outCopy=0.0004]
 ======= Cycle 229 ======= 
*** E CALCULATION [GPU] ***
*** MAXWELL SOLVER [GPU] ***
Initial residual: 0.29457 norm b vector (source) = 0.465426
GMRES converged at restart # 2; iteration #7 with error: 8.93375e-07
  [Cycle 229] Particle sorting: ON
*** B CALCULATION [GPU] ***
Execution time cycle: 265.551 ms  [sort=0.045618 field=136.23 da_wait=0.00013 mover+out=0.033896 exchange+sort+moments=50.6803 B=71.9382 momentsAwait=6.62295 outCopy=0.00047]
 ======= Cycle 230 ======= 
*** E CALCULATION [GPU] ***
*** MAXWELL SOLVER [GPU] ***
Initial residual: 0.294633 norm b vector (source) = 0.465402
GMRES converged at restart # 2; iteration #7 with error: 9.89359e-07
  [Cycle 230] Particle sorting: ON
*** B CALCULATION [GPU] ***
Execution time cycle: 265.56 ms  [sort=0.039396 field=136.339 da_wait=0.000131 mover+out=0.030669 exchange+sort+moments=50.4912 B=72.0411 momentsAwait=6.61852 outCopy=0.000431]
 ======= Cycle 231 ======= 
*** E CALCULATION [GPU] ***
*** MAXWELL SOLVER [GPU] ***
Initial residual: 0.294442 norm b vector (source) = 0.46518
GMRES converged at restart # 2; iteration #8 with error: 7.17513e-07
  [Cycle 231] Particle sorting: ON
*** B CALCULATION [GPU] ***
Execution time cycle: 267.754 ms  [sort=0.050388 field=139.097 da_wait=0.00012 mover+out=0.031882 exchange+sort+moments=49.5072 B=72.4311 momentsAwait=6.63651 outCopy=0.000511]
 ======= Cycle 232 ======= 
*** E CALCULATION [GPU] ***
*** MAXWELL SOLVER [GPU] ***
Initial residual: 0.294429 norm b vector (source) = 0.464864
GMRES converged at restart # 2; iteration #8 with error: 7.23264e-07
  [Cycle 232] Particle sorting: ON
*** B CALCULATION [GPU] ***
Execution time cycle: 267.991 ms  [sort=0.041691 field=139.335 da_wait=0.00012 mover+out=0.033085 exchange+sort+moments=49.9077 B=72.0062 momentsAwait=6.66686 outCopy=0.00035]
 ======= Cycle 233 ======= 
*** E CALCULATION [GPU] ***
*** MAXWELL SOLVER [GPU] ***
Initial residual: 0.29413 norm b vector (source) = 0.464314
GMRES converged at restart # 3; iteration #0 with error: 7.83217e-07
  [Cycle 233] Particle sorting: ON
*** B CALCULATION [GPU] ***
Execution time cycle: 269.327 ms  [sort=0.04635 field=140.465 da_wait=0.000121 mover+out=0.030459 exchange+sort+moments=50.0668 B=72.0637 momentsAwait=6.65452 outCopy=0.000361]
 ======= Cycle 234 ======= 
*** E CALCULATION [GPU] ***
*** MAXWELL SOLVER [GPU] ***
Initial residual: 0.293721 norm b vector (source) = 0.46368
GMRES converged at restart # 2; iteration #7 with error: 9.20873e-07
  [Cycle 234] Particle sorting: ON
*** B CALCULATION [GPU] ***
Execution time cycle: 265.34 ms  [sort=0.03082 field=136.433 da_wait=0.00014 mover+out=0.032964 exchange+sort+moments=50.3133 B=71.888 momentsAwait=6.64137 outCopy=0.00047]
 ======= Cycle 235 ======= 
*** E CALCULATION [GPU] ***
*** MAXWELL SOLVER [GPU] ***
Initial residual: 0.293697 norm b vector (source) = 0.46344
GMRES converged at restart # 2; iteration #7 with error: 8.01613e-07
  [Cycle 235] Particle sorting: ON
*** B CALCULATION [GPU] ***
Execution time cycle: 265.463 ms  [sort=0.044546 field=136.552 da_wait=0.00013 mover+out=0.031932 exchange+sort+moments=49.8526 B=72.2563 momentsAwait=6.72469 outCopy=0.000351]
 ======= Cycle 236 ======= 
*** E CALCULATION [GPU] ***
*** MAXWELL SOLVER [GPU] ***
Initial residual: 0.293813 norm b vector (source) = 0.463733
GMRES converged at restart # 2; iteration #7 with error: 7.85149e-07
  [Cycle 236] Particle sorting: ON
*** B CALCULATION [GPU] ***
Execution time cycle: 262.63 ms  [sort=0.041921 field=133.494 da_wait=0.00014 mover+out=0.033746 exchange+sort+moments=50.1629 B=72.219 momentsAwait=6.67835 outCopy=0.000501]
 ======= Cycle 237 ======= 
*** E CALCULATION [GPU] ***
*** MAXWELL SOLVER [GPU] ***
Initial residual: 0.294288 norm b vector (source) = 0.464607
GMRES converged at restart # 2; iteration #6 with error: 9.92657e-07
  [Cycle 237] Particle sorting: ON
*** B CALCULATION [GPU] ***
Execution time cycle: 260.167 ms  [sort=0.052512 field=130.958 da_wait=0.000141 mover+out=0.03134 exchange+sort+moments=50.1981 B=72.2124 momentsAwait=6.71353 outCopy=0.000271]
 ======= Cycle 238 ======= 
*** E CALCULATION [GPU] ***
*** MAXWELL SOLVER [GPU] ***
Initial residual: 0.294797 norm b vector (source) = 0.465624
GMRES converged at restart # 2; iteration #6 with error: 8.58783e-07
  [Cycle 238] Particle sorting: ON
*** B CALCULATION [GPU] ***
Execution time cycle: 260.391 ms  [sort=0.043314 field=130.933 da_wait=0.000141 mover+out=0.031872 exchange+sort+moments=50.7146 B=72.0478 momentsAwait=6.62019 outCopy=0.000261]
 ======= Cycle 239 ======= 
*** E CALCULATION [GPU] ***
*** MAXWELL SOLVER [GPU] ***
Initial residual: 0.295575 norm b vector (source) = 0.466821
GMRES converged at restart # 2; iteration #6 with error: 7.79098e-07
  [Cycle 239] Particle sorting: ON
*** B CALCULATION [GPU] ***
Execution time cycle: 259.52 ms  [sort=0.0413 field=130.824 da_wait=0.00014 mover+out=0.03081 exchange+sort+moments=49.9783 B=72.0015 momentsAwait=6.64399 outCopy=0.0004]
 ======= Cycle 240 ======= 
*** E CALCULATION [GPU] ***
*** MAXWELL SOLVER [GPU] ***
Initial residual: 0.296003 norm b vector (source) = 0.467596
GMRES converged at restart # 2; iteration #6 with error: 7.57908e-07
  [Cycle 240] Particle sorting: ON
*** B CALCULATION [GPU] ***
Execution time cycle: 259.773 ms  [sort=0.040008 field=130.915 da_wait=0.000201 mover+out=0.03095 exchange+sort+moments=49.5195 B=72.5619 momentsAwait=6.70567 outCopy=0.000431]
 ======= Cycle 241 ======= 
*** E CALCULATION [GPU] ***
*** MAXWELL SOLVER [GPU] ***
Initial residual: 0.296303 norm b vector (source) = 0.467987
GMRES converged at restart # 2; iteration #6 with error: 7.94949e-07
  [Cycle 241] Particle sorting: ON
*** B CALCULATION [GPU] ***
Execution time cycle: 259.941 ms  [sort=0.042833 field=130.852 da_wait=0.00012 mover+out=0.03107 exchange+sort+moments=50.1488 B=72.1912 momentsAwait=6.67444 outCopy=0.000581]
 ======= Cycle 242 ======= 
*** E CALCULATION [GPU] ***
*** MAXWELL SOLVER [GPU] ***
Initial residual: 0.296331 norm b vector (source) = 0.467929
GMRES converged at restart # 2; iteration #6 with error: 8.88525e-07
  [Cycle 242] Particle sorting: ON
*** B CALCULATION [GPU] ***
Execution time cycle: 260.281 ms  [sort=0.04117 field=130.767 da_wait=0.000211 mover+out=0.03088 exchange+sort+moments=50.5325 B=72.2024 momentsAwait=6.70638 outCopy=0.000351]
 ======= Cycle 243 ======= 
*** E CALCULATION [GPU] ***
*** MAXWELL SOLVER [GPU] ***
Initial residual: 0.296251 norm b vector (source) = 0.467636
GMRES converged at restart # 2; iteration #7 with error: 6.91939e-07
  [Cycle 243] Particle sorting: ON
*** B CALCULATION [GPU] ***
Execution time cycle: 262.305 ms  [sort=0.032603 field=133.279 da_wait=0.00012 mover+out=0.033555 exchange+sort+moments=50.1157 B=72.1673 momentsAwait=6.67628 outCopy=0.000681]
 ======= Cycle 244 ======= 
*** E CALCULATION [GPU] ***
*** MAXWELL SOLVER [GPU] ***
Initial residual: 0.295938 norm b vector (source) = 0.467148
GMRES converged at restart # 2; iteration #7 with error: 8.03449e-07
  [Cycle 244] Particle sorting: ON
*** B CALCULATION [GPU] ***
Execution time cycle: 262.698 ms  [sort=0.031611 field=133.458 da_wait=0.00014 mover+out=0.03083 exchange+sort+moments=50.216 B=72.2926 momentsAwait=6.66874 outCopy=0.000431]
 ======= Cycle 245 ======= 
*** E CALCULATION [GPU] ***
*** MAXWELL SOLVER [GPU] ***
Initial residual: 0.29556 norm b vector (source) = 0.466452
GMRES converged at restart # 2; iteration #7 with error: 7.93178e-07
  [Cycle 245] Particle sorting: ON
*** B CALCULATION [GPU] ***
Execution time cycle: 266.027 ms  [sort=0.047052 field=136.623 da_wait=0.00012 mover+out=0.031371 exchange+sort+moments=50.2067 B=72.429 momentsAwait=6.68925 outCopy=0.000581]
 ======= Cycle 246 ======= 
*** E CALCULATION [GPU] ***
*** MAXWELL SOLVER [GPU] ***
Initial residual: 0.295294 norm b vector (source) = 0.465753
GMRES converged at restart # 2; iteration #7 with error: 8.5976e-07
  [Cycle 246] Particle sorting: ON
*** B CALCULATION [GPU] ***
Execution time cycle: 276.322 ms  [sort=0.047131 field=146.759 da_wait=0.00021 mover+out=0.029998 exchange+sort+moments=50.4835 B=72.3708 momentsAwait=6.6308 outCopy=0.000431]
 ======= Cycle 247 ======= 
*** E CALCULATION [GPU] ***
*** MAXWELL SOLVER [GPU] ***
Initial residual: 0.29498 norm b vector (source) = 0.465124
GMRES converged at restart # 2; iteration #7 with error: 8.77222e-07
  [Cycle 247] Particle sorting: ON
*** B CALCULATION [GPU] ***
Execution time cycle: 270.666 ms  [sort=0.045398 field=140.699 da_wait=0.000121 mover+out=0.031801 exchange+sort+moments=51.0242 B=72.1837 momentsAwait=6.68137 outCopy=0.000571]
 ======= Cycle 248 ======= 
*** E CALCULATION [GPU] ***
*** MAXWELL SOLVER [GPU] ***
Initial residual: 0.29491 norm b vector (source) = 0.464761
GMRES converged at restart # 2; iteration #7 with error: 8.4263e-07
  [Cycle 248] Particle sorting: ON
*** B CALCULATION [GPU] ***
Execution time cycle: 266.151 ms  [sort=0.045749 field=136.615 da_wait=0.00012 mover+out=0.034958 exchange+sort+moments=50.4554 B=72.3299 momentsAwait=6.66907 outCopy=0.000721]
 ======= Cycle 249 ======= 
*** E CALCULATION [GPU] ***
*** MAXWELL SOLVER [GPU] ***
Initial residual: 0.29502 norm b vector (source) = 0.464817
GMRES converged at restart # 2; iteration #7 with error: 7.62191e-07
  [Cycle 249] Particle sorting: ON
*** B CALCULATION [GPU] ***
Execution time cycle: 265.264 ms  [sort=0.048504 field=136.392 da_wait=0.00011 mover+out=0.030068 exchange+sort+moments=49.4505 B=72.6299 momentsAwait=6.71263 outCopy=0.000652]
 ======= Cycle 250 ======= 
*** E CALCULATION [GPU] ***
*** MAXWELL SOLVER [GPU] ***
Initial residual: 0.295281 norm b vector (source) = 0.465259
GMRES converged at restart # 2; iteration #7 with error: 7.58532e-07
  [Cycle 250] Particle sorting: ON
*** B CALCULATION [GPU] ***
Execution time cycle: 277.369 ms  [sort=13.7159 field=134.446 da_wait=0.000832 mover+out=0.024758 exchange+sort+moments=50.0582 B=72.3448 momentsAwait=6.7784 outCopy=0.000491]
 ======= Cycle 251 ======= 
*** E CALCULATION [GPU] ***
*** MAXWELL SOLVER [GPU] ***
Initial residual: 0.29552 norm b vector (source) = 0.465937
GMRES converged at restart # 2; iteration #6 with error: 9.49606e-07
  [Cycle 251] Particle sorting: ON
*** B CALCULATION [GPU] ***
Execution time cycle: 261.325 ms  [sort=0.0358 field=131.161 da_wait=0.000121 mover+out=0.031451 exchange+sort+moments=50.9455 B=72.4416 momentsAwait=6.70875 outCopy=0.000741]
 ======= Cycle 252 ======= 
*** E CALCULATION [GPU] ***
*** MAXWELL SOLVER [GPU] ***
Initial residual: 0.295328 norm b vector (source) = 0.466401
GMRES converged at restart # 2; iteration #6 with error: 7.82361e-07
  [Cycle 252] Particle sorting: ON
*** B CALCULATION [GPU] ***
Execution time cycle: 261.03 ms  [sort=0.038785 field=131.19 da_wait=0.00012 mover+out=0.030309 exchange+sort+moments=50.557 B=72.5235 momentsAwait=6.69057 outCopy=0.000491]
 ======= Cycle 253 ======= 
*** E CALCULATION [GPU] ***
*** MAXWELL SOLVER [GPU] ***
Initial residual: 0.295085 norm b vector (source) = 0.466513
GMRES converged at restart # 2; iteration #6 with error: 6.57824e-07
  [Cycle 253] Particle sorting: ON
*** B CALCULATION [GPU] ***
Execution time cycle: 261.077 ms  [sort=0.052872 field=131.248 da_wait=0.00012 mover+out=0.034326 exchange+sort+moments=50.397 B=72.7001 momentsAwait=6.64416 outCopy=0.000511]
 ======= Cycle 254 ======= 
*** E CALCULATION [GPU] ***
*** MAXWELL SOLVER [GPU] ***
Initial residual: 0.294822 norm b vector (source) = 0.466424
GMRES converged at restart # 2; iteration #5 with error: 9.48087e-07
  [Cycle 254] Particle sorting: ON
*** B CALCULATION [GPU] ***
Execution time cycle: 258.526 ms  [sort=0.048794 field=128.587 da_wait=0.00014 mover+out=0.030689 exchange+sort+moments=50.6247 B=72.5439 momentsAwait=6.69002 outCopy=0.000511]
 ======= Cycle 255 ======= 
*** E CALCULATION [GPU] ***
*** MAXWELL SOLVER [GPU] ***
Initial residual: 0.294523 norm b vector (source) = 0.466168
GMRES converged at restart # 2; iteration #5 with error: 9.08351e-07
  [Cycle 255] Particle sorting: ON
*** B CALCULATION [GPU] ***
Execution time cycle: 258.67 ms  [sort=0.053394 field=128.577 da_wait=0.000141 mover+out=0.0313 exchange+sort+moments=51.0094 B=72.3949 momentsAwait=6.60271 outCopy=0.000671]
 ======= Cycle 256 ======= 
*** E CALCULATION [GPU] ***
*** MAXWELL SOLVER [GPU] ***
Initial residual: 0.294326 norm b vector (source) = 0.465795
GMRES converged at restart # 2; iteration #5 with error: 9.41012e-07
  [Cycle 256] Particle sorting: ON
*** B CALCULATION [GPU] ***
Execution time cycle: 258.381 ms  [sort=0.048895 field=128.852 da_wait=0.00016 mover+out=0.032734 exchange+sort+moments=50.4194 B=72.4456 momentsAwait=6.58153 outCopy=0.000501]
 ======= Cycle 257 ======= 
*** E CALCULATION [GPU] ***
*** MAXWELL SOLVER [GPU] ***
Initial residual: 0.294448 norm b vector (source) = 0.465618
GMRES converged at restart # 2; iteration #6 with error: 6.47306e-07
  [Cycle 257] Particle sorting: ON
*** B CALCULATION [GPU] ***
Execution time cycle: 260.523 ms  [sort=0.049426 field=131.136 da_wait=0.00012 mover+out=0.035198 exchange+sort+moments=49.9308 B=72.6877 momentsAwait=6.68286 outCopy=0.000471]
 ======= Cycle 258 ======= 
*** E CALCULATION [GPU] ***
*** MAXWELL SOLVER [GPU] ***
Initial residual: 0.294724 norm b vector (source) = 0.465714
GMRES converged at restart # 2; iteration #6 with error: 7.45854e-07
  [Cycle 258] Particle sorting: ON
*** B CALCULATION [GPU] ***
Execution time cycle: 260.6 ms  [sort=0.046189 field=131 da_wait=0.00012 mover+out=0.031842 exchange+sort+moments=50.3777 B=72.4495 momentsAwait=6.69493 outCopy=0.000571]
 ======= Cycle 259 ======= 
*** E CALCULATION [GPU] ***
*** MAXWELL SOLVER [GPU] ***
Initial residual: 0.294928 norm b vector (source) = 0.465809
GMRES converged at restart # 2; iteration #6 with error: 8.67227e-07
  [Cycle 259] Particle sorting: ON
*** B CALCULATION [GPU] ***
Execution time cycle: 261.48 ms  [sort=0.047783 field=131.277 da_wait=0.00012 mover+out=0.034577 exchange+sort+moments=50.9239 B=72.4139 momentsAwait=6.78193 outCopy=0.000561]
 ======= Cycle 260 ======= 
*** E CALCULATION [GPU] ***
*** MAXWELL SOLVER [GPU] ***
Initial residual: 0.29516 norm b vector (source) = 0.465909
GMRES converged at restart # 2; iteration #6 with error: 9.79275e-07
  [Cycle 260] Particle sorting: ON
*** B CALCULATION [GPU] ***
Execution time cycle: 261.148 ms  [sort=0.054636 field=131.033 da_wait=0.000211 mover+out=0.028194 exchange+sort+moments=50.69 B=72.5114 momentsAwait=6.83033 outCopy=0.000421]
 ======= Cycle 261 ======= 
*** E CALCULATION [GPU] ***
*** MAXWELL SOLVER [GPU] ***
Initial residual: 0.295409 norm b vector (source) = 0.466129
GMRES converged at restart # 2; iteration #7 with error: 6.94314e-07
  [Cycle 261] Particle sorting: ON
*** B CALCULATION [GPU] ***
Execution time cycle: 264.025 ms  [sort=0.035428 field=134.207 da_wait=0.00011 mover+out=0.034557 exchange+sort+moments=50.2987 B=72.7663 momentsAwait=6.6824 outCopy=0.000511]
 ======= Cycle 262 ======= 
*** E CALCULATION [GPU] ***
*** MAXWELL SOLVER [GPU] ***
Initial residual: 0.295416 norm b vector (source) = 0.466317
GMRES converged at restart # 2; iteration #7 with error: 6.97379e-07
  [Cycle 262] Particle sorting: ON
*** B CALCULATION [GPU] ***
Execution time cycle: 264.536 ms  [sort=0.047082 field=134.252 da_wait=0.00012 mover+out=0.030799 exchange+sort+moments=50.5921 B=72.7736 momentsAwait=6.8391 outCopy=0.000711]
 ======= Cycle 263 ======= 
*** E CALCULATION [GPU] ***
*** MAXWELL SOLVER [GPU] ***
Initial residual: 0.295456 norm b vector (source) = 0.466496
GMRES converged at restart # 2; iteration #6 with error: 9.80366e-07
  [Cycle 263] Particle sorting: ON
*** B CALCULATION [GPU] ***
Execution time cycle: 262.209 ms  [sort=0.035539 field=132.213 da_wait=0.00014 mover+out=0.031461 exchange+sort+moments=50.5594 B=72.6464 momentsAwait=6.72286 outCopy=0.000622]
 ======= Cycle 264 ======= 
*** E CALCULATION [GPU] ***
*** MAXWELL SOLVER [GPU] ***
Initial residual: 0.295611 norm b vector (source) = 0.466837
GMRES converged at restart # 2; iteration #6 with error: 8.66392e-07
  [Cycle 264] Particle sorting: ON
*** B CALCULATION [GPU] ***
Execution time cycle: 262.19 ms  [sort=0.05137 field=131.402 da_wait=0.00013 mover+out=0.029377 exchange+sort+moments=51.412 B=72.5864 momentsAwait=6.70762 outCopy=0.000892]
 ======= Cycle 265 ======= 
*** E CALCULATION [GPU] ***
*** MAXWELL SOLVER [GPU] ***
Initial residual: 0.295823 norm b vector (source) = 0.467241
GMRES converged at restart # 2; iteration #6 with error: 7.29258e-07
  [Cycle 265] Particle sorting: ON
*** B CALCULATION [GPU] ***
Execution time cycle: 260.949 ms  [sort=0.050938 field=131.261 da_wait=0.00014 mover+out=0.03059 exchange+sort+moments=50.3666 B=72.526 momentsAwait=6.71271 outCopy=0.000701]
 ======= Cycle 266 ======= 
*** E CALCULATION [GPU] ***
*** MAXWELL SOLVER [GPU] ***
Initial residual: 0.295998 norm b vector (source) = 0.467589
GMRES converged at restart # 2; iteration #5 with error: 9.61991e-07
  [Cycle 266] Particle sorting: ON
*** B CALCULATION [GPU] ***
Execution time cycle: 258.168 ms  [sort=0.052732 field=128.647 da_wait=0.00014 mover+out=0.029297 exchange+sort+moments=50.0123 B=72.7456 momentsAwait=6.67994 outCopy=0.000541]
 ======= Cycle 267 ======= 
*** E CALCULATION [GPU] ***
*** MAXWELL SOLVER [GPU] ***
Initial residual: 0.296185 norm b vector (source) = 0.467998
GMRES converged at restart # 2; iteration #5 with error: 7.91842e-07
  [Cycle 267] Particle sorting: ON
*** B CALCULATION [GPU] ***
Execution time cycle: 259.189 ms  [sort=0.055207 field=128.935 da_wait=0.00014 mover+out=0.033144 exchange+sort+moments=50.6118 B=72.7804 momentsAwait=6.77199 outCopy=0.000491]
 ======= Cycle 268 ======= 
*** E CALCULATION [GPU] ***
*** MAXWELL SOLVER [GPU] ***
Initial residual: 0.296297 norm b vector (source) = 0.468391
GMRES converged at restart # 2; iteration #5 with error: 7.38489e-07
  [Cycle 268] Particle sorting: ON
*** B CALCULATION [GPU] ***
Execution time cycle: 256.487 ms  [sort=0.051279 field=125.859 da_wait=0.000201 mover+out=0.030499 exchange+sort+moments=51.0583 B=72.6952 momentsAwait=6.7917 outCopy=0.000471]
 ======= Cycle 269 ======= 
*** E CALCULATION [GPU] ***
*** MAXWELL SOLVER [GPU] ***
Initial residual: 0.296324 norm b vector (source) = 0.46862
GMRES converged at restart # 2; iteration #5 with error: 6.70997e-07
  [Cycle 269] Particle sorting: ON
*** B CALCULATION [GPU] ***
Execution time cycle: 256.301 ms  [sort=0.050498 field=126.141 da_wait=0.00012 mover+out=0.042783 exchange+sort+moments=50.4948 B=72.7387 momentsAwait=6.83301 outCopy=0.000551]
 ======= Cycle 270 ======= 
*** E CALCULATION [GPU] ***
*** MAXWELL SOLVER [GPU] ***
Initial residual: 0.296046 norm b vector (source) = 0.468295
GMRES converged at restart # 2; iteration #5 with error: 6.58452e-07
  [Cycle 270] Particle sorting: ON
*** B CALCULATION [GPU] ***
Execution time cycle: 255.609 ms  [sort=0.034688 field=125.714 da_wait=0.00012 mover+out=0.031762 exchange+sort+moments=50.1941 B=72.8659 momentsAwait=6.76789 outCopy=0.000431]
 ======= Cycle 271 ======= 
*** E CALCULATION [GPU] ***
*** MAXWELL SOLVER [GPU] ***
Initial residual: 0.296034 norm b vector (source) = 0.467908
GMRES converged at restart # 2; iteration #5 with error: 6.91539e-07
  [Cycle 271] Particle sorting: ON
*** B CALCULATION [GPU] ***
Execution time cycle: 255.833 ms  [sort=0.044877 field=125.876 da_wait=0.00012 mover+out=0.030069 exchange+sort+moments=50.1126 B=73.0325 momentsAwait=6.73599 outCopy=0.000521]
 ======= Cycle 272 ======= 
*** E CALCULATION [GPU] ***
*** MAXWELL SOLVER [GPU] ***
Initial residual: 0.296084 norm b vector (source) = 0.46766
GMRES converged at restart # 2; iteration #5 with error: 7.73262e-07
  [Cycle 272] Particle sorting: ON
*** B CALCULATION [GPU] ***
Execution time cycle: 256.307 ms  [sort=0.047211 field=125.984 da_wait=0.00014 mover+out=0.040418 exchange+sort+moments=50.4682 B=72.9388 momentsAwait=6.82831 outCopy=0.000351]
 ======= Cycle 273 ======= 
*** E CALCULATION [GPU] ***
*** MAXWELL SOLVER [GPU] ***
Initial residual: 0.295813 norm b vector (source) = 0.467215
GMRES converged at restart # 2; iteration #5 with error: 8.34571e-07
  [Cycle 273] Particle sorting: ON
*** B CALCULATION [GPU] ***
Execution time cycle: 259.661 ms  [sort=0.048715 field=128.866 da_wait=0.00014 mover+out=0.027703 exchange+sort+moments=51.227 B=72.7152 momentsAwait=6.77557 outCopy=0.000752]
 ======= Cycle 274 ======= 
*** E CALCULATION [GPU] ***
*** MAXWELL SOLVER [GPU] ***
Initial residual: 0.295415 norm b vector (source) = 0.46668
GMRES converged at restart # 2; iteration #5 with error: 9.86098e-07
  [Cycle 274] Particle sorting: ON
*** B CALCULATION [GPU] ***
Execution time cycle: 259.519 ms  [sort=0.052712 field=129.235 da_wait=0.00013 mover+out=0.035128 exchange+sort+moments=50.6838 B=72.7288 momentsAwait=6.78322 outCopy=0.000671]
 ======= Cycle 275 ======= 
*** E CALCULATION [GPU] ***
*** MAXWELL SOLVER [GPU] ***
Initial residual: 0.295053 norm b vector (source) = 0.466215
GMRES converged at restart # 2; iteration #6 with error: 7.06268e-07
  [Cycle 275] Particle sorting: ON
*** B CALCULATION [GPU] ***
Execution time cycle: 261.728 ms  [sort=0.05704 field=131.582 da_wait=0.00012 mover+out=0.031932 exchange+sort+moments=50.2731 B=72.9874 momentsAwait=6.79545 outCopy=0.000771]
 ======= Cycle 276 ======= 
*** E CALCULATION [GPU] ***
*** MAXWELL SOLVER [GPU] ***
Initial residual: 0.294656 norm b vector (source) = 0.4658
GMRES converged at restart # 2; iteration #6 with error: 7.74935e-07
  [Cycle 276] Particle sorting: ON
*** B CALCULATION [GPU] ***
Execution time cycle: 261.914 ms  [sort=0.050118 field=131.49 da_wait=0.00012 mover+out=0.038745 exchange+sort+moments=50.644 B=72.8899 momentsAwait=6.80042 outCopy=0.000491]
 ======= Cycle 277 ======= 
*** E CALCULATION [GPU] ***
*** MAXWELL SOLVER [GPU] ***
Initial residual: 0.294715 norm b vector (source) = 0.465801
GMRES converged at restart # 2; iteration #6 with error: 7.94277e-07
  [Cycle 277] Particle sorting: ON
*** B CALCULATION [GPU] ***
Execution time cycle: 262.317 ms  [sort=0.051359 field=131.901 da_wait=0.000141 mover+out=0.039356 exchange+sort+moments=50.5144 B=73.0722 momentsAwait=6.73852 outCopy=0.00042]
 ======= Cycle 278 ======= 
*** E CALCULATION [GPU] ***
*** MAXWELL SOLVER [GPU] ***
Initial residual: 0.294726 norm b vector (source) = 0.465926
GMRES converged at restart # 2; iteration #6 with error: 7.59817e-07
  [Cycle 278] Particle sorting: ON
*** B CALCULATION [GPU] ***
Execution time cycle: 261.878 ms  [sort=0.05161 field=131.321 da_wait=0.00014 mover+out=0.030159 exchange+sort+moments=50.6122 B=73.1109 momentsAwait=6.75211 outCopy=0.000571]
 ======= Cycle 279 ======= 
*** E CALCULATION [GPU] ***
*** MAXWELL SOLVER [GPU] ***
Initial residual: 0.294959 norm b vector (source) = 0.466161
GMRES converged at restart # 2; iteration #6 with error: 6.80637e-07
  [Cycle 279] Particle sorting: ON
*** B CALCULATION [GPU] ***
Execution time cycle: 261.986 ms  [sort=0.033736 field=131.307 da_wait=0.00015 mover+out=0.032924 exchange+sort+moments=50.6173 B=73.2907 momentsAwait=6.70357 outCopy=0.000661]
 ======= Cycle 280 ======= 
*** E CALCULATION [GPU] ***
*** MAXWELL SOLVER [GPU] ***
Initial residual: 0.295185 norm b vector (source) = 0.466425
GMRES converged at restart # 2; iteration #5 with error: 9.36521e-07
  [Cycle 280] Particle sorting: ON
*** B CALCULATION [GPU] ***
Execution time cycle: 259.119 ms  [sort=0.050127 field=128.879 da_wait=0.00012 mover+out=0.029638 exchange+sort+moments=50.1289 B=73.3134 momentsAwait=6.71731 outCopy=0.000531]
 ======= Cycle 281 ======= 
*** E CALCULATION [GPU] ***
*** MAXWELL SOLVER [GPU] ***
Initial residual: 0.295448 norm b vector (source) = 0.466663
GMRES converged at restart # 2; iteration #5 with error: 8.51267e-07
  [Cycle 281] Particle sorting: ON
*** B CALCULATION [GPU] ***
Execution time cycle: 256.054 ms  [sort=0.052952 field=125.619 da_wait=0.00012 mover+out=0.031772 exchange+sort+moments=50.3286 B=73.241 momentsAwait=6.77999 outCopy=0.000631]
 ======= Cycle 282 ======= 
*** E CALCULATION [GPU] ***
*** MAXWELL SOLVER [GPU] ***
Initial residual: 0.295702 norm b vector (source) = 0.467062
GMRES converged at restart # 2; iteration #5 with error: 7.10427e-07
  [Cycle 282] Particle sorting: ON
*** B CALCULATION [GPU] ***
Execution time cycle: 256.348 ms  [sort=0.050478 field=125.481 da_wait=0.000141 mover+out=0.027834 exchange+sort+moments=50.9115 B=73.1053 momentsAwait=6.77143 outCopy=0.000401]
 ======= Cycle 283 ======= 
*** E CALCULATION [GPU] ***
*** MAXWELL SOLVER [GPU] ***
Initial residual: 0.296191 norm b vector (source) = 0.467942
GMRES converged at restart # 2; iteration #4 with error: 9.41799e-07
  [Cycle 283] Particle sorting: ON
*** B CALCULATION [GPU] ***
Execution time cycle: 488.77 ms  [sort=233.952 field=124.911 da_wait=0.000141 mover+out=0.037592 exchange+sort+moments=50.2058 B=72.8932 momentsAwait=6.7694 outCopy=0.000772]
 ======= Cycle 284 ======= 
*** E CALCULATION [GPU] ***
*** MAXWELL SOLVER [GPU] ***
Initial residual: 0.296567 norm b vector (source) = 0.468922
GMRES converged at restart # 2; iteration #4 with error: 8.62857e-07
  [Cycle 284] Particle sorting: ON
*** B CALCULATION [GPU] ***
Execution time cycle: 253.317 ms  [sort=0.057942 field=123.147 da_wait=0.000131 mover+out=0.036951 exchange+sort+moments=50.0983 B=73.31 momentsAwait=6.66684 outCopy=0.00042]
 ======= Cycle 285 ======= 
*** E CALCULATION [GPU] ***
*** MAXWELL SOLVER [GPU] ***
Initial residual: 0.296821 norm b vector (source) = 0.469646
GMRES converged at restart # 2; iteration #4 with error: 8.36014e-07
  [Cycle 285] Particle sorting: ON
*** B CALCULATION [GPU] ***
Execution time cycle: 253.112 ms  [sort=0.05118 field=123.102 da_wait=0.00012 mover+out=0.032333 exchange+sort+moments=50.0538 B=73.1778 momentsAwait=6.69457 outCopy=0.000951]
 ======= Cycle 286 ======= 
*** E CALCULATION [GPU] ***
*** MAXWELL SOLVER [GPU] ***
Initial residual: 0.296668 norm b vector (source) = 0.469712
GMRES converged at restart # 2; iteration #4 with error: 8.49514e-07
  [Cycle 286] Particle sorting: ON
*** B CALCULATION [GPU] ***
Execution time cycle: 334.082 ms  [sort=0.050037 field=123.137 da_wait=0.00012 mover+out=0.029948 exchange+sort+moments=50.7459 B=152.506 momentsAwait=7.61263 outCopy=0.000742]
 ======= Cycle 287 ======= 
*** E CALCULATION [GPU] ***
*** MAXWELL SOLVER [GPU] ***
Initial residual: 0.296459 norm b vector (source) = 0.469218
GMRES converged at restart # 2; iteration #4 with error: 9.03505e-07
  [Cycle 287] Particle sorting: ON
*** B CALCULATION [GPU] ***
Execution time cycle: 617.421 ms  [sort=0.048845 field=123.592 da_wait=0.00019 mover+out=0.031621 exchange+sort+moments=50.7031 B=420.135 momentsAwait=22.9103 outCopy=0.000531]
 ======= Cycle 288 ======= 
*** E CALCULATION [GPU] ***
*** MAXWELL SOLVER [GPU] ***
Initial residual: 0.296406 norm b vector (source) = 0.46873
GMRES converged at restart # 2; iteration #4 with error: 9.95114e-07
  [Cycle 288] Particle sorting: ON
*** B CALCULATION [GPU] ***
Execution time cycle: 631.747 ms  [sort=0.036701 field=123.454 da_wait=0.00012 mover+out=0.035229 exchange+sort+moments=50.7237 B=450.419 momentsAwait=7.07866 outCopy=0.000491]
 ======= Cycle 289 ======= 
*** E CALCULATION [GPU] ***
*** MAXWELL SOLVER [GPU] ***
Initial residual: 0.29609 norm b vector (source) = 0.468122
GMRES converged at restart # 2; iteration #5 with error: 7.36219e-07
  [Cycle 289] Particle sorting: ON
*** B CALCULATION [GPU] ***
Execution time cycle: 440.014 ms  [sort=0.048293 field=308.97 da_wait=0.00012 mover+out=0.036962 exchange+sort+moments=50.9037 B=73.4175 momentsAwait=6.63658 outCopy=0.000791]
 ======= Cycle 290 ======= 
*** E CALCULATION [GPU] ***
*** MAXWELL SOLVER [GPU] ***
Initial residual: 0.296106 norm b vector (source) = 0.467859
GMRES converged at restart # 2; iteration #5 with error: 8.29033e-07
  [Cycle 290] Particle sorting: ON
*** B CALCULATION [GPU] ***
Execution time cycle: 256.251 ms  [sort=0.053754 field=125.533 da_wait=0.00014 mover+out=0.030439 exchange+sort+moments=50.5492 B=73.4493 momentsAwait=6.63397 outCopy=0.000581]
 ======= Cycle 291 ======= 
*** E CALCULATION [GPU] ***
*** MAXWELL SOLVER [GPU] ***
Initial residual: 0.296337 norm b vector (source) = 0.467993
GMRES converged at restart # 2; iteration #5 with error: 8.27333e-07
  [Cycle 291] Particle sorting: ON
*** B CALCULATION [GPU] ***
Execution time cycle: 259.308 ms  [sort=0.045408 field=128.61 da_wait=0.000141 mover+out=0.039166 exchange+sort+moments=50.5771 B=73.3442 momentsAwait=6.69084 outCopy=0.000562]
 ======= Cycle 292 ======= 
*** E CALCULATION [GPU] ***
*** MAXWELL SOLVER [GPU] ***
Initial residual: 0.29642 norm b vector (source) = 0.468059
GMRES converged at restart # 2; iteration #5 with error: 8.48309e-07
  [Cycle 292] Particle sorting: ON
*** B CALCULATION [GPU] ***
Execution time cycle: 259.345 ms  [sort=0.046781 field=128.414 da_wait=0.00014 mover+out=0.036932 exchange+sort+moments=50.5182 B=73.5632 momentsAwait=6.76596 outCopy=0.000411]
 ======= Cycle 293 ======= 
*** E CALCULATION [GPU] ***
*** MAXWELL SOLVER [GPU] ***
Initial residual: 0.296694 norm b vector (source) = 0.468238
GMRES converged at restart # 2; iteration #5 with error: 8.20175e-07
  [Cycle 293] Particle sorting: ON
*** B CALCULATION [GPU] ***
Execution time cycle: 259.074 ms  [sort=0.048484 field=128.417 da_wait=0.00013 mover+out=0.033755 exchange+sort+moments=50.1769 B=73.6316 momentsAwait=6.76518 outCopy=0.000902]
 ======= Cycle 294 ======= 
*** E CALCULATION [GPU] ***
*** MAXWELL SOLVER [GPU] ***
Initial residual: 0.297032 norm b vector (source) = 0.468746
GMRES converged at restart # 2; iteration #5 with error: 8.10705e-07
  [Cycle 294] Particle sorting: ON
*** B CALCULATION [GPU] ***
Execution time cycle: 255.858 ms  [sort=0.047332 field=125.441 da_wait=0.00014 mover+out=0.042012 exchange+sort+moments=50.3238 B=73.3421 momentsAwait=6.66095 outCopy=0.000591]
 ======= Cycle 295 ======= 
*** E CALCULATION [GPU] ***
*** MAXWELL SOLVER [GPU] ***
Initial residual: 0.297334 norm b vector (source) = 0.469425
GMRES converged at restart # 2; iteration #5 with error: 7.06132e-07
  [Cycle 295] Particle sorting: ON
*** B CALCULATION [GPU] ***
Execution time cycle: 256.052 ms  [sort=0.05168 field=124.999 da_wait=0.00014 mover+out=0.034146 exchange+sort+moments=50.7547 B=73.5063 momentsAwait=6.70559 outCopy=0.000872]
 ======= Cycle 296 ======= 
*** E CALCULATION [GPU] ***
*** MAXWELL SOLVER [GPU] ***
Initial residual: 0.297607 norm b vector (source) = 0.470179
GMRES converged at restart # 2; iteration #4 with error: 9.40634e-07
  [Cycle 296] Particle sorting: ON
*** B CALCULATION [GPU] ***
Execution time cycle: 253.156 ms  [sort=0.054085 field=122.686 da_wait=0.00012 mover+out=0.030509 exchange+sort+moments=50.296 B=73.4294 momentsAwait=6.65874 outCopy=0.000551]
 ======= Cycle 297 ======= 
*** E CALCULATION [GPU] ***
*** MAXWELL SOLVER [GPU] ***
Initial residual: 0.297356 norm b vector (source) = 0.470439
GMRES converged at restart # 2; iteration #4 with error: 8.37763e-07
  [Cycle 297] Particle sorting: ON
*** B CALCULATION [GPU] ***
Execution time cycle: 252.934 ms  [sort=0.050699 field=122.526 da_wait=0.00012 mover+out=0.034567 exchange+sort+moments=50.1909 B=73.4984 momentsAwait=6.63175 outCopy=0.000571]
 ======= Cycle 298 ======= 
*** E CALCULATION [GPU] ***
*** MAXWELL SOLVER [GPU] ***
Initial residual: 0.296784 norm b vector (source) = 0.470148
GMRES converged at restart # 2; iteration #4 with error: 7.75552e-07
  [Cycle 298] Particle sorting: ON
*** B CALCULATION [GPU] ***
Execution time cycle: 253.433 ms  [sort=0.050148 field=122.728 da_wait=0.00014 mover+out=0.03079 exchange+sort+moments=50.3867 B=73.5113 momentsAwait=6.72551 outCopy=0.000601]
 ======= Cycle 299 ======= 
*** E CALCULATION [GPU] ***
*** MAXWELL SOLVER [GPU] ***
Initial residual: 0.296095 norm b vector (source) = 0.469445
GMRES converged at restart # 2; iteration #4 with error: 7.50136e-07
  [Cycle 299] Particle sorting: ON
*** B CALCULATION [GPU] ***
Execution time cycle: 253.464 ms  [sort=0.047422 field=122.632 da_wait=0.00011 mover+out=0.032122 exchange+sort+moments=50.5922 B=73.4849 momentsAwait=6.67492 outCopy=0.000691]
 ======= Cycle 300 ======= 
*** E CALCULATION [GPU] ***
*** MAXWELL SOLVER [GPU] ***
Initial residual: 0.295537 norm b vector (source) = 0.468677
GMRES converged at restart # 2; iteration #4 with error: 7.97574e-07
  [Cycle 300] Particle sorting: ON
*** B CALCULATION [GPU] ***
Execution time cycle: 264.961 ms  [sort=13.5111 field=121.483 da_wait=0.000811 mover+out=0.026802 exchange+sort+moments=49.8635 B=73.3575 momentsAwait=6.71791 outCopy=0.000702]
 ======= Cycle 301 ======= 
*** E CALCULATION [GPU] ***
*** MAXWELL SOLVER [GPU] ***
Initial residual: 0.295478 norm b vector (source) = 0.468262
GMRES converged at restart # 2; iteration #4 with error: 7.93328e-07
  [Cycle 301] Particle sorting: ON
*** B CALCULATION [GPU] ***
Execution time cycle: 250.833 ms  [sort=0.05669 field=120.289 da_wait=0.000121 mover+out=0.028515 exchange+sort+moments=49.9992 B=73.7687 momentsAwait=6.69036 outCopy=0.000662]
 ======= Cycle 302 ======= 
*** E CALCULATION [GPU] ***
*** MAXWELL SOLVER [GPU] ***
Initial residual: 0.295733 norm b vector (source) = 0.468178
GMRES converged at restart # 2; iteration #4 with error: 7.44429e-07
  [Cycle 302] Particle sorting: ON
*** B CALCULATION [GPU] ***
Execution time cycle: 253.382 ms  [sort=0.052071 field=122.901 da_wait=0.00012 mover+out=0.036832 exchange+sort+moments=50.0702 B=73.5924 momentsAwait=6.72931 outCopy=0.000481]
 ======= Cycle 303 ======= 
*** E CALCULATION [GPU] ***
*** MAXWELL SOLVER [GPU] ***
Initial residual: 0.295828 norm b vector (source) = 0.468049
GMRES converged at restart # 2; iteration #4 with error: 7.77712e-07
  [Cycle 303] Particle sorting: ON
*** B CALCULATION [GPU] ***
Execution time cycle: 253.782 ms  [sort=0.050999 field=123.013 da_wait=0.00011 mover+out=0.028976 exchange+sort+moments=50.5045 B=73.5137 momentsAwait=6.66985 outCopy=0.000491]
 ======= Cycle 304 ======= 
*** E CALCULATION [GPU] ***
*** MAXWELL SOLVER [GPU] ***
Initial residual: 0.296 norm b vector (source) = 0.467934
GMRES converged at restart # 2; iteration #4 with error: 8.45728e-07
  [Cycle 304] Particle sorting: ON
*** B CALCULATION [GPU] ***
Execution time cycle: 254.658 ms  [sort=0.050248 field=122.82 da_wait=0.00011 mover+out=0.036491 exchange+sort+moments=51.6832 B=73.3074 momentsAwait=6.76053 outCopy=0.000551]
 ======= Cycle 305 ======= 
*** E CALCULATION [GPU] ***
*** MAXWELL SOLVER [GPU] ***
Initial residual: 0.296337 norm b vector (source) = 0.468186
GMRES converged at restart # 2; iteration #4 with error: 9.33771e-07
  [Cycle 305] Particle sorting: ON
*** B CALCULATION [GPU] ***
Execution time cycle: 254.733 ms  [sort=0.049135 field=124.15 da_wait=0.00012 mover+out=0.035178 exchange+sort+moments=50.0579 B=73.686 momentsAwait=6.7544 outCopy=0.000571]
 ======= Cycle 306 ======= 
*** E CALCULATION [GPU] ***
*** MAXWELL SOLVER [GPU] ***
Initial residual: 0.296561 norm b vector (source) = 0.468534
GMRES converged at restart # 2; iteration #5 with error: 6.73718e-07
  [Cycle 306] Particle sorting: ON
*** B CALCULATION [GPU] ***
Execution time cycle: 256.462 ms  [sort=0.052051 field=125.681 da_wait=0.00012 mover+out=0.034427 exchange+sort+moments=50.253 B=73.7273 momentsAwait=6.71368 outCopy=0.000651]
 ======= Cycle 307 ======= 
*** E CALCULATION [GPU] ***
*** MAXWELL SOLVER [GPU] ***
Initial residual: 0.296714 norm b vector (source) = 0.468731
GMRES converged at restart # 2; iteration #5 with error: 7.15293e-07
  [Cycle 307] Particle sorting: ON
*** B CALCULATION [GPU] ***
Execution time cycle: 257.098 ms  [sort=0.053344 field=125.8 da_wait=0.00012 mover+out=0.039076 exchange+sort+moments=50.5411 B=73.8532 momentsAwait=6.81066 outCopy=0.000551]
 ======= Cycle 308 ======= 
*** E CALCULATION [GPU] ***
*** MAXWELL SOLVER [GPU] ***
Initial residual: 0.296921 norm b vector (source) = 0.468835
GMRES converged at restart # 2; iteration #5 with error: 7.14438e-07
  [Cycle 308] Particle sorting: ON
*** B CALCULATION [GPU] ***
Execution time cycle: 257.048 ms  [sort=0.067932 field=125.71 da_wait=0.00011 mover+out=0.031481 exchange+sort+moments=50.8171 B=73.6884 momentsAwait=6.73254 outCopy=0.000631]
 ======= Cycle 309 ======= 
*** E CALCULATION [GPU] ***
*** MAXWELL SOLVER [GPU] ***
Initial residual: 0.297026 norm b vector (source) = 0.468925
GMRES converged at restart # 2; iteration #5 with error: 6.74868e-07
  [Cycle 309] Particle sorting: ON
*** B CALCULATION [GPU] ***
Execution time cycle: 257.114 ms  [sort=0.059395 field=125.995 da_wait=0.00011 mover+out=0.034657 exchange+sort+moments=50.4603 B=73.8234 momentsAwait=6.74112 outCopy=0.000631]
 ======= Cycle 310 ======= 
*** E CALCULATION [GPU] ***
*** MAXWELL SOLVER [GPU] ***
Initial residual: 0.2973 norm b vector (source) = 0.469306
GMRES converged at restart # 2; iteration #4 with error: 9.4737e-07
  [Cycle 310] Particle sorting: ON
*** B CALCULATION [GPU] ***
Execution time cycle: 254.28 ms  [sort=0.052963 field=123.363 da_wait=0.000121 mover+out=0.037262 exchange+sort+moments=49.927 B=74.0613 momentsAwait=6.83808 outCopy=0.000611]
 ======= Cycle 311 ======= 
*** E CALCULATION [GPU] ***
*** MAXWELL SOLVER [GPU] ***
Initial residual: 0.29749 norm b vector (source) = 0.469805
GMRES converged at restart # 2; iteration #4 with error: 8.6458e-07
  [Cycle 311] Particle sorting: ON
*** B CALCULATION [GPU] ***
Execution time cycle: 254.711 ms  [sort=0.052963 field=123.149 da_wait=0.00012 mover+out=0.035579 exchange+sort+moments=50.9063 B=73.7993 momentsAwait=6.76753 outCopy=0.000471]
 ======= Cycle 312 ======= 
*** E CALCULATION [GPU] ***
*** MAXWELL SOLVER [GPU] ***
Initial residual: 0.297522 norm b vector (source) = 0.470202
GMRES converged at restart # 2; iteration #4 with error: 8.14132e-07
  [Cycle 312] Particle sorting: ON
*** B CALCULATION [GPU] ***
Execution time cycle: 254.559 ms  [sort=0.05139 field=123.189 da_wait=0.00012 mover+out=0.034076 exchange+sort+moments=50.6139 B=73.9113 momentsAwait=6.7584 outCopy=0.000341]
 ======= Cycle 313 ======= 
*** E CALCULATION [GPU] ***
*** MAXWELL SOLVER [GPU] ***
Initial residual: 0.297556 norm b vector (source) = 0.470565
GMRES converged at restart # 2; iteration #4 with error: 8.00999e-07
  [Cycle 313] Particle sorting: ON
*** B CALCULATION [GPU] ***
Execution time cycle: 254.411 ms  [sort=0.050888 field=123.388 da_wait=0.000141 mover+out=0.034647 exchange+sort+moments=50.3196 B=73.9311 momentsAwait=6.68629 outCopy=0.00033]
 ======= Cycle 314 ======= 
*** E CALCULATION [GPU] ***
*** MAXWELL SOLVER [GPU] ***
Initial residual: 0.297433 norm b vector (source) = 0.470765
GMRES converged at restart # 2; iteration #4 with error: 8.0479e-07
  [Cycle 314] Particle sorting: ON
*** B CALCULATION [GPU] ***
Execution time cycle: 254.282 ms  [sort=0.047041 field=123.473 da_wait=0.00012 mover+out=0.03088 exchange+sort+moments=49.9549 B=74.0136 momentsAwait=6.76169 outCopy=0.000411]
 ======= Cycle 315 ======= 
*** E CALCULATION [GPU] ***
*** MAXWELL SOLVER [GPU] ***
Initial residual: 0.297206 norm b vector (source) = 0.470723
GMRES converged at restart # 2; iteration #4 with error: 8.06922e-07
  [Cycle 315] Particle sorting: ON
*** B CALCULATION [GPU] ***
Execution time cycle: 254.138 ms  [sort=0.047983 field=123.183 da_wait=0.00015 mover+out=0.029608 exchange+sort+moments=50.1391 B=74.0615 momentsAwait=6.67607 outCopy=0.000932]
 ======= Cycle 316 ======= 
*** E CALCULATION [GPU] ***
*** MAXWELL SOLVER [GPU] ***
Initial residual: 0.297018 norm b vector (source) = 0.470576
GMRES converged at restart # 2; iteration #4 with error: 7.88902e-07
  [Cycle 316] Particle sorting: ON
*** B CALCULATION [GPU] ***
Execution time cycle: 254.374 ms  [sort=0.049446 field=122.936 da_wait=0.00012 mover+out=0.035349 exchange+sort+moments=50.5869 B=74.0926 momentsAwait=6.67285 outCopy=0.000611]
 ======= Cycle 317 ======= 
*** E CALCULATION [GPU] ***
*** MAXWELL SOLVER [GPU] ***
Initial residual: 0.296699 norm b vector (source) = 0.470148
GMRES converged at restart # 2; iteration #4 with error: 8.25796e-07
  [Cycle 317] Particle sorting: ON
*** B CALCULATION [GPU] ***
Execution time cycle: 252.337 ms  [sort=0.039667 field=120.403 da_wait=0.000121 mover+out=0.035649 exchange+sort+moments=51.0492 B=74.0212 momentsAwait=6.78798 outCopy=0.000582]
 ======= Cycle 318 ======= 
*** E CALCULATION [GPU] ***
*** MAXWELL SOLVER [GPU] ***
Initial residual: 0.296551 norm b vector (source) = 0.469674
GMRES converged at restart # 2; iteration #4 with error: 8.21462e-07
  [Cycle 318] Particle sorting: ON
*** B CALCULATION [GPU] ***
Execution time cycle: 251.365 ms  [sort=0.042893 field=120.197 da_wait=0.00012 mover+out=0.032503 exchange+sort+moments=49.9989 B=74.2558 momentsAwait=6.83781 outCopy=0.000411]
 ======= Cycle 319 ======= 
*** E CALCULATION [GPU] ***
*** MAXWELL SOLVER [GPU] ***
Initial residual: 0.296494 norm b vector (source) = 0.469259
GMRES converged at restart # 2; iteration #4 with error: 7.79205e-07
  [Cycle 319] Particle sorting: ON
*** B CALCULATION [GPU] ***
Execution time cycle: 253.698 ms  [sort=0.037402 field=122.822 da_wait=0.00012 mover+out=0.031522 exchange+sort+moments=49.5534 B=74.458 momentsAwait=6.79545 outCopy=0.000251]
 ======= Cycle 320 ======= 
*** E CALCULATION [GPU] ***
*** MAXWELL SOLVER [GPU] ***
Initial residual: 0.296376 norm b vector (source) = 0.468774
GMRES converged at restart # 2; iteration #4 with error: 8.18251e-07
  [Cycle 320] Particle sorting: ON
*** B CALCULATION [GPU] ***
Execution time cycle: 253.416 ms  [sort=0.039146 field=122.58 da_wait=0.00012 mover+out=0.031331 exchange+sort+moments=49.9353 B=74.0852 momentsAwait=6.7439 outCopy=0.000331]
 ======= Cycle 321 ======= 
*** E CALCULATION [GPU] ***
*** MAXWELL SOLVER [GPU] ***
Initial residual: 0.296402 norm b vector (source) = 0.468425
GMRES converged at restart # 2; iteration #4 with error: 8.6165e-07
  [Cycle 321] Particle sorting: ON
*** B CALCULATION [GPU] ***
Execution time cycle: 253.521 ms  [sort=0.041791 field=122.599 da_wait=0.00011 mover+out=0.027754 exchange+sort+moments=50.0286 B=74.1585 momentsAwait=6.66504 outCopy=0.000341]
 ======= Cycle 322 ======= 
*** E CALCULATION [GPU] ***
*** MAXWELL SOLVER [GPU] ***
Initial residual: 0.296667 norm b vector (source) = 0.468458
GMRES converged at restart # 2; iteration #4 with error: 8.78125e-07
  [Cycle 322] Particle sorting: ON
*** B CALCULATION [GPU] ***
Execution time cycle: 253.449 ms  [sort=0.038765 field=122.671 da_wait=0.00013 mover+out=0.029528 exchange+sort+moments=49.8474 B=74.1496 momentsAwait=6.71139 outCopy=0.000421]
 ======= Cycle 323 ======= 
*** E CALCULATION [GPU] ***
*** MAXWELL SOLVER [GPU] ***
Initial residual: 0.297016 norm b vector (source) = 0.468893
GMRES converged at restart # 2; iteration #4 with error: 8.59238e-07
  [Cycle 323] Particle sorting: ON
*** B CALCULATION [GPU] ***
Execution time cycle: 253.364 ms  [sort=0.04612 field=122.848 da_wait=0.00012 mover+out=0.031512 exchange+sort+moments=49.6256 B=74.1485 momentsAwait=6.66377 outCopy=0.000431]
 ======= Cycle 324 ======= 
*** E CALCULATION [GPU] ***
*** MAXWELL SOLVER [GPU] ***
Initial residual: 0.297121 norm b vector (source) = 0.469241
GMRES converged at restart # 2; iteration #4 with error: 8.18079e-07
  [Cycle 324] Particle sorting: ON
*** B CALCULATION [GPU] ***
Execution time cycle: 253.715 ms  [sort=0.047652 field=122.748 da_wait=0.00014 mover+out=0.031962 exchange+sort+moments=49.8892 B=74.2537 momentsAwait=6.74329 outCopy=0.000531]
 ======= Cycle 325 ======= 
*** E CALCULATION [GPU] ***
*** MAXWELL SOLVER [GPU] ***
Initial residual: 0.296828 norm b vector (source) = 0.469202
GMRES converged at restart # 2; iteration #4 with error: 7.74451e-07
  [Cycle 325] Particle sorting: ON
*** B CALCULATION [GPU] ***
Execution time cycle: 253.64 ms  [sort=0.042162 field=122.7 da_wait=0.00021 mover+out=0.029798 exchange+sort+moments=49.8485 B=74.298 momentsAwait=6.72027 outCopy=0.000491]
 ======= Cycle 326 ======= 
*** E CALCULATION [GPU] ***
*** MAXWELL SOLVER [GPU] ***
Initial residual: 0.296378 norm b vector (source) = 0.468936
GMRES converged at restart # 2; iteration #4 with error: 7.67251e-07
  [Cycle 326] Particle sorting: ON
*** B CALCULATION [GPU] ***
Execution time cycle: 254.56 ms  [sort=0.042632 field=122.797 da_wait=0.00012 mover+out=0.028025 exchange+sort+moments=50.8029 B=74.1729 momentsAwait=6.71601 outCopy=0.000341]
 ======= Cycle 327 ======= 
*** E CALCULATION [GPU] ***
*** MAXWELL SOLVER [GPU] ***
Initial residual: 0.295969 norm b vector (source) = 0.468699
GMRES converged at restart # 2; iteration #4 with error: 7.99946e-07
  [Cycle 327] Particle sorting: ON
*** B CALCULATION [GPU] ***
Execution time cycle: 253.77 ms  [sort=0.045698 field=122.797 da_wait=0.00012 mover+out=0.03092 exchange+sort+moments=49.7187 B=74.3972 momentsAwait=6.77994 outCopy=0.000421]
 ======= Cycle 328 ======= 
*** E CALCULATION [GPU] ***
*** MAXWELL SOLVER [GPU] ***
Initial residual: 0.295856 norm b vector (source) = 0.468694
GMRES converged at restart # 2; iteration #4 with error: 8.60547e-07
  [Cycle 328] Particle sorting: ON
*** B CALCULATION [GPU] ***
Execution time cycle: 253.746 ms  [sort=0.044436 field=122.652 da_wait=0.000131 mover+out=0.029717 exchange+sort+moments=49.7 B=74.5357 momentsAwait=6.78447 outCopy=0.00043]
 ======= Cycle 329 ======= 
*** E CALCULATION [GPU] ***
*** MAXWELL SOLVER [GPU] ***
Initial residual: 0.296039 norm b vector (source) = 0.468989
GMRES converged at restart # 2; iteration #4 with error: 9.17424e-07
  [Cycle 329] Particle sorting: ON
*** B CALCULATION [GPU] ***
Execution time cycle: 253.547 ms  [sort=0.047141 field=122.72 da_wait=0.00013 mover+out=0.031051 exchange+sort+moments=49.8625 B=74.1096 momentsAwait=6.77641 outCopy=0.000521]
 ======= Cycle 330 ======= 
*** E CALCULATION [GPU] ***
*** MAXWELL SOLVER [GPU] ***
Initial residual: 0.296262 norm b vector (source) = 0.469329
GMRES converged at restart # 2; iteration #4 with error: 9.43142e-07
  [Cycle 330] Particle sorting: ON
*** B CALCULATION [GPU] ***
Execution time cycle: 254.226 ms  [sort=0.042722 field=122.799 da_wait=0.000141 mover+out=0.030178 exchange+sort+moments=50.2784 B=74.3207 momentsAwait=6.75427 outCopy=0.000331]
 ======= Cycle 331 ======= 
*** E CALCULATION [GPU] ***
*** MAXWELL SOLVER [GPU] ***
Initial residual: 0.296545 norm b vector (source) = 0.469723
GMRES converged at restart # 2; iteration #4 with error: 9.31725e-07
  [Cycle 331] Particle sorting: ON
*** B CALCULATION [GPU] ***
Execution time cycle: 253.96 ms  [sort=0.042793 field=122.817 da_wait=0.00014 mover+out=0.029417 exchange+sort+moments=50.1738 B=74.1864 momentsAwait=6.70953 outCopy=0.000471]
 ======= Cycle 332 ======= 
*** E CALCULATION [GPU] ***
*** MAXWELL SOLVER [GPU] ***
Initial residual: 0.296541 norm b vector (source) = 0.469814
GMRES converged at restart # 2; iteration #4 with error: 8.9265e-07
  [Cycle 332] Particle sorting: ON
*** B CALCULATION [GPU] ***
Execution time cycle: 253.61 ms  [sort=0.040549 field=122.739 da_wait=0.00013 mover+out=0.029357 exchange+sort+moments=49.6899 B=74.431 momentsAwait=6.67917 outCopy=0.000572]
 ======= Cycle 333 ======= 
*** E CALCULATION [GPU] ***
*** MAXWELL SOLVER [GPU] ***
Initial residual: 0.296382 norm b vector (source) = 0.469672
GMRES converged at restart # 2; iteration #4 with error: 8.53519e-07
  [Cycle 333] Particle sorting: ON
*** B CALCULATION [GPU] ***
Execution time cycle: 254.463 ms  [sort=0.038505 field=123.043 da_wait=0.000131 mover+out=0.030729 exchange+sort+moments=50.2692 B=74.334 momentsAwait=6.74668 outCopy=0.000481]
 ======= Cycle 334 ======= 
*** E CALCULATION [GPU] ***
*** MAXWELL SOLVER [GPU] ***
Initial residual: 0.296219 norm b vector (source) = 0.469327
GMRES converged at restart # 2; iteration #4 with error: 8.2457e-07
  [Cycle 334] Particle sorting: ON
*** B CALCULATION [GPU] ***
Execution time cycle: 253.908 ms  [sort=0.046942 field=122.83 da_wait=0.000141 mover+out=0.03103 exchange+sort+moments=49.9188 B=74.3409 momentsAwait=6.74018 outCopy=0.000421]
 ======= Cycle 335 ======= 
*** E CALCULATION [GPU] ***
*** MAXWELL SOLVER [GPU] ***
Initial residual: 0.296267 norm b vector (source) = 0.469043
GMRES converged at restart # 2; iteration #4 with error: 8.15959e-07
  [Cycle 335] Particle sorting: ON
*** B CALCULATION [GPU] ***
Execution time cycle: 254.359 ms  [sort=0.040719 field=122.782 da_wait=0.00014 mover+out=0.032012 exchange+sort+moments=50.3846 B=74.4139 momentsAwait=6.7054 outCopy=0.000461]
 ======= Cycle 336 ======= 
*** E CALCULATION [GPU] ***
*** MAXWELL SOLVER [GPU] ***
Initial residual: 0.296125 norm b vector (source) = 0.468672
GMRES converged at restart # 2; iteration #4 with error: 8.22462e-07
  [Cycle 336] Particle sorting: ON
*** B CALCULATION [GPU] ***
Execution time cycle: 253.676 ms  [sort=0.042202 field=122.696 da_wait=0.00012 mover+out=0.028395 exchange+sort+moments=49.7829 B=74.4253 momentsAwait=6.70113 outCopy=0.000421]
 ======= Cycle 337 ======= 
*** E CALCULATION [GPU] ***
*** MAXWELL SOLVER [GPU] ***
Initial residual: 0.296042 norm b vector (source) = 0.468426
GMRES converged at restart # 2; iteration #4 with error: 8.2927e-07
  [Cycle 337] Particle sorting: ON
*** B CALCULATION [GPU] ***
Execution time cycle: 254.068 ms  [sort=0.042202 field=122.932 da_wait=0.00012 mover+out=0.029868 exchange+sort+moments=49.76 B=74.5624 momentsAwait=6.741 outCopy=0.000411]
 ======= Cycle 338 ======= 
*** E CALCULATION [GPU] ***
*** MAXWELL SOLVER [GPU] ***
Initial residual: 0.296012 norm b vector (source) = 0.468484
GMRES converged at restart # 2; iteration #4 with error: 8.31374e-07
  [Cycle 338] Particle sorting: ON
*** B CALCULATION [GPU] ***
Execution time cycle: 254.126 ms  [sort=0.042693 field=122.858 da_wait=0.00012 mover+out=0.028265 exchange+sort+moments=49.9984 B=74.4461 momentsAwait=6.7521 outCopy=0.000331]
 ======= Cycle 339 ======= 
*** E CALCULATION [GPU] ***
*** MAXWELL SOLVER [GPU] ***
Initial residual: 0.296095 norm b vector (source) = 0.468805
GMRES converged at restart # 2; iteration #4 with error: 8.24855e-07
  [Cycle 339] Particle sorting: ON
*** B CALCULATION [GPU] ***
Execution time cycle: 254.871 ms  [sort=0.037313 field=122.953 da_wait=0.00012 mover+out=0.030229 exchange+sort+moments=50.5489 B=74.6 momentsAwait=6.70046 outCopy=0.00033]
 ======= Cycle 340 ======= 
*** E CALCULATION [GPU] ***
*** MAXWELL SOLVER [GPU] ***
Initial residual: 0.296267 norm b vector (source) = 0.469347
GMRES converged at restart # 2; iteration #4 with error: 8.26678e-07
  [Cycle 340] Particle sorting: ON
*** B CALCULATION [GPU] ***
Execution time cycle: 253.866 ms  [sort=0.037292 field=122.854 da_wait=0.00011 mover+out=0.029287 exchange+sort+moments=49.722 B=74.528 momentsAwait=6.69485 outCopy=0.000351]
 ======= Cycle 341 ======= 
*** E CALCULATION [GPU] ***
*** MAXWELL SOLVER [GPU] ***
Initial residual: 0.296358 norm b vector (source) = 0.469778
GMRES converged at restart # 2; iteration #4 with error: 8.49934e-07
  [Cycle 341] Particle sorting: ON
*** B CALCULATION [GPU] ***
Execution time cycle: 254.325 ms  [sort=0.043494 field=122.871 da_wait=0.00012 mover+out=0.032082 exchange+sort+moments=50.0089 B=74.6645 momentsAwait=6.70534 outCopy=0.000421]
 ======= Cycle 342 ======= 
*** E CALCULATION [GPU] ***
*** MAXWELL SOLVER [GPU] ***
Initial residual: 0.296693 norm b vector (source) = 0.470318
GMRES converged at restart # 2; iteration #4 with error: 8.96243e-07
  [Cycle 342] Particle sorting: ON
*** B CALCULATION [GPU] ***
Execution time cycle: 254.272 ms  [sort=0.043174 field=122.832 da_wait=0.00014 mover+out=0.031581 exchange+sort+moments=49.9699 B=74.6419 momentsAwait=6.75239 outCopy=0.000351]
 ======= Cycle 343 ======= 
*** E CALCULATION [GPU] ***
*** MAXWELL SOLVER [GPU] ***
Initial residual: 0.296914 norm b vector (source) = 0.470807
GMRES converged at restart # 2; iteration #4 with error: 9.48716e-07
  [Cycle 343] Particle sorting: ON
*** B CALCULATION [GPU] ***
Execution time cycle: 254.008 ms  [sort=0.047031 field=122.79 da_wait=0.000131 mover+out=0.033124 exchange+sort+moments=49.8689 B=74.6738 momentsAwait=6.59405 outCopy=0.000351]
 ======= Cycle 344 ======= 
*** E CALCULATION [GPU] ***
*** MAXWELL SOLVER [GPU] ***
Initial residual: 0.297077 norm b vector (source) = 0.4712
GMRES converged at restart # 2; iteration #4 with error: 9.93255e-07
  [Cycle 344] Particle sorting: ON
*** B CALCULATION [GPU] ***
Execution time cycle: 254.978 ms  [sort=0.035408 field=122.856 da_wait=0.00014 mover+out=0.033315 exchange+sort+moments=50.7472 B=74.618 momentsAwait=6.6871 outCopy=0.000361]
 ======= Cycle 345 ======= 
*** E CALCULATION [GPU] ***
*** MAXWELL SOLVER [GPU] ***
Initial residual: 0.297042 norm b vector (source) = 0.471348
GMRES converged at restart # 3; iteration #0 with error: 7.61766e-07
  [Cycle 345] Particle sorting: ON
*** B CALCULATION [GPU] ***
Execution time cycle: 258.484 ms  [sort=0.041861 field=127.122 da_wait=0.00011 mover+out=0.028365 exchange+sort+moments=49.8215 B=74.8208 momentsAwait=6.64882 outCopy=0.000521]
 ======= Cycle 346 ======= 
*** E CALCULATION [GPU] ***
*** MAXWELL SOLVER [GPU] ***
Initial residual: 0.296653 norm b vector (source) = 0.47089
GMRES converged at restart # 2; iteration #4 with error: 9.71774e-07
  [Cycle 346] Particle sorting: ON
*** B CALCULATION [GPU] ***
Execution time cycle: 254.231 ms  [sort=0.04089 field=122.883 da_wait=0.00014 mover+out=0.029227 exchange+sort+moments=49.5428 B=74.9867 momentsAwait=6.74845 outCopy=0.00026]
 ======= Cycle 347 ======= 
*** E CALCULATION [GPU] ***
*** MAXWELL SOLVER [GPU] ***
Initial residual: 0.296453 norm b vector (source) = 0.470381
GMRES converged at restart # 2; iteration #4 with error: 9.19461e-07
  [Cycle 347] Particle sorting: ON
*** B CALCULATION [GPU] ***
Execution time cycle: 254.35 ms  [sort=0.042934 field=122.925 da_wait=0.00014 mover+out=0.032303 exchange+sort+moments=49.8951 B=74.6937 momentsAwait=6.76081 outCopy=0.00047]
 ======= Cycle 348 ======= 
*** E CALCULATION [GPU] ***
*** MAXWELL SOLVER [GPU] ***
Initial residual: 0.296343 norm b vector (source) = 0.469954
GMRES converged at restart # 2; iteration #4 with error: 8.6202e-07
  [Cycle 348] Particle sorting: ON
*** B CALCULATION [GPU] ***
Execution time cycle: 254.856 ms  [sort=0.037683 field=122.864 da_wait=0.00019 mover+out=0.029047 exchange+sort+moments=50.3889 B=74.858 momentsAwait=6.67786 outCopy=0.000351]
 ======= Cycle 349 ======= 
*** E CALCULATION [GPU] ***
*** MAXWELL SOLVER [GPU] ***
Initial residual: 0.29644 norm b vector (source) = 0.469704
GMRES converged at restart # 2; iteration #4 with error: 8.17074e-07
  [Cycle 349] Particle sorting: ON
*** B CALCULATION [GPU] ***
Execution time cycle: 254.612 ms  [sort=0.049376 field=123.125 da_wait=0.00012 mover+out=0.032763 exchange+sort+moments=49.907 B=74.7832 momentsAwait=6.71445 outCopy=0.00042]
 ======= Cycle 350 ======= 
*** E CALCULATION [GPU] ***
*** MAXWELL SOLVER [GPU] ***
Initial residual: 0.296904 norm b vector (source) = 0.469938
GMRES converged at restart # 2; iteration #4 with error: 7.98586e-07
  [Cycle 350] Particle sorting: ON
*** B CALCULATION [GPU] ***
Execution time cycle: 269.319 ms  [sort=13.0936 field=125.109 da_wait=0.000751 mover+out=0.02585 exchange+sort+moments=49.5869 B=74.7388 momentsAwait=6.76304 outCopy=0.000351]
 ======= Cycle 351 ======= 
*** E CALCULATION [GPU] ***
*** MAXWELL SOLVER [GPU] ***
Initial residual: 0.297169 norm b vector (source) = 0.470242
GMRES converged at restart # 2; iteration #4 with error: 8.01198e-07
  [Cycle 351] Particle sorting: ON
*** B CALCULATION [GPU] ***
Execution time cycle: 254.596 ms  [sort=0.044086 field=122.941 da_wait=0.000121 mover+out=0.029317 exchange+sort+moments=49.9898 B=74.8838 momentsAwait=6.7076 outCopy=0.000411]
 ======= Cycle 352 ======= 
*** E CALCULATION [GPU] ***
*** MAXWELL SOLVER [GPU] ***
Initial residual: 0.297019 norm b vector (source) = 0.470131
GMRES converged at restart # 2; iteration #4 with error: 8.05955e-07
  [Cycle 352] Particle sorting: ON
*** B CALCULATION [GPU] ***
Execution time cycle: 255.069 ms  [sort=0.03619 field=122.975 da_wait=0.00014 mover+out=0.029608 exchange+sort+moments=50.5188 B=74.8345 momentsAwait=6.6737 outCopy=0.000261]
 ======= Cycle 353 ======= 
*** E CALCULATION [GPU] ***
*** MAXWELL SOLVER [GPU] ***
Initial residual: 0.296893 norm b vector (source) = 0.469982
GMRES converged at restart # 2; iteration #4 with error: 8.12452e-07
  [Cycle 353] Particle sorting: ON
*** B CALCULATION [GPU] ***
Execution time cycle: 254.92 ms  [sort=0.039397 field=123.105 da_wait=0.000141 mover+out=0.032122 exchange+sort+moments=50.0479 B=74.9585 momentsAwait=6.73622 outCopy=0.000341]
 ======= Cycle 354 ======= 
*** E CALCULATION [GPU] ***
*** MAXWELL SOLVER [GPU] ***
Initial residual: 0.296924 norm b vector (source) = 0.470074
GMRES converged at restart # 2; iteration #4 with error: 8.36018e-07
  [Cycle 354] Particle sorting: ON
*** B CALCULATION [GPU] ***
Execution time cycle: 254.529 ms  [sort=0.042061 field=122.826 da_wait=0.000141 mover+out=0.031561 exchange+sort+moments=49.685 B=75.1643 momentsAwait=6.77974 outCopy=0.000421]
 ======= Cycle 355 ======= 
*** E CALCULATION [GPU] ***
*** MAXWELL SOLVER [GPU] ***
Initial residual: 0.29666 norm b vector (source) = 0.470075
GMRES converged at restart # 2; iteration #4 with error: 8.92704e-07
  [Cycle 355] Particle sorting: ON
*** B CALCULATION [GPU] ***
Execution time cycle: 254.49 ms  [sort=0.040308 field=122.857 da_wait=0.000141 mover+out=0.029427 exchange+sort+moments=49.9248 B=74.9262 momentsAwait=6.71094 outCopy=0.000351]
 ======= Cycle 356 ======= 
*** E CALCULATION [GPU] ***
*** MAXWELL SOLVER [GPU] ***
Initial residual: 0.296663 norm b vector (source) = 0.470252
GMRES converged at restart # 2; iteration #4 with error: 9.85647e-07
  [Cycle 356] Particle sorting: ON
*** B CALCULATION [GPU] ***
Execution time cycle: 254.346 ms  [sort=0.042352 field=122.641 da_wait=0.00014 mover+out=0.031782 exchange+sort+moments=49.9664 B=74.9675 momentsAwait=6.69611 outCopy=0.000371]
 ======= Cycle 357 ======= 
*** E CALCULATION [GPU] ***
*** MAXWELL SOLVER [GPU] ***
Initial residual: 0.296798 norm b vector (source) = 0.470661
GMRES converged at restart # 2; iteration #5 with error: 7.1782e-07
  [Cycle 357] Particle sorting: ON
*** B CALCULATION [GPU] ***
Execution time cycle: 257.759 ms  [sort=0.044567 field=125.949 da_wait=0.000131 mover+out=0.032843 exchange+sort+moments=50.0537 B=74.9218 momentsAwait=6.756 outCopy=0.000511]
 ======= Cycle 358 ======= 
*** E CALCULATION [GPU] ***
*** MAXWELL SOLVER [GPU] ***
Initial residual: 0.297044 norm b vector (source) = 0.471294
GMRES converged at restart # 2; iteration #5 with error: 7.98561e-07
  [Cycle 358] Particle sorting: ON
*** B CALCULATION [GPU] ***
Execution time cycle: 256.48 ms  [sort=0.043996 field=124.941 da_wait=0.00021 mover+out=0.030069 exchange+sort+moments=49.8036 B=74.9145 momentsAwait=6.74575 outCopy=0.000431]
 ======= Cycle 359 ======= 
*** E CALCULATION [GPU] ***
*** MAXWELL SOLVER [GPU] ***
Initial residual: 0.297158 norm b vector (source) = 0.471705
GMRES converged at restart # 2; iteration #5 with error: 8.58962e-07
  [Cycle 359] Particle sorting: ON
*** B CALCULATION [GPU] ***
Execution time cycle: 256.637 ms  [sort=0.041701 field=125.105 da_wait=0.00013 mover+out=0.03124 exchange+sort+moments=49.7507 B=74.9608 momentsAwait=6.74642 outCopy=0.00032]
 ======= Cycle 360 ======= 
*** E CALCULATION [GPU] ***
*** MAXWELL SOLVER [GPU] ***
Initial residual: 0.297091 norm b vector (source) = 0.471709
GMRES converged at restart # 2; iteration #5 with error: 8.7696e-07
  [Cycle 360] Particle sorting: ON
*** B CALCULATION [GPU] ***
Execution time cycle: 256.842 ms  [sort=0.036912 field=125.197 da_wait=0.00013 mover+out=0.029748 exchange+sort+moments=49.8502 B=75.0336 momentsAwait=6.69414 outCopy=0.00034]
 ======= Cycle 361 ======= 
*** E CALCULATION [GPU] ***
*** MAXWELL SOLVER [GPU] ***
Initial residual: 0.296826 norm b vector (source) = 0.471321
GMRES converged at restart # 2; iteration #5 with error: 8.58321e-07
  [Cycle 361] Particle sorting: ON
*** B CALCULATION [GPU] ***
Execution time cycle: 256.989 ms  [sort=0.035289 field=125.241 da_wait=0.000121 mover+out=0.031891 exchange+sort+moments=50.1211 B=74.8005 momentsAwait=6.75801 outCopy=0.000411]
 ======= Cycle 362 ======= 
*** E CALCULATION [GPU] ***
*** MAXWELL SOLVER [GPU] ***
Initial residual: 0.296605 norm b vector (source) = 0.470842
GMRES converged at restart # 2; iteration #5 with error: 8.12122e-07
  [Cycle 362] Particle sorting: ON
*** B CALCULATION [GPU] ***
Execution time cycle: 257.273 ms  [sort=0.035749 field=125.037 da_wait=0.00013 mover+out=0.029798 exchange+sort+moments=50.4449 B=75.0705 momentsAwait=6.65418 outCopy=0.000421]
 ======= Cycle 363 ======= 
*** E CALCULATION [GPU] ***
*** MAXWELL SOLVER [GPU] ***
Initial residual: 0.296437 norm b vector (source) = 0.470423
GMRES converged at restart # 2; iteration #5 with error: 7.54383e-07
  [Cycle 363] Particle sorting: ON
*** B CALCULATION [GPU] ***
Execution time cycle: 256.691 ms  [sort=0.048854 field=124.996 da_wait=0.00014 mover+out=0.029497 exchange+sort+moments=49.6704 B=75.2722 momentsAwait=6.67389 outCopy=0.000401]
 ======= Cycle 364 ======= 
*** E CALCULATION [GPU] ***
*** MAXWELL SOLVER [GPU] ***
Initial residual: 0.296608 norm b vector (source) = 0.47038
GMRES converged at restart # 2; iteration #5 with error: 6.92851e-07
  [Cycle 364] Particle sorting: ON
*** B CALCULATION [GPU] ***
Execution time cycle: 256.794 ms  [sort=0.03641 field=125.132 da_wait=0.000141 mover+out=0.031611 exchange+sort+moments=49.8955 B=75.0437 momentsAwait=6.65366 outCopy=0.000431]
 ======= Cycle 365 ======= 
*** E CALCULATION [GPU] ***
*** MAXWELL SOLVER [GPU] ***
Initial residual: 0.296909 norm b vector (source) = 0.470596
GMRES converged at restart # 3; iteration #0 with error: 7.61695e-07
  [Cycle 365] Particle sorting: ON
*** B CALCULATION [GPU] ***
Execution time cycle: 258.802 ms  [sort=0.035539 field=126.568 da_wait=0.00014 mover+out=0.030329 exchange+sort+moments=50.3064 B=75.1044 momentsAwait=6.75662 outCopy=0.000351]
 ======= Cycle 366 ======= 
*** E CALCULATION [GPU] ***
*** MAXWELL SOLVER [GPU] ***
Initial residual: 0.297188 norm b vector (source) = 0.470783
GMRES converged at restart # 2; iteration #4 with error: 9.75473e-07
  [Cycle 366] Particle sorting: ON
*** B CALCULATION [GPU] ***
Execution time cycle: 254.46 ms  [sort=0.038815 field=122.651 da_wait=0.00012 mover+out=0.029297 exchange+sort+moments=49.8653 B=75.1506 momentsAwait=6.72417 outCopy=0.000311]
 ======= Cycle 367 ======= 
*** E CALCULATION [GPU] ***
*** MAXWELL SOLVER [GPU] ***
Initial residual: 0.297315 norm b vector (source) = 0.470875
GMRES converged at restart # 2; iteration #4 with error: 9.78945e-07
  [Cycle 367] Particle sorting: ON
*** B CALCULATION [GPU] ***
Execution time cycle: 254.624 ms  [sort=0.032233 field=122.739 da_wait=0.000151 mover+out=0.029517 exchange+sort+moments=49.9229 B=75.2204 momentsAwait=6.67949 outCopy=0.00026]
 ======= Cycle 368 ======= 
*** E CALCULATION [GPU] ***
*** MAXWELL SOLVER [GPU] ***
Initial residual: 0.297486 norm b vector (source) = 0.471089
GMRES converged at restart # 2; iteration #5 with error: 6.64688e-07
  [Cycle 368] Particle sorting: ON
*** B CALCULATION [GPU] ***
Execution time cycle: 256.936 ms  [sort=0.03583 field=125.081 da_wait=0.00014 mover+out=0.030149 exchange+sort+moments=49.9956 B=75.1316 momentsAwait=6.66214 outCopy=0.00035]
 ======= Cycle 369 ======= 
*** E CALCULATION [GPU] ***
*** MAXWELL SOLVER [GPU] ***
Initial residual: 0.29763 norm b vector (source) = 0.471404
GMRES converged at restart # 2; iteration #5 with error: 7.19207e-07
  [Cycle 369] Particle sorting: ON
*** B CALCULATION [GPU] ***
Execution time cycle: 257.086 ms  [sort=0.042112 field=125.244 da_wait=0.000141 mover+out=0.028986 exchange+sort+moments=49.8392 B=75.2193 momentsAwait=6.71247 outCopy=0.000401]
 ======= Cycle 370 ======= 
*** E CALCULATION [GPU] ***
*** MAXWELL SOLVER [GPU] ***
Initial residual: 0.297527 norm b vector (source) = 0.471586
GMRES converged at restart # 2; iteration #5 with error: 7.99913e-07
  [Cycle 370] Particle sorting: ON
*** B CALCULATION [GPU] ***
Execution time cycle: 257.622 ms  [sort=0.042452 field=125.252 da_wait=0.00013 mover+out=0.027844 exchange+sort+moments=50.4348 B=75.1926 momentsAwait=6.67166 outCopy=0.00041]
 ======= Cycle 371 ======= 
*** E CALCULATION [GPU] ***
*** MAXWELL SOLVER [GPU] ***
Initial residual: 0.297243 norm b vector (source) = 0.471559
GMRES converged at restart # 2; iteration #5 with error: 8.92628e-07
  [Cycle 371] Particle sorting: ON
*** B CALCULATION [GPU] ***
Execution time cycle: 257.305 ms  [sort=0.04107 field=125.389 da_wait=0.00014 mover+out=0.029988 exchange+sort+moments=49.891 B=75.2922 momentsAwait=6.66179 outCopy=0.000361]
 ======= Cycle 372 ======= 
*** E CALCULATION [GPU] ***
*** MAXWELL SOLVER [GPU] ***
Initial residual: 0.297015 norm b vector (source) = 0.471558
GMRES converged at restart # 2; iteration #5 with error: 9.0677e-07
  [Cycle 372] Particle sorting: ON
*** B CALCULATION [GPU] ***
Execution time cycle: 260.019 ms  [sort=0.04142 field=128.377 da_wait=0.00012 mover+out=0.030009 exchange+sort+moments=49.5444 B=75.4218 momentsAwait=6.60381 outCopy=0.000351]
 ======= Cycle 373 ======= 
*** E CALCULATION [GPU] ***
*** MAXWELL SOLVER [GPU] ***
Initial residual: 0.296812 norm b vector (source) = 0.471591
GMRES converged at restart # 2; iteration #5 with error: 9.70924e-07
  [Cycle 373] Particle sorting: ON
*** B CALCULATION [GPU] ***
Execution time cycle: 259.933 ms  [sort=0.04603 field=128.189 da_wait=0.00013 mover+out=0.030139 exchange+sort+moments=49.8217 B=75.2221 momentsAwait=6.62341 outCopy=0.000421]
 ======= Cycle 374 ======= 
*** E CALCULATION [GPU] ***
*** MAXWELL SOLVER [GPU] ***
Initial residual: 0.296754 norm b vector (source) = 0.471719
GMRES converged at restart # 3; iteration #0 with error: 7.62918e-07
  [Cycle 374] Particle sorting: ON
*** B CALCULATION [GPU] ***
Execution time cycle: 264.965 ms  [sort=0.044487 field=132.744 da_wait=0.00011 mover+out=0.031651 exchange+sort+moments=50.0043 B=75.3274 momentsAwait=6.81244 outCopy=0.000351]
 ======= Cycle 375 ======= 
*** E CALCULATION [GPU] ***
*** MAXWELL SOLVER [GPU] ***
Initial residual: 0.296535 norm b vector (source) = 0.471665
GMRES converged at restart # 3; iteration #0 with error: 7.63251e-07
  [Cycle 375] Particle sorting: ON
*** B CALCULATION [GPU] ***
Execution time cycle: 264.845 ms  [sort=0.040369 field=132.358 da_wait=0.00012 mover+out=0.03058 exchange+sort+moments=50.2363 B=75.3716 momentsAwait=6.80786 outCopy=0.00026]
 ======= Cycle 376 ======= 
*** E CALCULATION [GPU] ***
*** MAXWELL SOLVER [GPU] ***
Initial residual: 0.296423 norm b vector (source) = 0.471546
GMRES converged at restart # 2; iteration #5 with error: 9.65055e-07
  [Cycle 376] Particle sorting: ON
*** B CALCULATION [GPU] ***
Execution time cycle: 260.374 ms  [sort=0.039367 field=128.302 da_wait=0.000151 mover+out=0.029397 exchange+sort+moments=49.765 B=75.5565 momentsAwait=6.6806 outCopy=0.00026]
 ======= Cycle 377 ======= 
*** E CALCULATION [GPU] ***
*** MAXWELL SOLVER [GPU] ***
Initial residual: 0.296208 norm b vector (source) = 0.471233
GMRES converged at restart # 2; iteration #5 with error: 8.96269e-07
  [Cycle 377] Particle sorting: ON
*** B CALCULATION [GPU] ***
Execution time cycle: 260.643 ms  [sort=0.04127 field=128.253 da_wait=0.00014 mover+out=0.028736 exchange+sort+moments=50.1978 B=75.4181 momentsAwait=6.70338 outCopy=0.000241]
 ======= Cycle 378 ======= 
*** E CALCULATION [GPU] ***
*** MAXWELL SOLVER [GPU] ***
Initial residual: 0.296137 norm b vector (source) = 0.470944
GMRES converged at restart # 2; iteration #5 with error: 8.90818e-07
  [Cycle 378] Particle sorting: ON
*** B CALCULATION [GPU] ***
Execution time cycle: 257.911 ms  [sort=0.030178 field=125.383 da_wait=0.0002 mover+out=0.028716 exchange+sort+moments=50.1594 B=75.5778 momentsAwait=6.73193 outCopy=0.000261]
 ======= Cycle 379 ======= 
*** E CALCULATION [GPU] ***
*** MAXWELL SOLVER [GPU] ***
Initial residual: 0.296042 norm b vector (source) = 0.470622
GMRES converged at restart # 2; iteration #5 with error: 8.15059e-07
  [Cycle 379] Particle sorting: ON
*** B CALCULATION [GPU] ***
Execution time cycle: 257.852 ms  [sort=0.037763 field=125.18 da_wait=0.00011 mover+out=0.031942 exchange+sort+moments=50.3757 B=75.561 momentsAwait=6.66596 outCopy=0.00025]
 ======= Cycle 380 ======= 
*** E CALCULATION [GPU] ***
*** MAXWELL SOLVER [GPU] ***
Initial residual: 0.296126 norm b vector (source) = 0.470524
GMRES converged at restart # 2; iteration #5 with error: 7.59626e-07
  [Cycle 380] Particle sorting: ON
*** B CALCULATION [GPU] ***
Execution time cycle: 257.453 ms  [sort=0.03631 field=125.12 da_wait=0.00021 mover+out=0.030459 exchange+sort+moments=49.7847 B=75.7304 momentsAwait=6.74994 outCopy=0.000421]
 ======= Cycle 381 ======= 
*** E CALCULATION [GPU] ***
*** MAXWELL SOLVER [GPU] ***
Initial residual: 0.296175 norm b vector (source) = 0.470593
GMRES converged at restart # 2; iteration #5 with error: 7.32292e-07
  [Cycle 381] Particle sorting: ON
*** B CALCULATION [GPU] ***
Execution time cycle: 257.513 ms  [sort=0.033896 field=125.171 da_wait=0.00012 mover+out=0.029337 exchange+sort+moments=49.7816 B=75.8029 momentsAwait=6.6935 outCopy=0.000411]
 ======= Cycle 382 ======= 
*** E CALCULATION [GPU] ***
*** MAXWELL SOLVER [GPU] ***
Initial residual: 0.29625 norm b vector (source) = 0.470685
GMRES converged at restart # 2; iteration #5 with error: 7.36154e-07
  [Cycle 382] Particle sorting: ON
*** B CALCULATION [GPU] ***
Execution time cycle: 257.345 ms  [sort=0.035258 field=125.323 da_wait=0.00014 mover+out=0.030519 exchange+sort+moments=49.6887 B=75.4877 momentsAwait=6.77899 outCopy=0.000411]
 ======= Cycle 383 ======= 
*** E CALCULATION [GPU] ***
*** MAXWELL SOLVER [GPU] ***
Initial residual: 0.296376 norm b vector (source) = 0.470837
GMRES converged at restart # 2; iteration #5 with error: 7.78963e-07
  [Cycle 383] Particle sorting: ON
*** B CALCULATION [GPU] ***
Execution time cycle: 257.98 ms  [sort=0.050057 field=125.166 da_wait=0.00013 mover+out=0.034056 exchange+sort+moments=50.214 B=75.8131 momentsAwait=6.70274 outCopy=0.00025]
 ======= Cycle 384 ======= 
*** E CALCULATION [GPU] ***
*** MAXWELL SOLVER [GPU] ***
Initial residual: 0.296379 norm b vector (source) = 0.470971
GMRES converged at restart # 2; iteration #5 with error: 8.67673e-07
  [Cycle 384] Particle sorting: ON
*** B CALCULATION [GPU] ***
Execution time cycle: 257.409 ms  [sort=0.032092 field=124.937 da_wait=0.00012 mover+out=0.030038 exchange+sort+moments=49.9255 B=75.7914 momentsAwait=6.69216 outCopy=0.000341]
 ======= Cycle 385 ======= 
*** E CALCULATION [GPU] ***
*** MAXWELL SOLVER [GPU] ***
Initial residual: 0.296258 norm b vector (source) = 0.471083
GMRES converged at restart # 2; iteration #5 with error: 9.00387e-07
  [Cycle 385] Particle sorting: ON
*** B CALCULATION [GPU] ***
Execution time cycle: 260.691 ms  [sort=0.038966 field=128.286 da_wait=0.00013 mover+out=0.030549 exchange+sort+moments=49.8935 B=75.7904 momentsAwait=6.65147 outCopy=0.00026]
 ======= Cycle 386 ======= 
*** E CALCULATION [GPU] ***
*** MAXWELL SOLVER [GPU] ***
Initial residual: 0.296345 norm b vector (source) = 0.471324
GMRES converged at restart # 2; iteration #6 with error: 6.32299e-07
  [Cycle 386] Particle sorting: ON
*** B CALCULATION [GPU] ***
Execution time cycle: 263.523 ms  [sort=0.033074 field=130.693 da_wait=0.00012 mover+out=0.028626 exchange+sort+moments=50.2713 B=75.7549 momentsAwait=6.74099 outCopy=0.000261]
 ======= Cycle 387 ======= 
*** E CALCULATION [GPU] ***
*** MAXWELL SOLVER [GPU] ***
Initial residual: 0.296404 norm b vector (source) = 0.471564
GMRES converged at restart # 2; iteration #6 with error: 7.16109e-07
  [Cycle 387] Particle sorting: ON
*** B CALCULATION [GPU] ***
Execution time cycle: 263.557 ms  [sort=0.035158 field=130.946 da_wait=0.00014 mover+out=0.033034 exchange+sort+moments=50.0178 B=75.746 momentsAwait=6.77875 outCopy=0.000401]
 ======= Cycle 388 ======= 
*** E CALCULATION [GPU] ***
*** MAXWELL SOLVER [GPU] ***
Initial residual: 0.296589 norm b vector (source) = 0.471937
GMRES converged at restart # 2; iteration #6 with error: 7.85614e-07
  [Cycle 388] Particle sorting: ON
*** B CALCULATION [GPU] ***
Execution time cycle: 264.161 ms  [sort=0.042803 field=130.917 da_wait=0.000131 mover+out=0.032202 exchange+sort+moments=50.6626 B=75.7538 momentsAwait=6.75244 outCopy=0.000471]
 ======= Cycle 389 ======= 
*** E CALCULATION [GPU] ***
*** MAXWELL SOLVER [GPU] ***
Initial residual: 0.296509 norm b vector (source) = 0.471971
GMRES converged at restart # 2; iteration #6 with error: 8.33593e-07
  [Cycle 389] Particle sorting: ON
*** B CALCULATION [GPU] ***
Execution time cycle: 263.646 ms  [sort=0.034066 field=130.858 da_wait=0.00013 mover+out=0.027293 exchange+sort+moments=50.0682 B=75.8574 momentsAwait=6.80109 outCopy=0.00025]
 ======= Cycle 390 ======= 
*** E CALCULATION [GPU] ***
*** MAXWELL SOLVER [GPU] ***
Initial residual: 0.29664 norm b vector (source) = 0.472085
GMRES converged at restart # 2; iteration #6 with error: 8.40371e-07
  [Cycle 390] Particle sorting: ON
*** B CALCULATION [GPU] ***
Execution time cycle: 263.083 ms  [sort=0.033645 field=130.841 da_wait=0.00015 mover+out=0.028986 exchange+sort+moments=49.4156 B=76.0102 momentsAwait=6.75236 outCopy=0.000411]
 ======= Cycle 391 ======= 
*** E CALCULATION [GPU] ***
*** MAXWELL SOLVER [GPU] ***
Initial residual: 0.296726 norm b vector (source) = 0.472263
GMRES converged at restart # 2; iteration #6 with error: 8.22642e-07
  [Cycle 391] Particle sorting: ON
*** B CALCULATION [GPU] ***
Execution time cycle: 262.869 ms  [sort=0.044035 field=130.56 da_wait=0.000131 mover+out=0.028986 exchange+sort+moments=49.6284 B=75.8474 momentsAwait=6.76056 outCopy=0.000411]
 ======= Cycle 392 ======= 
*** E CALCULATION [GPU] ***
*** MAXWELL SOLVER [GPU] ***
Initial residual: 0.296769 norm b vector (source) = 0.472293
GMRES converged at restart # 2; iteration #6 with error: 7.82695e-07
  [Cycle 392] Particle sorting: ON
*** B CALCULATION [GPU] ***
Execution time cycle: 264.064 ms  [sort=0.036922 field=131.232 da_wait=0.00012 mover+out=0.032383 exchange+sort+moments=50.2017 B=75.8502 momentsAwait=6.71093 outCopy=0.000421]
 ======= Cycle 393 ======= 
*** E CALCULATION [GPU] ***
*** MAXWELL SOLVER [GPU] ***
Initial residual: 0.296607 norm b vector (source) = 0.472078
GMRES converged at restart # 2; iteration #6 with error: 7.30943e-07
  [Cycle 393] Particle sorting: ON
*** B CALCULATION [GPU] ***
Execution time cycle: 264.269 ms  [sort=0.042122 field=131.584 da_wait=0.00013 mover+out=0.03085 exchange+sort+moments=50.0079 B=75.8887 momentsAwait=6.71485 outCopy=0.00034]
 ======= Cycle 394 ======= 
*** E CALCULATION [GPU] ***
*** MAXWELL SOLVER [GPU] ***
Initial residual: 0.296415 norm b vector (source) = 0.471588
GMRES converged at restart # 2; iteration #6 with error: 6.76371e-07
  [Cycle 394] Particle sorting: ON
*** B CALCULATION [GPU] ***
Execution time cycle: 263.507 ms  [sort=0.037382 field=131.117 da_wait=0.000141 mover+out=0.030419 exchange+sort+moments=49.7493 B=75.8351 momentsAwait=6.73715 outCopy=0.00026]
 ======= Cycle 395 ======= 
*** E CALCULATION [GPU] ***
*** MAXWELL SOLVER [GPU] ***
Initial residual: 0.296605 norm b vector (source) = 0.47138
GMRES converged at restart # 2; iteration #6 with error: 6.42319e-07
  [Cycle 395] Particle sorting: ON
*** B CALCULATION [GPU] ***
Execution time cycle: 264.164 ms  [sort=0.039136 field=131.233 da_wait=0.000111 mover+out=0.029447 exchange+sort+moments=50.2941 B=75.8402 momentsAwait=6.72667 outCopy=0.0004]
 ======= Cycle 396 ======= 
*** E CALCULATION [GPU] ***
*** MAXWELL SOLVER [GPU] ***
Initial residual: 0.296892 norm b vector (source) = 0.471535
GMRES converged at restart # 2; iteration #6 with error: 6.30246e-07
  [Cycle 396] Particle sorting: ON
*** B CALCULATION [GPU] ***
Execution time cycle: 263.823 ms  [sort=0.043674 field=131.247 da_wait=0.00012 mover+out=0.033936 exchange+sort+moments=49.8734 B=75.8093 momentsAwait=6.81513 outCopy=0.000331]
 ======= Cycle 397 ======= 
*** E CALCULATION [GPU] ***
*** MAXWELL SOLVER [GPU] ***
Initial residual: 0.297059 norm b vector (source) = 0.471825
GMRES converged at restart # 2; iteration #6 with error: 6.46314e-07
  [Cycle 397] Particle sorting: ON
*** B CALCULATION [GPU] ***
Execution time cycle: 264.265 ms  [sort=0.043895 field=131.335 da_wait=0.00014 mover+out=0.031341 exchange+sort+moments=50.2255 B=75.8912 momentsAwait=6.73766 outCopy=0.000411]
 ======= Cycle 398 ======= 
*** E CALCULATION [GPU] ***
*** MAXWELL SOLVER [GPU] ***
Initial residual: 0.2973 norm b vector (source) = 0.472366
GMRES converged at restart # 2; iteration #6 with error: 6.93028e-07
  [Cycle 398] Particle sorting: ON
*** B CALCULATION [GPU] ***
Execution time cycle: 1123.39 ms  [sort=856.801 field=134.009 da_wait=0.00011 mover+out=0.03104 exchange+sort+moments=49.8105 B=76.0021 momentsAwait=6.73456 outCopy=0.00036]
 ======= Cycle 399 ======= 
*** E CALCULATION [GPU] ***
*** MAXWELL SOLVER [GPU] ***
Initial residual: 0.29744 norm b vector (source) = 0.472848
GMRES converged at restart # 2; iteration #6 with error: 7.60443e-07
  [Cycle 399] Particle sorting: ON
*** B CALCULATION [GPU] ***
Execution time cycle: 263.7 ms  [sort=0.04099 field=130.956 da_wait=0.00014 mover+out=0.030429 exchange+sort+moments=49.698 B=76.1937 momentsAwait=6.64437 outCopy=0.136655]


*** SIMULATION ENDED SUCESSFULLY ***
 Simulation Time: 123.16 sec (0.0342111 hours)
***

