
Number of processes = 64
-------------------------
Number of threads = 6
-------------------------

Virtual Cartesian Processors Topology
-------------------------------------
Processors grid: 4x4x4
Periodicity X: 1
Periodicity Y: 0
Periodicity Z: 1


Simulation Parameters
---------------------
Number of species    = 4
qom[0] = -64
qom[1] = 1
qom[2] = -64
qom[3] = 1
x-Length                 = 10
y-Length                 = 13.3333
z-Length                 = 20
Number of cells (x)      = 256
Number of cells (y)      = 256
Number of cells (z)      = 256
Time step                = 0.15
Number of cycles         = 400
Results saved in  : data
Case type         : GEM
Simulation name   : weakGEM3D_N8
Smoothing         : on (alpha=0.2, Niter=6)
---------------------
EM Field Boundary Conditions
---------------------
Xleft  : 0 (perfect conductor)
Xright : 0 (perfect conductor)
Yleft  : 0 (perfect conductor)
Yright : 0 (perfect conductor)
Zleft  : 0 (perfect conductor)
Zright : 0 (perfect conductor)
SAL (absorbing layer): no
---------------------
Particle Boundary Conditions
---------------------
Xleft  : 1 (perfect mirror)
Xright : 1 (perfect mirror)
Yleft  : 1 (perfect mirror)
Yright : 1 (perfect mirror)
Zleft  : 1 (perfect mirror)
Zright : 1 (perfect mirror)
E inflow BCs in GMRes : yes (applied per-face where bcPface == 2)
---------------------
Field Corrections
---------------------
Poisson div(E) correction  : no
div(B) cleaning            : no
---------------------
Planet Boundary
---------------------
Reflection type            : 0 (specular)
---------------------
Exosphere Ionization
---------------------
Status                     : disabled
---------------------
Check Simulation Constraints
---------------------
Accuracy Constraint:  
u_th < dx/dt species 0.....OK
v_th < dy/dt species 0......OK
u_th < dx/dt species 1.....OK
v_th < dy/dt species 1......OK
u_th < dx/dt species 2.....OK
v_th < dy/dt species 2......OK
u_th < dx/dt species 3.....OK
v_th < dy/dt species 3......OK

Finite Grid Stability Constraint:  
OK u_th*dt/dx (species 0) = 0.1728 > .1
OK v_th*dt/dy (species 0) = 0.1296 > .1
WARNING. u_th*dt/dx (species 1) = 0.048384 < .1
WARNING. v_th*dt/dy (species 1) = 0.036288 < .1
OK u_th*dt/dx (species 2) = 0.1728 > .1
OK v_th*dt/dy (species 2) = 0.1296 > .1
WARNING. u_th*dt/dx (species 3) = 0.048384 < .1
WARNING. v_th*dt/dy (species 3) = 0.036288 < .1

CFL Condition (c*dt/dx < 1):  
---------------------
Speed of light c     = 1
Time step dt         = 0.15
Grid spacing dx      = 0.0390625
Grid spacing dy      = 0.0520833
Grid spacing dz      = 0.078125
c*dt/dx              = 3.84  WARNING: CFL VIOLATED!
c*dt/dy              = 2.88  WARNING: CFL VIOLATED!
c*dt/dz              = 1.92  WARNING: CFL VIOLATED!
c*dt*|1/dx|          = 5.16976  WARNING: multi-dim CFL VIOLATED!

Numerical Resolution Parameters:  
---------------------
Larmor radius / dx (species 0) = 0.923077  (rL = 0.0360577, Omega_c*dt = 0.1872)
Larmor radius / dx (species 1) = 16.5415  (rL = 0.646154, Omega_c*dt = 0.002925)
Larmor radius / dx (species 2) = 0.923077  (rL = 0.0360577, Omega_c*dt = 0.1872)
Larmor radius / dx (species 3) = 16.5415  (rL = 0.646154, Omega_c*dt = 0.002925)
Species 0 (qom=-64): omega_p = 8, d_s/dx = 3.2, omega_p*dt = 1.2  OK
Species 1 (qom=1): omega_p = 1, d_s/dx = 25.6, omega_p*dt = 0.15  OK
Species 2 (qom=-64): omega_p = 2.52982, d_s/dx = 10.1193, omega_p*dt = 0.379473  OK
Species 3 (qom=1): omega_p = 0.316228, d_s/dx = 80.9543, omega_p*dt = 0.0474342  OK

Estimated Memory Per Rank
---------------------
Local grid (with ghosts): 66x66x66 cells, 67x67x67 nodes
HOST:   EMfields = 307.853 MB, particles = 4096 MB, comm = 409.6 MB, field buf = 53.4397 MB
        TOTAL = 4866.89 MB (4.75283 GB)
DEVICE: particles = 5734.4 MB, buffers = 1561.6 MB, moments = 91.7856 MB, field = 53.4397 MB, sort = 1088.36 MB
        TOTAL = 8529.59 MB (8.32967 GB)  (+ 500 MB CUDA context)
COMBINED = 13396.5 MB (13.0825 GB)
---------------------
------------------------------------------
Initialize GEM Challenge with Perturbation
------------------------------------------
B0x                              = 0.0195
B0y                              = 0
B0z                              = 0
Delta (current sheet thickness) = 0.5
rho species 0 = 1 DRIFTING 
rho species 1 = 1 DRIFTING 
rho species 2 = 0.1 BACKGROUND 
rho species 3 = 0.1 BACKGROUND 
-------------------------
(34.0) WARNING init(), IOManager.cpp:128: Selected particle backend requires HDF5 (compile with USE_HDF5=ON). Particle output disabled.
(34.0) WARNING init(), IOManager.cpp:133: Selected restart backend requires HDF5 (compile with USE_HDF5=ON). Restart output disabled.
(35.0) WARNING init(), IOManager.cpp:128: Selected particle backend requires HDF5 (compile with USE_HDF5=ON). Particle output disabled.
(35.0) WARNING init(), IOManager.cpp:133: Selected restart backend requires HDF5 (compile with USE_HDF5=ON). Restart output disabled.
(18.0) WARNING init(), IOManager.cpp:128: Selected particle backend requires HDF5 (compile with USE_HDF5=ON). Particle output disabled.
(18.0) WARNING init(), IOManager.cpp:133: Selected restart backend requires HDF5 (compile with USE_HDF5=ON). Restart output disabled.
(19.0) WARNING init(), IOManager.cpp:128: Selected particle backend requires HDF5 (compile with USE_HDF5=ON). Particle output disabled.
(19.0) WARNING init(), IOManager.cpp:133: Selected restart backend requires HDF5 (compile with USE_HDF5=ON). Restart output disabled.
(2.0) WARNING init(), IOManager.cpp:128: Selected particle backend requires HDF5 (compile with USE_HDF5=ON). Particle output disabled.
(2.0) WARNING init(), IOManager.cpp:133: Selected restart backend requires HDF5 (compile with USE_HDF5=ON). Restart output disabled.
(3.0) WARNING init(), IOManager.cpp:128: Selected particle backend requires HDF5 (compile with USE_HDF5=ON). Particle output disabled.
(3.0) WARNING init(), IOManager.cpp:133: Selected restart backend requires HDF5 (compile with USE_HDF5=ON). Restart output disabled.
(26.0) WARNING init(), IOManager.cpp:128: Selected particle backend requires HDF5 (compile with USE_HDF5=ON). Particle output disabled.
(26.0) WARNING init(), IOManager.cpp:133: Selected restart backend requires HDF5 (compile with USE_HDF5=ON). Restart output disabled.
(27.0) WARNING init(), IOManager.cpp:128: Selected particle backend requires HDF5 (compile with USE_HDF5=ON). Particle output disabled.
(27.0) WARNING init(), IOManager.cpp:133: Selected restart backend requires HDF5 (compile with USE_HDF5=ON). Restart output disabled.
(50.0) WARNING init(), IOManager.cpp:128: Selected particle backend requires HDF5 (compile with USE_HDF5=ON). Particle output disabled.
(50.0) WARNING init(), IOManager.cpp:133: Selected restart backend requires HDF5 (compile with USE_HDF5=ON). Restart output disabled.
(51.0) WARNING init(), IOManager.cpp:128: Selected particle backend requires HDF5 (compile with USE_HDF5=ON). Particle output disabled.
(51.0) WARNING init(), IOManager.cpp:133: Selected restart backend requires HDF5 (compile with USE_HDF5=ON). Restart output disabled.
(10.0) WARNING init(), IOManager.cpp:128: Selected particle backend requires HDF5 (compile with USE_HDF5=ON). Particle output disabled.
(10.0) WARNING init(), IOManager.cpp:133: Selected restart backend requires HDF5 (compile with USE_HDF5=ON). Restart output disabled.
(58.0) WARNING init(), IOManager.cpp:128: Selected particle backend requires HDF5 (compile with USE_HDF5=ON). Particle output disabled.
(58.0) WARNING init(), IOManager.cpp:133: Selected restart backend requires HDF5 (compile with USE_HDF5=ON). Restart output disabled.
(59.0) WARNING init(), IOManager.cpp:128: Selected particle backend requires HDF5 (compile with USE_HDF5=ON). Particle output disabled.
(59.0) WARNING init(), IOManager.cpp:133: Selected restart backend requires HDF5 (compile with USE_HDF5=ON). Restart output disabled.
(11.0) WARNING init(), IOManager.cpp:128: Selected particle backend requires HDF5 (compile with USE_HDF5=ON). Particle output disabled.
(11.0) WARNING init(), IOManager.cpp:133: Selected restart backend requires HDF5 (compile with USE_HDF5=ON). Restart output disabled.
(30.0) WARNING init(), IOManager.cpp:128: Selected particle backend requires HDF5 (compile with USE_HDF5=ON). Particle output disabled.
(30.0) WARNING init(), IOManager.cpp:133: Selected restart backend requires HDF5 (compile with USE_HDF5=ON). Restart output disabled.
(31.0) WARNING init(), IOManager.cpp:128: Selected particle backend requires HDF5 (compile with USE_HDF5=ON). Particle output disabled.
(31.0) WARNING init(), IOManager.cpp:133: Selected restart backend requires HDF5 (compile with USE_HDF5=ON). Restart output disabled.
(42.0) WARNING init(), IOManager.cpp:128: Selected particle backend requires HDF5 (compile with USE_HDF5=ON). Particle output disabled.
(42.0) WARNING init(), IOManager.cpp:133: Selected restart backend requires HDF5 (compile with USE_HDF5=ON). Restart output disabled.
(43.0) WARNING init(), IOManager.cpp:128: Selected particle backend requires HDF5 (compile with USE_HDF5=ON). Particle output disabled.
(43.0) WARNING init(), IOManager.cpp:133: Selected restart backend requires HDF5 (compile with USE_HDF5=ON). Restart output disabled.
(0.0) WARNING init(), IOManager.cpp:128: Selected particle backend requires HDF5 (compile with USE_HDF5=ON). Particle output disabled.
(0.0) WARNING init(), IOManager.cpp:133: Selected restart backend requires HDF5 (compile with USE_HDF5=ON). Restart output disabled.
(33.0) WARNING init(), IOManager.cpp:128: Selected particle backend requires HDF5 (compile with USE_HDF5=ON). Particle output disabled.
(33.0) WARNING init(), IOManager.cpp:133: Selected restart backend requires HDF5 (compile with USE_HDF5=ON). Restart output disabled.
(38.0) WARNING init(), IOManager.cpp:128: Selected particle backend requires HDF5 (compile with USE_HDF5=ON). Particle output disabled.
(38.0) WARNING init(), IOManager.cpp:133: Selected restart backend requires HDF5 (compile with USE_HDF5=ON). Restart output disabled.
(39.0) WARNING init(), IOManager.cpp:128: Selected particle backend requires HDF5 (compile with USE_HDF5=ON). Particle output disabled.
(39.0) WARNING init(), IOManager.cpp:133: Selected restart backend requires HDF5 (compile with USE_HDF5=ON). Restart output disabled.
(17.0) WARNING init(), IOManager.cpp:128: Selected particle backend requires HDF5 (compile with USE_HDF5=ON). Particle output disabled.
(17.0) WARNING init(), IOManager.cpp:133: Selected restart backend requires HDF5 (compile with USE_HDF5=ON). Restart output disabled.
(32.0) WARNING init(), IOManager.cpp:128: Selected particle backend requires HDF5 (compile with USE_HDF5=ON). Particle output disabled.
(32.0) WARNING init(), IOManager.cpp:133: Selected restart backend requires HDF5 (compile with USE_HDF5=ON). Restart output disabled.
(36.0) WARNING init(), IOManager.cpp:128: Selected particle backend requires HDF5 (compile with USE_HDF5=ON). Particle output disabled.
(36.0) WARNING init(), IOManager.cpp:133: Selected restart backend requires HDF5 (compile with USE_HDF5=ON). Restart output disabled.
(37.0) WARNING init(), IOManager.cpp:128: Selected particle backend requires HDF5 (compile with USE_HDF5=ON). Particle output disabled.
(37.0) WARNING init(), IOManager.cpp:133: Selected restart backend requires HDF5 (compile with USE_HDF5=ON). Restart output disabled.
(23.0) WARNING init(), IOManager.cpp:128: Selected particle backend requires HDF5 (compile with USE_HDF5=ON). Particle output disabled.
(23.0) WARNING init(), IOManager.cpp:133: Selected restart backend requires HDF5 (compile with USE_HDF5=ON). Restart output disabled.
(4.0) WARNING init(), IOManager.cpp:128: Selected particle backend requires HDF5 (compile with USE_HDF5=ON). Particle output disabled.
(4.0) WARNING init(), IOManager.cpp:133: Selected restart backend requires HDF5 (compile with USE_HDF5=ON). Restart output disabled.
(5.0) WARNING init(), IOManager.cpp:128: Selected particle backend requires HDF5 (compile with USE_HDF5=ON). Particle output disabled.
(5.0) WARNING init(), IOManager.cpp:133: Selected restart backend requires HDF5 (compile with USE_HDF5=ON). Restart output disabled.
(1.0) WARNING init(), IOManager.cpp:128: Selected particle backend requires HDF5 (compile with USE_HDF5=ON). Particle output disabled.
(1.0) WARNING init(), IOManager.cpp:133: Selected restart backend requires HDF5 (compile with USE_HDF5=ON). Restart output disabled.
(22.0) WARNING init(), IOManager.cpp:128: Selected particle backend requires HDF5 (compile with USE_HDF5=ON). Particle output disabled.
(22.0) WARNING init(), IOManager.cpp:133: Selected restart backend requires HDF5 (compile with USE_HDF5=ON). Restart output disabled.
(16.0) WARNING init(), IOManager.cpp:128: Selected particle backend requires HDF5 (compile with USE_HDF5=ON). Particle output disabled.
(16.0) WARNING init(), IOManager.cpp:133: Selected restart backend requires HDF5 (compile with USE_HDF5=ON). Restart output disabled.
(46.0) WARNING init(), IOManager.cpp:128: Selected particle backend requires HDF5 (compile with USE_HDF5=ON). Particle output disabled.
(46.0) WARNING init(), IOManager.cpp:133: Selected restart backend requires HDF5 (compile with USE_HDF5=ON). Restart output disabled.
(7.0) WARNING init(), IOManager.cpp:128: Selected particle backend requires HDF5 (compile with USE_HDF5=ON). Particle output disabled.
(7.0) WARNING init(), IOManager.cpp:133: Selected restart backend requires HDF5 (compile with USE_HDF5=ON). Restart output disabled.
(6.0) WARNING init(), IOManager.cpp:128: Selected particle backend requires HDF5 (compile with USE_HDF5=ON). Particle output disabled.
(6.0) WARNING init(), IOManager.cpp:133: Selected restart backend requires HDF5 (compile with USE_HDF5=ON). Restart output disabled.
(47.0) WARNING init(), IOManager.cpp:128: Selected particle backend requires HDF5 (compile with USE_HDF5=ON). Particle output disabled.
(47.0) WARNING init(), IOManager.cpp:133: Selected restart backend requires HDF5 (compile with USE_HDF5=ON). Restart output disabled.
(20.0) WARNING init(), IOManager.cpp:128: Selected particle backend requires HDF5 (compile with USE_HDF5=ON). Particle output disabled.
(20.0) WARNING init(), IOManager.cpp:133: Selected restart backend requires HDF5 (compile with USE_HDF5=ON). Restart output disabled.
(21.0) WARNING init(), IOManager.cpp:128: Selected particle backend requires HDF5 (compile with USE_HDF5=ON). Particle output disabled.
(21.0) WARNING init(), IOManager.cpp:133: Selected restart backend requires HDF5 (compile with USE_HDF5=ON). Restart output disabled.
(14.0) WARNING init(), IOManager.cpp:128: Selected particle backend requires HDF5 (compile with USE_HDF5=ON). Particle output disabled.
(14.0) WARNING init(), IOManager.cpp:133: Selected restart backend requires HDF5 (compile with USE_HDF5=ON). Restart output disabled.
(48.0) WARNING init(), IOManager.cpp:128: Selected particle backend requires HDF5 (compile with USE_HDF5=ON). Particle output disabled.
(48.0) WARNING init(), IOManager.cpp:133: Selected restart backend requires HDF5 (compile with USE_HDF5=ON). Restart output disabled.
(25.0) WARNING init(), IOManager.cpp:128: Selected particle backend requires HDF5 (compile with USE_HDF5=ON). Particle output disabled.
(25.0) WARNING init(), IOManager.cpp:133: Selected restart backend requires HDF5 (compile with USE_HDF5=ON). Restart output disabled.
(28.0) WARNING init(), IOManager.cpp:128: Selected particle backend requires HDF5 (compile with USE_HDF5=ON). Particle output disabled.
(28.0) WARNING init(), IOManager.cpp:133: Selected restart backend requires HDF5 (compile with USE_HDF5=ON). Restart output disabled.
(24.0) WARNING init(), IOManager.cpp:128: Selected particle backend requires HDF5 (compile with USE_HDF5=ON). Particle output disabled.
(24.0) WARNING init(), IOManager.cpp:133: Selected restart backend requires HDF5 (compile with USE_HDF5=ON). Restart output disabled.
(29.0) WARNING init(), IOManager.cpp:128: Selected particle backend requires HDF5 (compile with USE_HDF5=ON). Particle output disabled.
(29.0) WARNING init(), IOManager.cpp:133: Selected restart backend requires HDF5 (compile with USE_HDF5=ON). Restart output disabled.
(15.0) WARNING init(), IOManager.cpp:128: Selected particle backend requires HDF5 (compile with USE_HDF5=ON). Particle output disabled.
(15.0) WARNING init(), IOManager.cpp:133: Selected restart backend requires HDF5 (compile with USE_HDF5=ON). Restart output disabled.
(49.0) WARNING init(), IOManager.cpp:128: Selected particle backend requires HDF5 (compile with USE_HDF5=ON). Particle output disabled.
(49.0) WARNING init(), IOManager.cpp:133: Selected restart backend requires HDF5 (compile with USE_HDF5=ON). Restart output disabled.
(52.0) WARNING init(), IOManager.cpp:128: Selected particle backend requires HDF5 (compile with USE_HDF5=ON). Particle output disabled.
(52.0) WARNING init(), IOManager.cpp:133: Selected restart backend requires HDF5 (compile with USE_HDF5=ON). Restart output disabled.
(54.0) WARNING init(), IOManager.cpp:128: Selected particle backend requires HDF5 (compile with USE_HDF5=ON). Particle output disabled.
(54.0) WARNING init(), IOManager.cpp:133: Selected restart backend requires HDF5 (compile with USE_HDF5=ON). Restart output disabled.
(55.0) WARNING init(), IOManager.cpp:128: Selected particle backend requires HDF5 (compile with USE_HDF5=ON). Particle output disabled.
(55.0) WARNING init(), IOManager.cpp:133: Selected restart backend requires HDF5 (compile with USE_HDF5=ON). Restart output disabled.
(53.0) WARNING init(), IOManager.cpp:128: Selected particle backend requires HDF5 (compile with USE_HDF5=ON). Particle output disabled.
(53.0) WARNING init(), IOManager.cpp:133: Selected restart backend requires HDF5 (compile with USE_HDF5=ON). Restart output disabled.
(63.0) WARNING init(), IOManager.cpp:128: Selected particle backend requires HDF5 (compile with USE_HDF5=ON). Particle output disabled.
(63.0) WARNING init(), IOManager.cpp:133: Selected restart backend requires HDF5 (compile with USE_HDF5=ON). Restart output disabled.
(62.0) WARNING init(), IOManager.cpp:128: Selected particle backend requires HDF5 (compile with USE_HDF5=ON). Particle output disabled.
(62.0) WARNING init(), IOManager.cpp:133: Selected restart backend requires HDF5 (compile with USE_HDF5=ON). Restart output disabled.
(8.0) WARNING init(), IOManager.cpp:128: Selected particle backend requires HDF5 (compile with USE_HDF5=ON). Particle output disabled.
(8.0) WARNING init(), IOManager.cpp:133: Selected restart backend requires HDF5 (compile with USE_HDF5=ON). Restart output disabled.
(13.0) WARNING init(), IOManager.cpp:128: Selected particle backend requires HDF5 (compile with USE_HDF5=ON). Particle output disabled.
(13.0) WARNING init(), IOManager.cpp:133: Selected restart backend requires HDF5 (compile with USE_HDF5=ON). Restart output disabled.
(12.0) WARNING init(), IOManager.cpp:128: Selected particle backend requires HDF5 (compile with USE_HDF5=ON). Particle output disabled.
(12.0) WARNING init(), IOManager.cpp:133: Selected restart backend requires HDF5 (compile with USE_HDF5=ON). Restart output disabled.
(9.0) WARNING init(), IOManager.cpp:128: Selected particle backend requires HDF5 (compile with USE_HDF5=ON). Particle output disabled.
(9.0) WARNING init(), IOManager.cpp:133: Selected restart backend requires HDF5 (compile with USE_HDF5=ON). Restart output disabled.
(44.0) WARNING init(), IOManager.cpp:128: Selected particle backend requires HDF5 (compile with USE_HDF5=ON). Particle output disabled.
(44.0) WARNING init(), IOManager.cpp:133: Selected restart backend requires HDF5 (compile with USE_HDF5=ON). Restart output disabled.
(40.0) WARNING init(), IOManager.cpp:128: Selected particle backend requires HDF5 (compile with USE_HDF5=ON). Particle output disabled.
(40.0) WARNING init(), IOManager.cpp:133: Selected restart backend requires HDF5 (compile with USE_HDF5=ON). Restart output disabled.
(41.0) WARNING init(), IOManager.cpp:128: Selected particle backend requires HDF5 (compile with USE_HDF5=ON). Particle output disabled.
(41.0) WARNING init(), IOManager.cpp:133: Selected restart backend requires HDF5 (compile with USE_HDF5=ON). Restart output disabled.
(45.0) WARNING init(), IOManager.cpp:128: Selected particle backend requires HDF5 (compile with USE_HDF5=ON). Particle output disabled.
(45.0) WARNING init(), IOManager.cpp:133: Selected restart backend requires HDF5 (compile with USE_HDF5=ON). Restart output disabled.
(56.0) WARNING init(), IOManager.cpp:128: Selected particle backend requires HDF5 (compile with USE_HDF5=ON). Particle output disabled.
(56.0) WARNING init(), IOManager.cpp:133: Selected restart backend requires HDF5 (compile with USE_HDF5=ON). Restart output disabled.
(57.0) WARNING init(), IOManager.cpp:128: Selected particle backend requires HDF5 (compile with USE_HDF5=ON). Particle output disabled.
(57.0) WARNING init(), IOManager.cpp:133: Selected restart backend requires HDF5 (compile with USE_HDF5=ON). Restart output disabled.
(60.0) WARNING init(), IOManager.cpp:128: Selected particle backend requires HDF5 (compile with USE_HDF5=ON). Particle output disabled.
(60.0) WARNING init(), IOManager.cpp:133: Selected restart backend requires HDF5 (compile with USE_HDF5=ON). Restart output disabled.
(61.0) WARNING init(), IOManager.cpp:128: Selected particle backend requires HDF5 (compile with USE_HDF5=ON). Particle output disabled.
(61.0) WARNING init(), IOManager.cpp:133: Selected restart backend requires HDF5 (compile with USE_HDF5=ON). Restart output disabled.
CUDA Init finished
 ======= Cycle 0 ======= 
*** E CALCULATION [GPU] ***
*** MAXWELL SOLVER [GPU] ***
Initial residual: 0.837835 norm b vector (source) = 0.837832
GMRES converged at restart # 2; iteration #3 with error: 8.67159e-07
  [Cycle 0] Particle sorting: ON
*** B CALCULATION [GPU] ***
Execution time cycle: 2226.1 ms  [sort=17.856 field=125.148 da_wait=0.008817 mover+out=1980.79 exchange+sort+moments=31.6546 B=63.9397 momentsAwait=6.70054 outCopy=0.001663]
 ======= Cycle 1 ======= 
*** E CALCULATION [GPU] ***
*** MAXWELL SOLVER [GPU] ***
Initial residual: 0.623431 norm b vector (source) = 1.08179
GMRES converged at restart # 2; iteration #5 with error: 9.19494e-07
  [Cycle 1] Particle sorting: ON
*** B CALCULATION [GPU] ***
Execution time cycle: 266.303 ms  [sort=0.056469 field=128.613 da_wait=0.000121 mover+out=0.036611 exchange+sort+moments=60.5221 B=70.441 momentsAwait=6.63359 outCopy=0.000731]
 ======= Cycle 2 ======= 
*** E CALCULATION [GPU] ***
*** MAXWELL SOLVER [GPU] ***
Initial residual: 0.593206 norm b vector (source) = 0.546954
GMRES converged at restart # 2; iteration #7 with error: 6.25423e-07
  [Cycle 2] Particle sorting: ON
*** B CALCULATION [GPU] ***
Execution time cycle: 271.37 ms  [sort=0.062752 field=136.925 da_wait=0.00012 mover+out=0.033565 exchange+sort+moments=57.2164 B=70.3558 momentsAwait=6.77578 outCopy=0.000511]
 ======= Cycle 3 ======= 
*** E CALCULATION [GPU] ***
*** MAXWELL SOLVER [GPU] ***
Initial residual: 0.368624 norm b vector (source) = 0.712107
GMRES converged at restart # 2; iteration #6 with error: 7.2029e-07
  [Cycle 3] Particle sorting: ON
*** B CALCULATION [GPU] ***
Execution time cycle: 263.111 ms  [sort=0.056239 field=130.923 da_wait=0.000161 mover+out=0.035017 exchange+sort+moments=55.2214 B=70.1511 momentsAwait=6.72426 outCopy=0.000581]
 ======= Cycle 4 ======= 
*** E CALCULATION [GPU] ***
*** MAXWELL SOLVER [GPU] ***
Initial residual: 0.430579 norm b vector (source) = 0.570302
GMRES converged at restart # 2; iteration #7 with error: 6.43103e-07
  [Cycle 4] Particle sorting: ON
*** B CALCULATION [GPU] ***
Execution time cycle: 266.216 ms  [sort=0.057291 field=136.606 da_wait=0.00015 mover+out=0.034186 exchange+sort+moments=52.6157 B=70.285 momentsAwait=6.618 outCopy=0.00044]
 ======= Cycle 5 ======= 
*** E CALCULATION [GPU] ***
*** MAXWELL SOLVER [GPU] ***
Initial residual: 0.353325 norm b vector (source) = 0.614122
GMRES converged at restart # 2; iteration #6 with error: 8.15328e-07
  [Cycle 5] Particle sorting: ON
*** B CALCULATION [GPU] ***
Execution time cycle: 259.817 ms  [sort=0.050838 field=130.959 da_wait=0.00012 mover+out=0.031461 exchange+sort+moments=51.6109 B=70.4445 momentsAwait=6.72016 outCopy=0.000371]
 ======= Cycle 6 ======= 
*** E CALCULATION [GPU] ***
*** MAXWELL SOLVER [GPU] ***
Initial residual: 0.368077 norm b vector (source) = 0.601175
GMRES converged at restart # 3; iteration #0 with error: 7.7596e-07
  [Cycle 6] Particle sorting: ON
*** B CALCULATION [GPU] ***
Execution time cycle: 266.981 ms  [sort=0.044175 field=138.194 da_wait=0.00011 mover+out=0.034627 exchange+sort+moments=51.4415 B=70.4784 momentsAwait=6.78772 outCopy=0.000501]
 ======= Cycle 7 ======= 
*** E CALCULATION [GPU] ***
*** MAXWELL SOLVER [GPU] ***
Initial residual: 0.359407 norm b vector (source) = 0.590972
GMRES converged at restart # 2; iteration #7 with error: 6.89839e-07
  [Cycle 7] Particle sorting: ON
*** B CALCULATION [GPU] ***
Execution time cycle: 285.26 ms  [sort=0.033625 field=155.913 da_wait=0.000141 mover+out=0.033364 exchange+sort+moments=51.5812 B=70.8948 momentsAwait=6.80342 outCopy=0.000441]
 ======= Cycle 8 ======= 
*** E CALCULATION [GPU] ***
*** MAXWELL SOLVER [GPU] ***
Initial residual: 0.361345 norm b vector (source) = 0.586532
GMRES converged at restart # 2; iteration #7 with error: 7.90615e-07
  [Cycle 8] Particle sorting: ON
*** B CALCULATION [GPU] ***
Execution time cycle: 271.441 ms  [sort=0.04645 field=142.425 da_wait=0.000131 mover+out=0.033284 exchange+sort+moments=51.5357 B=70.745 momentsAwait=6.65507 outCopy=0.000651]
 ======= Cycle 9 ======= 
*** E CALCULATION [GPU] ***
*** MAXWELL SOLVER [GPU] ***
Initial residual: 0.363447 norm b vector (source) = 0.583012
GMRES converged at restart # 2; iteration #7 with error: 8.9748e-07
  [Cycle 9] Particle sorting: ON
*** B CALCULATION [GPU] ***
Execution time cycle: 282.284 ms  [sort=0.049265 field=153.452 da_wait=0.00013 mover+out=0.034226 exchange+sort+moments=51.3835 B=70.642 momentsAwait=6.72172 outCopy=0.000782]
 ======= Cycle 10 ======= 
*** E CALCULATION [GPU] ***
*** MAXWELL SOLVER [GPU] ***
Initial residual: 0.366592 norm b vector (source) = 0.582244
GMRES converged at restart # 2; iteration #8 with error: 7.14336e-07
  [Cycle 10] Particle sorting: ON
*** B CALCULATION [GPU] ***
Execution time cycle: 285.095 ms  [sort=0.043014 field=156.951 da_wait=0.00013 mover+out=0.034116 exchange+sort+moments=50.7944 B=70.6598 momentsAwait=6.6119 outCopy=0.00032]
 ======= Cycle 11 ======= 
*** E CALCULATION [GPU] ***
*** MAXWELL SOLVER [GPU] ***
Initial residual: 0.369984 norm b vector (source) = 0.583854
GMRES converged at restart # 2; iteration #8 with error: 8.64407e-07
  [Cycle 11] Particle sorting: ON
*** B CALCULATION [GPU] ***
Execution time cycle: 291.95 ms  [sort=0.042172 field=163.778 da_wait=0.00015 mover+out=0.03079 exchange+sort+moments=50.7938 B=70.592 momentsAwait=6.7123 outCopy=0.000571]
 ======= Cycle 12 ======= 
*** E CALCULATION [GPU] ***
*** MAXWELL SOLVER [GPU] ***
Initial residual: 0.373556 norm b vector (source) = 0.588299
GMRES converged at restart # 3; iteration #0 with error: 8.21916e-07
  [Cycle 12] Particle sorting: ON
*** B CALCULATION [GPU] ***
Execution time cycle: 277.719 ms  [sort=0.05144 field=149.018 da_wait=0.000131 mover+out=0.030338 exchange+sort+moments=51.3253 B=70.5455 momentsAwait=6.74851 outCopy=0.000521]
 ======= Cycle 13 ======= 
*** E CALCULATION [GPU] ***
*** MAXWELL SOLVER [GPU] ***
Initial residual: 0.377175 norm b vector (source) = 0.594392
GMRES converged at restart # 2; iteration #9 with error: 8.48481e-07
  [Cycle 13] Particle sorting: ON
*** B CALCULATION [GPU] ***
Execution time cycle: 294.354 ms  [sort=0.047252 field=165.522 da_wait=0.000151 mover+out=0.033114 exchange+sort+moments=51.3922 B=70.6662 momentsAwait=6.69217 outCopy=0.000701]
 ======= Cycle 14 ======= 
*** E CALCULATION [GPU] ***
*** MAXWELL SOLVER [GPU] ***
Initial residual: 0.380676 norm b vector (source) = 0.600562
GMRES converged at restart # 2; iteration #9 with error: 9.48182e-07
  [Cycle 14] Particle sorting: ON
*** B CALCULATION [GPU] ***
Execution time cycle: 289.624 ms  [sort=0.044737 field=161.613 da_wait=0.00021 mover+out=0.033214 exchange+sort+moments=50.7694 B=70.6089 momentsAwait=6.55405 outCopy=0.000501]
 ======= Cycle 15 ======= 
*** E CALCULATION [GPU] ***
*** MAXWELL SOLVER [GPU] ***
Initial residual: 0.384011 norm b vector (source) = 0.605834
GMRES converged at restart # 3; iteration #0 with error: 8.57692e-07
  [Cycle 15] Particle sorting: ON
*** B CALCULATION [GPU] ***
Execution time cycle: 307.918 ms  [sort=0.047592 field=178.887 da_wait=0.00012 mover+out=0.030349 exchange+sort+moments=51.4359 B=70.8136 momentsAwait=6.70301 outCopy=0.00036]
 ======= Cycle 16 ======= 
*** E CALCULATION [GPU] ***
*** MAXWELL SOLVER [GPU] ***
Initial residual: 0.387049 norm b vector (source) = 0.61001
GMRES converged at restart # 3; iteration #0 with error: 9.03583e-07
  [Cycle 16] Particle sorting: ON
*** B CALCULATION [GPU] ***
Execution time cycle: 288.58 ms  [sort=0.034517 field=159.718 da_wait=0.00012 mover+out=0.030509 exchange+sort+moments=51.4266 B=70.7203 momentsAwait=6.6499 outCopy=0.000561]
 ======= Cycle 17 ======= 
*** E CALCULATION [GPU] ***
*** MAXWELL SOLVER [GPU] ***
Initial residual: 0.389631 norm b vector (source) = 0.613094
GMRES converged at restart # 3; iteration #0 with error: 9.34283e-07
  [Cycle 17] Particle sorting: ON
*** B CALCULATION [GPU] ***
Execution time cycle: 284.25 ms  [sort=0.039938 field=149.514 da_wait=0.00012 mover+out=0.031942 exchange+sort+moments=50.9757 B=70.7497 momentsAwait=12.938 outCopy=0.000832]
 ======= Cycle 18 ======= 
*** E CALCULATION [GPU] ***
*** MAXWELL SOLVER [GPU] ***
Initial residual: 0.391637 norm b vector (source) = 0.615259
GMRES converged at restart # 3; iteration #0 with error: 9.5427e-07
  [Cycle 18] Particle sorting: ON
*** B CALCULATION [GPU] ***
Execution time cycle: 295.509 ms  [sort=0.052962 field=166.687 da_wait=0.00014 mover+out=0.0307 exchange+sort+moments=51.4045 B=70.615 momentsAwait=6.71774 outCopy=0.000561]
 ======= Cycle 19 ======= 
*** E CALCULATION [GPU] ***
*** MAXWELL SOLVER [GPU] ***
Initial residual: 0.393441 norm b vector (source) = 0.617044
GMRES converged at restart # 3; iteration #0 with error: 9.61292e-07
  [Cycle 19] Particle sorting: ON
*** B CALCULATION [GPU] ***
Execution time cycle: 283.437 ms  [sort=0.045838 field=155.404 da_wait=0.000141 mover+out=0.035578 exchange+sort+moments=50.6191 B=70.6677 momentsAwait=6.6644 outCopy=0.000301]
 ======= Cycle 20 ======= 
*** E CALCULATION [GPU] ***
*** MAXWELL SOLVER [GPU] ***
Initial residual: 0.395158 norm b vector (source) = 0.618802
GMRES converged at restart # 3; iteration #0 with error: 9.94036e-07
  [Cycle 20] Particle sorting: ON
*** B CALCULATION [GPU] ***
Execution time cycle: 308.773 ms  [sort=0.037082 field=180.475 da_wait=0.000151 mover+out=0.0311 exchange+sort+moments=50.9761 B=70.6052 momentsAwait=6.6477 outCopy=0.000421]
 ======= Cycle 21 ======= 
*** E CALCULATION [GPU] ***
*** MAXWELL SOLVER [GPU] ***
Initial residual: 0.396963 norm b vector (source) = 0.620893
GMRES converged at restart # 3; iteration #1 with error: 8.65935e-07
  [Cycle 21] Particle sorting: ON
*** B CALCULATION [GPU] ***
Execution time cycle: 285.311 ms  [sort=0.049496 field=156.994 da_wait=0.00013 mover+out=0.032633 exchange+sort+moments=51.0371 B=70.4828 momentsAwait=6.71429 outCopy=0.000562]
 ======= Cycle 22 ======= 
*** E CALCULATION [GPU] ***
*** MAXWELL SOLVER [GPU] ***
Initial residual: 0.398516 norm b vector (source) = 0.623109
GMRES converged at restart # 3; iteration #1 with error: 9.07137e-07
  [Cycle 22] Particle sorting: ON
*** B CALCULATION [GPU] ***
Execution time cycle: 313.246 ms  [sort=0.048293 field=180.491 da_wait=0.000151 mover+out=0.030038 exchange+sort+moments=50.7403 B=70.4747 momentsAwait=11.4615 outCopy=0.00041]
 ======= Cycle 23 ======= 
*** E CALCULATION [GPU] ***
*** MAXWELL SOLVER [GPU] ***
Initial residual: 0.399768 norm b vector (source) = 0.62526
GMRES converged at restart # 3; iteration #0 with error: 9.86334e-07
  [Cycle 23] Particle sorting: ON
*** B CALCULATION [GPU] ***
Execution time cycle: 297.928 ms  [sort=0.049757 field=169.798 da_wait=0.00011 mover+out=0.033024 exchange+sort+moments=50.7125 B=70.5555 momentsAwait=6.77844 outCopy=0.000682]
 ======= Cycle 24 ======= 
*** E CALCULATION [GPU] ***
*** MAXWELL SOLVER [GPU] ***
Initial residual: 0.401011 norm b vector (source) = 0.627348
GMRES converged at restart # 3; iteration #1 with error: 9.20552e-07
  [Cycle 24] Particle sorting: ON
*** B CALCULATION [GPU] ***
Execution time cycle: 298.694 ms  [sort=0.048835 field=170.416 da_wait=0.00014 mover+out=0.032643 exchange+sort+moments=50.694 B=70.7383 momentsAwait=6.76309 outCopy=0.000601]
 ======= Cycle 25 ======= 
*** E CALCULATION [GPU] ***
*** MAXWELL SOLVER [GPU] ***
Initial residual: 0.402392 norm b vector (source) = 0.629453
GMRES converged at restart # 3; iteration #1 with error: 9.46207e-07
  [Cycle 25] Particle sorting: ON
*** B CALCULATION [GPU] ***
Execution time cycle: 295.01 ms  [sort=0.034467 field=160.027 da_wait=0.00011 mover+out=0.03108 exchange+sort+moments=51.2396 B=70.8016 momentsAwait=12.8751 outCopy=0.000572]
 ======= Cycle 26 ======= 
*** E CALCULATION [GPU] ***
*** MAXWELL SOLVER [GPU] ***
Initial residual: 0.403222 norm b vector (source) = 0.630902
GMRES converged at restart # 3; iteration #1 with error: 9.67912e-07
  [Cycle 26] Particle sorting: ON
*** B CALCULATION [GPU] ***
Execution time cycle: 289.047 ms  [sort=0.042412 field=160.323 da_wait=0.000141 mover+out=0.028595 exchange+sort+moments=51.2636 B=70.5857 momentsAwait=6.80249 outCopy=0.000742]
 ======= Cycle 27 ======= 
*** E CALCULATION [GPU] ***
*** MAXWELL SOLVER [GPU] ***
Initial residual: 0.404016 norm b vector (source) = 0.632094
GMRES converged at restart # 3; iteration #1 with error: 9.95008e-07
  [Cycle 27] Particle sorting: ON
*** B CALCULATION [GPU] ***
Execution time cycle: 282.571 ms  [sort=0.044837 field=154.252 da_wait=0.00042 mover+out=0.029638 exchange+sort+moments=50.999 B=70.5194 momentsAwait=6.72545 outCopy=0.000311]
 ======= Cycle 28 ======= 
*** E CALCULATION [GPU] ***
*** MAXWELL SOLVER [GPU] ***
Initial residual: 0.404682 norm b vector (source) = 0.633103
GMRES converged at restart # 3; iteration #1 with error: 9.79181e-07
  [Cycle 28] Particle sorting: ON
*** B CALCULATION [GPU] ***
Execution time cycle: 288.268 ms  [sort=0.039447 field=159.951 da_wait=0.00014 mover+out=0.034878 exchange+sort+moments=50.8105 B=70.5332 momentsAwait=6.89861 outCopy=0.000491]
 ======= Cycle 29 ======= 
*** E CALCULATION [GPU] ***
*** MAXWELL SOLVER [GPU] ***
Initial residual: 0.405238 norm b vector (source) = 0.633935
GMRES converged at restart # 3; iteration #1 with error: 9.72614e-07
  [Cycle 29] Particle sorting: ON
*** B CALCULATION [GPU] ***
Execution time cycle: 282.531 ms  [sort=0.05183 field=154.122 da_wait=0.00012 mover+out=0.033585 exchange+sort+moments=51.0605 B=70.4446 momentsAwait=6.81796 outCopy=0.000541]
 ======= Cycle 30 ======= 
*** E CALCULATION [GPU] ***
*** MAXWELL SOLVER [GPU] ***
Initial residual: 0.405533 norm b vector (source) = 0.634559
GMRES converged at restart # 3; iteration #1 with error: 9.78168e-07
  [Cycle 30] Particle sorting: ON
*** B CALCULATION [GPU] ***
Execution time cycle: 282.707 ms  [sort=0.048363 field=154.249 da_wait=0.000171 mover+out=0.030008 exchange+sort+moments=51.0763 B=70.4781 momentsAwait=6.82365 outCopy=0.000561]
 ======= Cycle 31 ======= 
*** E CALCULATION [GPU] ***
*** MAXWELL SOLVER [GPU] ***
Initial residual: 0.405643 norm b vector (source) = 0.635054
GMRES converged at restart # 3; iteration #1 with error: 9.58416e-07
  [Cycle 31] Particle sorting: ON
*** B CALCULATION [GPU] ***
Execution time cycle: 287.158 ms  [sort=0.047682 field=154.104 da_wait=0.000171 mover+out=0.029667 exchange+sort+moments=51.0233 B=70.4237 momentsAwait=11.529 outCopy=0.00029]
 ======= Cycle 32 ======= 
*** E CALCULATION [GPU] ***
*** MAXWELL SOLVER [GPU] ***
Initial residual: 0.405691 norm b vector (source) = 0.635397
GMRES converged at restart # 3; iteration #1 with error: 9.71588e-07
  [Cycle 32] Particle sorting: ON
*** B CALCULATION [GPU] ***
Execution time cycle: 283.061 ms  [sort=0.045178 field=153.928 da_wait=0.00012 mover+out=0.030759 exchange+sort+moments=51.7007 B=70.5773 momentsAwait=6.77897 outCopy=0.000301]
 ======= Cycle 33 ======= 
*** E CALCULATION [GPU] ***
*** MAXWELL SOLVER [GPU] ***
Initial residual: 0.40605 norm b vector (source) = 0.636147
GMRES converged at restart # 3; iteration #2 with error: 8.3781e-07
  [Cycle 33] Particle sorting: ON
*** B CALCULATION [GPU] ***
Execution time cycle: 281.458 ms  [sort=0.04172 field=156.66 da_wait=0.000121 mover+out=0.029377 exchange+sort+moments=47.1707 B=70.6453 momentsAwait=6.91024 outCopy=0.000371]
 ======= Cycle 34 ======= 
*** E CALCULATION [GPU] ***
*** MAXWELL SOLVER [GPU] ***
Initial residual: 0.405821 norm b vector (source) = 0.636209
GMRES converged at restart # 3; iteration #2 with error: 9.14311e-07
  [Cycle 34] Particle sorting: ON
*** B CALCULATION [GPU] ***
Execution time cycle: 291.019 ms  [sort=0.032493 field=162.245 da_wait=0.00015 mover+out=0.027363 exchange+sort+moments=51.1865 B=70.687 momentsAwait=6.83948 outCopy=0.000441]
 ======= Cycle 35 ======= 
*** E CALCULATION [GPU] ***
*** MAXWELL SOLVER [GPU] ***
Initial residual: 0.406925 norm b vector (source) = 0.63762
GMRES converged at restart # 3; iteration #3 with error: 7.08399e-07
  [Cycle 35] Particle sorting: ON
*** B CALCULATION [GPU] ***
Execution time cycle: 288.353 ms  [sort=0.047673 field=158.944 da_wait=0.00012 mover+out=0.03123 exchange+sort+moments=51.8952 B=70.6294 momentsAwait=6.80481 outCopy=0.000451]
 ======= Cycle 36 ======= 
*** E CALCULATION [GPU] ***
*** MAXWELL SOLVER [GPU] ***
Initial residual: 0.407348 norm b vector (source) = 0.639183
GMRES converged at restart # 3; iteration #3 with error: 8.49592e-07
  [Cycle 36] Particle sorting: ON
*** B CALCULATION [GPU] ***
Execution time cycle: 287.618 ms  [sort=0.042623 field=158.828 da_wait=0.000261 mover+out=0.029407 exchange+sort+moments=51.1918 B=70.6955 momentsAwait=6.83033 outCopy=0.000341]
 ======= Cycle 37 ======= 
*** E CALCULATION [GPU] ***
*** MAXWELL SOLVER [GPU] ***
Initial residual: 0.407696 norm b vector (source) = 0.640303
GMRES converged at restart # 3; iteration #3 with error: 9.30744e-07
  [Cycle 37] Particle sorting: ON
*** B CALCULATION [GPU] ***
Execution time cycle: 290.218 ms  [sort=0.039056 field=161.7 da_wait=0.00013 mover+out=0.035038 exchange+sort+moments=50.949 B=70.5816 momentsAwait=6.91282 outCopy=0.000481]
 ======= Cycle 38 ======= 
*** E CALCULATION [GPU] ***
*** MAXWELL SOLVER [GPU] ***
Initial residual: 0.407825 norm b vector (source) = 0.640902
GMRES converged at restart # 3; iteration #4 with error: 6.97541e-07
  [Cycle 38] Particle sorting: ON
*** B CALCULATION [GPU] ***
Execution time cycle: 292.598 ms  [sort=0.040047 field=164.228 da_wait=0.00013 mover+out=0.033655 exchange+sort+moments=50.9479 B=70.6123 momentsAwait=6.73551 outCopy=0.000562]
 ======= Cycle 39 ======= 
*** E CALCULATION [GPU] ***
*** MAXWELL SOLVER [GPU] ***
Initial residual: 0.407968 norm b vector (source) = 0.641267
GMRES converged at restart # 3; iteration #4 with error: 7.91006e-07
  [Cycle 39] Particle sorting: ON
*** B CALCULATION [GPU] ***
Execution time cycle: 298.357 ms  [sort=0.044496 field=170.02 da_wait=0.00012 mover+out=0.030208 exchange+sort+moments=50.8477 B=70.5982 momentsAwait=6.81675 outCopy=0.00037]
 ======= Cycle 40 ======= 
*** E CALCULATION [GPU] ***
*** MAXWELL SOLVER [GPU] ***
Initial residual: 0.408045 norm b vector (source) = 0.641423
GMRES converged at restart # 3; iteration #4 with error: 8.31564e-07
  [Cycle 40] Particle sorting: ON
*** B CALCULATION [GPU] ***
Execution time cycle: 293.347 ms  [sort=0.039697 field=164.477 da_wait=0.00014 mover+out=0.03065 exchange+sort+moments=51.41 B=70.6613 momentsAwait=6.72856 outCopy=0.000321]
 ======= Cycle 41 ======= 
*** E CALCULATION [GPU] ***
*** MAXWELL SOLVER [GPU] ***
Initial residual: 0.407953 norm b vector (source) = 0.641178
GMRES converged at restart # 3; iteration #4 with error: 8.20358e-07
  [Cycle 41] Particle sorting: ON
*** B CALCULATION [GPU] ***
Execution time cycle: 292.283 ms  [sort=0.040108 field=164.121 da_wait=0.000131 mover+out=0.027803 exchange+sort+moments=50.6117 B=70.7027 momentsAwait=6.77986 outCopy=0.000481]
 ======= Cycle 42 ======= 
*** E CALCULATION [GPU] ***
*** MAXWELL SOLVER [GPU] ***
Initial residual: 0.408252 norm b vector (source) = 0.641175
GMRES converged at restart # 3; iteration #4 with error: 7.89513e-07
  [Cycle 42] Particle sorting: ON
*** B CALCULATION [GPU] ***
Execution time cycle: 292.606 ms  [sort=0.045087 field=164.32 da_wait=0.00012 mover+out=0.030369 exchange+sort+moments=50.6428 B=70.8644 momentsAwait=6.70207 outCopy=0.000481]
 ======= Cycle 43 ======= 
*** E CALCULATION [GPU] ***
*** MAXWELL SOLVER [GPU] ***
Initial residual: 0.408509 norm b vector (source) = 0.641317
GMRES converged at restart # 3; iteration #4 with error: 7.57318e-07
  [Cycle 43] Particle sorting: ON
*** B CALCULATION [GPU] ***
Execution time cycle: 292.927 ms  [sort=0.049637 field=164.225 da_wait=0.000191 mover+out=0.029898 exchange+sort+moments=50.9557 B=70.9207 momentsAwait=6.74594 outCopy=0.00031]
 ======= Cycle 44 ======= 
*** E CALCULATION [GPU] ***
*** MAXWELL SOLVER [GPU] ***
Initial residual: 0.408635 norm b vector (source) = 0.641519
GMRES converged at restart # 3; iteration #4 with error: 7.36542e-07
  [Cycle 44] Particle sorting: ON
*** B CALCULATION [GPU] ***
Execution time cycle: 293.247 ms  [sort=0.037583 field=164.309 da_wait=0.00012 mover+out=0.029067 exchange+sort+moments=51.0924 B=70.941 momentsAwait=6.83772 outCopy=0.00037]
 ======= Cycle 45 ======= 
*** E CALCULATION [GPU] ***
*** MAXWELL SOLVER [GPU] ***
Initial residual: 0.40887 norm b vector (source) = 0.641754
GMRES converged at restart # 3; iteration #4 with error: 7.18996e-07
  [Cycle 45] Particle sorting: ON
*** B CALCULATION [GPU] ***
Execution time cycle: 300.174 ms  [sort=0.038705 field=171.383 da_wait=0.00012 mover+out=0.028996 exchange+sort+moments=51.0702 B=70.7961 momentsAwait=6.85663 outCopy=0.00031]
 ======= Cycle 46 ======= 
*** E CALCULATION [GPU] ***
*** MAXWELL SOLVER [GPU] ***
Initial residual: 0.40913 norm b vector (source) = 0.642081
GMRES converged at restart # 3; iteration #4 with error: 7.07038e-07
  [Cycle 46] Particle sorting: ON
*** B CALCULATION [GPU] ***
Execution time cycle: 292.57 ms  [sort=0.039557 field=164.228 da_wait=0.00013 mover+out=0.029457 exchange+sort+moments=50.8327 B=70.6893 momentsAwait=6.75056 outCopy=0.000531]
 ======= Cycle 47 ======= 
*** E CALCULATION [GPU] ***
*** MAXWELL SOLVER [GPU] ***
Initial residual: 0.409294 norm b vector (source) = 0.642284
GMRES converged at restart # 3; iteration #4 with error: 7.19346e-07
  [Cycle 47] Particle sorting: ON
*** B CALCULATION [GPU] ***
Execution time cycle: 292.806 ms  [sort=0.048675 field=164.323 da_wait=0.000131 mover+out=0.030829 exchange+sort+moments=50.921 B=70.7034 momentsAwait=6.77951 outCopy=0.0003]
 ======= Cycle 48 ======= 
*** E CALCULATION [GPU] ***
*** MAXWELL SOLVER [GPU] ***
Initial residual: 0.409524 norm b vector (source) = 0.642549
GMRES converged at restart # 3; iteration #4 with error: 7.55155e-07
  [Cycle 48] Particle sorting: ON
*** B CALCULATION [GPU] ***
Execution time cycle: 292.897 ms  [sort=0.044737 field=164.096 da_wait=0.00012 mover+out=0.029187 exchange+sort+moments=51.3528 B=70.619 momentsAwait=6.75511 outCopy=0.000311]
 ======= Cycle 49 ======= 
*** E CALCULATION [GPU] ***
*** MAXWELL SOLVER [GPU] ***
Initial residual: 0.409907 norm b vector (source) = 0.643
GMRES converged at restart # 3; iteration #4 with error: 8.06046e-07
  [Cycle 49] Particle sorting: ON
*** B CALCULATION [GPU] ***
Execution time cycle: 292.583 ms  [sort=0.049465 field=164.077 da_wait=0.00013 mover+out=0.029157 exchange+sort+moments=50.9687 B=70.6502 momentsAwait=6.80803 outCopy=0.00029]
 ======= Cycle 50 ======= 
*** E CALCULATION [GPU] ***
*** MAXWELL SOLVER [GPU] ***
Initial residual: 0.410017 norm b vector (source) = 0.643383
GMRES converged at restart # 3; iteration #4 with error: 8.68367e-07
  [Cycle 50] Particle sorting: ON
*** B CALCULATION [GPU] ***
Execution time cycle: 307.561 ms  [sort=13.8401 field=165.23 da_wait=0.000621 mover+out=0.0258 exchange+sort+moments=50.8214 B=70.8378 momentsAwait=6.80435 outCopy=0.000712]
 ======= Cycle 51 ======= 
*** E CALCULATION [GPU] ***
*** MAXWELL SOLVER [GPU] ***
Initial residual: 0.40979 norm b vector (source) = 0.643472
GMRES converged at restart # 3; iteration #4 with error: 9.22538e-07
  [Cycle 51] Particle sorting: ON
*** B CALCULATION [GPU] ***
Execution time cycle: 294.39 ms  [sort=0.047011 field=165.348 da_wait=0.00012 mover+out=0.031361 exchange+sort+moments=51.1072 B=71.054 momentsAwait=6.80214 outCopy=0.000351]
 ======= Cycle 52 ======= 
*** E CALCULATION [GPU] ***
*** MAXWELL SOLVER [GPU] ***
Initial residual: 0.409729 norm b vector (source) = 0.643578
GMRES converged at restart # 3; iteration #4 with error: 9.57082e-07
  [Cycle 52] Particle sorting: ON
*** B CALCULATION [GPU] ***
Execution time cycle: 293.733 ms  [sort=0.043104 field=164.884 da_wait=0.00013 mover+out=0.03107 exchange+sort+moments=51.046 B=70.8624 momentsAwait=6.8669 outCopy=0.0003]
 ======= Cycle 53 ======= 
*** E CALCULATION [GPU] ***
*** MAXWELL SOLVER [GPU] ***
Initial residual: 0.409734 norm b vector (source) = 0.643689
GMRES converged at restart # 3; iteration #4 with error: 9.83153e-07
  [Cycle 53] Particle sorting: ON
*** B CALCULATION [GPU] ***
Execution time cycle: 294.076 ms  [sort=0.040358 field=165.258 da_wait=0.00014 mover+out=0.031682 exchange+sort+moments=51.1065 B=70.7878 momentsAwait=6.85138 outCopy=0.000411]
 ======= Cycle 54 ======= 
*** E CALCULATION [GPU] ***
*** MAXWELL SOLVER [GPU] ***
Initial residual: 0.409662 norm b vector (source) = 0.643718
GMRES converged at restart # 3; iteration #4 with error: 9.93768e-07
  [Cycle 54] Particle sorting: ON
*** B CALCULATION [GPU] ***
Execution time cycle: 293.537 ms  [sort=0.036591 field=165.212 da_wait=0.00014 mover+out=0.032383 exchange+sort+moments=50.686 B=70.816 momentsAwait=6.75349 outCopy=0.000311]
 ======= Cycle 55 ======= 
*** E CALCULATION [GPU] ***
*** MAXWELL SOLVER [GPU] ***
Initial residual: 0.409533 norm b vector (source) = 0.64348
GMRES converged at restart # 3; iteration #4 with error: 9.71509e-07
  [Cycle 55] Particle sorting: ON
*** B CALCULATION [GPU] ***
Execution time cycle: 293.272 ms  [sort=0.040278 field=165.187 da_wait=0.00015 mover+out=0.030449 exchange+sort+moments=50.4293 B=70.7239 momentsAwait=6.86 outCopy=0.00035]
 ======= Cycle 56 ======= 
*** E CALCULATION [GPU] ***
*** MAXWELL SOLVER [GPU] ***
Initial residual: 0.409582 norm b vector (source) = 0.643201
GMRES converged at restart # 3; iteration #4 with error: 9.21204e-07
  [Cycle 56] Particle sorting: ON
*** B CALCULATION [GPU] ***
Execution time cycle: 293.844 ms  [sort=0.046039 field=165.052 da_wait=0.00012 mover+out=0.033344 exchange+sort+moments=51.1525 B=70.6964 momentsAwait=6.86351 outCopy=0.000531]
 ======= Cycle 57 ======= 
*** E CALCULATION [GPU] ***
*** MAXWELL SOLVER [GPU] ***
Initial residual: 0.40959 norm b vector (source) = 0.642951
GMRES converged at restart # 3; iteration #4 with error: 8.54635e-07
  [Cycle 57] Particle sorting: ON
*** B CALCULATION [GPU] ***
Execution time cycle: 293.768 ms  [sort=0.049476 field=164.957 da_wait=0.000151 mover+out=0.031501 exchange+sort+moments=50.9974 B=70.8495 momentsAwait=6.88278 outCopy=0.000511]
 ======= Cycle 58 ======= 
*** E CALCULATION [GPU] ***
*** MAXWELL SOLVER [GPU] ***
Initial residual: 0.409873 norm b vector (source) = 0.643068
GMRES converged at restart # 3; iteration #4 with error: 7.87011e-07
  [Cycle 58] Particle sorting: ON
*** B CALCULATION [GPU] ***
Execution time cycle: 293.86 ms  [sort=0.049867 field=165.181 da_wait=0.00015 mover+out=0.031952 exchange+sort+moments=50.9745 B=70.8096 momentsAwait=6.81287 outCopy=0.000962]
 ======= Cycle 59 ======= 
*** E CALCULATION [GPU] ***
*** MAXWELL SOLVER [GPU] ***
Initial residual: 0.409999 norm b vector (source) = 0.643302
GMRES converged at restart # 3; iteration #4 with error: 7.37421e-07
  [Cycle 59] Particle sorting: ON
*** B CALCULATION [GPU] ***
Execution time cycle: 293.932 ms  [sort=0.055778 field=164.954 da_wait=0.00015 mover+out=0.032934 exchange+sort+moments=51.2162 B=70.9435 momentsAwait=6.7297 outCopy=0.000552]
 ======= Cycle 60 ======= 
*** E CALCULATION [GPU] ***
*** MAXWELL SOLVER [GPU] ***
Initial residual: 0.409979 norm b vector (source) = 0.643505
GMRES converged at restart # 3; iteration #4 with error: 7.06728e-07
  [Cycle 60] Particle sorting: ON
*** B CALCULATION [GPU] ***
Execution time cycle: 293.76 ms  [sort=0.050988 field=164.966 da_wait=0.000151 mover+out=0.033004 exchange+sort+moments=50.8859 B=70.9184 momentsAwait=6.90522 outCopy=0.000361]
 ======= Cycle 61 ======= 
*** E CALCULATION [GPU] ***
*** MAXWELL SOLVER [GPU] ***
Initial residual: 0.409978 norm b vector (source) = 0.643761
GMRES converged at restart # 3; iteration #4 with error: 6.82323e-07
  [Cycle 61] Particle sorting: ON
*** B CALCULATION [GPU] ***
Execution time cycle: 294.097 ms  [sort=0.042803 field=164.964 da_wait=0.00015 mover+out=0.032373 exchange+sort+moments=51.3383 B=70.9158 momentsAwait=6.80272 outCopy=0.00041]
 ======= Cycle 62 ======= 
*** E CALCULATION [GPU] ***
*** MAXWELL SOLVER [GPU] ***
Initial residual: 0.409913 norm b vector (source) = 0.643969
GMRES converged at restart # 3; iteration #4 with error: 6.81994e-07
  [Cycle 62] Particle sorting: ON
*** B CALCULATION [GPU] ***
Execution time cycle: 293.29 ms  [sort=0.038685 field=165.087 da_wait=0.00015 mover+out=0.032132 exchange+sort+moments=50.5316 B=70.794 momentsAwait=6.80554 outCopy=0.000501]
 ======= Cycle 63 ======= 
*** E CALCULATION [GPU] ***
*** MAXWELL SOLVER [GPU] ***
Initial residual: 0.409814 norm b vector (source) = 0.644082
GMRES converged at restart # 3; iteration #4 with error: 7.07106e-07
  [Cycle 63] Particle sorting: ON
*** B CALCULATION [GPU] ***
Execution time cycle: 292.974 ms  [sort=0.043905 field=165.293 da_wait=0.000151 mover+out=0.033054 exchange+sort+moments=50.1608 B=70.7721 momentsAwait=6.67072 outCopy=0.000641]
 ======= Cycle 64 ======= 
*** E CALCULATION [GPU] ***
*** MAXWELL SOLVER [GPU] ***
Initial residual: 0.409472 norm b vector (source) = 0.643964
GMRES converged at restart # 3; iteration #4 with error: 7.55659e-07
  [Cycle 64] Particle sorting: ON
*** B CALCULATION [GPU] ***
Execution time cycle: 293.693 ms  [sort=0.048023 field=165.016 da_wait=0.000171 mover+out=0.033184 exchange+sort+moments=51.058 B=70.7282 momentsAwait=6.80897 outCopy=0.000821]
 ======= Cycle 65 ======= 
*** E CALCULATION [GPU] ***
*** MAXWELL SOLVER [GPU] ***
Initial residual: 0.409473 norm b vector (source) = 0.644135
GMRES converged at restart # 3; iteration #4 with error: 8.43927e-07
  [Cycle 65] Particle sorting: ON
*** B CALCULATION [GPU] ***
Execution time cycle: 294.625 ms  [sort=0.05158 field=165.004 da_wait=0.00015 mover+out=0.031822 exchange+sort+moments=52.0394 B=70.6556 momentsAwait=6.84173 outCopy=0.000521]
 ======= Cycle 66 ======= 
*** E CALCULATION [GPU] ***
*** MAXWELL SOLVER [GPU] ***
Initial residual: 0.409773 norm b vector (source) = 0.64484
GMRES converged at restart # 3; iteration #4 with error: 9.55651e-07
  [Cycle 66] Particle sorting: ON
*** B CALCULATION [GPU] ***
Execution time cycle: 293.611 ms  [sort=0.053153 field=164.957 da_wait=0.000221 mover+out=0.034807 exchange+sort+moments=51.0884 B=70.7872 momentsAwait=6.69002 outCopy=0.000741]
 ======= Cycle 67 ======= 
*** E CALCULATION [GPU] ***
*** MAXWELL SOLVER [GPU] ***
Initial residual: 0.410313 norm b vector (source) = 0.646027
GMRES converged at restart # 3; iteration #4 with error: 9.44294e-07
  [Cycle 67] Particle sorting: ON
*** B CALCULATION [GPU] ***
Execution time cycle: 293.21 ms  [sort=0.052632 field=167.959 da_wait=0.00015 mover+out=0.034166 exchange+sort+moments=47.4849 B=70.8887 momentsAwait=6.79012 outCopy=0.000411]
 ======= Cycle 68 ======= 
*** E CALCULATION [GPU] ***
*** MAXWELL SOLVER [GPU] ***
Initial residual: 0.410695 norm b vector (source) = 0.646807
GMRES converged at restart # 4; iteration #0 with error: 8.06913e-07
  [Cycle 68] Particle sorting: ON
*** B CALCULATION [GPU] ***
Execution time cycle: 302.26 ms  [sort=0.050818 field=172.283 da_wait=0.00017 mover+out=0.032533 exchange+sort+moments=52.108 B=70.9478 momentsAwait=6.83635 outCopy=0.000882]
 ======= Cycle 69 ======= 
*** E CALCULATION [GPU] ***
*** MAXWELL SOLVER [GPU] ***
Initial residual: 0.411556 norm b vector (source) = 0.648052
GMRES converged at restart # 3; iteration #5 with error: 7.27044e-07
  [Cycle 69] Particle sorting: ON
*** B CALCULATION [GPU] ***
Execution time cycle: 299.335 ms  [sort=0.053333 field=170.459 da_wait=0.00015 mover+out=0.033555 exchange+sort+moments=50.9773 B=71.1002 momentsAwait=6.71168 outCopy=0.00035]
 ======= Cycle 70 ======= 
*** E CALCULATION [GPU] ***
*** MAXWELL SOLVER [GPU] ***
Initial residual: 0.41172 norm b vector (source) = 0.648805
GMRES converged at restart # 3; iteration #5 with error: 7.37534e-07
  [Cycle 70] Particle sorting: ON
*** B CALCULATION [GPU] ***
Execution time cycle: 299.55 ms  [sort=0.051369 field=170.286 da_wait=0.00015 mover+out=0.031712 exchange+sort+moments=51.3092 B=71.2058 momentsAwait=6.66407 outCopy=0.000791]
 ======= Cycle 71 ======= 
*** E CALCULATION [GPU] ***
*** MAXWELL SOLVER [GPU] ***
Initial residual: 0.411745 norm b vector (source) = 0.648904
GMRES converged at restart # 3; iteration #5 with error: 7.27215e-07
  [Cycle 71] Particle sorting: ON
*** B CALCULATION [GPU] ***
Execution time cycle: 305.935 ms  [sort=0.049977 field=177.15 da_wait=0.00015 mover+out=0.034487 exchange+sort+moments=51.0878 B=70.9496 momentsAwait=6.66217 outCopy=0.000491]
 ======= Cycle 72 ======= 
*** E CALCULATION [GPU] ***
*** MAXWELL SOLVER [GPU] ***
Initial residual: 0.411843 norm b vector (source) = 0.648856
GMRES converged at restart # 4; iteration #0 with error: 8.10489e-07
  [Cycle 72] Particle sorting: ON
*** B CALCULATION [GPU] ***
Execution time cycle: 300.42 ms  [sort=0.045568 field=172.261 da_wait=0.00015 mover+out=0.033154 exchange+sort+moments=50.3575 B=70.8405 momentsAwait=6.88168 outCopy=0.000541]
 ======= Cycle 73 ======= 
*** E CALCULATION [GPU] ***
*** MAXWELL SOLVER [GPU] ***
Initial residual: 0.41209 norm b vector (source) = 0.648975
GMRES converged at restart # 3; iteration #4 with error: 9.53825e-07
  [Cycle 73] Particle sorting: ON
*** B CALCULATION [GPU] ***
Execution time cycle: 642.184 ms  [sort=0.052181 field=513.75 da_wait=0.00014 mover+out=0.035359 exchange+sort+moments=50.6343 B=70.8939 momentsAwait=6.81851 outCopy=0.000401]
 ======= Cycle 74 ======= 
*** E CALCULATION [GPU] ***
*** MAXWELL SOLVER [GPU] ***
Initial residual: 0.412332 norm b vector (source) = 0.649254
GMRES converged at restart # 3; iteration #4 with error: 9.86032e-07
  [Cycle 74] Particle sorting: ON
*** B CALCULATION [GPU] ***
Execution time cycle: 293.594 ms  [sort=0.043714 field=164.961 da_wait=0.00016 mover+out=0.033836 exchange+sort+moments=50.8957 B=70.8113 momentsAwait=6.84854 outCopy=0.000511]
 ======= Cycle 75 ======= 
*** E CALCULATION [GPU] ***
*** MAXWELL SOLVER [GPU] ***
Initial residual: 0.412526 norm b vector (source) = 0.649635
GMRES converged at restart # 3; iteration #4 with error: 9.30198e-07
  [Cycle 75] Particle sorting: ON
*** B CALCULATION [GPU] ***
Execution time cycle: 293.871 ms  [sort=0.041541 field=165.316 da_wait=0.000151 mover+out=0.03143 exchange+sort+moments=50.6207 B=70.9771 momentsAwait=6.88359 outCopy=0.000461]
 ======= Cycle 76 ======= 
*** E CALCULATION [GPU] ***
*** MAXWELL SOLVER [GPU] ***
Initial residual: 0.412762 norm b vector (source) = 0.650138
GMRES converged at restart # 3; iteration #4 with error: 9.07424e-07
  [Cycle 76] Particle sorting: ON
*** B CALCULATION [GPU] ***
Execution time cycle: 293.854 ms  [sort=0.045278 field=164.981 da_wait=0.00012 mover+out=0.032653 exchange+sort+moments=51.0624 B=71.0095 momentsAwait=6.72308 outCopy=0.000381]
 ======= Cycle 77 ======= 
*** E CALCULATION [GPU] ***
*** MAXWELL SOLVER [GPU] ***
Initial residual: 0.413107 norm b vector (source) = 0.650802
GMRES converged at restart # 3; iteration #4 with error: 9.30127e-07
  [Cycle 77] Particle sorting: ON
*** B CALCULATION [GPU] ***
Execution time cycle: 293.131 ms  [sort=0.040378 field=164.475 da_wait=0.000321 mover+out=0.03093 exchange+sort+moments=50.6827 B=71.0436 momentsAwait=6.85755 outCopy=0.000581]
 ======= Cycle 78 ======= 
*** E CALCULATION [GPU] ***
*** MAXWELL SOLVER [GPU] ***
Initial residual: 0.413123 norm b vector (source) = 0.651151
GMRES converged at restart # 3; iteration #4 with error: 9.92512e-07
  [Cycle 78] Particle sorting: ON
*** B CALCULATION [GPU] ***
Execution time cycle: 293.791 ms  [sort=0.045709 field=164.815 da_wait=0.00015 mover+out=0.035699 exchange+sort+moments=50.7766 B=71.3265 momentsAwait=6.79019 outCopy=0.000401]
 ======= Cycle 79 ======= 
*** E CALCULATION [GPU] ***
*** MAXWELL SOLVER [GPU] ***
Initial residual: 0.413019 norm b vector (source) = 0.65123
GMRES converged at restart # 3; iteration #4 with error: 9.58685e-07
  [Cycle 79] Particle sorting: ON
*** B CALCULATION [GPU] ***
Execution time cycle: 296.199 ms  [sort=0.047072 field=167.593 da_wait=0.000151 mover+out=0.032953 exchange+sort+moments=50.5558 B=71.281 momentsAwait=6.68827 outCopy=0.000612]
 ======= Cycle 80 ======= 
*** E CALCULATION [GPU] ***
*** MAXWELL SOLVER [GPU] ***
Initial residual: 0.413094 norm b vector (source) = 0.65138
GMRES converged at restart # 3; iteration #5 with error: 7.13443e-07
  [Cycle 80] Particle sorting: ON
*** B CALCULATION [GPU] ***
Execution time cycle: 299.568 ms  [sort=0.044356 field=170.181 da_wait=0.00016 mover+out=0.032083 exchange+sort+moments=51.1701 B=71.0016 momentsAwait=7.13741 outCopy=0.000501]
 ======= Cycle 81 ======= 
*** E CALCULATION [GPU] ***
*** MAXWELL SOLVER [GPU] ***
Initial residual: 0.413136 norm b vector (source) = 0.651646
GMRES converged at restart # 3; iteration #5 with error: 7.74041e-07
  [Cycle 81] Particle sorting: ON
*** B CALCULATION [GPU] ***
Execution time cycle: 299.026 ms  [sort=0.049025 field=170.788 da_wait=0.00012 mover+out=0.034818 exchange+sort+moments=50.4475 B=71.0341 momentsAwait=6.67209 outCopy=0.000521]
 ======= Cycle 82 ======= 
*** E CALCULATION [GPU] ***
*** MAXWELL SOLVER [GPU] ***
Initial residual: 0.413207 norm b vector (source) = 0.652002
GMRES converged at restart # 3; iteration #5 with error: 8.14524e-07
  [Cycle 82] Particle sorting: ON
*** B CALCULATION [GPU] ***
Execution time cycle: 299.256 ms  [sort=0.052382 field=170.869 da_wait=0.000141 mover+out=0.032743 exchange+sort+moments=50.4141 B=71.0506 momentsAwait=6.8362 outCopy=0.000511]
 ======= Cycle 83 ======= 
*** E CALCULATION [GPU] ***
*** MAXWELL SOLVER [GPU] ***
Initial residual: 0.413242 norm b vector (source) = 0.652237
GMRES converged at restart # 3; iteration #5 with error: 8.33441e-07
  [Cycle 83] Particle sorting: ON
*** B CALCULATION [GPU] ***
Execution time cycle: 298.791 ms  [sort=0.053614 field=170.361 da_wait=0.00015 mover+out=0.033365 exchange+sort+moments=50.5214 B=71.039 momentsAwait=6.78236 outCopy=0.000411]
 ======= Cycle 84 ======= 
*** E CALCULATION [GPU] ***
*** MAXWELL SOLVER [GPU] ***
Initial residual: 0.413187 norm b vector (source) = 0.652288
GMRES converged at restart # 3; iteration #5 with error: 8.17823e-07
  [Cycle 84] Particle sorting: ON
*** B CALCULATION [GPU] ***
Execution time cycle: 299.006 ms  [sort=0.045819 field=170.529 da_wait=0.00015 mover+out=0.03091 exchange+sort+moments=50.5605 B=71.1038 momentsAwait=6.73552 outCopy=0.000531]
 ======= Cycle 85 ======= 
*** E CALCULATION [GPU] ***
*** MAXWELL SOLVER [GPU] ***
Initial residual: 0.413031 norm b vector (source) = 0.652099
GMRES converged at restart # 3; iteration #5 with error: 7.61601e-07
  [Cycle 85] Particle sorting: ON
*** B CALCULATION [GPU] ***
Execution time cycle: 299.623 ms  [sort=0.046801 field=171.254 da_wait=0.000151 mover+out=0.030699 exchange+sort+moments=50.4011 B=71.089 momentsAwait=6.80137 outCopy=0.000381]
 ======= Cycle 86 ======= 
*** E CALCULATION [GPU] ***
*** MAXWELL SOLVER [GPU] ***
Initial residual: 0.412869 norm b vector (source) = 0.651791
GMRES converged at restart # 4; iteration #0 with error: 8.06407e-07
  [Cycle 86] Particle sorting: ON
*** B CALCULATION [GPU] ***
Execution time cycle: 301.002 ms  [sort=0.048975 field=172.72 da_wait=0.000301 mover+out=0.032483 exchange+sort+moments=50.1973 B=71.2274 momentsAwait=6.77458 outCopy=0.000471]
 ======= Cycle 87 ======= 
*** E CALCULATION [GPU] ***
*** MAXWELL SOLVER [GPU] ***
Initial residual: 0.412638 norm b vector (source) = 0.651455
GMRES converged at restart # 4; iteration #0 with error: 8.10438e-07
  [Cycle 87] Particle sorting: ON
*** B CALCULATION [GPU] ***
Execution time cycle: 299.393 ms  [sort=0.044206 field=170.173 da_wait=0.00015 mover+out=0.031592 exchange+sort+moments=50.9788 B=71.3487 momentsAwait=6.81577 outCopy=0.000461]
 ======= Cycle 88 ======= 
*** E CALCULATION [GPU] ***
*** MAXWELL SOLVER [GPU] ***
Initial residual: 0.412333 norm b vector (source) = 0.651111
GMRES converged at restart # 3; iteration #4 with error: 8.88749e-07
  [Cycle 88] Particle sorting: ON
*** B CALCULATION [GPU] ***
Execution time cycle: 294.161 ms  [sort=0.047081 field=165.346 da_wait=0.00014 mover+out=0.033144 exchange+sort+moments=50.6663 B=71.2037 momentsAwait=6.86422 outCopy=0.000541]
 ======= Cycle 89 ======= 
*** E CALCULATION [GPU] ***
*** MAXWELL SOLVER [GPU] ***
Initial residual: 0.412186 norm b vector (source) = 0.65104
GMRES converged at restart # 3; iteration #4 with error: 7.9825e-07
  [Cycle 89] Particle sorting: ON
*** B CALCULATION [GPU] ***
Execution time cycle: 293.853 ms  [sort=0.042032 field=164.969 da_wait=0.00015 mover+out=0.032594 exchange+sort+moments=50.8381 B=71.1303 momentsAwait=6.84018 outCopy=0.000531]
 ======= Cycle 90 ======= 
*** E CALCULATION [GPU] ***
*** MAXWELL SOLVER [GPU] ***
Initial residual: 0.412192 norm b vector (source) = 0.651158
GMRES converged at restart # 3; iteration #4 with error: 7.44496e-07
  [Cycle 90] Particle sorting: ON
*** B CALCULATION [GPU] ***
Execution time cycle: 293.704 ms  [sort=0.048314 field=165.081 da_wait=0.00015 mover+out=0.033705 exchange+sort+moments=50.7647 B=71.0074 momentsAwait=6.76757 outCopy=0.000391]
 ======= Cycle 91 ======= 
*** E CALCULATION [GPU] ***
*** MAXWELL SOLVER [GPU] ***
Initial residual: 0.41224 norm b vector (source) = 0.651305
GMRES converged at restart # 3; iteration #4 with error: 7.25609e-07
  [Cycle 91] Particle sorting: ON
*** B CALCULATION [GPU] ***
Execution time cycle: 293.771 ms  [sort=0.05198 field=165.119 da_wait=0.00015 mover+out=0.033635 exchange+sort+moments=50.8555 B=71.0212 momentsAwait=6.68911 outCopy=0.000381]
 ======= Cycle 92 ======= 
*** E CALCULATION [GPU] ***
*** MAXWELL SOLVER [GPU] ***
Initial residual: 0.4123 norm b vector (source) = 0.651439
GMRES converged at restart # 3; iteration #4 with error: 7.45661e-07
  [Cycle 92] Particle sorting: ON
*** B CALCULATION [GPU] ***
Execution time cycle: 293.808 ms  [sort=0.044355 field=164.904 da_wait=0.000151 mover+out=0.033455 exchange+sort+moments=51.1367 B=71.0602 momentsAwait=6.62909 outCopy=0.000401]
 ======= Cycle 93 ======= 
*** E CALCULATION [GPU] ***
*** MAXWELL SOLVER [GPU] ***
Initial residual: 0.412483 norm b vector (source) = 0.651659
GMRES converged at restart # 3; iteration #4 with error: 8.02245e-07
  [Cycle 93] Particle sorting: ON
*** B CALCULATION [GPU] ***
Execution time cycle: 293.559 ms  [sort=0.043234 field=165.202 da_wait=0.00015 mover+out=0.033435 exchange+sort+moments=50.2962 B=71.0104 momentsAwait=6.97326 outCopy=0.000351]
 ======= Cycle 94 ======= 
*** E CALCULATION [GPU] ***
*** MAXWELL SOLVER [GPU] ***
Initial residual: 0.412632 norm b vector (source) = 0.651996
GMRES converged at restart # 3; iteration #4 with error: 8.85807e-07
  [Cycle 94] Particle sorting: ON
*** B CALCULATION [GPU] ***
Execution time cycle: 293.171 ms  [sort=0.035599 field=164.878 da_wait=0.00015 mover+out=0.033695 exchange+sort+moments=50.4356 B=71.0556 momentsAwait=6.73278 outCopy=0.000561]
 ======= Cycle 95 ======= 
*** E CALCULATION [GPU] ***
*** MAXWELL SOLVER [GPU] ***
Initial residual: 0.412654 norm b vector (source) = 0.652312
GMRES converged at restart # 3; iteration #4 with error: 9.82682e-07
  [Cycle 95] Particle sorting: ON
*** B CALCULATION [GPU] ***
Execution time cycle: 293.213 ms  [sort=0.052952 field=164.707 da_wait=0.00012 mover+out=0.034176 exchange+sort+moments=50.4424 B=71.2443 momentsAwait=6.73085 outCopy=0.000321]
 ======= Cycle 96 ======= 
*** E CALCULATION [GPU] ***
*** MAXWELL SOLVER [GPU] ***
Initial residual: 0.412999 norm b vector (source) = 0.652995
GMRES converged at restart # 3; iteration #4 with error: 9.62721e-07
  [Cycle 96] Particle sorting: ON
*** B CALCULATION [GPU] ***
Execution time cycle: 297.628 ms  [sort=0.041932 field=167.897 da_wait=0.00014 mover+out=0.032513 exchange+sort+moments=51.5454 B=71.3787 momentsAwait=6.73176 outCopy=0.000511]
 ======= Cycle 97 ======= 
*** E CALCULATION [GPU] ***
*** MAXWELL SOLVER [GPU] ***
Initial residual: 0.413468 norm b vector (source) = 0.653849
GMRES converged at restart # 4; iteration #0 with error: 8.08854e-07
  [Cycle 97] Particle sorting: ON
*** B CALCULATION [GPU] ***
Execution time cycle: 301.498 ms  [sort=0.041951 field=172.052 da_wait=0.00015 mover+out=0.032733 exchange+sort+moments=51.4271 B=71.1124 momentsAwait=6.8311 outCopy=0.000311]
 ======= Cycle 98 ======= 
*** E CALCULATION [GPU] ***
*** MAXWELL SOLVER [GPU] ***
Initial residual: 0.414063 norm b vector (source) = 0.65471
GMRES converged at restart # 3; iteration #5 with error: 7.1928e-07
  [Cycle 98] Particle sorting: ON
*** B CALCULATION [GPU] ***
Execution time cycle: 298.899 ms  [sort=0.039597 field=170.011 da_wait=0.000231 mover+out=0.031801 exchange+sort+moments=50.8761 B=71.0622 momentsAwait=6.87702 outCopy=0.000471]
 ======= Cycle 99 ======= 
*** E CALCULATION [GPU] ***
*** MAXWELL SOLVER [GPU] ***
Initial residual: 0.41448 norm b vector (source) = 0.65524
GMRES converged at restart # 3; iteration #5 with error: 7.11085e-07
  [Cycle 99] Particle sorting: ON
*** B CALCULATION [GPU] ***
Execution time cycle: 298.819 ms  [sort=0.049336 field=170.177 da_wait=0.000581 mover+out=0.033976 exchange+sort+moments=50.8542 B=71.0178 momentsAwait=6.68556 outCopy=0.000371]
 ======= Cycle 100 ======= 
*** E CALCULATION [GPU] ***
*** MAXWELL SOLVER [GPU] ***
Initial residual: 0.415081 norm b vector (source) = 0.655874
GMRES converged at restart # 3; iteration #4 with error: 9.99313e-07
  [Cycle 100] Particle sorting: ON
*** B CALCULATION [GPU] ***
Execution time cycle: 310.998 ms  [sort=13.8854 field=169.341 da_wait=0.000792 mover+out=0.029507 exchange+sort+moments=49.8408 B=71.0627 momentsAwait=6.83683 outCopy=0.000401]
 ======= Cycle 101 ======= 
*** E CALCULATION [GPU] ***
*** MAXWELL SOLVER [GPU] ***
Initial residual: 0.415417 norm b vector (source) = 0.656378
GMRES converged at restart # 3; iteration #4 with error: 9.40286e-07
  [Cycle 101] Particle sorting: ON
*** B CALCULATION [GPU] ***
Execution time cycle: 295.455 ms  [sort=0.048875 field=167.691 da_wait=0.000151 mover+out=0.0313 exchange+sort+moments=49.7412 B=71.1922 momentsAwait=6.75045 outCopy=0.00024]
 ======= Cycle 102 ======= 
*** E CALCULATION [GPU] ***
*** MAXWELL SOLVER [GPU] ***
Initial residual: 0.415351 norm b vector (source) = 0.656587
GMRES converged at restart # 3; iteration #4 with error: 9.77584e-07
  [Cycle 102] Particle sorting: ON
*** B CALCULATION [GPU] ***
Execution time cycle: 293.765 ms  [sort=0.034698 field=165.08 da_wait=0.00015 mover+out=0.032573 exchange+sort+moments=50.659 B=71.0777 momentsAwait=6.87985 outCopy=0.00033]
 ======= Cycle 103 ======= 
*** E CALCULATION [GPU] ***
*** MAXWELL SOLVER [GPU] ***
Initial residual: 0.414873 norm b vector (source) = 0.656333
GMRES converged at restart # 3; iteration #4 with error: 9.02519e-07
  [Cycle 103] Particle sorting: ON
*** B CALCULATION [GPU] ***
Execution time cycle: 293.933 ms  [sort=0.048785 field=164.951 da_wait=0.000151 mover+out=0.031571 exchange+sort+moments=50.7782 B=71.267 momentsAwait=6.85595 outCopy=0.00035]
 ======= Cycle 104 ======= 
*** E CALCULATION [GPU] ***
*** MAXWELL SOLVER [GPU] ***
Initial residual: 0.414284 norm b vector (source) = 0.65575
GMRES converged at restart # 3; iteration #4 with error: 8.45538e-07
  [Cycle 104] Particle sorting: ON
*** B CALCULATION [GPU] ***
Execution time cycle: 294.029 ms  [sort=0.069425 field=164.903 da_wait=0.000161 mover+out=0.030168 exchange+sort+moments=51.0499 B=71.2916 momentsAwait=6.68415 outCopy=0.00029]
 ======= Cycle 105 ======= 
*** E CALCULATION [GPU] ***
*** MAXWELL SOLVER [GPU] ***
Initial residual: 0.413924 norm b vector (source) = 0.655172
GMRES converged at restart # 3; iteration #4 with error: 8.18953e-07
  [Cycle 105] Particle sorting: ON
*** B CALCULATION [GPU] ***
Execution time cycle: 293.839 ms  [sort=0.040819 field=164.705 da_wait=0.00015 mover+out=0.03095 exchange+sort+moments=50.9786 B=71.3305 momentsAwait=6.75315 outCopy=0.000361]
 ======= Cycle 106 ======= 
*** E CALCULATION [GPU] ***
*** MAXWELL SOLVER [GPU] ***
Initial residual: 0.413866 norm b vector (source) = 0.654962
GMRES converged at restart # 3; iteration #4 with error: 8.26062e-07
  [Cycle 106] Particle sorting: ON
*** B CALCULATION [GPU] ***
Execution time cycle: 294.237 ms  [sort=0.037683 field=165.549 da_wait=0.000151 mover+out=0.032172 exchange+sort+moments=50.5571 B=71.2433 momentsAwait=6.8173 outCopy=0.00037]
 ======= Cycle 107 ======= 
*** E CALCULATION [GPU] ***
*** MAXWELL SOLVER [GPU] ***
Initial residual: 0.413859 norm b vector (source) = 0.655018
GMRES converged at restart # 3; iteration #4 with error: 8.75782e-07
  [Cycle 107] Particle sorting: ON
*** B CALCULATION [GPU] ***
Execution time cycle: 293.136 ms  [sort=0.043074 field=164.96 da_wait=0.00014 mover+out=0.031391 exchange+sort+moments=50.2026 B=71.148 momentsAwait=6.75026 outCopy=0.000491]
 ======= Cycle 108 ======= 
*** E CALCULATION [GPU] ***
*** MAXWELL SOLVER [GPU] ***
Initial residual: 0.414143 norm b vector (source) = 0.655359
GMRES converged at restart # 3; iteration #4 with error: 9.56682e-07
  [Cycle 108] Particle sorting: ON
*** B CALCULATION [GPU] ***
Execution time cycle: 293.292 ms  [sort=0.038785 field=165.002 da_wait=0.00015 mover+out=0.03568 exchange+sort+moments=50.1437 B=71.1962 momentsAwait=6.87471 outCopy=0.000411]
 ======= Cycle 109 ======= 
*** E CALCULATION [GPU] ***
*** MAXWELL SOLVER [GPU] ***
Initial residual: 0.414415 norm b vector (source) = 0.655787
GMRES converged at restart # 3; iteration #4 with error: 9.46065e-07
  [Cycle 109] Particle sorting: ON
*** B CALCULATION [GPU] ***
Execution time cycle: 296.675 ms  [sort=0.039076 field=167.793 da_wait=0.00015 mover+out=0.031792 exchange+sort+moments=50.7872 B=71.2195 momentsAwait=6.80414 outCopy=0.00042]
 ======= Cycle 110 ======= 
*** E CALCULATION [GPU] ***
*** MAXWELL SOLVER [GPU] ***
Initial residual: 0.414588 norm b vector (source) = 0.656086
GMRES converged at restart # 3; iteration #5 with error: 7.0941e-07
  [Cycle 110] Particle sorting: ON
*** B CALCULATION [GPU] ***
Execution time cycle: 299.057 ms  [sort=0.040869 field=170.431 da_wait=0.00016 mover+out=0.032252 exchange+sort+moments=50.3086 B=71.4488 momentsAwait=6.79552 outCopy=0.000351]
 ======= Cycle 111 ======= 
*** E CALCULATION [GPU] ***
*** MAXWELL SOLVER [GPU] ***
Initial residual: 0.414424 norm b vector (source) = 0.655953
GMRES converged at restart # 3; iteration #5 with error: 7.67753e-07
  [Cycle 111] Particle sorting: ON
*** B CALCULATION [GPU] ***
Execution time cycle: 300.054 ms  [sort=0.037964 field=171.426 da_wait=0.00019 mover+out=0.032703 exchange+sort+moments=50.4437 B=71.3359 momentsAwait=6.77677 outCopy=0.00047]
 ======= Cycle 112 ======= 
*** E CALCULATION [GPU] ***
*** MAXWELL SOLVER [GPU] ***
Initial residual: 0.414401 norm b vector (source) = 0.655845
GMRES converged at restart # 3; iteration #5 with error: 8.04628e-07
  [Cycle 112] Particle sorting: ON
*** B CALCULATION [GPU] ***
Execution time cycle: 306.136 ms  [sort=0.044176 field=170.355 da_wait=0.000151 mover+out=0.033294 exchange+sort+moments=50.3783 B=71.3867 momentsAwait=13.9375 outCopy=0.00033]
 ======= Cycle 113 ======= 
*** E CALCULATION [GPU] ***
*** MAXWELL SOLVER [GPU] ***
Initial residual: 0.414287 norm b vector (source) = 0.655762
GMRES converged at restart # 3; iteration #5 with error: 8.10864e-07
  [Cycle 113] Particle sorting: ON
*** B CALCULATION [GPU] ***
Execution time cycle: 299.168 ms  [sort=0.039917 field=170.15 da_wait=0.00014 mover+out=0.032192 exchange+sort+moments=50.4801 B=71.5848 momentsAwait=6.88029 outCopy=0.000431]
 ======= Cycle 114 ======= 
*** E CALCULATION [GPU] ***
*** MAXWELL SOLVER [GPU] ***
Initial residual: 0.414123 norm b vector (source) = 0.655649
GMRES converged at restart # 3; iteration #5 with error: 7.8114e-07
  [Cycle 114] Particle sorting: ON
*** B CALCULATION [GPU] ***
Execution time cycle: 299.375 ms  [sort=0.038475 field=170.457 da_wait=0.000151 mover+out=0.033064 exchange+sort+moments=50.5737 B=71.4575 momentsAwait=6.81438 outCopy=0.000321]
 ======= Cycle 115 ======= 
*** E CALCULATION [GPU] ***
*** MAXWELL SOLVER [GPU] ***
Initial residual: 0.414139 norm b vector (source) = 0.655639
GMRES converged at restart # 3; iteration #5 with error: 7.19617e-07
  [Cycle 115] Particle sorting: ON
*** B CALCULATION [GPU] ***
Execution time cycle: 299.262 ms  [sort=0.040188 field=170.43 da_wait=0.00014 mover+out=0.033425 exchange+sort+moments=50.547 B=71.3874 momentsAwait=6.82387 outCopy=0.000321]
 ======= Cycle 116 ======= 
*** E CALCULATION [GPU] ***
*** MAXWELL SOLVER [GPU] ***
Initial residual: 0.414534 norm b vector (source) = 0.65611
GMRES converged at restart # 3; iteration #4 with error: 9.38571e-07
  [Cycle 116] Particle sorting: ON
*** B CALCULATION [GPU] ***
Execution time cycle: 296.131 ms  [sort=0.035979 field=167.861 da_wait=0.000241 mover+out=0.032142 exchange+sort+moments=50.0862 B=71.3323 momentsAwait=6.78259 outCopy=0.00044]
 ======= Cycle 117 ======= 
*** E CALCULATION [GPU] ***
*** MAXWELL SOLVER [GPU] ***
Initial residual: 0.414816 norm b vector (source) = 0.656702
GMRES converged at restart # 3; iteration #4 with error: 9.06694e-07
  [Cycle 117] Particle sorting: ON
*** B CALCULATION [GPU] ***
Execution time cycle: 293.65 ms  [sort=0.043013 field=164.867 da_wait=0.000131 mover+out=0.033144 exchange+sort+moments=50.5989 B=71.3441 momentsAwait=6.7627 outCopy=0.000712]
 ======= Cycle 118 ======= 
*** E CALCULATION [GPU] ***
*** MAXWELL SOLVER [GPU] ***
Initial residual: 0.414829 norm b vector (source) = 0.656987
GMRES converged at restart # 3; iteration #4 with error: 7.82338e-07
  [Cycle 118] Particle sorting: ON
*** B CALCULATION [GPU] ***
Execution time cycle: 293.634 ms  [sort=0.052211 field=165.047 da_wait=0.00014 mover+out=0.031812 exchange+sort+moments=50.414 B=71.3374 momentsAwait=6.75081 outCopy=0.000501]
 ======= Cycle 119 ======= 
*** E CALCULATION [GPU] ***
*** MAXWELL SOLVER [GPU] ***
Initial residual: 0.414964 norm b vector (source) = 0.657191
GMRES converged at restart # 3; iteration #4 with error: 6.92692e-07
  [Cycle 119] Particle sorting: ON
*** B CALCULATION [GPU] ***
Execution time cycle: 293.669 ms  [sort=0.047212 field=164.682 da_wait=0.000141 mover+out=0.032302 exchange+sort+moments=50.6816 B=71.4283 momentsAwait=6.79786 outCopy=0.00029]
 ======= Cycle 120 ======= 
*** E CALCULATION [GPU] ***
*** MAXWELL SOLVER [GPU] ***
Initial residual: 0.415095 norm b vector (source) = 0.657283
GMRES converged at restart # 4; iteration #0 with error: 8.19266e-07
  [Cycle 120] Particle sorting: ON
*** B CALCULATION [GPU] ***
Execution time cycle: 295.428 ms  [sort=0.038735 field=166.46 da_wait=0.00016 mover+out=0.030029 exchange+sort+moments=50.6793 B=71.4066 momentsAwait=6.81198 outCopy=0.000321]
 ======= Cycle 121 ======= 
*** E CALCULATION [GPU] ***
*** MAXWELL SOLVER [GPU] ***
Initial residual: 0.415049 norm b vector (source) = 0.657033
GMRES converged at restart # 3; iteration #3 with error: 9.90917e-07
  [Cycle 121] Particle sorting: ON
*** B CALCULATION [GPU] ***
Execution time cycle: 291.018 ms  [sort=0.037192 field=162.441 da_wait=0.00014 mover+out=0.034116 exchange+sort+moments=50.1513 B=71.5206 momentsAwait=6.83414 outCopy=0.000401]
 ======= Cycle 122 ======= 
*** E CALCULATION [GPU] ***
*** MAXWELL SOLVER [GPU] ***
Initial residual: 0.414892 norm b vector (source) = 0.656526
GMRES converged at restart # 3; iteration #4 with error: 6.63461e-07
  [Cycle 122] Particle sorting: ON
*** B CALCULATION [GPU] ***
Execution time cycle: 294.269 ms  [sort=0.03617 field=165.145 da_wait=0.00012 mover+out=0.028726 exchange+sort+moments=50.8309 B=71.5057 momentsAwait=6.72143 outCopy=0.000491]
 ======= Cycle 123 ======= 
*** E CALCULATION [GPU] ***
*** MAXWELL SOLVER [GPU] ***
Initial residual: 0.414684 norm b vector (source) = 0.655969
GMRES converged at restart # 3; iteration #4 with error: 7.2654e-07
  [Cycle 123] Particle sorting: ON
*** B CALCULATION [GPU] ***
Execution time cycle: 293.925 ms  [sort=0.041921 field=164.96 da_wait=0.00013 mover+out=0.03077 exchange+sort+moments=50.6904 B=71.4138 momentsAwait=6.78761 outCopy=0.000281]
 ======= Cycle 124 ======= 
*** E CALCULATION [GPU] ***
*** MAXWELL SOLVER [GPU] ***
Initial residual: 0.414686 norm b vector (source) = 0.655745
GMRES converged at restart # 3; iteration #4 with error: 8.12981e-07
  [Cycle 124] Particle sorting: ON
*** B CALCULATION [GPU] ***
Execution time cycle: 293.552 ms  [sort=0.036441 field=165.105 da_wait=0.000131 mover+out=0.029507 exchange+sort+moments=50.3007 B=71.267 momentsAwait=6.8126 outCopy=0.000731]
 ======= Cycle 125 ======= 
*** E CALCULATION [GPU] ***
*** MAXWELL SOLVER [GPU] ***
Initial residual: 0.4151 norm b vector (source) = 0.656185
GMRES converged at restart # 3; iteration #4 with error: 9.07856e-07
  [Cycle 125] Particle sorting: ON
*** B CALCULATION [GPU] ***
Execution time cycle: 293.548 ms  [sort=0.049246 field=164.821 da_wait=0.00022 mover+out=0.030339 exchange+sort+moments=50.4263 B=71.3668 momentsAwait=6.85381 outCopy=0.00023]
 ======= Cycle 126 ======= 
*** E CALCULATION [GPU] ***
*** MAXWELL SOLVER [GPU] ***
Initial residual: 0.415315 norm b vector (source) = 0.656692
GMRES converged at restart # 3; iteration #4 with error: 9.84513e-07
  [Cycle 126] Particle sorting: ON
*** B CALCULATION [GPU] ***
Execution time cycle: 293.073 ms  [sort=0.038214 field=164.771 da_wait=0.000161 mover+out=0.033224 exchange+sort+moments=50.0125 B=71.3654 momentsAwait=6.85169 outCopy=0.000371]
 ======= Cycle 127 ======= 
*** E CALCULATION [GPU] ***
*** MAXWELL SOLVER [GPU] ***
Initial residual: 0.415461 norm b vector (source) = 0.657036
GMRES converged at restart # 3; iteration #4 with error: 9.18041e-07
  [Cycle 127] Particle sorting: ON
*** B CALCULATION [GPU] ***
Execution time cycle: 296.294 ms  [sort=0.043785 field=167.745 da_wait=0.00013 mover+out=0.033194 exchange+sort+moments=50.3356 B=71.3412 momentsAwait=6.79509 outCopy=0.000231]
 ======= Cycle 128 ======= 
*** E CALCULATION [GPU] ***
*** MAXWELL SOLVER [GPU] ***
Initial residual: 0.415482 norm b vector (source) = 0.657112
GMRES converged at restart # 4; iteration #0 with error: 8.06704e-07
  [Cycle 128] Particle sorting: ON
*** B CALCULATION [GPU] ***
Execution time cycle: 298.196 ms  [sort=0.037503 field=169.284 da_wait=0.000151 mover+out=0.030128 exchange+sort+moments=50.5723 B=71.3804 momentsAwait=6.89184 outCopy=0.00024]
 ======= Cycle 129 ======= 
*** E CALCULATION [GPU] ***
*** MAXWELL SOLVER [GPU] ***
Initial residual: 0.415514 norm b vector (source) = 0.657144
GMRES converged at restart # 3; iteration #4 with error: 9.49948e-07
  [Cycle 129] Particle sorting: ON
*** B CALCULATION [GPU] ***
Execution time cycle: 293.521 ms  [sort=0.036461 field=164.905 da_wait=0.00015 mover+out=0.029748 exchange+sort+moments=50.2019 B=71.5365 momentsAwait=6.81041 outCopy=0.00024]
 ======= Cycle 130 ======= 
*** E CALCULATION [GPU] ***
*** MAXWELL SOLVER [GPU] ***
Initial residual: 0.415308 norm b vector (source) = 0.65711
GMRES converged at restart # 3; iteration #4 with error: 8.52623e-07
  [Cycle 130] Particle sorting: ON
*** B CALCULATION [GPU] ***
Execution time cycle: 293.705 ms  [sort=0.040318 field=164.793 da_wait=0.000121 mover+out=0.030569 exchange+sort+moments=50.5047 B=71.4767 momentsAwait=6.85986 outCopy=0.00024]
 ======= Cycle 131 ======= 
*** E CALCULATION [GPU] ***
*** MAXWELL SOLVER [GPU] ***
Initial residual: 0.415359 norm b vector (source) = 0.65728
GMRES converged at restart # 3; iteration #4 with error: 7.41638e-07
  [Cycle 131] Particle sorting: ON
*** B CALCULATION [GPU] ***
Execution time cycle: 294.288 ms  [sort=0.04614 field=164.996 da_wait=0.00013 mover+out=0.029848 exchange+sort+moments=50.9968 B=71.4211 momentsAwait=6.79755 outCopy=0.000481]
 ======= Cycle 132 ======= 
*** E CALCULATION [GPU] ***
*** MAXWELL SOLVER [GPU] ***
Initial residual: 0.415437 norm b vector (source) = 0.657592
GMRES converged at restart # 3; iteration #3 with error: 9.99911e-07
  [Cycle 132] Particle sorting: ON
*** B CALCULATION [GPU] ***
Execution time cycle: 291.321 ms  [sort=0.050568 field=162.322 da_wait=0.00019 mover+out=0.031201 exchange+sort+moments=50.522 B=71.597 momentsAwait=6.79825 outCopy=0.000231]
 ======= Cycle 133 ======= 
*** E CALCULATION [GPU] ***
*** MAXWELL SOLVER [GPU] ***
Initial residual: 0.415556 norm b vector (source) = 0.658008
GMRES converged at restart # 3; iteration #3 with error: 8.81333e-07
  [Cycle 133] Particle sorting: ON
*** B CALCULATION [GPU] ***
Execution time cycle: 292.894 ms  [sort=0.041751 field=164.101 da_wait=0.00021 mover+out=0.03081 exchange+sort+moments=50.5838 B=71.3167 momentsAwait=6.8198 outCopy=0.00028]
 ======= Cycle 134 ======= 
*** E CALCULATION [GPU] ***
*** MAXWELL SOLVER [GPU] ***
Initial residual: 0.415795 norm b vector (source) = 0.658512
GMRES converged at restart # 3; iteration #3 with error: 8.86326e-07
  [Cycle 134] Particle sorting: ON
*** B CALCULATION [GPU] ***
Execution time cycle: 287.253 ms  [sort=0.039707 field=159.601 da_wait=0.00012 mover+out=0.032282 exchange+sort+moments=49.3391 B=71.5604 momentsAwait=6.68012 outCopy=0.000351]
 ======= Cycle 135 ======= 
*** E CALCULATION [GPU] ***
*** MAXWELL SOLVER [GPU] ***
Initial residual: 0.415755 norm b vector (source) = 0.658609
GMRES converged at restart # 3; iteration #3 with error: 8.8355e-07
  [Cycle 135] Particle sorting: ON
*** B CALCULATION [GPU] ***
Execution time cycle: 287.997 ms  [sort=0.032623 field=159.463 da_wait=0.00013 mover+out=0.03057 exchange+sort+moments=50.1294 B=71.5217 momentsAwait=6.81901 outCopy=0.000261]
 ======= Cycle 136 ======= 
*** E CALCULATION [GPU] ***
*** MAXWELL SOLVER [GPU] ***
Initial residual: 0.416091 norm b vector (source) = 0.658815
GMRES converged at restart # 3; iteration #3 with error: 8.69667e-07
  [Cycle 136] Particle sorting: ON
*** B CALCULATION [GPU] ***
Execution time cycle: 291.415 ms  [sort=0.038895 field=162.295 da_wait=0.00014 mover+out=0.027804 exchange+sort+moments=50.8489 B=71.342 momentsAwait=6.86293 outCopy=0.000241]
 ======= Cycle 137 ======= 
*** E CALCULATION [GPU] ***
*** MAXWELL SOLVER [GPU] ***
Initial residual: 0.416136 norm b vector (source) = 0.658744
GMRES converged at restart # 3; iteration #3 with error: 9.74105e-07
  [Cycle 137] Particle sorting: ON
*** B CALCULATION [GPU] ***
Execution time cycle: 290.647 ms  [sort=0.032703 field=162.396 da_wait=0.000141 mover+out=0.028234 exchange+sort+moments=49.9314 B=71.5441 momentsAwait=6.71441 outCopy=0.000381]
 ======= Cycle 138 ======= 
*** E CALCULATION [GPU] ***
*** MAXWELL SOLVER [GPU] ***
Initial residual: 0.4163 norm b vector (source) = 0.65861
GMRES converged at restart # 3; iteration #4 with error: 7.22539e-07
  [Cycle 138] Particle sorting: ON
*** B CALCULATION [GPU] ***
Execution time cycle: 293.637 ms  [sort=0.038946 field=165.208 da_wait=0.00012 mover+out=0.030279 exchange+sort+moments=50.1684 B=71.4311 momentsAwait=6.75961 outCopy=0.000772]
 ======= Cycle 139 ======= 
*** E CALCULATION [GPU] ***
*** MAXWELL SOLVER [GPU] ***
Initial residual: 0.416496 norm b vector (source) = 0.658673
GMRES converged at restart # 3; iteration #4 with error: 8.38208e-07
  [Cycle 139] Particle sorting: ON
*** B CALCULATION [GPU] ***
Execution time cycle: 293.245 ms  [sort=0.04138 field=164.743 da_wait=0.00013 mover+out=0.031491 exchange+sort+moments=50.0665 B=71.6785 momentsAwait=6.68324 outCopy=0.000241]
 ======= Cycle 140 ======= 
*** E CALCULATION [GPU] ***
*** MAXWELL SOLVER [GPU] ***
Initial residual: 0.416547 norm b vector (source) = 0.658848
GMRES converged at restart # 3; iteration #4 with error: 9.52429e-07
  [Cycle 140] Particle sorting: ON
*** B CALCULATION [GPU] ***
Execution time cycle: 294.518 ms  [sort=0.037313 field=164.844 da_wait=0.00012 mover+out=0.032603 exchange+sort+moments=51.1529 B=71.5726 momentsAwait=6.87729 outCopy=0.00024]
 ======= Cycle 141 ======= 
*** E CALCULATION [GPU] ***
*** MAXWELL SOLVER [GPU] ***
Initial residual: 0.416231 norm b vector (source) = 0.658786
GMRES converged at restart # 3; iteration #4 with error: 9.34558e-07
  [Cycle 141] Particle sorting: ON
*** B CALCULATION [GPU] ***
Execution time cycle: 296.863 ms  [sort=0.034547 field=167.741 da_wait=0.00015 mover+out=0.030429 exchange+sort+moments=50.5385 B=71.6651 momentsAwait=6.85335 outCopy=0.000321]
 ======= Cycle 142 ======= 
*** E CALCULATION [GPU] ***
*** MAXWELL SOLVER [GPU] ***
Initial residual: 0.416015 norm b vector (source) = 0.658637
GMRES converged at restart # 3; iteration #4 with error: 9.70801e-07
  [Cycle 142] Particle sorting: ON
*** B CALCULATION [GPU] ***
Execution time cycle: 296.632 ms  [sort=0.03567 field=167.752 da_wait=0.00022 mover+out=0.030128 exchange+sort+moments=50.4088 B=71.5439 momentsAwait=6.86147 outCopy=0.00028]
 ======= Cycle 143 ======= 
*** E CALCULATION [GPU] ***
*** MAXWELL SOLVER [GPU] ***
Initial residual: 0.415757 norm b vector (source) = 0.65835
GMRES converged at restart # 3; iteration #4 with error: 9.57392e-07
  [Cycle 143] Particle sorting: ON
*** B CALCULATION [GPU] ***
Execution time cycle: 296.289 ms  [sort=0.032252 field=167.801 da_wait=0.00012 mover+out=0.029838 exchange+sort+moments=50.1146 B=71.616 momentsAwait=6.6951 outCopy=0.000251]
 ======= Cycle 144 ======= 
*** E CALCULATION [GPU] ***
*** MAXWELL SOLVER [GPU] ***
Initial residual: 0.415631 norm b vector (source) = 0.657995
GMRES converged at restart # 3; iteration #4 with error: 9.89612e-07
  [Cycle 144] Particle sorting: ON
*** B CALCULATION [GPU] ***
Execution time cycle: 300.137 ms  [sort=0.033666 field=171.07 da_wait=0.000121 mover+out=0.029156 exchange+sort+moments=50.7403 B=71.6309 momentsAwait=6.6325 outCopy=0.000531]
 ======= Cycle 145 ======= 
*** E CALCULATION [GPU] ***
*** MAXWELL SOLVER [GPU] ***
Initial residual: 0.41567 norm b vector (source) = 0.657862
GMRES converged at restart # 3; iteration #4 with error: 8.80479e-07
  [Cycle 145] Particle sorting: ON
*** B CALCULATION [GPU] ***
Execution time cycle: 294.88 ms  [sort=0.040959 field=165.473 da_wait=0.000121 mover+out=0.03124 exchange+sort+moments=50.9818 B=71.5576 momentsAwait=6.79474 outCopy=0.000662]
 ======= Cycle 146 ======= 
*** E CALCULATION [GPU] ***
*** MAXWELL SOLVER [GPU] ***
Initial residual: 0.415636 norm b vector (source) = 0.657791
GMRES converged at restart # 3; iteration #4 with error: 7.60602e-07
  [Cycle 146] Particle sorting: ON
*** B CALCULATION [GPU] ***
Execution time cycle: 293.318 ms  [sort=0.036231 field=164.713 da_wait=0.00013 mover+out=0.03091 exchange+sort+moments=50.1535 B=71.5906 momentsAwait=6.79378 outCopy=0.000241]
 ======= Cycle 147 ======= 
*** E CALCULATION [GPU] ***
*** MAXWELL SOLVER [GPU] ***
Initial residual: 0.415522 norm b vector (source) = 0.657834
GMRES converged at restart # 4; iteration #0 with error: 8.2616e-07
  [Cycle 147] Particle sorting: ON
*** B CALCULATION [GPU] ***
Execution time cycle: 294.903 ms  [sort=0.0362 field=166.287 da_wait=0.00012 mover+out=0.029647 exchange+sort+moments=50.2016 B=71.6726 momentsAwait=6.67561 outCopy=0.00025]
 ======= Cycle 148 ======= 
*** E CALCULATION [GPU] ***
*** MAXWELL SOLVER [GPU] ***
Initial residual: 0.415485 norm b vector (source) = 0.658121
GMRES converged at restart # 3; iteration #3 with error: 8.77416e-07
  [Cycle 148] Particle sorting: ON
*** B CALCULATION [GPU] ***
Execution time cycle: 291.117 ms  [sort=0.034046 field=162.282 da_wait=0.00014 mover+out=0.032073 exchange+sort+moments=50.0664 B=71.8446 momentsAwait=6.85721 outCopy=0.000351]
 ======= Cycle 149 ======= 
*** E CALCULATION [GPU] ***
*** MAXWELL SOLVER [GPU] ***
Initial residual: 0.41522 norm b vector (source) = 0.658165
GMRES converged at restart # 3; iteration #3 with error: 8.52971e-07
  [Cycle 149] Particle sorting: ON
*** B CALCULATION [GPU] ***
Execution time cycle: 288.806 ms  [sort=0.037232 field=159.468 da_wait=0.00012 mover+out=0.030449 exchange+sort+moments=50.6429 B=71.7781 momentsAwait=6.8491 outCopy=0.000241]
 ======= Cycle 150 ======= 
*** E CALCULATION [GPU] ***
*** MAXWELL SOLVER [GPU] ***
Initial residual: 0.415323 norm b vector (source) = 0.658134
GMRES converged at restart # 3; iteration #3 with error: 8.11928e-07
  [Cycle 150] Particle sorting: ON
*** B CALCULATION [GPU] ***
Execution time cycle: 302.589 ms  [sort=13.8844 field=160.275 da_wait=0.000711 mover+out=0.023857 exchange+sort+moments=49.956 B=71.6811 momentsAwait=6.76866 outCopy=0.000231]
 ======= Cycle 151 ======= 
*** E CALCULATION [GPU] ***
*** MAXWELL SOLVER [GPU] ***
Initial residual: 0.415624 norm b vector (source) = 0.658228
GMRES converged at restart # 3; iteration #3 with error: 8.17042e-07
  [Cycle 151] Particle sorting: ON
*** B CALCULATION [GPU] ***
Execution time cycle: 287.716 ms  [sort=0.041751 field=159.439 da_wait=0.00012 mover+out=0.029948 exchange+sort+moments=49.8691 B=71.6629 momentsAwait=6.67335 outCopy=0.000411]
 ======= Cycle 152 ======= 
*** E CALCULATION [GPU] ***
*** MAXWELL SOLVER [GPU] ***
Initial residual: 0.415688 norm b vector (source) = 0.658187
GMRES converged at restart # 3; iteration #3 with error: 8.729e-07
  [Cycle 152] Particle sorting: ON
*** B CALCULATION [GPU] ***
Execution time cycle: 287.948 ms  [sort=0.028565 field=159.474 da_wait=0.000121 mover+out=0.030529 exchange+sort+moments=50.1227 B=71.5867 momentsAwait=6.70535 outCopy=0.000261]
 ======= Cycle 153 ======= 
*** E CALCULATION [GPU] ***
*** MAXWELL SOLVER [GPU] ***
Initial residual: 0.415747 norm b vector (source) = 0.65813
GMRES converged at restart # 3; iteration #3 with error: 9.04077e-07
  [Cycle 153] Particle sorting: ON
*** B CALCULATION [GPU] ***
Execution time cycle: 291.18 ms  [sort=0.035479 field=162.352 da_wait=0.00015 mover+out=0.032032 exchange+sort+moments=50.2205 B=71.7112 momentsAwait=6.82831 outCopy=0.000241]
 ======= Cycle 154 ======= 
*** E CALCULATION [GPU] ***
*** MAXWELL SOLVER [GPU] ***
Initial residual: 0.415969 norm b vector (source) = 0.658243
GMRES converged at restart # 3; iteration #4 with error: 6.57736e-07
  [Cycle 154] Particle sorting: ON
*** B CALCULATION [GPU] ***
Execution time cycle: 293.608 ms  [sort=0.034466 field=164.855 da_wait=0.00014 mover+out=0.033004 exchange+sort+moments=50.211 B=71.7137 momentsAwait=6.76 outCopy=0.000762]
 ======= Cycle 155 ======= 
*** E CALCULATION [GPU] ***
*** MAXWELL SOLVER [GPU] ***
Initial residual: 0.416186 norm b vector (source) = 0.658487
GMRES converged at restart # 3; iteration #4 with error: 7.38389e-07
  [Cycle 155] Particle sorting: ON
*** B CALCULATION [GPU] ***
Execution time cycle: 293.481 ms  [sort=0.040217 field=164.815 da_wait=0.00013 mover+out=0.033575 exchange+sort+moments=50.0378 B=71.734 momentsAwait=6.81931 outCopy=0.00025]
 ======= Cycle 156 ======= 
*** E CALCULATION [GPU] ***
*** MAXWELL SOLVER [GPU] ***
Initial residual: 0.41646 norm b vector (source) = 0.658936
GMRES converged at restart # 3; iteration #4 with error: 8.00911e-07
  [Cycle 156] Particle sorting: ON
*** B CALCULATION [GPU] ***
Execution time cycle: 294.472 ms  [sort=0.034266 field=165.567 da_wait=0.000121 mover+out=0.032122 exchange+sort+moments=50.0483 B=71.9343 momentsAwait=6.8557 outCopy=0.00024]
 ======= Cycle 157 ======= 
*** E CALCULATION [GPU] ***
*** MAXWELL SOLVER [GPU] ***
Initial residual: 0.416593 norm b vector (source) = 0.659163
GMRES converged at restart # 3; iteration #4 with error: 8.23072e-07
  [Cycle 157] Particle sorting: ON
*** B CALCULATION [GPU] ***
Execution time cycle: 294.653 ms  [sort=0.03642 field=165.206 da_wait=0.00012 mover+out=0.029818 exchange+sort+moments=50.7482 B=71.8525 momentsAwait=6.77951 outCopy=0.00024]
 ======= Cycle 158 ======= 
*** E CALCULATION [GPU] ***
*** MAXWELL SOLVER [GPU] ***
Initial residual: 0.416605 norm b vector (source) = 0.65916
GMRES converged at restart # 3; iteration #4 with error: 7.94519e-07
  [Cycle 158] Particle sorting: ON
*** B CALCULATION [GPU] ***
Execution time cycle: 294.079 ms  [sort=0.03105 field=164.983 da_wait=0.00012 mover+out=0.031602 exchange+sort+moments=50.2814 B=71.8707 momentsAwait=6.88094 outCopy=0.00024]
 ======= Cycle 159 ======= 
*** E CALCULATION [GPU] ***
*** MAXWELL SOLVER [GPU] ***
Initial residual: 0.41653 norm b vector (source) = 0.658968
GMRES converged at restart # 3; iteration #4 with error: 7.20618e-07
  [Cycle 159] Particle sorting: ON
*** B CALCULATION [GPU] ***
Execution time cycle: 293.871 ms  [sort=0.034768 field=164.982 da_wait=0.000281 mover+out=0.030419 exchange+sort+moments=50.1756 B=71.8264 momentsAwait=6.82159 outCopy=0.000241]
 ======= Cycle 160 ======= 
*** E CALCULATION [GPU] ***
*** MAXWELL SOLVER [GPU] ***
Initial residual: 0.416212 norm b vector (source) = 0.65854
GMRES converged at restart # 3; iteration #3 with error: 9.64739e-07
  [Cycle 160] Particle sorting: ON
*** B CALCULATION [GPU] ***
Execution time cycle: 291.085 ms  [sort=0.031531 field=162.427 da_wait=0.00022 mover+out=0.031952 exchange+sort+moments=50.2315 B=71.7485 momentsAwait=6.61394 outCopy=0.00025]
 ======= Cycle 161 ======= 
*** E CALCULATION [GPU] ***
*** MAXWELL SOLVER [GPU] ***
Initial residual: 0.415789 norm b vector (source) = 0.658073
GMRES converged at restart # 3; iteration #3 with error: 8.63061e-07
  [Cycle 161] Particle sorting: ON
*** B CALCULATION [GPU] ***
Execution time cycle: 288.724 ms  [sort=0.029848 field=159.777 da_wait=0.000121 mover+out=0.028946 exchange+sort+moments=50.4031 B=71.6607 momentsAwait=6.82361 outCopy=0.000441]
 ======= Cycle 162 ======= 
*** E CALCULATION [GPU] ***
*** MAXWELL SOLVER [GPU] ***
Initial residual: 0.415588 norm b vector (source) = 0.657885
GMRES converged at restart # 3; iteration #3 with error: 7.09246e-07
  [Cycle 162] Particle sorting: ON
*** B CALCULATION [GPU] ***
Execution time cycle: 289.423 ms  [sort=0.037172 field=159.78 da_wait=0.00013 mover+out=0.034757 exchange+sort+moments=51.1047 B=71.6789 momentsAwait=6.78779 outCopy=0.000231]
 ======= Cycle 163 ======= 
*** E CALCULATION [GPU] ***
*** MAXWELL SOLVER [GPU] ***
Initial residual: 0.415551 norm b vector (source) = 0.658058
GMRES converged at restart # 3; iteration #2 with error: 8.69851e-07
  [Cycle 163] Particle sorting: ON
*** B CALCULATION [GPU] ***
Execution time cycle: 286.028 ms  [sort=0.03596 field=157.144 da_wait=0.000121 mover+out=0.03139 exchange+sort+moments=50.3301 B=71.7817 momentsAwait=6.70391 outCopy=0.000251]
 ======= Cycle 164 ======= 
*** E CALCULATION [GPU] ***
*** MAXWELL SOLVER [GPU] ***
Initial residual: 0.415509 norm b vector (source) = 0.658409
GMRES converged at restart # 3; iteration #1 with error: 9.44482e-07
  [Cycle 164] Particle sorting: ON
*** B CALCULATION [GPU] ***
Execution time cycle: 284.004 ms  [sort=0.033936 field=154.802 da_wait=0.00012 mover+out=0.031812 exchange+sort+moments=50.477 B=71.7888 momentsAwait=6.86985 outCopy=0.000331]
 ======= Cycle 165 ======= 
*** E CALCULATION [GPU] ***
*** MAXWELL SOLVER [GPU] ***
Initial residual: 0.415483 norm b vector (source) = 0.65861
GMRES converged at restart # 3; iteration #1 with error: 9.19662e-07
  [Cycle 165] Particle sorting: ON
*** B CALCULATION [GPU] ***
Execution time cycle: 284.382 ms  [sort=0.038424 field=155.105 da_wait=0.00014 mover+out=0.031731 exchange+sort+moments=50.4995 B=71.9013 momentsAwait=6.80609 outCopy=0.000361]
 ======= Cycle 166 ======= 
*** E CALCULATION [GPU] ***
*** MAXWELL SOLVER [GPU] ***
Initial residual: 0.415716 norm b vector (source) = 0.658733
GMRES converged at restart # 3; iteration #1 with error: 9.75348e-07
  [Cycle 166] Particle sorting: ON
*** B CALCULATION [GPU] ***
Execution time cycle: 284.204 ms  [sort=0.034868 field=154.798 da_wait=0.00013 mover+out=0.028515 exchange+sort+moments=50.9206 B=71.7511 momentsAwait=6.67063 outCopy=0.00025]
 ======= Cycle 167 ======= 
*** E CALCULATION [GPU] ***
*** MAXWELL SOLVER [GPU] ***
Initial residual: 0.415925 norm b vector (source) = 0.658723
GMRES converged at restart # 3; iteration #2 with error: 9.08272e-07
  [Cycle 167] Particle sorting: ON
*** B CALCULATION [GPU] ***
Execution time cycle: 286.802 ms  [sort=0.035239 field=157.441 da_wait=0.00014 mover+out=0.030639 exchange+sort+moments=50.5899 B=71.8895 momentsAwait=6.81578 outCopy=0.000241]
 ======= Cycle 168 ======= 
*** E CALCULATION [GPU] ***
*** MAXWELL SOLVER [GPU] ***
Initial residual: 0.416451 norm b vector (source) = 0.65895
GMRES converged at restart # 3; iteration #3 with error: 7.32295e-07
  [Cycle 168] Particle sorting: ON
*** B CALCULATION [GPU] ***
Execution time cycle: 288.463 ms  [sort=0.034527 field=160.029 da_wait=0.00018 mover+out=0.029607 exchange+sort+moments=49.726 B=71.883 momentsAwait=6.76087 outCopy=0.00032]
 ======= Cycle 169 ======= 
*** E CALCULATION [GPU] ***
*** MAXWELL SOLVER [GPU] ***
Initial residual: 0.417049 norm b vector (source) = 0.659362
GMRES converged at restart # 3; iteration #3 with error: 8.76432e-07
  [Cycle 169] Particle sorting: ON
*** B CALCULATION [GPU] ***
Execution time cycle: 288.707 ms  [sort=0.034607 field=159.872 da_wait=0.000131 mover+out=0.032292 exchange+sort+moments=50.259 B=71.7026 momentsAwait=6.80673 outCopy=0.00042]
 ======= Cycle 170 ======= 
*** E CALCULATION [GPU] ***
*** MAXWELL SOLVER [GPU] ***
Initial residual: 0.417446 norm b vector (source) = 0.659809
GMRES converged at restart # 3; iteration #3 with error: 9.49087e-07
  [Cycle 170] Particle sorting: ON
*** B CALCULATION [GPU] ***
Execution time cycle: 292.691 ms  [sort=0.030759 field=163.383 da_wait=0.00013 mover+out=0.034958 exchange+sort+moments=50.6937 B=71.7326 momentsAwait=6.81617 outCopy=0.000281]
 ======= Cycle 171 ======= 
*** E CALCULATION [GPU] ***
*** MAXWELL SOLVER [GPU] ***
Initial residual: 0.417395 norm b vector (source) = 0.659936
GMRES converged at restart # 3; iteration #4 with error: 6.75443e-07
  [Cycle 171] Particle sorting: ON
*** B CALCULATION [GPU] ***
Execution time cycle: 294.569 ms  [sort=0.038374 field=164.981 da_wait=0.00013 mover+out=0.033926 exchange+sort+moments=51.0262 B=71.6928 momentsAwait=6.79629 outCopy=0.000241]
 ======= Cycle 172 ======= 
*** E CALCULATION [GPU] ***
*** MAXWELL SOLVER [GPU] ***
Initial residual: 0.417288 norm b vector (source) = 0.659832
GMRES converged at restart # 3; iteration #4 with error: 7.03947e-07
  [Cycle 172] Particle sorting: ON
*** B CALCULATION [GPU] ***
Execution time cycle: 293.942 ms  [sort=0.032122 field=164.997 da_wait=0.00022 mover+out=0.031281 exchange+sort+moments=50.2982 B=71.7422 momentsAwait=6.84058 outCopy=0.00023]
 ======= Cycle 173 ======= 
*** E CALCULATION [GPU] ***
*** MAXWELL SOLVER [GPU] ***
Initial residual: 0.417232 norm b vector (source) = 0.659677
GMRES converged at restart # 3; iteration #4 with error: 6.81535e-07
  [Cycle 173] Particle sorting: ON
*** B CALCULATION [GPU] ***
Execution time cycle: 294.188 ms  [sort=0.04126 field=165.124 da_wait=0.00013 mover+out=0.03094 exchange+sort+moments=50.3094 B=71.7251 momentsAwait=6.95632 outCopy=0.000271]
 ======= Cycle 174 ======= 
*** E CALCULATION [GPU] ***
*** MAXWELL SOLVER [GPU] ***
Initial residual: 0.417126 norm b vector (source) = 0.659614
GMRES converged at restart # 3; iteration #3 with error: 9.69518e-07
  [Cycle 174] Particle sorting: ON
*** B CALCULATION [GPU] ***
Execution time cycle: 291.702 ms  [sort=0.035088 field=162.53 da_wait=0.00012 mover+out=0.029056 exchange+sort+moments=50.5278 B=71.8486 momentsAwait=6.73025 outCopy=0.000401]
 ======= Cycle 175 ======= 
*** E CALCULATION [GPU] ***
*** MAXWELL SOLVER [GPU] ***
Initial residual: 0.417147 norm b vector (source) = 0.659744
GMRES converged at restart # 3; iteration #3 with error: 9.06465e-07
  [Cycle 175] Particle sorting: ON
*** B CALCULATION [GPU] ***
Execution time cycle: 289.243 ms  [sort=0.035829 field=159.679 da_wait=0.00013 mover+out=0.0311 exchange+sort+moments=50.9207 B=71.8525 momentsAwait=6.72403 outCopy=0.000411]
 ======= Cycle 176 ======= 
*** E CALCULATION [GPU] ***
*** MAXWELL SOLVER [GPU] ***
Initial residual: 0.417041 norm b vector (source) = 0.659875
GMRES converged at restart # 3; iteration #3 with error: 7.59024e-07
  [Cycle 176] Particle sorting: ON
*** B CALCULATION [GPU] ***
Execution time cycle: 289.999 ms  [sort=0.035548 field=160.273 da_wait=0.00015 mover+out=0.034076 exchange+sort+moments=50.814 B=71.9864 momentsAwait=6.85561 outCopy=0.000321]
 ======= Cycle 177 ======= 
*** E CALCULATION [GPU] ***
*** MAXWELL SOLVER [GPU] ***
Initial residual: 0.417066 norm b vector (source) = 0.660195
GMRES converged at restart # 3; iteration #2 with error: 9.33763e-07
  [Cycle 177] Particle sorting: ON
*** B CALCULATION [GPU] ***
Execution time cycle: 522.619 ms  [sort=0.035458 field=393.516 da_wait=0.00013 mover+out=0.035138 exchange+sort+moments=50.459 B=71.8709 momentsAwait=6.7026 outCopy=0.00034]
 ======= Cycle 178 ======= 
*** E CALCULATION [GPU] ***
*** MAXWELL SOLVER [GPU] ***
Initial residual: 0.417038 norm b vector (source) = 0.660451
GMRES converged at restart # 3; iteration #1 with error: 9.86056e-07
  [Cycle 178] Particle sorting: ON
*** B CALCULATION [GPU] ***
Execution time cycle: 283.782 ms  [sort=0.03641 field=154.945 da_wait=0.00012 mover+out=0.030159 exchange+sort+moments=50.2769 B=71.8533 momentsAwait=6.6398 outCopy=0.00026]
 ======= Cycle 179 ======= 
*** E CALCULATION [GPU] ***
*** MAXWELL SOLVER [GPU] ***
Initial residual: 0.417073 norm b vector (source) = 0.660508
GMRES converged at restart # 3; iteration #1 with error: 9.01889e-07
  [Cycle 179] Particle sorting: ON
*** B CALCULATION [GPU] ***
Execution time cycle: 284.43 ms  [sort=0.030379 field=154.894 da_wait=0.00012 mover+out=0.034126 exchange+sort+moments=50.7272 B=71.8651 momentsAwait=6.87887 outCopy=0.000311]
 ======= Cycle 180 ======= 
*** E CALCULATION [GPU] ***
*** MAXWELL SOLVER [GPU] ***
Initial residual: 0.417005 norm b vector (source) = 0.660313
GMRES converged at restart # 3; iteration #1 with error: 8.94806e-07
  [Cycle 180] Particle sorting: ON
*** B CALCULATION [GPU] ***
Execution time cycle: 285.366 ms  [sort=0.032834 field=155.29 da_wait=0.000131 mover+out=0.032342 exchange+sort+moments=51.3369 B=71.881 momentsAwait=6.79242 outCopy=0.000261]
 ======= Cycle 181 ======= 
*** E CALCULATION [GPU] ***
*** MAXWELL SOLVER [GPU] ***
Initial residual: 0.41682 norm b vector (source) = 0.65976
GMRES converged at restart # 3; iteration #1 with error: 9.55369e-07
  [Cycle 181] Particle sorting: ON
*** B CALCULATION [GPU] ***
Execution time cycle: 283.979 ms  [sort=0.036841 field=154.743 da_wait=0.00013 mover+out=0.0359 exchange+sort+moments=50.4018 B=71.9004 momentsAwait=6.86085 outCopy=0.00024]
 ======= Cycle 182 ======= 
*** E CALCULATION [GPU] ***
*** MAXWELL SOLVER [GPU] ***
Initial residual: 0.417141 norm b vector (source) = 0.6596
GMRES converged at restart # 3; iteration #2 with error: 8.78949e-07
  [Cycle 182] Particle sorting: ON
*** B CALCULATION [GPU] ***
Execution time cycle: 286.161 ms  [sort=0.034788 field=157.178 da_wait=0.00016 mover+out=0.033555 exchange+sort+moments=50.1344 B=72.0191 momentsAwait=6.76113 outCopy=0.00023]
 ======= Cycle 183 ======= 
*** E CALCULATION [GPU] ***
*** MAXWELL SOLVER [GPU] ***
Initial residual: 0.417184 norm b vector (source) = 0.659401
GMRES converged at restart # 4; iteration #0 with error: 8.59464e-07
  [Cycle 183] Particle sorting: ON
*** B CALCULATION [GPU] ***
Execution time cycle: 291.01 ms  [sort=0.032904 field=161.62 da_wait=0.00015 mover+out=0.034787 exchange+sort+moments=50.3804 B=72.1743 momentsAwait=6.7676 outCopy=0.00024]
 ======= Cycle 184 ======= 
*** E CALCULATION [GPU] ***
*** MAXWELL SOLVER [GPU] ***
Initial residual: 0.417333 norm b vector (source) = 0.659323
GMRES converged at restart # 3; iteration #3 with error: 7.85343e-07
  [Cycle 184] Particle sorting: ON
*** B CALCULATION [GPU] ***
Execution time cycle: 289.426 ms  [sort=0.032653 field=159.631 da_wait=0.000151 mover+out=0.028936 exchange+sort+moments=51.0754 B=71.9684 momentsAwait=6.68949 outCopy=0.000341]
 ======= Cycle 185 ======= 
*** E CALCULATION [GPU] ***
*** MAXWELL SOLVER [GPU] ***
Initial residual: 0.417283 norm b vector (source) = 0.659151
GMRES converged at restart # 3; iteration #3 with error: 8.76501e-07
  [Cycle 185] Particle sorting: ON
*** B CALCULATION [GPU] ***
Execution time cycle: 289.073 ms  [sort=0.035699 field=159.424 da_wait=0.000161 mover+out=0.032553 exchange+sort+moments=50.7214 B=72.0604 momentsAwait=6.79823 outCopy=0.00035]
 ======= Cycle 186 ======= 
*** E CALCULATION [GPU] ***
*** MAXWELL SOLVER [GPU] ***
Initial residual: 0.41738 norm b vector (source) = 0.659049
GMRES converged at restart # 3; iteration #3 with error: 9.30312e-07
  [Cycle 186] Particle sorting: ON
*** B CALCULATION [GPU] ***
Execution time cycle: 289.254 ms  [sort=0.033465 field=160.034 da_wait=0.00015 mover+out=0.03125 exchange+sort+moments=50.3478 B=71.9261 momentsAwait=6.88161 outCopy=0.000261]
 ======= Cycle 187 ======= 
*** E CALCULATION [GPU] ***
*** MAXWELL SOLVER [GPU] ***
Initial residual: 0.417799 norm b vector (source) = 0.65926
GMRES converged at restart # 3; iteration #3 with error: 8.66829e-07
  [Cycle 187] Particle sorting: ON
*** B CALCULATION [GPU] ***
Execution time cycle: 292.256 ms  [sort=0.031612 field=162.449 da_wait=0.00014 mover+out=0.032784 exchange+sort+moments=50.9295 B=72.0139 momentsAwait=6.79832 outCopy=0.00026]
 ======= Cycle 188 ======= 
*** E CALCULATION [GPU] ***
*** MAXWELL SOLVER [GPU] ***
Initial residual: 0.418496 norm b vector (source) = 0.659966
GMRES converged at restart # 3; iteration #3 with error: 8.80696e-07
  [Cycle 188] Particle sorting: ON
*** B CALCULATION [GPU] ***
Execution time cycle: 289.327 ms  [sort=0.029257 field=159.493 da_wait=0.00012 mover+out=0.034146 exchange+sort+moments=50.8722 B=72.1041 momentsAwait=6.79398 outCopy=0.00023]
 ======= Cycle 189 ======= 
*** E CALCULATION [GPU] ***
*** MAXWELL SOLVER [GPU] ***
Initial residual: 0.418736 norm b vector (source) = 0.660556
GMRES converged at restart # 3; iteration #3 with error: 7.78552e-07
  [Cycle 189] Particle sorting: ON
*** B CALCULATION [GPU] ***
Execution time cycle: 290.942 ms  [sort=0.031491 field=160.713 da_wait=0.00013 mover+out=0.032754 exchange+sort+moments=51.2706 B=71.9491 momentsAwait=6.94476 outCopy=0.000281]
 ======= Cycle 190 ======= 
*** E CALCULATION [GPU] ***
*** MAXWELL SOLVER [GPU] ***
Initial residual: 0.418638 norm b vector (source) = 0.660855
GMRES converged at restart # 3; iteration #2 with error: 9.65373e-07
  [Cycle 190] Particle sorting: ON
*** B CALCULATION [GPU] ***
Execution time cycle: 286.701 ms  [sort=0.037953 field=157.493 da_wait=0.00012 mover+out=0.027594 exchange+sort+moments=50.3807 B=71.9024 momentsAwait=6.8584 outCopy=0.00027]
 ======= Cycle 191 ======= 
*** E CALCULATION [GPU] ***
*** MAXWELL SOLVER [GPU] ***
Initial residual: 0.418684 norm b vector (source) = 0.661276
GMRES converged at restart # 3; iteration #1 with error: 9.63498e-07
  [Cycle 191] Particle sorting: ON
*** B CALCULATION [GPU] ***
Execution time cycle: 283.955 ms  [sort=0.03626 field=154.864 da_wait=0.00012 mover+out=0.028696 exchange+sort+moments=50.1943 B=71.9678 momentsAwait=6.86401 outCopy=0.00024]
 ======= Cycle 192 ======= 
*** E CALCULATION [GPU] ***
*** MAXWELL SOLVER [GPU] ***
Initial residual: 0.418391 norm b vector (source) = 0.661448
GMRES converged at restart # 3; iteration #1 with error: 8.83449e-07
  [Cycle 192] Particle sorting: ON
*** B CALCULATION [GPU] ***
Execution time cycle: 284.083 ms  [sort=0.032894 field=154.235 da_wait=0.000121 mover+out=0.029567 exchange+sort+moments=50.5921 B=72.0876 momentsAwait=7.106 outCopy=0.00024]
 ======= Cycle 193 ======= 
*** E CALCULATION [GPU] ***
*** MAXWELL SOLVER [GPU] ***
Initial residual: 0.417841 norm b vector (source) = 0.661181
GMRES converged at restart # 3; iteration #0 with error: 9.1216e-07
  [Cycle 193] Particle sorting: ON
*** B CALCULATION [GPU] ***
Execution time cycle: 280.933 ms  [sort=0.041731 field=150.85 da_wait=0.000161 mover+out=0.029847 exchange+sort+moments=50.9246 B=72.0302 momentsAwait=7.05615 outCopy=0.00024]
 ======= Cycle 194 ======= 
*** E CALCULATION [GPU] ***
*** MAXWELL SOLVER [GPU] ***
Initial residual: 0.41731 norm b vector (source) = 0.660594
GMRES converged at restart # 2; iteration #9 with error: 9.92476e-07
  [Cycle 194] Particle sorting: ON
*** B CALCULATION [GPU] ***
Execution time cycle: 276.994 ms  [sort=0.03601 field=146.844 da_wait=0.00012 mover+out=0.029387 exchange+sort+moments=50.746 B=72.2389 momentsAwait=7.09889 outCopy=0.000231]
 ======= Cycle 195 ======= 
*** E CALCULATION [GPU] ***
*** MAXWELL SOLVER [GPU] ***
Initial residual: 0.417035 norm b vector (source) = 0.659981
GMRES converged at restart # 2; iteration #9 with error: 9.61428e-07
  [Cycle 195] Particle sorting: ON
*** B CALCULATION [GPU] ***
Execution time cycle: 275.778 ms  [sort=0.031691 field=146.691 da_wait=0.000131 mover+out=0.028405 exchange+sort+moments=50.061 B=72.0261 momentsAwait=6.94014 outCopy=0.000401]
 ======= Cycle 196 ======= 
*** E CALCULATION [GPU] ***
*** MAXWELL SOLVER [GPU] ***
Initial residual: 0.417052 norm b vector (source) = 0.659584
GMRES converged at restart # 2; iteration #9 with error: 9.98867e-07
  [Cycle 196] Particle sorting: ON
*** B CALCULATION [GPU] ***
Execution time cycle: 276.035 ms  [sort=0.031852 field=146.719 da_wait=0.000141 mover+out=0.030278 exchange+sort+moments=50.2801 B=72.0846 momentsAwait=6.88856 outCopy=0.000341]
 ======= Cycle 197 ======= 
*** E CALCULATION [GPU] ***
*** MAXWELL SOLVER [GPU] ***
Initial residual: 0.417202 norm b vector (source) = 0.659379
GMRES converged at restart # 3; iteration #0 with error: 9.17981e-07
  [Cycle 197] Particle sorting: ON
*** B CALCULATION [GPU] ***
Execution time cycle: 280.31 ms  [sort=0.032072 field=150.618 da_wait=0.000121 mover+out=0.038384 exchange+sort+moments=50.5284 B=72.0156 momentsAwait=7.07778 outCopy=0.000241]
 ======= Cycle 198 ======= 
*** E CALCULATION [GPU] ***
*** MAXWELL SOLVER [GPU] ***
Initial residual: 0.417558 norm b vector (source) = 0.659535
GMRES converged at restart # 3; iteration #1 with error: 8.70267e-07
  [Cycle 198] Particle sorting: ON
*** B CALCULATION [GPU] ***
Execution time cycle: 283.016 ms  [sort=0.032473 field=153.267 da_wait=0.000231 mover+out=0.03116 exchange+sort+moments=50.8188 B=71.8996 momentsAwait=6.96636 outCopy=0.00023]
 ======= Cycle 199 ======= 
*** E CALCULATION [GPU] ***
*** MAXWELL SOLVER [GPU] ***
Initial residual: 0.41793 norm b vector (source) = 0.659906
GMRES converged at restart # 3; iteration #1 with error: 8.97125e-07
  [Cycle 199] Particle sorting: ON
*** B CALCULATION [GPU] ***
Execution time cycle: 1843.74 ms  [sort=0.03091 field=156.271 da_wait=0.00012 mover+out=0.031712 exchange+sort+moments=50.3498 B=72.004 momentsAwait=6.9709 outCopy=1558.08]
 ======= Cycle 200 ======= 
*** E CALCULATION [GPU] ***
*** MAXWELL SOLVER [GPU] ***
Initial residual: 0.418028 norm b vector (source) = 0.660096
GMRES converged at restart # 3; iteration #2 with error: 8.34786e-07
  [Cycle 200] Particle sorting: ON
*** B CALCULATION [GPU] ***
Execution time cycle: 2912.28 ms  [sort=60.0885 field=1002.93 da_wait=0.001232 mover+out=1741.44 exchange+sort+moments=28.7199 B=72.0195 momentsAwait=7.0833 outCopy=0.000742]
 ======= Cycle 201 ======= 
*** E CALCULATION [GPU] ***
*** MAXWELL SOLVER [GPU] ***
Initial residual: 0.418041 norm b vector (source) = 0.660062
GMRES converged at restart # 3; iteration #2 with error: 9.06337e-07
  [Cycle 201] Particle sorting: ON
*** B CALCULATION [GPU] ***
Execution time cycle: 289.244 ms  [sort=0.054035 field=159.372 da_wait=0.00029 mover+out=0.037242 exchange+sort+moments=50.6188 B=72.1545 momentsAwait=7.00674 outCopy=0.000351]
 ======= Cycle 202 ======= 
*** E CALCULATION [GPU] ***
*** MAXWELL SOLVER [GPU] ***
Initial residual: 0.418043 norm b vector (source) = 0.660001
GMRES converged at restart # 3; iteration #2 with error: 9.24346e-07
  [Cycle 202] Particle sorting: ON
*** B CALCULATION [GPU] ***
Execution time cycle: 288.555 ms  [sort=0.042812 field=158.986 da_wait=0.00012 mover+out=0.030519 exchange+sort+moments=50.2946 B=72.1774 momentsAwait=7.02323 outCopy=0.000251]
 ======= Cycle 203 ======= 
*** E CALCULATION [GPU] ***
*** MAXWELL SOLVER [GPU] ***
Initial residual: 0.417711 norm b vector (source) = 0.659624
GMRES converged at restart # 3; iteration #2 with error: 8.84153e-07
  [Cycle 203] Particle sorting: ON
*** B CALCULATION [GPU] ***
Execution time cycle: 288.359 ms  [sort=0.037974 field=158.562 da_wait=0.000121 mover+out=0.036049 exchange+sort+moments=50.5947 B=72.1183 momentsAwait=7.00887 outCopy=0.000341]
 ======= Cycle 204 ======= 
*** E CALCULATION [GPU] ***
*** MAXWELL SOLVER [GPU] ***
Initial residual: 0.417714 norm b vector (source) = 0.659499
GMRES converged at restart # 3; iteration #1 with error: 9.73766e-07
  [Cycle 204] Particle sorting: ON
*** B CALCULATION [GPU] ***
Execution time cycle: 285.694 ms  [sort=0.034557 field=156.159 da_wait=0.00012 mover+out=0.033766 exchange+sort+moments=50.2589 B=72.1431 momentsAwait=7.06484 outCopy=0.00027]
 ======= Cycle 205 ======= 
*** E CALCULATION [GPU] ***
*** MAXWELL SOLVER [GPU] ***
Initial residual: 0.417703 norm b vector (source) = 0.659612
GMRES converged at restart # 3; iteration #0 with error: 9.59627e-07
  [Cycle 205] Particle sorting: ON
*** B CALCULATION [GPU] ***
Execution time cycle: 282.907 ms  [sort=0.035579 field=153.528 da_wait=0.00014 mover+out=0.028435 exchange+sort+moments=50.1732 B=72.0628 momentsAwait=7.07901 outCopy=0.000251]
 ======= Cycle 206 ======= 
*** E CALCULATION [GPU] ***
*** MAXWELL SOLVER [GPU] ***
Initial residual: 0.417908 norm b vector (source) = 0.660072
GMRES converged at restart # 3; iteration #0 with error: 9.56224e-07
  [Cycle 206] Particle sorting: ON
*** B CALCULATION [GPU] ***
Execution time cycle: 280.674 ms  [sort=0.04676 field=150.885 da_wait=0.00013 mover+out=0.031561 exchange+sort+moments=50.4441 B=72.4837 momentsAwait=6.78285 outCopy=0.000241]
 ======= Cycle 207 ======= 
*** E CALCULATION [GPU] ***
*** MAXWELL SOLVER [GPU] ***
Initial residual: 0.417984 norm b vector (source) = 0.660627
GMRES converged at restart # 2; iteration #9 with error: 9.82211e-07
  [Cycle 207] Particle sorting: ON
*** B CALCULATION [GPU] ***
Execution time cycle: 275.381 ms  [sort=0.033906 field=145.938 da_wait=0.00012 mover+out=0.032022 exchange+sort+moments=50.2086 B=72.1778 momentsAwait=6.99027 outCopy=0.00024]
 ======= Cycle 208 ======= 
*** E CALCULATION [GPU] ***
*** MAXWELL SOLVER [GPU] ***
Initial residual: 0.417837 norm b vector (source) = 0.660991
GMRES converged at restart # 2; iteration #9 with error: 8.87379e-07
  [Cycle 208] Particle sorting: ON
*** B CALCULATION [GPU] ***
Execution time cycle: 271.753 ms  [sort=0.03617 field=142.734 da_wait=0.00013 mover+out=0.031451 exchange+sort+moments=49.9572 B=72.2178 momentsAwait=6.77555 outCopy=0.000321]
 ======= Cycle 209 ======= 
*** E CALCULATION [GPU] ***
*** MAXWELL SOLVER [GPU] ***
Initial residual: 0.417583 norm b vector (source) = 0.661009
GMRES converged at restart # 2; iteration #9 with error: 8.25813e-07
  [Cycle 209] Particle sorting: ON
*** B CALCULATION [GPU] ***
Execution time cycle: 272.31 ms  [sort=0.037242 field=142.905 da_wait=0.00014 mover+out=0.029928 exchange+sort+moments=50.0099 B=72.4227 momentsAwait=6.9056 outCopy=0.00024]
 ======= Cycle 210 ======= 
*** E CALCULATION [GPU] ***
*** MAXWELL SOLVER [GPU] ***
Initial residual: 0.417388 norm b vector (source) = 0.660705
GMRES converged at restart # 2; iteration #9 with error: 8.27014e-07
  [Cycle 210] Particle sorting: ON
*** B CALCULATION [GPU] ***
Execution time cycle: 272.264 ms  [sort=0.032493 field=142.554 da_wait=0.00012 mover+out=0.028285 exchange+sort+moments=50.5152 B=72.286 momentsAwait=6.84714 outCopy=0.000241]
 ======= Cycle 211 ======= 
*** E CALCULATION [GPU] ***
*** MAXWELL SOLVER [GPU] ***
Initial residual: 0.417133 norm b vector (source) = 0.6601
GMRES converged at restart # 2; iteration #9 with error: 8.89542e-07
  [Cycle 211] Particle sorting: ON
*** B CALCULATION [GPU] ***
Execution time cycle: 272.093 ms  [sort=0.033865 field=142.755 da_wait=0.00012 mover+out=0.033054 exchange+sort+moments=50.1132 B=72.2988 momentsAwait=6.85822 outCopy=0.000561]
 ======= Cycle 212 ======= 
*** E CALCULATION [GPU] ***
*** MAXWELL SOLVER [GPU] ***
Initial residual: 0.416932 norm b vector (source) = 0.659335
GMRES converged at restart # 2; iteration #9 with error: 9.77998e-07
  [Cycle 212] Particle sorting: ON
*** B CALCULATION [GPU] ***
Execution time cycle: 275.295 ms  [sort=0.03626 field=146.174 da_wait=0.00012 mover+out=0.028184 exchange+sort+moments=49.9576 B=72.2401 momentsAwait=6.85802 outCopy=0.00025]
 ======= Cycle 213 ======= 
*** E CALCULATION [GPU] ***
*** MAXWELL SOLVER [GPU] ***
Initial residual: 0.416884 norm b vector (source) = 0.658712
GMRES converged at restart # 3; iteration #0 with error: 9.3455e-07
  [Cycle 213] Particle sorting: ON
*** B CALCULATION [GPU] ***
Execution time cycle: 279.587 ms  [sort=0.034948 field=150.14 da_wait=0.00013 mover+out=0.030118 exchange+sort+moments=50.0303 B=72.578 momentsAwait=6.77362 outCopy=0.000281]
 ======= Cycle 214 ======= 
*** E CALCULATION [GPU] ***
*** MAXWELL SOLVER [GPU] ***
Initial residual: 0.416907 norm b vector (source) = 0.658314
GMRES converged at restart # 3; iteration #1 with error: 8.86388e-07
  [Cycle 214] Particle sorting: ON
*** B CALCULATION [GPU] ***
Execution time cycle: 282.66 ms  [sort=0.034367 field=152.671 da_wait=0.00012 mover+out=0.028214 exchange+sort+moments=50.3985 B=72.5408 momentsAwait=6.98693 outCopy=0.000261]
 ======= Cycle 215 ======= 
*** E CALCULATION [GPU] ***
*** MAXWELL SOLVER [GPU] ***
Initial residual: 0.416989 norm b vector (source) = 0.658235
GMRES converged at restart # 3; iteration #1 with error: 8.79385e-07
  [Cycle 215] Particle sorting: ON
*** B CALCULATION [GPU] ***
Execution time cycle: 285.215 ms  [sort=0.03093 field=155.483 da_wait=0.000141 mover+out=0.033294 exchange+sort+moments=50.4936 B=72.3483 momentsAwait=6.82545 outCopy=0.000241]
 ======= Cycle 216 ======= 
*** E CALCULATION [GPU] ***
*** MAXWELL SOLVER [GPU] ***
Initial residual: 0.417311 norm b vector (source) = 0.658501
GMRES converged at restart # 3; iteration #1 with error: 9.33431e-07
  [Cycle 216] Particle sorting: ON
*** B CALCULATION [GPU] ***
Execution time cycle: 285.569 ms  [sort=0.03598 field=155.434 da_wait=0.00019 mover+out=0.028575 exchange+sort+moments=50.8605 B=72.3968 momentsAwait=6.81257 outCopy=0.00029]
 ======= Cycle 217 ======= 
*** E CALCULATION [GPU] ***
*** MAXWELL SOLVER [GPU] ***
Initial residual: 0.417874 norm b vector (source) = 0.659151
GMRES converged at restart # 3; iteration #1 with error: 9.28216e-07
  [Cycle 217] Particle sorting: ON
*** B CALCULATION [GPU] ***
Execution time cycle: 284.663 ms  [sort=0.040358 field=155.44 da_wait=0.000141 mover+out=0.028505 exchange+sort+moments=49.8091 B=72.3634 momentsAwait=6.98126 outCopy=0.000291]
 ======= Cycle 218 ======= 
*** E CALCULATION [GPU] ***
*** MAXWELL SOLVER [GPU] ***
Initial residual: 0.418329 norm b vector (source) = 0.659864
GMRES converged at restart # 3; iteration #0 with error: 9.98729e-07
  [Cycle 218] Particle sorting: ON
*** B CALCULATION [GPU] ***
Execution time cycle: 282.533 ms  [sort=0.031451 field=153.091 da_wait=0.00013 mover+out=0.032534 exchange+sort+moments=49.8272 B=72.6147 momentsAwait=6.93616 outCopy=0.000261]
 ======= Cycle 219 ======= 
*** E CALCULATION [GPU] ***
*** MAXWELL SOLVER [GPU] ***
Initial residual: 0.418557 norm b vector (source) = 0.660483
GMRES converged at restart # 3; iteration #1 with error: 8.61496e-07
  [Cycle 219] Particle sorting: ON
*** B CALCULATION [GPU] ***
Execution time cycle: 282.296 ms  [sort=0.034858 field=152.58 da_wait=0.00029 mover+out=0.037232 exchange+sort+moments=50.3018 B=72.3838 momentsAwait=6.95819 outCopy=0.000231]
 ======= Cycle 220 ======= 
*** E CALCULATION [GPU] ***
*** MAXWELL SOLVER [GPU] ***
Initial residual: 0.418381 norm b vector (source) = 0.660732
GMRES converged at restart # 3; iteration #0 with error: 8.87131e-07
  [Cycle 220] Particle sorting: ON
*** B CALCULATION [GPU] ***
Execution time cycle: 280.1 ms  [sort=0.035208 field=150.385 da_wait=0.00013 mover+out=0.03593 exchange+sort+moments=50.3272 B=72.4228 momentsAwait=6.89313 outCopy=0.00027]
 ======= Cycle 221 ======= 
*** E CALCULATION [GPU] ***
*** MAXWELL SOLVER [GPU] ***
Initial residual: 0.417901 norm b vector (source) = 0.660567
GMRES converged at restart # 2; iteration #9 with error: 8.9199e-07
  [Cycle 221] Particle sorting: ON
*** B CALCULATION [GPU] ***
Execution time cycle: 275.849 ms  [sort=0.036411 field=146.092 da_wait=0.00012 mover+out=0.03593 exchange+sort+moments=50.2341 B=72.4983 momentsAwait=6.95161 outCopy=0.00033]
 ======= Cycle 222 ======= 
*** E CALCULATION [GPU] ***
*** MAXWELL SOLVER [GPU] ***
Initial residual: 0.41758 norm b vector (source) = 0.660332
GMRES converged at restart # 2; iteration #9 with error: 7.61895e-07
  [Cycle 222] Particle sorting: ON
*** B CALCULATION [GPU] ***
Execution time cycle: 272.138 ms  [sort=0.034908 field=142.745 da_wait=0.00012 mover+out=0.03063 exchange+sort+moments=49.8792 B=72.5173 momentsAwait=6.9308 outCopy=0.00024]
 ======= Cycle 223 ======= 
*** E CALCULATION [GPU] ***
*** MAXWELL SOLVER [GPU] ***
Initial residual: 0.41759 norm b vector (source) = 0.660308
GMRES converged at restart # 2; iteration #8 with error: 9.87577e-07
  [Cycle 223] Particle sorting: ON
*** B CALCULATION [GPU] ***
Execution time cycle: 269.55 ms  [sort=0.04084 field=140.138 da_wait=0.000121 mover+out=0.030709 exchange+sort+moments=49.852 B=72.6952 momentsAwait=6.79304 outCopy=0.00026]
 ======= Cycle 224 ======= 
*** E CALCULATION [GPU] ***
*** MAXWELL SOLVER [GPU] ***
Initial residual: 0.417563 norm b vector (source) = 0.660131
GMRES converged at restart # 2; iteration #8 with error: 9.08716e-07
  [Cycle 224] Particle sorting: ON
*** B CALCULATION [GPU] ***
Execution time cycle: 269.751 ms  [sort=0.03075 field=139.935 da_wait=0.00012 mover+out=0.032313 exchange+sort+moments=50.4222 B=72.3587 momentsAwait=6.97155 outCopy=0.00026]
 ======= Cycle 225 ======= 
*** E CALCULATION [GPU] ***
*** MAXWELL SOLVER [GPU] ***
Initial residual: 0.417415 norm b vector (source) = 0.659768
GMRES converged at restart # 2; iteration #8 with error: 8.96672e-07
  [Cycle 225] Particle sorting: ON
*** B CALCULATION [GPU] ***
Execution time cycle: 269.777 ms  [sort=0.034116 field=140.345 da_wait=0.00015 mover+out=0.028816 exchange+sort+moments=50.0242 B=72.5309 momentsAwait=6.8127 outCopy=0.000391]
 ======= Cycle 226 ======= 
*** E CALCULATION [GPU] ***
*** MAXWELL SOLVER [GPU] ***
Initial residual: 0.417234 norm b vector (source) = 0.659203
GMRES converged at restart # 2; iteration #8 with error: 9.35915e-07
  [Cycle 226] Particle sorting: ON
*** B CALCULATION [GPU] ***
Execution time cycle: 269.755 ms  [sort=0.037784 field=140.119 da_wait=0.00012 mover+out=0.03612 exchange+sort+moments=50.1362 B=72.7589 momentsAwait=6.66647 outCopy=0.000251]
 ======= Cycle 227 ======= 
*** E CALCULATION [GPU] ***
*** MAXWELL SOLVER [GPU] ***
Initial residual: 0.417384 norm b vector (source) = 0.658872
GMRES converged at restart # 3; iteration #0 with error: 8.05635e-07
  [Cycle 227] Particle sorting: ON
*** B CALCULATION [GPU] ***
Execution time cycle: 273.779 ms  [sort=0.033415 field=144.222 da_wait=0.000121 mover+out=0.034967 exchange+sort+moments=49.9126 B=72.6975 momentsAwait=6.87757 outCopy=0.00036]
 ======= Cycle 228 ======= 
*** E CALCULATION [GPU] ***
*** MAXWELL SOLVER [GPU] ***
Initial residual: 0.41726 norm b vector (source) = 0.65853
GMRES converged at restart # 2; iteration #9 with error: 7.69085e-07
  [Cycle 228] Particle sorting: ON
*** B CALCULATION [GPU] ***
Execution time cycle: 272.447 ms  [sort=0.040128 field=142.753 da_wait=0.00019 mover+out=0.035199 exchange+sort+moments=50.1902 B=72.4637 momentsAwait=6.96434 outCopy=0.00024]
 ======= Cycle 229 ======= 
*** E CALCULATION [GPU] ***
*** MAXWELL SOLVER [GPU] ***
Initial residual: 0.417153 norm b vector (source) = 0.658294
GMRES converged at restart # 2; iteration #9 with error: 8.62372e-07
  [Cycle 229] Particle sorting: ON
*** B CALCULATION [GPU] ***
Execution time cycle: 272.424 ms  [sort=0.033214 field=142.792 da_wait=0.00012 mover+out=0.033074 exchange+sort+moments=50.1227 B=72.5942 momentsAwait=6.84785 outCopy=0.000251]
 ======= Cycle 230 ======= 
*** E CALCULATION [GPU] ***
*** MAXWELL SOLVER [GPU] ***
Initial residual: 0.416906 norm b vector (source) = 0.658002
GMRES converged at restart # 2; iteration #9 with error: 9.39477e-07
  [Cycle 230] Particle sorting: ON
*** B CALCULATION [GPU] ***
Execution time cycle: 272.772 ms  [sort=0.031891 field=143.137 da_wait=0.00012 mover+out=0.029327 exchange+sort+moments=50.062 B=72.717 momentsAwait=6.79436 outCopy=0.000311]
 ======= Cycle 231 ======= 
*** E CALCULATION [GPU] ***
*** MAXWELL SOLVER [GPU] ***
Initial residual: 0.416813 norm b vector (source) = 0.657673
GMRES converged at restart # 2; iteration #9 with error: 9.5008e-07
  [Cycle 231] Particle sorting: ON
*** B CALCULATION [GPU] ***
Execution time cycle: 275.699 ms  [sort=0.038264 field=146.171 da_wait=0.00011 mover+out=0.03596 exchange+sort+moments=49.9498 B=72.7759 momentsAwait=6.72685 outCopy=0.000231]
 ======= Cycle 232 ======= 
*** E CALCULATION [GPU] ***
*** MAXWELL SOLVER [GPU] ***
Initial residual: 0.416922 norm b vector (source) = 0.657557
GMRES converged at restart # 2; iteration #9 with error: 9.36033e-07
  [Cycle 232] Particle sorting: ON
*** B CALCULATION [GPU] ***
Execution time cycle: 275.933 ms  [sort=0.03613 field=146.278 da_wait=0.000121 mover+out=0.033034 exchange+sort+moments=49.9708 B=72.7743 momentsAwait=6.83992 outCopy=0.00026]
 ======= Cycle 233 ======= 
*** E CALCULATION [GPU] ***
*** MAXWELL SOLVER [GPU] ***
Initial residual: 0.417206 norm b vector (source) = 0.657886
GMRES converged at restart # 2; iteration #9 with error: 8.93505e-07
  [Cycle 233] Particle sorting: ON
*** B CALCULATION [GPU] ***
Execution time cycle: 272.87 ms  [sort=0.030509 field=142.909 da_wait=0.000131 mover+out=0.035769 exchange+sort+moments=50.4397 B=72.5398 momentsAwait=6.9143 outCopy=0.000301]
 ======= Cycle 234 ======= 
*** E CALCULATION [GPU] ***
*** MAXWELL SOLVER [GPU] ***
Initial residual: 0.417635 norm b vector (source) = 0.658518
GMRES converged at restart # 2; iteration #9 with error: 7.9017e-07
  [Cycle 234] Particle sorting: ON
*** B CALCULATION [GPU] ***
Execution time cycle: 272.752 ms  [sort=0.034217 field=142.995 da_wait=0.00012 mover+out=0.03589 exchange+sort+moments=50.2312 B=72.5946 momentsAwait=6.86038 outCopy=0.000431]
 ======= Cycle 235 ======= 
*** E CALCULATION [GPU] ***
*** MAXWELL SOLVER [GPU] ***
Initial residual: 0.417865 norm b vector (source) = 0.659171
GMRES converged at restart # 3; iteration #0 with error: 7.94045e-07
  [Cycle 235] Particle sorting: ON
*** B CALCULATION [GPU] ***
Execution time cycle: 277.761 ms  [sort=0.034376 field=148.52 da_wait=0.00012 mover+out=0.032754 exchange+sort+moments=49.5063 B=72.7114 momentsAwait=6.95562 outCopy=0.00026]
 ======= Cycle 236 ======= 
*** E CALCULATION [GPU] ***
*** MAXWELL SOLVER [GPU] ***
Initial residual: 0.41799 norm b vector (source) = 0.659725
GMRES converged at restart # 2; iteration #8 with error: 8.61769e-07
  [Cycle 236] Particle sorting: ON
*** B CALCULATION [GPU] ***
Execution time cycle: 270.25 ms  [sort=0.034788 field=140.262 da_wait=0.00012 mover+out=0.033254 exchange+sort+moments=50.0207 B=72.8855 momentsAwait=7.01364 outCopy=0.00026]
 ======= Cycle 237 ======= 
*** E CALCULATION [GPU] ***
*** MAXWELL SOLVER [GPU] ***
Initial residual: 0.418157 norm b vector (source) = 0.660258
GMRES converged at restart # 2; iteration #8 with error: 7.43528e-07
  [Cycle 237] Particle sorting: ON
*** B CALCULATION [GPU] ***
Execution time cycle: 270.228 ms  [sort=0.034477 field=140.314 da_wait=0.000551 mover+out=0.037432 exchange+sort+moments=50.3702 B=72.5961 momentsAwait=6.87416 outCopy=0.000261]
 ======= Cycle 238 ======= 
*** E CALCULATION [GPU] ***
*** MAXWELL SOLVER [GPU] ***
Initial residual: 0.418089 norm b vector (source) = 0.660479
GMRES converged at restart # 2; iteration #7 with error: 9.61425e-07
  [Cycle 238] Particle sorting: ON
*** B CALCULATION [GPU] ***
Execution time cycle: 267.085 ms  [sort=0.035469 field=137.238 da_wait=0.00012 mover+out=0.032383 exchange+sort+moments=50.1777 B=72.7031 momentsAwait=6.89776 outCopy=0.00026]
 ======= Cycle 239 ======= 
*** E CALCULATION [GPU] ***
*** MAXWELL SOLVER [GPU] ***
Initial residual: 0.418192 norm b vector (source) = 0.660653
GMRES converged at restart # 2; iteration #7 with error: 9.05998e-07
  [Cycle 239] Particle sorting: ON
*** B CALCULATION [GPU] ***
Execution time cycle: 267.345 ms  [sort=0.034818 field=137.394 da_wait=0.000131 mover+out=0.034537 exchange+sort+moments=50.0711 B=73.0208 momentsAwait=6.78878 outCopy=0.00024]
 ======= Cycle 240 ======= 
*** E CALCULATION [GPU] ***
*** MAXWELL SOLVER [GPU] ***
Initial residual: 0.418683 norm b vector (source) = 0.661066
GMRES converged at restart # 2; iteration #7 with error: 9.13332e-07
  [Cycle 240] Particle sorting: ON
*** B CALCULATION [GPU] ***
Execution time cycle: 267.21 ms  [sort=0.034557 field=137.763 da_wait=0.00013 mover+out=0.030008 exchange+sort+moments=49.7966 B=72.8619 momentsAwait=6.72355 outCopy=0.00027]
 ======= Cycle 241 ======= 
*** E CALCULATION [GPU] ***
*** MAXWELL SOLVER [GPU] ***
Initial residual: 0.418976 norm b vector (source) = 0.661378
GMRES converged at restart # 2; iteration #7 with error: 9.817e-07
  [Cycle 241] Particle sorting: ON
*** B CALCULATION [GPU] ***
Execution time cycle: 267.551 ms  [sort=0.035138 field=137.689 da_wait=0.00012 mover+out=0.031912 exchange+sort+moments=50.0484 B=72.9499 momentsAwait=6.79648 outCopy=0.000341]
 ======= Cycle 242 ======= 
*** E CALCULATION [GPU] ***
*** MAXWELL SOLVER [GPU] ***
Initial residual: 0.419161 norm b vector (source) = 0.661417
GMRES converged at restart # 2; iteration #8 with error: 7.61268e-07
  [Cycle 242] Particle sorting: ON
*** B CALCULATION [GPU] ***
Execution time cycle: 270.096 ms  [sort=0.031792 field=140.151 da_wait=0.000161 mover+out=0.029627 exchange+sort+moments=50.1945 B=72.8141 momentsAwait=6.87502 outCopy=0.00027]
 ======= Cycle 243 ======= 
*** E CALCULATION [GPU] ***
*** MAXWELL SOLVER [GPU] ***
Initial residual: 0.419029 norm b vector (source) = 0.660984
GMRES converged at restart # 2; iteration #8 with error: 8.77678e-07
  [Cycle 243] Particle sorting: ON
*** B CALCULATION [GPU] ***
Execution time cycle: 269.806 ms  [sort=0.032994 field=140.077 da_wait=0.00012 mover+out=0.033816 exchange+sort+moments=49.9033 B=72.8772 momentsAwait=6.88106 outCopy=0.000491]
 ======= Cycle 244 ======= 
*** E CALCULATION [GPU] ***
*** MAXWELL SOLVER [GPU] ***
Initial residual: 0.418771 norm b vector (source) = 0.66032
GMRES converged at restart # 2; iteration #8 with error: 9.99631e-07
  [Cycle 244] Particle sorting: ON
*** B CALCULATION [GPU] ***
Execution time cycle: 270.393 ms  [sort=0.033235 field=140.37 da_wait=0.00012 mover+out=0.032082 exchange+sort+moments=50.2261 B=72.8625 momentsAwait=6.86784 outCopy=0.000441]
 ======= Cycle 245 ======= 
*** E CALCULATION [GPU] ***
*** MAXWELL SOLVER [GPU] ***
Initial residual: 0.41846 norm b vector (source) = 0.659636
GMRES converged at restart # 2; iteration #9 with error: 7.43616e-07
  [Cycle 245] Particle sorting: ON
*** B CALCULATION [GPU] ***
Execution time cycle: 272.983 ms  [sort=0.037042 field=142.988 da_wait=0.00012 mover+out=0.033635 exchange+sort+moments=49.8344 B=73.2634 momentsAwait=6.82555 outCopy=0.00027]
 ======= Cycle 246 ======= 
*** E CALCULATION [GPU] ***
*** MAXWELL SOLVER [GPU] ***
Initial residual: 0.418197 norm b vector (source) = 0.659081
GMRES converged at restart # 2; iteration #9 with error: 7.89021e-07
  [Cycle 246] Particle sorting: ON
*** B CALCULATION [GPU] ***
Execution time cycle: 273.136 ms  [sort=0.036862 field=142.725 da_wait=0.0002 mover+out=0.031371 exchange+sort+moments=50.4433 B=73.0444 momentsAwait=6.85415 outCopy=0.00024]
 ======= Cycle 247 ======= 
*** E CALCULATION [GPU] ***
*** MAXWELL SOLVER [GPU] ***
Initial residual: 0.417746 norm b vector (source) = 0.658462
GMRES converged at restart # 2; iteration #9 with error: 7.86216e-07
  [Cycle 247] Particle sorting: ON
*** B CALCULATION [GPU] ***
Execution time cycle: 273.177 ms  [sort=0.035158 field=142.834 da_wait=0.000341 mover+out=0.034516 exchange+sort+moments=50.3071 B=73.2114 momentsAwait=6.75472 outCopy=0.00026]
 ======= Cycle 248 ======= 
*** E CALCULATION [GPU] ***
*** MAXWELL SOLVER [GPU] ***
Initial residual: 0.417434 norm b vector (source) = 0.658029
GMRES converged at restart # 2; iteration #9 with error: 7.35122e-07
  [Cycle 248] Particle sorting: ON
*** B CALCULATION [GPU] ***
Execution time cycle: 272.911 ms  [sort=0.035549 field=142.872 da_wait=0.000141 mover+out=0.034637 exchange+sort+moments=49.9311 B=73.1204 momentsAwait=6.91608 outCopy=0.000401]
 ======= Cycle 249 ======= 
*** E CALCULATION [GPU] ***
*** MAXWELL SOLVER [GPU] ***
Initial residual: 0.41724 norm b vector (source) = 0.657868
GMRES converged at restart # 2; iteration #8 with error: 9.79227e-07
  [Cycle 249] Particle sorting: ON
*** B CALCULATION [GPU] ***
Execution time cycle: 270.573 ms  [sort=0.035929 field=140.338 da_wait=0.00012 mover+out=0.033375 exchange+sort+moments=50.1391 B=73.0855 momentsAwait=6.94 outCopy=0.000251]
 ======= Cycle 250 ======= 
*** E CALCULATION [GPU] ***
*** MAXWELL SOLVER [GPU] ***
Initial residual: 0.417044 norm b vector (source) = 0.657903
GMRES converged at restart # 2; iteration #8 with error: 8.47192e-07
  [Cycle 250] Particle sorting: ON
*** B CALCULATION [GPU] ***
Execution time cycle: 284.942 ms  [sort=13.4798 field=141.408 da_wait=0.000892 mover+out=0.026191 exchange+sort+moments=50.1408 B=72.9938 momentsAwait=6.89147 outCopy=0.000461]
 ======= Cycle 251 ======= 
*** E CALCULATION [GPU] ***
*** MAXWELL SOLVER [GPU] ***
Initial residual: 0.416883 norm b vector (source) = 0.65813
GMRES converged at restart # 2; iteration #8 with error: 7.14786e-07
  [Cycle 251] Particle sorting: ON
*** B CALCULATION [GPU] ***
Execution time cycle: 270.985 ms  [sort=0.033485 field=140.067 da_wait=0.00011 mover+out=0.036981 exchange+sort+moments=50.1116 B=73.0458 momentsAwait=7.68941 outCopy=0.000601]
 ======= Cycle 252 ======= 
*** E CALCULATION [GPU] ***
*** MAXWELL SOLVER [GPU] ***
Initial residual: 0.416913 norm b vector (source) = 0.658625
GMRES converged at restart # 2; iteration #7 with error: 8.79197e-07
  [Cycle 252] Particle sorting: ON
*** B CALCULATION [GPU] ***
Execution time cycle: 267.968 ms  [sort=0.037272 field=137.815 da_wait=0.00012 mover+out=0.031972 exchange+sort+moments=50.0546 B=73.0857 momentsAwait=6.94351 outCopy=0.000561]
 ======= Cycle 253 ======= 
*** E CALCULATION [GPU] ***
*** MAXWELL SOLVER [GPU] ***
Initial residual: 0.417163 norm b vector (source) = 0.659294
GMRES converged at restart # 2; iteration #7 with error: 7.65574e-07
  [Cycle 253] Particle sorting: ON
*** B CALCULATION [GPU] ***
Execution time cycle: 268.117 ms  [sort=0.036069 field=137.814 da_wait=0.000131 mover+out=0.03135 exchange+sort+moments=49.868 B=73.3574 momentsAwait=7.00981 outCopy=0.000441]
 ======= Cycle 254 ======= 
*** E CALCULATION [GPU] ***
*** MAXWELL SOLVER [GPU] ***
Initial residual: 0.417319 norm b vector (source) = 0.659661
GMRES converged at restart # 2; iteration #7 with error: 8.06789e-07
  [Cycle 254] Particle sorting: ON
*** B CALCULATION [GPU] ***
Execution time cycle: 264.642 ms  [sort=0.030829 field=134.224 da_wait=0.00013 mover+out=0.03081 exchange+sort+moments=50.1672 B=73.1867 momentsAwait=7.00277 outCopy=0.000341]
 ======= Cycle 255 ======= 
*** E CALCULATION [GPU] ***
*** MAXWELL SOLVER [GPU] ***
Initial residual: 0.417308 norm b vector (source) = 0.659594
GMRES converged at restart # 2; iteration #7 with error: 7.94602e-07
  [Cycle 255] Particle sorting: ON
*** B CALCULATION [GPU] ***
Execution time cycle: 264.686 ms  [sort=0.036771 field=134.229 da_wait=0.00013 mover+out=0.035138 exchange+sort+moments=50.1824 B=73.3528 momentsAwait=6.85012 outCopy=0.000371]
 ======= Cycle 256 ======= 
*** E CALCULATION [GPU] ***
*** MAXWELL SOLVER [GPU] ***
Initial residual: 0.417326 norm b vector (source) = 0.659183
GMRES converged at restart # 2; iteration #7 with error: 8.34685e-07
  [Cycle 256] Particle sorting: ON
*** B CALCULATION [GPU] ***
Execution time cycle: 264.145 ms  [sort=0.044046 field=134.253 da_wait=0.00021 mover+out=0.031962 exchange+sort+moments=49.7056 B=73.2553 momentsAwait=6.85446 outCopy=0.000231]
 ======= Cycle 257 ======= 
*** E CALCULATION [GPU] ***
*** MAXWELL SOLVER [GPU] ***
Initial residual: 0.417393 norm b vector (source) = 0.658698
GMRES converged at restart # 2; iteration #7 with error: 8.05733e-07
  [Cycle 257] Particle sorting: ON
*** B CALCULATION [GPU] ***
Execution time cycle: 267.726 ms  [sort=0.033085 field=137.575 da_wait=0.00013 mover+out=0.030559 exchange+sort+moments=49.9983 B=73.3071 momentsAwait=6.78218 outCopy=0.000361]
 ======= Cycle 258 ======= 
*** E CALCULATION [GPU] ***
*** MAXWELL SOLVER [GPU] ***
Initial residual: 0.417741 norm b vector (source) = 0.658597
GMRES converged at restart # 2; iteration #7 with error: 9.05315e-07
  [Cycle 258] Particle sorting: ON
*** B CALCULATION [GPU] ***
Execution time cycle: 267.47 ms  [sort=0.037342 field=137.311 da_wait=0.00011 mover+out=0.036942 exchange+sort+moments=50.0166 B=73.166 momentsAwait=6.90181 outCopy=0.000231]
 ======= Cycle 259 ======= 
*** E CALCULATION [GPU] ***
*** MAXWELL SOLVER [GPU] ***
Initial residual: 0.41803 norm b vector (source) = 0.658693
GMRES converged at restart # 3; iteration #0 with error: 7.87659e-07
  [Cycle 259] Particle sorting: ON
*** B CALCULATION [GPU] ***
Execution time cycle: 271.787 ms  [sort=0.033174 field=141.638 da_wait=0.00012 mover+out=0.032804 exchange+sort+moments=50.0571 B=73.0653 momentsAwait=6.9592 outCopy=0.000391]
 ======= Cycle 260 ======= 
*** E CALCULATION [GPU] ***
*** MAXWELL SOLVER [GPU] ***
Initial residual: 0.418314 norm b vector (source) = 0.658933
GMRES converged at restart # 2; iteration #8 with error: 7.60626e-07
  [Cycle 260] Particle sorting: ON
*** B CALCULATION [GPU] ***
Execution time cycle: 270.104 ms  [sort=0.035028 field=140.148 da_wait=0.0002 mover+out=0.030649 exchange+sort+moments=49.9124 B=73.0821 momentsAwait=6.89487 outCopy=0.000281]
 ======= Cycle 261 ======= 
*** E CALCULATION [GPU] ***
*** MAXWELL SOLVER [GPU] ***
Initial residual: 0.418508 norm b vector (source) = 0.659169
GMRES converged at restart # 2; iteration #8 with error: 7.91718e-07
  [Cycle 261] Particle sorting: ON
*** B CALCULATION [GPU] ***
Execution time cycle: 270.523 ms  [sort=0.037302 field=140.282 da_wait=0.00013 mover+out=0.03584 exchange+sort+moments=50.0487 B=73.1166 momentsAwait=7.00234 outCopy=0.000251]
 ======= Cycle 262 ======= 
*** E CALCULATION [GPU] ***
*** MAXWELL SOLVER [GPU] ***
Initial residual: 0.418759 norm b vector (source) = 0.65953
GMRES converged at restart # 2; iteration #8 with error: 7.76375e-07
  [Cycle 262] Particle sorting: ON
*** B CALCULATION [GPU] ***
Execution time cycle: 270.417 ms  [sort=0.036792 field=139.883 da_wait=0.000111 mover+out=0.033965 exchange+sort+moments=50.0409 B=73.5562 momentsAwait=6.86595 outCopy=0.00032]
 ======= Cycle 263 ======= 
*** E CALCULATION [GPU] ***
*** MAXWELL SOLVER [GPU] ***
Initial residual: 0.418898 norm b vector (source) = 0.660011
GMRES converged at restart # 2; iteration #8 with error: 7.18447e-07
  [Cycle 263] Particle sorting: ON
*** B CALCULATION [GPU] ***
Execution time cycle: 270.95 ms  [sort=0.035689 field=140.136 da_wait=0.00012 mover+out=0.031391 exchange+sort+moments=50.4531 B=73.3159 momentsAwait=6.97756 outCopy=0.000431]
 ======= Cycle 264 ======= 
*** E CALCULATION [GPU] ***
*** MAXWELL SOLVER [GPU] ***
Initial residual: 0.419035 norm b vector (source) = 0.660611
GMRES converged at restart # 2; iteration #7 with error: 9.18802e-07
  [Cycle 264] Particle sorting: ON
*** B CALCULATION [GPU] ***
Execution time cycle: 268.114 ms  [sort=0.033034 field=137.4 da_wait=0.00012 mover+out=0.031601 exchange+sort+moments=50.3754 B=73.5227 momentsAwait=6.75053 outCopy=0.00031]
 ======= Cycle 265 ======= 
*** E CALCULATION [GPU] ***
*** MAXWELL SOLVER [GPU] ***
Initial residual: 0.418838 norm b vector (source) = 0.660913
GMRES converged at restart # 2; iteration #7 with error: 7.75616e-07
  [Cycle 265] Particle sorting: ON
*** B CALCULATION [GPU] ***
Execution time cycle: 268.46 ms  [sort=0.0365 field=137.688 da_wait=0.000121 mover+out=0.036611 exchange+sort+moments=50.6753 B=73.3372 momentsAwait=6.68629 outCopy=0.00031]
 ======= Cycle 266 ======= 
*** E CALCULATION [GPU] ***
*** MAXWELL SOLVER [GPU] ***
Initial residual: 0.418893 norm b vector (source) = 0.661348
GMRES converged at restart # 2; iteration #7 with error: 7.28968e-07
  [Cycle 266] Particle sorting: ON
*** B CALCULATION [GPU] ***
Execution time cycle: 263.842 ms  [sort=0.032503 field=133.953 da_wait=0.000181 mover+out=0.035368 exchange+sort+moments=49.5803 B=73.4241 momentsAwait=6.81598 outCopy=0.000241]
 ======= Cycle 267 ======= 
*** E CALCULATION [GPU] ***
*** MAXWELL SOLVER [GPU] ***
Initial residual: 0.418909 norm b vector (source) = 0.661824
GMRES converged at restart # 2; iteration #6 with error: 9.09655e-07
  [Cycle 267] Particle sorting: ON
*** B CALCULATION [GPU] ***
Execution time cycle: 280.779 ms  [sort=0.038575 field=150.359 da_wait=0.000201 mover+out=0.034236 exchange+sort+moments=50.045 B=73.3828 momentsAwait=6.91826 outCopy=0.000361]
 ======= Cycle 268 ======= 
*** E CALCULATION [GPU] ***
*** MAXWELL SOLVER [GPU] ***
Initial residual: 0.419004 norm b vector (source) = 0.662223
GMRES converged at restart # 2; iteration #6 with error: 7.9534e-07
  [Cycle 268] Particle sorting: ON
*** B CALCULATION [GPU] ***
Execution time cycle: 261.855 ms  [sort=0.03587 field=131.406 da_wait=0.000121 mover+out=0.033454 exchange+sort+moments=50.1084 B=73.3625 momentsAwait=6.90866 outCopy=0.000231]
 ======= Cycle 269 ======= 
*** E CALCULATION [GPU] ***
*** MAXWELL SOLVER [GPU] ***
Initial residual: 0.419193 norm b vector (source) = 0.662572
GMRES converged at restart # 2; iteration #6 with error: 7.41187e-07
  [Cycle 269] Particle sorting: ON
*** B CALCULATION [GPU] ***
Execution time cycle: 261.497 ms  [sort=0.029487 field=131.222 da_wait=0.00012 mover+out=0.033114 exchange+sort+moments=50.036 B=73.3094 momentsAwait=6.86686 outCopy=0.000311]
 ======= Cycle 270 ======= 
*** E CALCULATION [GPU] ***
*** MAXWELL SOLVER [GPU] ***
Initial residual: 0.419405 norm b vector (source) = 0.662801
GMRES converged at restart # 2; iteration #6 with error: 7.46272e-07
  [Cycle 270] Particle sorting: ON
*** B CALCULATION [GPU] ***
Execution time cycle: 261.4 ms  [sort=0.033575 field=131.136 da_wait=0.00012 mover+out=0.037974 exchange+sort+moments=50.0713 B=73.2446 momentsAwait=6.87612 outCopy=0.00025]
 ======= Cycle 271 ======= 
*** E CALCULATION [GPU] ***
*** MAXWELL SOLVER [GPU] ***
Initial residual: 0.419549 norm b vector (source) = 0.662875
GMRES converged at restart # 2; iteration #6 with error: 7.97153e-07
  [Cycle 271] Particle sorting: ON
*** B CALCULATION [GPU] ***
Execution time cycle: 293.654 ms  [sort=0.032754 field=162.682 da_wait=0.000121 mover+out=0.035338 exchange+sort+moments=50.2067 B=73.6212 momentsAwait=7.07543 outCopy=0.00023]
 ======= Cycle 272 ======= 
*** E CALCULATION [GPU] ***
*** MAXWELL SOLVER [GPU] ***
Initial residual: 0.419393 norm b vector (source) = 0.662639
GMRES converged at restart # 2; iteration #6 with error: 8.978e-07
  [Cycle 272] Particle sorting: ON
*** B CALCULATION [GPU] ***
Execution time cycle: 468.972 ms  [sort=0.034467 field=338.145 da_wait=0.00012 mover+out=0.032663 exchange+sort+moments=50.3146 B=73.4761 momentsAwait=6.96838 outCopy=0.000251]
 ======= Cycle 273 ======= 
*** E CALCULATION [GPU] ***
*** MAXWELL SOLVER [GPU] ***
Initial residual: 0.419188 norm b vector (source) = 0.662129
GMRES converged at restart # 2; iteration #7 with error: 6.91373e-07
  [Cycle 273] Particle sorting: ON
*** B CALCULATION [GPU] ***
Execution time cycle: 264.567 ms  [sort=0.037643 field=133.75 da_wait=0.00013 mover+out=0.034307 exchange+sort+moments=50.2319 B=73.5824 momentsAwait=6.93063 outCopy=0.000391]
 ======= Cycle 274 ======= 
*** E CALCULATION [GPU] ***
*** MAXWELL SOLVER [GPU] ***
Initial residual: 0.41898 norm b vector (source) = 0.66154
GMRES converged at restart # 2; iteration #7 with error: 8.01696e-07
  [Cycle 274] Particle sorting: ON
*** B CALCULATION [GPU] ***
Execution time cycle: 264.355 ms  [sort=0.03094 field=133.888 da_wait=0.000131 mover+out=0.034667 exchange+sort+moments=49.9974 B=73.4795 momentsAwait=6.92453 outCopy=0.000231]
 ======= Cycle 275 ======= 
*** E CALCULATION [GPU] ***
*** MAXWELL SOLVER [GPU] ***
Initial residual: 0.418916 norm b vector (source) = 0.661169
GMRES converged at restart # 2; iteration #7 with error: 7.94348e-07
  [Cycle 275] Particle sorting: ON
*** B CALCULATION [GPU] ***
Execution time cycle: 267.283 ms  [sort=0.032322 field=137.122 da_wait=0.000131 mover+out=0.032022 exchange+sort+moments=49.7194 B=73.6247 momentsAwait=6.75271 outCopy=0.000241]
 ======= Cycle 276 ======= 
*** E CALCULATION [GPU] ***
*** MAXWELL SOLVER [GPU] ***
Initial residual: 0.419032 norm b vector (source) = 0.661032
GMRES converged at restart # 2; iteration #7 with error: 8.57424e-07
  [Cycle 276] Particle sorting: ON
*** B CALCULATION [GPU] ***
Execution time cycle: 267.348 ms  [sort=0.034898 field=137.008 da_wait=0.000121 mover+out=0.028735 exchange+sort+moments=49.7998 B=73.5825 momentsAwait=6.89355 outCopy=0.000411]
 ======= Cycle 277 ======= 
*** E CALCULATION [GPU] ***
*** MAXWELL SOLVER [GPU] ***
Initial residual: 0.419217 norm b vector (source) = 0.661203
GMRES converged at restart # 2; iteration #7 with error: 8.70214e-07
  [Cycle 277] Particle sorting: ON
*** B CALCULATION [GPU] ***
Execution time cycle: 267.535 ms  [sort=0.032553 field=136.861 da_wait=0.00013 mover+out=0.030409 exchange+sort+moments=50.0686 B=73.654 momentsAwait=6.88847 outCopy=0.00023]
 ======= Cycle 278 ======= 
*** E CALCULATION [GPU] ***
*** MAXWELL SOLVER [GPU] ***
Initial residual: 0.419019 norm b vector (source) = 0.661229
GMRES converged at restart # 2; iteration #7 with error: 8.28284e-07
  [Cycle 278] Particle sorting: ON
*** B CALCULATION [GPU] ***
Execution time cycle: 267.926 ms  [sort=0.035679 field=137.011 da_wait=0.00012 mover+out=0.036701 exchange+sort+moments=49.9998 B=73.5916 momentsAwait=7.25081 outCopy=0.000251]
 ======= Cycle 279 ======= 
*** E CALCULATION [GPU] ***
*** MAXWELL SOLVER [GPU] ***
Initial residual: 0.418924 norm b vector (source) = 0.661401
GMRES converged at restart # 2; iteration #7 with error: 8.52364e-07
  [Cycle 279] Particle sorting: ON
*** B CALCULATION [GPU] ***
Execution time cycle: 264.662 ms  [sort=0.032593 field=133.767 da_wait=0.00014 mover+out=0.037673 exchange+sort+moments=50.1788 B=73.7242 momentsAwait=6.92025 outCopy=0.000411]
 ======= Cycle 280 ======= 
*** E CALCULATION [GPU] ***
*** MAXWELL SOLVER [GPU] ***
Initial residual: 0.418943 norm b vector (source) = 0.661691
GMRES converged at restart # 2; iteration #7 with error: 7.26116e-07
  [Cycle 280] Particle sorting: ON
*** B CALCULATION [GPU] ***
Execution time cycle: 264.886 ms  [sort=0.043233 field=133.958 da_wait=0.00012 mover+out=0.03641 exchange+sort+moments=49.9909 B=73.905 momentsAwait=6.95196 outCopy=0.000331]
 ======= Cycle 281 ======= 
*** E CALCULATION [GPU] ***
*** MAXWELL SOLVER [GPU] ***
Initial residual: 0.418993 norm b vector (source) = 0.662005
GMRES converged at restart # 2; iteration #6 with error: 9.09019e-07
  [Cycle 281] Particle sorting: ON
*** B CALCULATION [GPU] ***
Execution time cycle: 262.288 ms  [sort=0.032904 field=131.513 da_wait=0.00013 mover+out=0.03605 exchange+sort+moments=50.0541 B=73.7973 momentsAwait=6.85392 outCopy=0.000251]
 ======= Cycle 282 ======= 
*** E CALCULATION [GPU] ***
*** MAXWELL SOLVER [GPU] ***
Initial residual: 0.418906 norm b vector (source) = 0.662214
GMRES converged at restart # 2; iteration #6 with error: 7.65468e-07
  [Cycle 282] Particle sorting: ON
*** B CALCULATION [GPU] ***
Execution time cycle: 262.369 ms  [sort=0.033906 field=131.382 da_wait=0.00013 mover+out=0.045899 exchange+sort+moments=50.1476 B=73.8954 momentsAwait=6.86437 outCopy=0.00024]
 ======= Cycle 283 ======= 
*** E CALCULATION [GPU] ***
*** MAXWELL SOLVER [GPU] ***
Initial residual: 0.41856 norm b vector (source) = 0.662099
GMRES converged at restart # 2; iteration #6 with error: 6.73409e-07
  [Cycle 283] Particle sorting: ON
*** B CALCULATION [GPU] ***
Execution time cycle: 262.349 ms  [sort=0.033115 field=131.583 da_wait=0.000141 mover+out=0.038644 exchange+sort+moments=49.9072 B=73.8788 momentsAwait=6.90794 outCopy=0.00024]
 ======= Cycle 284 ======= 
*** E CALCULATION [GPU] ***
*** MAXWELL SOLVER [GPU] ***
Initial residual: 0.418502 norm b vector (source) = 0.662171
GMRES converged at restart # 2; iteration #6 with error: 6.2494e-07
  [Cycle 284] Particle sorting: ON
*** B CALCULATION [GPU] ***
Execution time cycle: 262.382 ms  [sort=0.031862 field=131.462 da_wait=0.00012 mover+out=0.030028 exchange+sort+moments=50.071 B=73.9869 momentsAwait=6.80023 outCopy=0.000391]
 ======= Cycle 285 ======= 
*** E CALCULATION [GPU] ***
*** MAXWELL SOLVER [GPU] ***
Initial residual: 0.418215 norm b vector (source) = 0.661998
GMRES converged at restart # 2; iteration #5 with error: 9.83526e-07
  [Cycle 285] Particle sorting: ON
*** B CALCULATION [GPU] ***
Execution time cycle: 259.705 ms  [sort=0.033856 field=128.93 da_wait=0.00012 mover+out=0.03048 exchange+sort+moments=49.7643 B=73.9186 momentsAwait=7.02697 outCopy=0.00024]
 ======= Cycle 286 ======= 
*** E CALCULATION [GPU] ***
*** MAXWELL SOLVER [GPU] ***
Initial residual: 0.418248 norm b vector (source) = 0.661728
GMRES converged at restart # 2; iteration #6 with error: 6.25309e-07
  [Cycle 286] Particle sorting: ON
*** B CALCULATION [GPU] ***
Execution time cycle: 343.237 ms  [sort=0.03128 field=131.2 da_wait=0.00012 mover+out=0.034657 exchange+sort+moments=50.2813 B=154.388 momentsAwait=7.3008 outCopy=0.000681]
 ======= Cycle 287 ======= 
*** E CALCULATION [GPU] ***
*** MAXWELL SOLVER [GPU] ***
Initial residual: 0.418481 norm b vector (source) = 0.661642
GMRES converged at restart # 2; iteration #6 with error: 6.76757e-07
  [Cycle 287] Particle sorting: ON
*** B CALCULATION [GPU] ***
Execution time cycle: 644.123 ms  [sort=0.032914 field=131.87 da_wait=0.00012 mover+out=0.03618 exchange+sort+moments=50.1542 B=439.753 momentsAwait=22.2765 outCopy=0.000261]
 ======= Cycle 288 ======= 
*** E CALCULATION [GPU] ***
*** MAXWELL SOLVER [GPU] ***
Initial residual: 0.418716 norm b vector (source) = 0.661586
GMRES converged at restart # 2; iteration #6 with error: 7.63192e-07
  [Cycle 288] Particle sorting: ON
*** B CALCULATION [GPU] ***
Execution time cycle: 642.724 ms  [sort=0.035529 field=132.588 da_wait=0.00013 mover+out=0.03083 exchange+sort+moments=50.7552 B=436.244 momentsAwait=23.0702 outCopy=0.000311]
 ======= Cycle 289 ======= 
*** E CALCULATION [GPU] ***
*** MAXWELL SOLVER [GPU] ***
Initial residual: 0.41897 norm b vector (source) = 0.661566
GMRES converged at restart # 2; iteration #6 with error: 8.72269e-07
  [Cycle 289] Particle sorting: ON
*** B CALCULATION [GPU] ***
Execution time cycle: 263.78 ms  [sort=0.038555 field=132.356 da_wait=0.00013 mover+out=0.03103 exchange+sort+moments=50.2445 B=74.3196 momentsAwait=6.79013 outCopy=0.000361]
 ======= Cycle 290 ======= 
*** E CALCULATION [GPU] ***
*** MAXWELL SOLVER [GPU] ***
Initial residual: 0.419061 norm b vector (source) = 0.661365
GMRES converged at restart # 2; iteration #6 with error: 9.68323e-07
  [Cycle 290] Particle sorting: ON
*** B CALCULATION [GPU] ***
Execution time cycle: 262.54 ms  [sort=0.034056 field=131.283 da_wait=0.00012 mover+out=0.03129 exchange+sort+moments=50.2835 B=74.091 momentsAwait=6.81615 outCopy=0.000411]
 ======= Cycle 291 ======= 
*** E CALCULATION [GPU] ***
*** MAXWELL SOLVER [GPU] ***
Initial residual: 0.419026 norm b vector (source) = 0.661101
GMRES converged at restart # 2; iteration #7 with error: 6.83564e-07
  [Cycle 291] Particle sorting: ON
*** B CALCULATION [GPU] ***
Execution time cycle: 265.392 ms  [sort=0.038605 field=133.88 da_wait=0.00012 mover+out=0.034106 exchange+sort+moments=50.2468 B=74.2743 momentsAwait=6.9183 outCopy=0.00023]
 ======= Cycle 292 ======= 
*** E CALCULATION [GPU] ***
*** MAXWELL SOLVER [GPU] ***
Initial residual: 0.418995 norm b vector (source) = 0.661075
GMRES converged at restart # 2; iteration #7 with error: 6.85774e-07
  [Cycle 292] Particle sorting: ON
*** B CALCULATION [GPU] ***
Execution time cycle: 265.435 ms  [sort=0.035709 field=134.063 da_wait=0.00012 mover+out=0.03048 exchange+sort+moments=50.1601 B=74.2413 momentsAwait=6.90334 outCopy=0.00042]
 ======= Cycle 293 ======= 
*** E CALCULATION [GPU] ***
*** MAXWELL SOLVER [GPU] ***
Initial residual: 0.418913 norm b vector (source) = 0.661098
GMRES converged at restart # 2; iteration #6 with error: 9.71928e-07
  [Cycle 293] Particle sorting: ON
*** B CALCULATION [GPU] ***
Execution time cycle: 262.364 ms  [sort=0.034647 field=131.372 da_wait=0.00013 mover+out=0.033685 exchange+sort+moments=49.7602 B=74.2029 momentsAwait=6.95982 outCopy=0.000241]
 ======= Cycle 294 ======= 
*** E CALCULATION [GPU] ***
*** MAXWELL SOLVER [GPU] ***
Initial residual: 0.418997 norm b vector (source) = 0.661364
GMRES converged at restart # 2; iteration #6 with error: 8.66926e-07
  [Cycle 294] Particle sorting: ON
*** B CALCULATION [GPU] ***
Execution time cycle: 262.546 ms  [sort=0.034096 field=131.34 da_wait=0.000121 mover+out=0.032593 exchange+sort+moments=50.0319 B=74.3547 momentsAwait=6.75246 outCopy=0.00023]
 ======= Cycle 295 ======= 
*** E CALCULATION [GPU] ***
*** MAXWELL SOLVER [GPU] ***
Initial residual: 0.419006 norm b vector (source) = 0.661709
GMRES converged at restart # 2; iteration #6 with error: 7.44405e-07
  [Cycle 295] Particle sorting: ON
*** B CALCULATION [GPU] ***
Execution time cycle: 262.612 ms  [sort=0.031862 field=131.389 da_wait=0.00012 mover+out=0.029958 exchange+sort+moments=50.1678 B=74.189 momentsAwait=6.80335 outCopy=0.00023]
 ======= Cycle 296 ======= 
*** E CALCULATION [GPU] ***
*** MAXWELL SOLVER [GPU] ***
Initial residual: 0.419297 norm b vector (source) = 0.662369
GMRES converged at restart # 2; iteration #6 with error: 6.33503e-07
  [Cycle 296] Particle sorting: ON
*** B CALCULATION [GPU] ***
Execution time cycle: 262.956 ms  [sort=0.034718 field=131.666 da_wait=0.00013 mover+out=0.029978 exchange+sort+moments=50.3834 B=74.1862 momentsAwait=6.65518 outCopy=0.00024]
 ======= Cycle 297 ======= 
*** E CALCULATION [GPU] ***
*** MAXWELL SOLVER [GPU] ***
Initial residual: 0.419119 norm b vector (source) = 0.662696
GMRES converged at restart # 3; iteration #0 with error: 7.55058e-07
  [Cycle 297] Particle sorting: ON
*** B CALCULATION [GPU] ***
Execution time cycle: 261.01 ms  [sort=0.034196 field=129.848 da_wait=0.00012 mover+out=0.032132 exchange+sort+moments=49.8884 B=74.2214 momentsAwait=6.98533 outCopy=0.000331]
 ======= Cycle 298 ======= 
*** E CALCULATION [GPU] ***
*** MAXWELL SOLVER [GPU] ***
Initial residual: 0.418874 norm b vector (source) = 0.662716
GMRES converged at restart # 2; iteration #5 with error: 9.30992e-07
  [Cycle 298] Particle sorting: ON
*** B CALCULATION [GPU] ***
Execution time cycle: 257.456 ms  [sort=0.034386 field=125.567 da_wait=0.00012 mover+out=0.029017 exchange+sort+moments=50.3708 B=74.5125 momentsAwait=6.94203 outCopy=0.00024]
 ======= Cycle 299 ======= 
*** E CALCULATION [GPU] ***
*** MAXWELL SOLVER [GPU] ***
Initial residual: 0.418829 norm b vector (source) = 0.662797
GMRES converged at restart # 2; iteration #5 with error: 8.96419e-07
  [Cycle 299] Particle sorting: ON
*** B CALCULATION [GPU] ***
Execution time cycle: 257.075 ms  [sort=0.034367 field=125.617 da_wait=0.000121 mover+out=0.03137 exchange+sort+moments=50.1074 B=74.2107 momentsAwait=7.07366 outCopy=0.00028]
 ======= Cycle 300 ======= 
*** E CALCULATION [GPU] ***
*** MAXWELL SOLVER [GPU] ***
Initial residual: 0.418786 norm b vector (source) = 0.66284
GMRES converged at restart # 2; iteration #5 with error: 8.84025e-07
  [Cycle 300] Particle sorting: ON
*** B CALCULATION [GPU] ***
Execution time cycle: 275.646 ms  [sort=13.4982 field=131.195 da_wait=0.000882 mover+out=0.027523 exchange+sort+moments=49.9066 B=74.3511 momentsAwait=6.66638 outCopy=0.000681]
 ======= Cycle 301 ======= 
*** E CALCULATION [GPU] ***
*** MAXWELL SOLVER [GPU] ***
Initial residual: 0.418951 norm b vector (source) = 0.662928
GMRES converged at restart # 2; iteration #5 with error: 8.82163e-07
  [Cycle 301] Particle sorting: ON
*** B CALCULATION [GPU] ***
Execution time cycle: 266.283 ms  [sort=0.047633 field=134.964 da_wait=0.00012 mover+out=0.034407 exchange+sort+moments=49.8322 B=74.4558 momentsAwait=6.94846 outCopy=0.00031]
 ======= Cycle 302 ======= 
*** E CALCULATION [GPU] ***
*** MAXWELL SOLVER [GPU] ***
Initial residual: 0.418984 norm b vector (source) = 0.662787
GMRES converged at restart # 2; iteration #5 with error: 9.06241e-07
  [Cycle 302] Particle sorting: ON
*** B CALCULATION [GPU] ***
Execution time cycle: 275.869 ms  [sort=0.04144 field=144.121 da_wait=0.00013 mover+out=0.029898 exchange+sort+moments=50.4478 B=74.4529 momentsAwait=6.77565 outCopy=0.000491]
 ======= Cycle 303 ======= 
*** E CALCULATION [GPU] ***
*** MAXWELL SOLVER [GPU] ***
Initial residual: 0.418817 norm b vector (source) = 0.662272
GMRES converged at restart # 2; iteration #5 with error: 9.67479e-07
  [Cycle 303] Particle sorting: ON
*** B CALCULATION [GPU] ***
Execution time cycle: 257.527 ms  [sort=0.034076 field=125.833 da_wait=0.000121 mover+out=0.032613 exchange+sort+moments=50.6429 B=74.2923 momentsAwait=6.69199 outCopy=0.00032]
 ======= Cycle 304 ======= 
*** E CALCULATION [GPU] ***
*** MAXWELL SOLVER [GPU] ***
Initial residual: 0.418475 norm b vector (source) = 0.661488
GMRES converged at restart # 2; iteration #6 with error: 6.36492e-07
  [Cycle 304] Particle sorting: ON
*** B CALCULATION [GPU] ***
Execution time cycle: 260.403 ms  [sort=0.035208 field=128.601 da_wait=0.00012 mover+out=0.039386 exchange+sort+moments=50.517 B=74.4539 momentsAwait=6.7556 outCopy=0.00031]
 ======= Cycle 305 ======= 
*** E CALCULATION [GPU] ***
*** MAXWELL SOLVER [GPU] ***
Initial residual: 0.418251 norm b vector (source) = 0.660762
GMRES converged at restart # 2; iteration #6 with error: 6.62497e-07
  [Cycle 305] Particle sorting: ON
*** B CALCULATION [GPU] ***
Execution time cycle: 263.126 ms  [sort=0.033444 field=131.419 da_wait=0.00025 mover+out=0.036671 exchange+sort+moments=50.2568 B=74.4334 momentsAwait=6.94582 outCopy=0.000822]
 ======= Cycle 306 ======= 
*** E CALCULATION [GPU] ***
*** MAXWELL SOLVER [GPU] ***
Initial residual: 0.418301 norm b vector (source) = 0.660466
GMRES converged at restart # 2; iteration #6 with error: 7.22147e-07
  [Cycle 306] Particle sorting: ON
*** B CALCULATION [GPU] ***
Execution time cycle: 269.393 ms  [sort=0.058643 field=137.211 da_wait=0.0002 mover+out=0.037453 exchange+sort+moments=50.4695 B=74.6486 momentsAwait=6.96698 outCopy=0.000551]
 ======= Cycle 307 ======= 
*** E CALCULATION [GPU] ***
*** MAXWELL SOLVER [GPU] ***
Initial residual: 0.418488 norm b vector (source) = 0.660642
GMRES converged at restart # 2; iteration #6 with error: 7.52423e-07
  [Cycle 307] Particle sorting: ON
*** B CALCULATION [GPU] ***
Execution time cycle: 265.433 ms  [sort=0.055267 field=133.052 da_wait=0.000111 mover+out=0.032192 exchange+sort+moments=50.8053 B=74.473 momentsAwait=7.01441 outCopy=0.000351]
 ======= Cycle 308 ======= 
*** E CALCULATION [GPU] ***
*** MAXWELL SOLVER [GPU] ***
Initial residual: 0.418697 norm b vector (source) = 0.661215
GMRES converged at restart # 2; iteration #6 with error: 7.37779e-07
  [Cycle 308] Particle sorting: ON
*** B CALCULATION [GPU] ***
Execution time cycle: 264.071 ms  [sort=0.068543 field=131.397 da_wait=0.000201 mover+out=0.033274 exchange+sort+moments=50.9458 B=74.6431 momentsAwait=6.98296 outCopy=0.000401]
 ======= Cycle 309 ======= 
*** E CALCULATION [GPU] ***
*** MAXWELL SOLVER [GPU] ***
Initial residual: 0.418932 norm b vector (source) = 0.66197
GMRES converged at restart # 2; iteration #6 with error: 6.91882e-07
  [Cycle 309] Particle sorting: ON
*** B CALCULATION [GPU] ***
Execution time cycle: 263.321 ms  [sort=0.050297 field=131.289 da_wait=0.00012 mover+out=0.034657 exchange+sort+moments=50.4595 B=74.5312 momentsAwait=6.95491 outCopy=0.000741]
 ======= Cycle 310 ======= 
*** E CALCULATION [GPU] ***
*** MAXWELL SOLVER [GPU] ***
Initial residual: 0.419058 norm b vector (source) = 0.662627
GMRES converged at restart # 2; iteration #6 with error: 6.30518e-07
  [Cycle 310] Particle sorting: ON
*** B CALCULATION [GPU] ***
Execution time cycle: 263.368 ms  [sort=0.052021 field=131.357 da_wait=0.00012 mover+out=0.035318 exchange+sort+moments=50.3793 B=74.6453 momentsAwait=6.8987 outCopy=0.000351]
 ======= Cycle 311 ======= 
*** E CALCULATION [GPU] ***
*** MAXWELL SOLVER [GPU] ***
Initial residual: 0.418963 norm b vector (source) = 0.663024
GMRES converged at restart # 2; iteration #6 with error: 6.22671e-07
  [Cycle 311] Particle sorting: ON
*** B CALCULATION [GPU] ***
Execution time cycle: 260.451 ms  [sort=0.045288 field=128.458 da_wait=0.00012 mover+out=0.031832 exchange+sort+moments=50.5375 B=74.531 momentsAwait=6.84684 outCopy=0.000761]
 ======= Cycle 312 ======= 
*** E CALCULATION [GPU] ***
*** MAXWELL SOLVER [GPU] ***
Initial residual: 0.41878 norm b vector (source) = 0.663065
GMRES converged at restart # 2; iteration #5 with error: 9.75736e-07
  [Cycle 312] Particle sorting: ON
*** B CALCULATION [GPU] ***
Execution time cycle: 257.502 ms  [sort=0.048524 field=125.556 da_wait=0.00012 mover+out=0.037333 exchange+sort+moments=50.5055 B=74.5049 momentsAwait=6.84995 outCopy=0.000351]
 ======= Cycle 313 ======= 
*** E CALCULATION [GPU] ***
*** MAXWELL SOLVER [GPU] ***
Initial residual: 0.418573 norm b vector (source) = 0.66295
GMRES converged at restart # 2; iteration #5 with error: 9.41753e-07
  [Cycle 313] Particle sorting: ON
*** B CALCULATION [GPU] ***
Execution time cycle: 257.601 ms  [sort=0.045278 field=125.854 da_wait=0.000121 mover+out=0.038995 exchange+sort+moments=50.2752 B=74.5326 momentsAwait=6.85485 outCopy=0.000381]
 ======= Cycle 314 ======= 
*** E CALCULATION [GPU] ***
*** MAXWELL SOLVER [GPU] ***
Initial residual: 0.418521 norm b vector (source) = 0.662777
GMRES converged at restart # 2; iteration #5 with error: 9.22421e-07
  [Cycle 314] Particle sorting: ON
*** B CALCULATION [GPU] ***
Execution time cycle: 257.954 ms  [sort=0.041681 field=125.926 da_wait=0.00011 mover+out=0.036661 exchange+sort+moments=50.3653 B=74.7714 momentsAwait=6.81232 outCopy=0.00046]
 ======= Cycle 315 ======= 
*** E CALCULATION [GPU] ***
*** MAXWELL SOLVER [GPU] ***
Initial residual: 0.418382 norm b vector (source) = 0.662533
GMRES converged at restart # 2; iteration #5 with error: 9.11138e-07
  [Cycle 315] Particle sorting: ON
*** B CALCULATION [GPU] ***
Execution time cycle: 258.336 ms  [sort=0.043274 field=126.214 da_wait=0.00012 mover+out=0.031691 exchange+sort+moments=50.3083 B=74.8463 momentsAwait=6.89193 outCopy=0.000521]
 ======= Cycle 316 ======= 
*** E CALCULATION [GPU] ***
*** MAXWELL SOLVER [GPU] ***
Initial residual: 0.418493 norm b vector (source) = 0.662437
GMRES converged at restart # 2; iteration #5 with error: 8.96582e-07
  [Cycle 316] Particle sorting: ON
*** B CALCULATION [GPU] ***
Execution time cycle: 258.411 ms  [sort=0.050228 field=126.023 da_wait=0.00013 mover+out=0.032262 exchange+sort+moments=50.6051 B=74.679 momentsAwait=7.02163 outCopy=0.000331]
 ======= Cycle 317 ======= 
*** E CALCULATION [GPU] ***
*** MAXWELL SOLVER [GPU] ***
Initial residual: 0.418665 norm b vector (source) = 0.662399
GMRES converged at restart # 2; iteration #5 with error: 8.9226e-07
  [Cycle 317] Particle sorting: ON
*** B CALCULATION [GPU] ***
Execution time cycle: 258.362 ms  [sort=0.044977 field=125.691 da_wait=0.00012 mover+out=0.032393 exchange+sort+moments=50.5155 B=74.8106 momentsAwait=7.26665 outCopy=0.000511]
 ======= Cycle 318 ======= 
*** E CALCULATION [GPU] ***
*** MAXWELL SOLVER [GPU] ***
Initial residual: 0.418923 norm b vector (source) = 0.662451
GMRES converged at restart # 2; iteration #5 with error: 9.10053e-07
  [Cycle 318] Particle sorting: ON
*** B CALCULATION [GPU] ***
Execution time cycle: 258.06 ms  [sort=0.048564 field=125.811 da_wait=0.00012 mover+out=0.033715 exchange+sort+moments=50.4821 B=74.8095 momentsAwait=6.87511 outCopy=0.00045]
 ======= Cycle 319 ======= 
*** E CALCULATION [GPU] ***
*** MAXWELL SOLVER [GPU] ***
Initial residual: 0.419343 norm b vector (source) = 0.662794
GMRES converged at restart # 2; iteration #5 with error: 9.53746e-07
  [Cycle 319] Particle sorting: ON
*** B CALCULATION [GPU] ***
Execution time cycle: 257.99 ms  [sort=0.038856 field=125.952 da_wait=0.00012 mover+out=0.034958 exchange+sort+moments=50.2341 B=74.7449 momentsAwait=6.98449 outCopy=0.000271]
 ======= Cycle 320 ======= 
*** E CALCULATION [GPU] ***
*** MAXWELL SOLVER [GPU] ***
Initial residual: 0.419649 norm b vector (source) = 0.663079
GMRES converged at restart # 2; iteration #6 with error: 6.04479e-07
  [Cycle 320] Particle sorting: ON
*** B CALCULATION [GPU] ***
Execution time cycle: 260.621 ms  [sort=0.038444 field=128.419 da_wait=0.00012 mover+out=0.035058 exchange+sort+moments=50.5366 B=74.8304 momentsAwait=6.76174 outCopy=0.000341]
 ======= Cycle 321 ======= 
*** E CALCULATION [GPU] ***
*** MAXWELL SOLVER [GPU] ***
Initial residual: 0.419709 norm b vector (source) = 0.663108
GMRES converged at restart # 2; iteration #6 with error: 6.30717e-07
  [Cycle 321] Particle sorting: ON
*** B CALCULATION [GPU] ***
Execution time cycle: 260.713 ms  [sort=0.044276 field=128.512 da_wait=0.00012 mover+out=0.032744 exchange+sort+moments=50.6013 B=74.6733 momentsAwait=6.8486 outCopy=0.00043]
 ======= Cycle 322 ======= 
*** E CALCULATION [GPU] ***
*** MAXWELL SOLVER [GPU] ***
Initial residual: 0.419824 norm b vector (source) = 0.66316
GMRES converged at restart # 2; iteration #6 with error: 6.37344e-07
  [Cycle 322] Particle sorting: ON
*** B CALCULATION [GPU] ***
Execution time cycle: 260.584 ms  [sort=0.050728 field=128.106 da_wait=0.00012 mover+out=0.035449 exchange+sort+moments=50.5799 B=74.6722 momentsAwait=7.13928 outCopy=0.000501]
 ======= Cycle 323 ======= 
*** E CALCULATION [GPU] ***
*** MAXWELL SOLVER [GPU] ***
Initial residual: 0.419998 norm b vector (source) = 0.663333
GMRES converged at restart # 2; iteration #6 with error: 6.19795e-07
  [Cycle 323] Particle sorting: ON
*** B CALCULATION [GPU] ***
Execution time cycle: 260.698 ms  [sort=0.050838 field=128.385 da_wait=0.00013 mover+out=0.040218 exchange+sort+moments=50.3796 B=74.8125 momentsAwait=7.0295 outCopy=0.000701]
 ======= Cycle 324 ======= 
*** E CALCULATION [GPU] ***
*** MAXWELL SOLVER [GPU] ***
Initial residual: 0.420263 norm b vector (source) = 0.663767
GMRES converged at restart # 2; iteration #5 with error: 9.83289e-07
  [Cycle 324] Particle sorting: ON
*** B CALCULATION [GPU] ***
Execution time cycle: 258.367 ms  [sort=0.053744 field=125.734 da_wait=0.00017 mover+out=0.03595 exchange+sort+moments=50.4982 B=74.9541 momentsAwait=7.08983 outCopy=0.000491]
 ======= Cycle 325 ======= 
*** E CALCULATION [GPU] ***
*** MAXWELL SOLVER [GPU] ***
Initial residual: 0.420265 norm b vector (source) = 0.664132
GMRES converged at restart # 2; iteration #5 with error: 9.4568e-07
  [Cycle 325] Particle sorting: ON
*** B CALCULATION [GPU] ***
Execution time cycle: 258.654 ms  [sort=0.044676 field=125.879 da_wait=0.00013 mover+out=0.033224 exchange+sort+moments=50.7083 B=74.8833 momentsAwait=7.10538 outCopy=0.000251]
 ======= Cycle 326 ======= 
*** E CALCULATION [GPU] ***
*** MAXWELL SOLVER [GPU] ***
Initial residual: 0.420326 norm b vector (source) = 0.664587
GMRES converged at restart # 2; iteration #5 with error: 9.45205e-07
  [Cycle 326] Particle sorting: ON
*** B CALCULATION [GPU] ***
Execution time cycle: 258.833 ms  [sort=0.042993 field=126.381 da_wait=0.000121 mover+out=0.028315 exchange+sort+moments=50.4422 B=75.0281 momentsAwait=6.91001 outCopy=0.000652]
 ======= Cycle 327 ======= 
*** E CALCULATION [GPU] ***
*** MAXWELL SOLVER [GPU] ***
Initial residual: 0.420317 norm b vector (source) = 0.66514
GMRES converged at restart # 2; iteration #5 with error: 9.83036e-07
  [Cycle 327] Particle sorting: ON
*** B CALCULATION [GPU] ***
Execution time cycle: 261.436 ms  [sort=0.042141 field=129.151 da_wait=0.000111 mover+out=0.037442 exchange+sort+moments=50.3753 B=74.9067 momentsAwait=6.92281 outCopy=0.000461]
 ======= Cycle 328 ======= 
*** E CALCULATION [GPU] ***
*** MAXWELL SOLVER [GPU] ***
Initial residual: 0.420384 norm b vector (source) = 0.665722
GMRES converged at restart # 2; iteration #6 with error: 6.23164e-07
  [Cycle 328] Particle sorting: ON
*** B CALCULATION [GPU] ***
Execution time cycle: 261.754 ms  [sort=0.044156 field=129.162 da_wait=0.00012 mover+out=0.031101 exchange+sort+moments=50.7006 B=74.9319 momentsAwait=6.88427 outCopy=0.000401]
 ======= Cycle 329 ======= 
*** E CALCULATION [GPU] ***
*** MAXWELL SOLVER [GPU] ***
Initial residual: 0.420147 norm b vector (source) = 0.665782
GMRES converged at restart # 2; iteration #6 with error: 6.5036e-07
  [Cycle 329] Particle sorting: ON
*** B CALCULATION [GPU] ***
Execution time cycle: 260.585 ms  [sort=0.047883 field=128.381 da_wait=0.00012 mover+out=0.036461 exchange+sort+moments=50.3414 B=74.9482 momentsAwait=6.82885 outCopy=0.000411]
 ======= Cycle 330 ======= 
*** E CALCULATION [GPU] ***
*** MAXWELL SOLVER [GPU] ***
Initial residual: 0.420092 norm b vector (source) = 0.665612
GMRES converged at restart # 2; iteration #6 with error: 6.59378e-07
  [Cycle 330] Particle sorting: ON
*** B CALCULATION [GPU] ***
Execution time cycle: 260.905 ms  [sort=0.041621 field=128.376 da_wait=0.00013 mover+out=0.031411 exchange+sort+moments=50.8646 B=74.9121 momentsAwait=6.67926 outCopy=0.000411]
 ======= Cycle 331 ======= 
*** E CALCULATION [GPU] ***
*** MAXWELL SOLVER [GPU] ***
Initial residual: 0.420069 norm b vector (source) = 0.665417
GMRES converged at restart # 2; iteration #6 with error: 6.4728e-07
  [Cycle 331] Particle sorting: ON
*** B CALCULATION [GPU] ***
Execution time cycle: 262.775 ms  [sort=0.040258 field=128.364 da_wait=0.00012 mover+out=0.033555 exchange+sort+moments=50.5614 B=74.8633 momentsAwait=8.91213 outCopy=0.00039]
 ======= Cycle 332 ======= 
*** E CALCULATION [GPU] ***
*** MAXWELL SOLVER [GPU] ***
Initial residual: 0.419988 norm b vector (source) = 0.665148
GMRES converged at restart # 2; iteration #6 with error: 6.24543e-07
  [Cycle 332] Particle sorting: ON
*** B CALCULATION [GPU] ***
Execution time cycle: 261.025 ms  [sort=0.043905 field=128.471 da_wait=0.000131 mover+out=0.035679 exchange+sort+moments=50.4669 B=74.9222 momentsAwait=7.08483 outCopy=0.000461]
 ======= Cycle 333 ======= 
*** E CALCULATION [GPU] ***
*** MAXWELL SOLVER [GPU] ***
Initial residual: 0.419845 norm b vector (source) = 0.664833
GMRES converged at restart # 3; iteration #0 with error: 7.54069e-07
  [Cycle 333] Particle sorting: ON
*** B CALCULATION [GPU] ***
Execution time cycle: 263.103 ms  [sort=0.050047 field=130.172 da_wait=0.00012 mover+out=0.037183 exchange+sort+moments=50.6943 B=75.1762 momentsAwait=6.97187 outCopy=0.000671]
 ======= Cycle 334 ======= 
*** E CALCULATION [GPU] ***
*** MAXWELL SOLVER [GPU] ***
Initial residual: 0.419884 norm b vector (source) = 0.66468
GMRES converged at restart # 2; iteration #5 with error: 9.73854e-07
  [Cycle 334] Particle sorting: ON
*** B CALCULATION [GPU] ***
Execution time cycle: 258.649 ms  [sort=0.039326 field=126.032 da_wait=0.00022 mover+out=0.035008 exchange+sort+moments=50.412 B=75.0974 momentsAwait=7.03237 outCopy=0.000401]
 ======= Cycle 335 ======= 
*** E CALCULATION [GPU] ***
*** MAXWELL SOLVER [GPU] ***
Initial residual: 0.419948 norm b vector (source) = 0.664614
GMRES converged at restart # 2; iteration #5 with error: 9.64731e-07
  [Cycle 335] Particle sorting: ON
*** B CALCULATION [GPU] ***
Execution time cycle: 258.75 ms  [sort=0.047843 field=125.926 da_wait=0.00012 mover+out=0.034237 exchange+sort+moments=50.5906 B=75.1819 momentsAwait=6.96959 outCopy=0.000321]
 ======= Cycle 336 ======= 
*** E CALCULATION [GPU] ***
*** MAXWELL SOLVER [GPU] ***
Initial residual: 0.419888 norm b vector (source) = 0.664445
GMRES converged at restart # 2; iteration #5 with error: 9.68989e-07
  [Cycle 336] Particle sorting: ON
*** B CALCULATION [GPU] ***
Execution time cycle: 259.008 ms  [sort=0.038935 field=126.475 da_wait=0.00012 mover+out=0.03599 exchange+sort+moments=50.4142 B=75.1365 momentsAwait=6.90671 outCopy=0.000321]
 ======= Cycle 337 ======= 
*** E CALCULATION [GPU] ***
*** MAXWELL SOLVER [GPU] ***
Initial residual: 0.41994 norm b vector (source) = 0.664383
GMRES converged at restart # 2; iteration #5 with error: 9.79865e-07
  [Cycle 337] Particle sorting: ON
*** B CALCULATION [GPU] ***
Execution time cycle: 258.446 ms  [sort=0.04168 field=126.104 da_wait=0.00019 mover+out=0.033906 exchange+sort+moments=50.2202 B=75.2225 momentsAwait=6.82304 outCopy=0.000231]
 ======= Cycle 338 ======= 
*** E CALCULATION [GPU] ***
*** MAXWELL SOLVER [GPU] ***
Initial residual: 0.419981 norm b vector (source) = 0.664502
GMRES converged at restart # 2; iteration #5 with error: 9.91288e-07
  [Cycle 338] Particle sorting: ON
*** B CALCULATION [GPU] ***
Execution time cycle: 258.566 ms  [sort=0.038755 field=126.194 da_wait=0.00013 mover+out=0.034156 exchange+sort+moments=50.4599 B=75.153 momentsAwait=6.68487 outCopy=0.00035]
 ======= Cycle 339 ======= 
*** E CALCULATION [GPU] ***
*** MAXWELL SOLVER [GPU] ***
Initial residual: 0.419748 norm b vector (source) = 0.66444
GMRES converged at restart # 2; iteration #6 with error: 6.03979e-07
  [Cycle 339] Particle sorting: ON
*** B CALCULATION [GPU] ***
Execution time cycle: 261.135 ms  [sort=0.042732 field=128.242 da_wait=0.00015 mover+out=0.034737 exchange+sort+moments=50.7666 B=75.1568 momentsAwait=6.8922 outCopy=0.000251]
 ======= Cycle 340 ======= 
*** E CALCULATION [GPU] ***
*** MAXWELL SOLVER [GPU] ***
Initial residual: 0.419862 norm b vector (source) = 0.664593
GMRES converged at restart # 2; iteration #6 with error: 6.2696e-07
  [Cycle 340] Particle sorting: ON
*** B CALCULATION [GPU] ***
Execution time cycle: 263.472 ms  [sort=0.039867 field=130.769 da_wait=0.0002 mover+out=0.029828 exchange+sort+moments=50.6283 B=75.0325 momentsAwait=6.97166 outCopy=0.000341]
 ======= Cycle 341 ======= 
*** E CALCULATION [GPU] ***
*** MAXWELL SOLVER [GPU] ***
Initial residual: 0.419572 norm b vector (source) = 0.664529
GMRES converged at restart # 2; iteration #6 with error: 6.6508e-07
  [Cycle 341] Particle sorting: ON
*** B CALCULATION [GPU] ***
Execution time cycle: 261.648 ms  [sort=0.039036 field=128.772 da_wait=0.00015 mover+out=0.03088 exchange+sort+moments=50.5965 B=75.33 momentsAwait=6.87971 outCopy=0.000351]
 ======= Cycle 342 ======= 
*** E CALCULATION [GPU] ***
*** MAXWELL SOLVER [GPU] ***
Initial residual: 0.419266 norm b vector (source) = 0.664307
GMRES converged at restart # 2; iteration #6 with error: 6.65994e-07
  [Cycle 342] Particle sorting: ON
*** B CALCULATION [GPU] ***
Execution time cycle: 264.564 ms  [sort=0.038555 field=131.999 da_wait=0.000141 mover+out=0.027834 exchange+sort+moments=50.0171 B=75.5226 momentsAwait=6.95831 outCopy=0.000331]
 ======= Cycle 343 ======= 
*** E CALCULATION [GPU] ***
*** MAXWELL SOLVER [GPU] ***
Initial residual: 0.419113 norm b vector (source) = 0.664271
GMRES converged at restart # 2; iteration #6 with error: 7.06756e-07
  [Cycle 343] Particle sorting: ON
*** B CALCULATION [GPU] ***
Execution time cycle: 266.759 ms  [sort=0.036621 field=133.745 da_wait=0.00011 mover+out=0.031841 exchange+sort+moments=50.6783 B=75.2748 momentsAwait=6.99249 outCopy=0.000361]
 ======= Cycle 344 ======= 
*** E CALCULATION [GPU] ***
*** MAXWELL SOLVER [GPU] ***
Initial residual: 0.419275 norm b vector (source) = 0.664672
GMRES converged at restart # 2; iteration #6 with error: 7.27982e-07
  [Cycle 344] Particle sorting: ON
*** B CALCULATION [GPU] ***
Execution time cycle: 268.915 ms  [sort=0.043575 field=135.926 da_wait=0.00019 mover+out=0.033866 exchange+sort+moments=50.5109 B=75.4715 momentsAwait=6.92816 outCopy=0.000321]
 ======= Cycle 345 ======= 
*** E CALCULATION [GPU] ***
*** MAXWELL SOLVER [GPU] ***
Initial residual: 0.419251 norm b vector (source) = 0.664997
GMRES converged at restart # 2; iteration #6 with error: 7.23149e-07
  [Cycle 345] Particle sorting: ON
*** B CALCULATION [GPU] ***
Execution time cycle: 265.357 ms  [sort=0.042101 field=132.137 da_wait=0.00011 mover+out=0.034707 exchange+sort+moments=50.5173 B=75.4205 momentsAwait=7.20553 outCopy=0.000501]
 ======= Cycle 346 ======= 
*** E CALCULATION [GPU] ***
*** MAXWELL SOLVER [GPU] ***
Initial residual: 0.419501 norm b vector (source) = 0.665261
GMRES converged at restart # 2; iteration #6 with error: 6.9356e-07
  [Cycle 346] Particle sorting: ON
*** B CALCULATION [GPU] ***
Execution time cycle: 265.025 ms  [sort=0.057351 field=132.493 da_wait=0.000131 mover+out=0.034887 exchange+sort+moments=50.1535 B=75.4388 momentsAwait=6.84647 outCopy=0.000441]
 ======= Cycle 347 ======= 
*** E CALCULATION [GPU] ***
*** MAXWELL SOLVER [GPU] ***
Initial residual: 0.419897 norm b vector (source) = 0.665684
GMRES converged at restart # 2; iteration #6 with error: 6.49459e-07
  [Cycle 347] Particle sorting: ON
*** B CALCULATION [GPU] ***
Execution time cycle: 264.358 ms  [sort=0.047562 field=131.533 da_wait=0.00012 mover+out=0.038715 exchange+sort+moments=50.3779 B=75.3867 momentsAwait=6.97358 outCopy=0.000581]
 ======= Cycle 348 ======= 
*** E CALCULATION [GPU] ***
*** MAXWELL SOLVER [GPU] ***
Initial residual: 0.419971 norm b vector (source) = 0.665799
GMRES converged at restart # 2; iteration #6 with error: 6.49922e-07
  [Cycle 348] Particle sorting: ON
*** B CALCULATION [GPU] ***
Execution time cycle: 261.267 ms  [sort=0.050949 field=128.583 da_wait=0.00011 mover+out=0.033304 exchange+sort+moments=50.296 B=75.3764 momentsAwait=6.92693 outCopy=0.000351]
 ======= Cycle 349 ======= 
*** E CALCULATION [GPU] ***
*** MAXWELL SOLVER [GPU] ***
Initial residual: 0.419925 norm b vector (source) = 0.665673
GMRES converged at restart # 2; iteration #6 with error: 6.18046e-07
  [Cycle 349] Particle sorting: ON
*** B CALCULATION [GPU] ***
Execution time cycle: 261.087 ms  [sort=0.04667 field=128.484 da_wait=0.000121 mover+out=0.028465 exchange+sort+moments=50.3719 B=75.4409 momentsAwait=6.71426 outCopy=0.00032]
 ======= Cycle 350 ======= 
*** E CALCULATION [GPU] ***
*** MAXWELL SOLVER [GPU] ***
Initial residual: 0.419639 norm b vector (source) = 0.665265
GMRES converged at restart # 3; iteration #0 with error: 7.55931e-07
  [Cycle 350] Particle sorting: ON
*** B CALCULATION [GPU] ***
Execution time cycle: 277.885 ms  [sort=12.9795 field=132.358 da_wait=0.000792 mover+out=0.025589 exchange+sort+moments=49.9838 B=75.5837 momentsAwait=6.9531 outCopy=0.000331]
 ======= Cycle 351 ======= 
*** E CALCULATION [GPU] ***
*** MAXWELL SOLVER [GPU] ***
Initial residual: 0.41965 norm b vector (source) = 0.665035
GMRES converged at restart # 2; iteration #5 with error: 9.95205e-07
  [Cycle 351] Particle sorting: ON
*** B CALCULATION [GPU] ***
Execution time cycle: 259.426 ms  [sort=0.045127 field=126.395 da_wait=0.000121 mover+out=0.033595 exchange+sort+moments=50.4304 B=75.5563 momentsAwait=6.96476 outCopy=0.00033]
 ======= Cycle 352 ======= 
*** E CALCULATION [GPU] ***
*** MAXWELL SOLVER [GPU] ***
Initial residual: 0.419902 norm b vector (source) = 0.66521
GMRES converged at restart # 2; iteration #5 with error: 9.96756e-07
  [Cycle 352] Particle sorting: ON
*** B CALCULATION [GPU] ***
Execution time cycle: 259.32 ms  [sort=0.045207 field=126.154 da_wait=0.00012 mover+out=0.032624 exchange+sort+moments=50.405 B=75.7556 momentsAwait=6.92786 outCopy=0.000421]
 ======= Cycle 353 ======= 
*** E CALCULATION [GPU] ***
*** MAXWELL SOLVER [GPU] ***
Initial residual: 0.419975 norm b vector (source) = 0.665411
GMRES converged at restart # 2; iteration #6 with error: 6.07479e-07
  [Cycle 353] Particle sorting: ON
*** B CALCULATION [GPU] ***
Execution time cycle: 261.923 ms  [sort=0.048233 field=128.649 da_wait=0.000141 mover+out=0.033765 exchange+sort+moments=50.5954 B=75.6428 momentsAwait=6.9533 outCopy=0.000341]
 ======= Cycle 354 ======= 
*** E CALCULATION [GPU] ***
*** MAXWELL SOLVER [GPU] ***
Initial residual: 0.420116 norm b vector (source) = 0.665721
GMRES converged at restart # 2; iteration #6 with error: 6.38081e-07
  [Cycle 354] Particle sorting: ON
*** B CALCULATION [GPU] ***
Execution time cycle: 261.278 ms  [sort=0.039497 field=128.701 da_wait=0.00019 mover+out=0.033194 exchange+sort+moments=50.0536 B=75.4931 momentsAwait=6.957 outCopy=0.000411]
 ======= Cycle 355 ======= 
*** E CALCULATION [GPU] ***
*** MAXWELL SOLVER [GPU] ***
Initial residual: 0.42023 norm b vector (source) = 0.666073
GMRES converged at restart # 2; iteration #6 with error: 6.51188e-07
  [Cycle 355] Particle sorting: ON
*** B CALCULATION [GPU] ***
Execution time cycle: 265.202 ms  [sort=0.044506 field=132.235 da_wait=0.00011 mover+out=0.036411 exchange+sort+moments=50.4142 B=75.6095 momentsAwait=6.86221 outCopy=0.000571]
 ======= Cycle 356 ======= 
*** E CALCULATION [GPU] ***
*** MAXWELL SOLVER [GPU] ***
Initial residual: 0.420252 norm b vector (source) = 0.666329
GMRES converged at restart # 2; iteration #6 with error: 7.30478e-07
  [Cycle 356] Particle sorting: ON
*** B CALCULATION [GPU] ***
Execution time cycle: 264.96 ms  [sort=0.040478 field=131.723 da_wait=0.000141 mover+out=0.028866 exchange+sort+moments=50.6452 B=75.7222 momentsAwait=6.79957 outCopy=0.000371]
 ======= Cycle 357 ======= 
*** E CALCULATION [GPU] ***
*** MAXWELL SOLVER [GPU] ***
Initial residual: 0.420404 norm b vector (source) = 0.666719
GMRES converged at restart # 2; iteration #6 with error: 8.21443e-07
  [Cycle 357] Particle sorting: ON
*** B CALCULATION [GPU] ***
Execution time cycle: 265.536 ms  [sort=0.040328 field=132.5 da_wait=0.00013 mover+out=0.034587 exchange+sort+moments=50.332 B=75.6232 momentsAwait=7.00518 outCopy=0.00034]
 ======= Cycle 358 ======= 
*** E CALCULATION [GPU] ***
*** MAXWELL SOLVER [GPU] ***
Initial residual: 0.420434 norm b vector (source) = 0.667151
GMRES converged at restart # 2; iteration #6 with error: 9.02208e-07
  [Cycle 358] Particle sorting: ON
*** B CALCULATION [GPU] ***
Execution time cycle: 265.205 ms  [sort=0.040007 field=131.839 da_wait=0.000141 mover+out=0.036601 exchange+sort+moments=50.6739 B=75.736 momentsAwait=6.87823 outCopy=0.000682]
 ======= Cycle 359 ======= 
*** E CALCULATION [GPU] ***
*** MAXWELL SOLVER [GPU] ***
Initial residual: 0.420466 norm b vector (source) = 0.667437
GMRES converged at restart # 2; iteration #6 with error: 9.54483e-07
  [Cycle 359] Particle sorting: ON
*** B CALCULATION [GPU] ***
Execution time cycle: 265.348 ms  [sort=0.040909 field=132.052 da_wait=0.00012 mover+out=0.034637 exchange+sort+moments=50.3101 B=75.9747 momentsAwait=6.93522 outCopy=0.00034]
 ======= Cycle 360 ======= 
*** E CALCULATION [GPU] ***
*** MAXWELL SOLVER [GPU] ***
Initial residual: 0.420493 norm b vector (source) = 0.667477
GMRES converged at restart # 2; iteration #6 with error: 9.64693e-07
  [Cycle 360] Particle sorting: ON
*** B CALCULATION [GPU] ***
Execution time cycle: 265.71 ms  [sort=0.038505 field=132.504 da_wait=0.00013 mover+out=0.029146 exchange+sort+moments=50.1969 B=75.7193 momentsAwait=7.22168 outCopy=0.000361]
 ======= Cycle 361 ======= 
*** E CALCULATION [GPU] ***
*** MAXWELL SOLVER [GPU] ***
Initial residual: 0.420401 norm b vector (source) = 0.66712
GMRES converged at restart # 2; iteration #6 with error: 9.38452e-07
  [Cycle 361] Particle sorting: ON
*** B CALCULATION [GPU] ***
Execution time cycle: 264.938 ms  [sort=0.033936 field=131.636 da_wait=0.000121 mover+out=0.029898 exchange+sort+moments=50.439 B=75.8224 momentsAwait=6.97613 outCopy=0.000311]
 ======= Cycle 362 ======= 
*** E CALCULATION [GPU] ***
*** MAXWELL SOLVER [GPU] ***
Initial residual: 0.420301 norm b vector (source) = 0.666567
GMRES converged at restart # 2; iteration #6 with error: 8.84773e-07
  [Cycle 362] Particle sorting: ON
*** B CALCULATION [GPU] ***
Execution time cycle: 264.887 ms  [sort=0.037884 field=131.884 da_wait=0.00014 mover+out=0.03107 exchange+sort+moments=50.2131 B=75.831 momentsAwait=6.88901 outCopy=0.000581]
 ======= Cycle 363 ======= 
*** E CALCULATION [GPU] ***
*** MAXWELL SOLVER [GPU] ***
Initial residual: 0.420243 norm b vector (source) = 0.666131
GMRES converged at restart # 2; iteration #6 with error: 8.26146e-07
  [Cycle 363] Particle sorting: ON
*** B CALCULATION [GPU] ***
Execution time cycle: 265.777 ms  [sort=0.039226 field=131.887 da_wait=0.000231 mover+out=0.032813 exchange+sort+moments=50.1334 B=75.7912 momentsAwait=7.89325 outCopy=0.000451]
 ======= Cycle 364 ======= 
*** E CALCULATION [GPU] ***
*** MAXWELL SOLVER [GPU] ***
Initial residual: 0.420225 norm b vector (source) = 0.665869
GMRES converged at restart # 2; iteration #6 with error: 7.72921e-07
  [Cycle 364] Particle sorting: ON
*** B CALCULATION [GPU] ***
Execution time cycle: 270.832 ms  [sort=0.05156 field=135.515 da_wait=0.00013 mover+out=0.035038 exchange+sort+moments=51.9356 B=75.7875 momentsAwait=7.50634 outCopy=0.000371]
 ======= Cycle 365 ======= 
*** E CALCULATION [GPU] ***
*** MAXWELL SOLVER [GPU] ***
Initial residual: 0.419894 norm b vector (source) = 0.66557
GMRES converged at restart # 2; iteration #6 with error: 7.38126e-07
  [Cycle 365] Particle sorting: ON
*** B CALCULATION [GPU] ***
Execution time cycle: 267.032 ms  [sort=0.041331 field=133.826 da_wait=0.000131 mover+out=0.028194 exchange+sort+moments=50.4726 B=75.8035 momentsAwait=6.85955 outCopy=0.000311]
 ======= Cycle 366 ======= 
*** E CALCULATION [GPU] ***
*** MAXWELL SOLVER [GPU] ***
Initial residual: 0.419518 norm b vector (source) = 0.665233
GMRES converged at restart # 2; iteration #6 with error: 7.30408e-07
  [Cycle 366] Particle sorting: ON
*** B CALCULATION [GPU] ***
Execution time cycle: 271.095 ms  [sort=0.03654 field=137.613 da_wait=0.00012 mover+out=0.033936 exchange+sort+moments=50.6067 B=75.9113 momentsAwait=6.89251 outCopy=0.000351]
 ======= Cycle 367 ======= 
*** E CALCULATION [GPU] ***
*** MAXWELL SOLVER [GPU] ***
Initial residual: 0.419411 norm b vector (source) = 0.665114
GMRES converged at restart # 2; iteration #6 with error: 7.44596e-07
  [Cycle 367] Particle sorting: ON
*** B CALCULATION [GPU] ***
Execution time cycle: 265.325 ms  [sort=0.039016 field=131.707 da_wait=0.00018 mover+out=0.030309 exchange+sort+moments=50.6922 B=75.836 momentsAwait=7.02009 outCopy=0.00031]
 ======= Cycle 368 ======= 
*** E CALCULATION [GPU] ***
*** MAXWELL SOLVER [GPU] ***
Initial residual: 0.419307 norm b vector (source) = 0.665124
GMRES converged at restart # 2; iteration #6 with error: 7.80654e-07
  [Cycle 368] Particle sorting: ON
*** B CALCULATION [GPU] ***
Execution time cycle: 265.027 ms  [sort=0.044636 field=131.517 da_wait=0.00014 mover+out=0.026943 exchange+sort+moments=50.6122 B=75.9716 momentsAwait=6.85413 outCopy=0.000481]
 ======= Cycle 369 ======= 
*** E CALCULATION [GPU] ***
*** MAXWELL SOLVER [GPU] ***
Initial residual: 0.419147 norm b vector (source) = 0.665203
GMRES converged at restart # 2; iteration #6 with error: 8.49538e-07
  [Cycle 369] Particle sorting: ON
*** B CALCULATION [GPU] ***
Execution time cycle: 265.162 ms  [sort=0.040949 field=131.636 da_wait=0.00018 mover+out=0.032834 exchange+sort+moments=50.5196 B=75.9241 momentsAwait=7.0079 outCopy=0.00033]
 ======= Cycle 370 ======= 
*** E CALCULATION [GPU] ***
*** MAXWELL SOLVER [GPU] ***
Initial residual: 0.419123 norm b vector (source) = 0.665359
GMRES converged at restart # 2; iteration #6 with error: 9.41482e-07
  [Cycle 370] Particle sorting: ON
*** B CALCULATION [GPU] ***
Execution time cycle: 265.151 ms  [sort=0.040619 field=131.857 da_wait=0.000121 mover+out=0.028555 exchange+sort+moments=50.1495 B=76.1553 momentsAwait=6.9196 outCopy=0.00034]
 ======= Cycle 371 ======= 
*** E CALCULATION [GPU] ***
*** MAXWELL SOLVER [GPU] ***
Initial residual: 0.419201 norm b vector (source) = 0.665588
GMRES converged at restart # 2; iteration #7 with error: 6.91527e-07
  [Cycle 371] Particle sorting: ON
*** B CALCULATION [GPU] ***
Execution time cycle: 267.738 ms  [sort=0.040368 field=134.442 da_wait=0.00012 mover+out=0.027283 exchange+sort+moments=50.3139 B=75.8523 momentsAwait=7.06262 outCopy=0.000231]
 ======= Cycle 372 ======= 
*** E CALCULATION [GPU] ***
*** MAXWELL SOLVER [GPU] ***
Initial residual: 0.419172 norm b vector (source) = 0.665808
GMRES converged at restart # 2; iteration #7 with error: 7.52461e-07
  [Cycle 372] Particle sorting: ON
*** B CALCULATION [GPU] ***
Execution time cycle: 267.794 ms  [sort=0.036241 field=134.574 da_wait=0.00012 mover+out=0.029317 exchange+sort+moments=50.1567 B=76.0046 momentsAwait=6.9929 outCopy=0.00028]
 ======= Cycle 373 ======= 
*** E CALCULATION [GPU] ***
*** MAXWELL SOLVER [GPU] ***
Initial residual: 0.419391 norm b vector (source) = 0.666243
GMRES converged at restart # 2; iteration #7 with error: 7.94175e-07
  [Cycle 373] Particle sorting: ON
*** B CALCULATION [GPU] ***
Execution time cycle: 268.368 ms  [sort=0.039216 field=134.849 da_wait=0.000191 mover+out=0.027403 exchange+sort+moments=50.5559 B=75.9598 momentsAwait=6.93706 outCopy=0.00026]
 ======= Cycle 374 ======= 
*** E CALCULATION [GPU] ***
*** MAXWELL SOLVER [GPU] ***
Initial residual: 0.419528 norm b vector (source) = 0.666656
GMRES converged at restart # 2; iteration #7 with error: 8.12326e-07
  [Cycle 374] Particle sorting: ON
*** B CALCULATION [GPU] ***
Execution time cycle: 269.364 ms  [sort=0.040749 field=136.046 da_wait=0.000121 mover+out=0.03108 exchange+sort+moments=50.4499 B=75.9997 momentsAwait=6.79616 outCopy=0.00024]
 ======= Cycle 375 ======= 
*** E CALCULATION [GPU] ***
*** MAXWELL SOLVER [GPU] ***
Initial residual: 0.419532 norm b vector (source) = 0.666903
GMRES converged at restart # 2; iteration #7 with error: 8.02349e-07
  [Cycle 375] Particle sorting: ON
*** B CALCULATION [GPU] ***
Execution time cycle: 267.95 ms  [sort=0.039266 field=134.412 da_wait=0.00012 mover+out=0.035819 exchange+sort+moments=50.5728 B=76.0158 momentsAwait=6.87377 outCopy=0.000241]
 ======= Cycle 376 ======= 
*** E CALCULATION [GPU] ***
*** MAXWELL SOLVER [GPU] ***
Initial residual: 0.419646 norm b vector (source) = 0.667082
GMRES converged at restart # 2; iteration #7 with error: 7.63028e-07
  [Cycle 376] Particle sorting: ON
*** B CALCULATION [GPU] ***
Execution time cycle: 268.03 ms  [sort=0.037082 field=134.572 da_wait=0.00013 mover+out=0.029637 exchange+sort+moments=50.3199 B=76.1894 momentsAwait=6.88165 outCopy=0.00026]
 ======= Cycle 377 ======= 
*** E CALCULATION [GPU] ***
*** MAXWELL SOLVER [GPU] ***
Initial residual: 0.419885 norm b vector (source) = 0.667247
GMRES converged at restart # 2; iteration #7 with error: 7.08077e-07
  [Cycle 377] Particle sorting: ON
*** B CALCULATION [GPU] ***
Execution time cycle: 267.616 ms  [sort=0.037152 field=134.176 da_wait=0.00012 mover+out=0.029196 exchange+sort+moments=50.1596 B=76.3478 momentsAwait=6.86644 outCopy=0.00027]
 ======= Cycle 378 ======= 
*** E CALCULATION [GPU] ***
*** MAXWELL SOLVER [GPU] ***
Initial residual: 0.420063 norm b vector (source) = 0.667318
GMRES converged at restart # 2; iteration #6 with error: 9.80826e-07
  [Cycle 378] Particle sorting: ON
*** B CALCULATION [GPU] ***
Execution time cycle: 265.301 ms  [sort=0.033395 field=131.704 da_wait=0.000131 mover+out=0.030959 exchange+sort+moments=50.3266 B=76.1987 momentsAwait=7.00709 outCopy=0.00024]
 ======= Cycle 379 ======= 
*** E CALCULATION [GPU] ***
*** MAXWELL SOLVER [GPU] ***
Initial residual: 0.420262 norm b vector (source) = 0.667482
GMRES converged at restart # 2; iteration #6 with error: 9.02638e-07
  [Cycle 379] Particle sorting: ON
*** B CALCULATION [GPU] ***
Execution time cycle: 265.064 ms  [sort=0.033766 field=131.352 da_wait=0.000121 mover+out=0.028605 exchange+sort+moments=50.2979 B=76.4352 momentsAwait=6.91594 outCopy=0.00026]
 ======= Cycle 380 ======= 
*** E CALCULATION [GPU] ***
*** MAXWELL SOLVER [GPU] ***
Initial residual: 0.420348 norm b vector (source) = 0.667657
GMRES converged at restart # 2; iteration #6 with error: 8.56305e-07
  [Cycle 380] Particle sorting: ON
*** B CALCULATION [GPU] ***
Execution time cycle: 265.22 ms  [sort=0.043273 field=131.905 da_wait=0.000151 mover+out=0.029206 exchange+sort+moments=50.0264 B=76.317 momentsAwait=6.89859 outCopy=0.000271]
 ======= Cycle 381 ======= 
*** E CALCULATION [GPU] ***
*** MAXWELL SOLVER [GPU] ***
Initial residual: 0.420423 norm b vector (source) = 0.667703
GMRES converged at restart # 2; iteration #6 with error: 8.4638e-07
  [Cycle 381] Particle sorting: ON
*** B CALCULATION [GPU] ***
Execution time cycle: 265.357 ms  [sort=0.036861 field=131.94 da_wait=0.00014 mover+out=0.030499 exchange+sort+moments=49.9535 B=76.4183 momentsAwait=6.97821 outCopy=0.000241]
 ======= Cycle 382 ======= 
*** E CALCULATION [GPU] ***
*** MAXWELL SOLVER [GPU] ***
Initial residual: 0.420246 norm b vector (source) = 0.667581
GMRES converged at restart # 2; iteration #6 with error: 8.72095e-07
  [Cycle 382] Particle sorting: ON
*** B CALCULATION [GPU] ***
Execution time cycle: 265.971 ms  [sort=0.031572 field=132.536 da_wait=0.00011 mover+out=0.028615 exchange+sort+moments=50.137 B=76.3217 momentsAwait=6.91498 outCopy=0.00033]
 ======= Cycle 383 ======= 
*** E CALCULATION [GPU] ***
*** MAXWELL SOLVER [GPU] ***
Initial residual: 0.420002 norm b vector (source) = 0.667354
GMRES converged at restart # 2; iteration #6 with error: 9.29482e-07
  [Cycle 383] Particle sorting: ON
*** B CALCULATION [GPU] ***
Execution time cycle: 269.295 ms  [sort=0.033996 field=133.471 da_wait=0.00012 mover+out=0.029257 exchange+sort+moments=52.5272 B=76.3392 momentsAwait=6.894 outCopy=0.00024]
 ======= Cycle 384 ======= 
*** E CALCULATION [GPU] ***
*** MAXWELL SOLVER [GPU] ***
Initial residual: 0.419803 norm b vector (source) = 0.667209
GMRES converged at restart # 2; iteration #7 with error: 6.81659e-07
  [Cycle 384] Particle sorting: ON
*** B CALCULATION [GPU] ***
Execution time cycle: 791.094 ms  [sort=0.034737 field=657.636 da_wait=0.00011 mover+out=0.03079 exchange+sort+moments=50.1792 B=76.3521 momentsAwait=6.86098 outCopy=0.000391]
 ======= Cycle 385 ======= 
*** E CALCULATION [GPU] ***
*** MAXWELL SOLVER [GPU] ***
Initial residual: 0.41954 norm b vector (source) = 0.667179
GMRES converged at restart # 2; iteration #7 with error: 7.6395e-07
  [Cycle 385] Particle sorting: ON
*** B CALCULATION [GPU] ***
Execution time cycle: 267.771 ms  [sort=0.03603 field=134.274 da_wait=0.00014 mover+out=0.029227 exchange+sort+moments=50.0615 B=76.5771 momentsAwait=6.79319 outCopy=0.000231]
 ======= Cycle 386 ======= 
*** E CALCULATION [GPU] ***
*** MAXWELL SOLVER [GPU] ***
Initial residual: 0.419379 norm b vector (source) = 0.667314
GMRES converged at restart # 2; iteration #7 with error: 8.60601e-07
  [Cycle 386] Particle sorting: ON
*** B CALCULATION [GPU] ***
Execution time cycle: 268.265 ms  [sort=0.037773 field=134.311 da_wait=0.00012 mover+out=0.029367 exchange+sort+moments=50.2975 B=76.7773 momentsAwait=6.81135 outCopy=0.000351]
 ======= Cycle 387 ======= 
*** E CALCULATION [GPU] ***
*** MAXWELL SOLVER [GPU] ***
Initial residual: 0.419109 norm b vector (source) = 0.667343
GMRES converged at restart # 2; iteration #7 with error: 8.41923e-07
  [Cycle 387] Particle sorting: ON
*** B CALCULATION [GPU] ***
Execution time cycle: 271.306 ms  [sort=0.036781 field=137.471 da_wait=0.00013 mover+out=0.027243 exchange+sort+moments=50.2293 B=76.5316 momentsAwait=7.00992 outCopy=0.000231]
 ======= Cycle 388 ======= 
*** E CALCULATION [GPU] ***
*** MAXWELL SOLVER [GPU] ***
Initial residual: 0.419219 norm b vector (source) = 0.66756
GMRES converged at restart # 2; iteration #7 with error: 9.08672e-07
  [Cycle 388] Particle sorting: ON
*** B CALCULATION [GPU] ***
Execution time cycle: 271.023 ms  [sort=0.033334 field=137.445 da_wait=0.000121 mover+out=0.029216 exchange+sort+moments=49.9837 B=76.6817 momentsAwait=6.84961 outCopy=0.000331]
 ======= Cycle 389 ======= 
*** E CALCULATION [GPU] ***
*** MAXWELL SOLVER [GPU] ***
Initial residual: 0.419564 norm b vector (source) = 0.668011
GMRES converged at restart # 2; iteration #7 with error: 9.46072e-07
  [Cycle 389] Particle sorting: ON
*** B CALCULATION [GPU] ***
Execution time cycle: 271.383 ms  [sort=0.034356 field=137.524 da_wait=0.000121 mover+out=0.026952 exchange+sort+moments=50.2735 B=76.5063 momentsAwait=7.01723 outCopy=0.000241]
 ======= Cycle 390 ======= 
*** E CALCULATION [GPU] ***
*** MAXWELL SOLVER [GPU] ***
Initial residual: 0.419797 norm b vector (source) = 0.668306
GMRES converged at restart # 2; iteration #7 with error: 9.47726e-07
  [Cycle 390] Particle sorting: ON
*** B CALCULATION [GPU] ***
Execution time cycle: 270.741 ms  [sort=0.034577 field=137.337 da_wait=0.00012 mover+out=0.029758 exchange+sort+moments=49.9042 B=76.5804 momentsAwait=6.85515 outCopy=0.00037]
 ======= Cycle 391 ======= 
*** E CALCULATION [GPU] ***
*** MAXWELL SOLVER [GPU] ***
Initial residual: 0.419968 norm b vector (source) = 0.668361
GMRES converged at restart # 2; iteration #7 with error: 9.16093e-07
  [Cycle 391] Particle sorting: ON
*** B CALCULATION [GPU] ***
Execution time cycle: 271.331 ms  [sort=0.03612 field=137.703 da_wait=0.00012 mover+out=0.029998 exchange+sort+moments=50.1136 B=76.5885 momentsAwait=6.85878 outCopy=0.00024]
 ======= Cycle 392 ======= 
*** E CALCULATION [GPU] ***
*** MAXWELL SOLVER [GPU] ***
Initial residual: 0.420183 norm b vector (source) = 0.668389
GMRES converged at restart # 2; iteration #7 with error: 8.63432e-07
  [Cycle 392] Particle sorting: ON
*** B CALCULATION [GPU] ***
Execution time cycle: 271.322 ms  [sort=0.033575 field=137.714 da_wait=0.00014 mover+out=0.029768 exchange+sort+moments=50.2922 B=76.4704 momentsAwait=6.78188 outCopy=0.00024]
 ======= Cycle 393 ======= 
*** E CALCULATION [GPU] ***
*** MAXWELL SOLVER [GPU] ***
Initial residual: 0.420192 norm b vector (source) = 0.668228
GMRES converged at restart # 2; iteration #7 with error: 8.08024e-07
  [Cycle 393] Particle sorting: ON
*** B CALCULATION [GPU] ***
Execution time cycle: 271.069 ms  [sort=0.037343 field=137.504 da_wait=0.00013 mover+out=0.029808 exchange+sort+moments=50.0519 B=76.5253 momentsAwait=6.92033 outCopy=0.00024]
 ======= Cycle 394 ======= 
*** E CALCULATION [GPU] ***
*** MAXWELL SOLVER [GPU] ***
Initial residual: 0.419946 norm b vector (source) = 0.66768
GMRES converged at restart # 2; iteration #7 with error: 8.67611e-07
  [Cycle 394] Particle sorting: ON
*** B CALCULATION [GPU] ***
Execution time cycle: 267.778 ms  [sort=0.031511 field=134.286 da_wait=0.000221 mover+out=0.027764 exchange+sort+moments=49.8952 B=76.6457 momentsAwait=6.89073 outCopy=0.000241]
 ======= Cycle 395 ======= 
*** E CALCULATION [GPU] ***
*** MAXWELL SOLVER [GPU] ***
Initial residual: 0.419784 norm b vector (source) = 0.667269
GMRES converged at restart # 2; iteration #7 with error: 8.36837e-07
  [Cycle 395] Particle sorting: ON
*** B CALCULATION [GPU] ***
Execution time cycle: 268.57 ms  [sort=0.030809 field=134.32 da_wait=0.00013 mover+out=0.029768 exchange+sort+moments=50.3327 B=76.8875 momentsAwait=6.96838 outCopy=0.00024]
 ======= Cycle 396 ======= 
*** E CALCULATION [GPU] ***
*** MAXWELL SOLVER [GPU] ***
Initial residual: 0.41958 norm b vector (source) = 0.667086
GMRES converged at restart # 2; iteration #7 with error: 8.41374e-07
  [Cycle 396] Particle sorting: ON
*** B CALCULATION [GPU] ***
Execution time cycle: 268.212 ms  [sort=0.034928 field=134.405 da_wait=0.00012 mover+out=0.027053 exchange+sort+moments=50.0986 B=76.6619 momentsAwait=6.98425 outCopy=0.000241]
 ======= Cycle 397 ======= 
*** E CALCULATION [GPU] ***
*** MAXWELL SOLVER [GPU] ***
Initial residual: 0.419415 norm b vector (source) = 0.666996
GMRES converged at restart # 2; iteration #7 with error: 8.79051e-07
  [Cycle 397] Particle sorting: ON
*** B CALCULATION [GPU] ***
Execution time cycle: 268.476 ms  [sort=0.035078 field=134.411 da_wait=0.00012 mover+out=0.03066 exchange+sort+moments=50.2907 B=76.8391 momentsAwait=6.86804 outCopy=0.000351]
 ======= Cycle 398 ======= 
*** E CALCULATION [GPU] ***
*** MAXWELL SOLVER [GPU] ***
Initial residual: 0.419192 norm b vector (source) = 0.666733
GMRES converged at restart # 2; iteration #7 with error: 8.36193e-07
  [Cycle 398] Particle sorting: ON
*** B CALCULATION [GPU] ***
Execution time cycle: 271.313 ms  [sort=0.036581 field=137.536 da_wait=0.00012 mover+out=0.030048 exchange+sort+moments=50.0107 B=76.7558 momentsAwait=6.94341 outCopy=0.000331]
 ======= Cycle 399 ======= 
*** E CALCULATION [GPU] ***
*** MAXWELL SOLVER [GPU] ***
Initial residual: 0.419334 norm b vector (source) = 0.666776
GMRES converged at restart # 2; iteration #7 with error: 9.26694e-07
  [Cycle 399] Particle sorting: ON
*** B CALCULATION [GPU] ***
Execution time cycle: 271.116 ms  [sort=0.034016 field=137.226 da_wait=0.00013 mover+out=0.028485 exchange+sort+moments=50.2147 B=76.6871 momentsAwait=6.81836 outCopy=0.106937]


*** SIMULATION ENDED SUCESSFULLY ***
 Simulation Time: 128.149 sec (0.0355969 hours)
***

