
Number of processes = 56
-------------------------
Number of threads = 6
-------------------------

Virtual Cartesian Processors Topology
-------------------------------------
Processors grid: 7x4x2
Periodicity X: 1
Periodicity Y: 0
Periodicity Z: 1


Simulation Parameters
---------------------
Number of species    = 4
qom[0] = -64
qom[1] = 1
qom[2] = -64
qom[3] = 1
x-Length                 = 17.5
y-Length                 = 13.3333
z-Length                 = 10
Number of cells (x)      = 448
Number of cells (y)      = 256
Number of cells (z)      = 128
Time step                = 0.15
Number of cycles         = 400
Results saved in  : data
Case type         : GEM
Simulation name   : weakGEM3D_N7
Smoothing         : on (alpha=0.2, Niter=6)
---------------------
EM Field Boundary Conditions
---------------------
Xleft  : 0 (perfect conductor)
Xright : 0 (perfect conductor)
Yleft  : 0 (perfect conductor)
Yright : 0 (perfect conductor)
Zleft  : 0 (perfect conductor)
Zright : 0 (perfect conductor)
SAL (absorbing layer): no
---------------------
Particle Boundary Conditions
---------------------
Xleft  : 1 (perfect mirror)
Xright : 1 (perfect mirror)
Yleft  : 1 (perfect mirror)
Yright : 1 (perfect mirror)
Zleft  : 1 (perfect mirror)
Zright : 1 (perfect mirror)
E inflow BCs in GMRes : yes (applied per-face where bcPface == 2)
---------------------
Field Corrections
---------------------
Poisson div(E) correction  : no
div(B) cleaning            : no
---------------------
Planet Boundary
---------------------
Reflection type            : 0 (specular)
---------------------
Exosphere Ionization
---------------------
Status                     : disabled
---------------------
Check Simulation Constraints
---------------------
Accuracy Constraint:  
u_th < dx/dt species 0.....OK
v_th < dy/dt species 0......OK
u_th < dx/dt species 1.....OK
v_th < dy/dt species 1......OK
u_th < dx/dt species 2.....OK
v_th < dy/dt species 2......OK
u_th < dx/dt species 3.....OK
v_th < dy/dt species 3......OK

Finite Grid Stability Constraint:  
OK u_th*dt/dx (species 0) = 0.1728 > .1
OK v_th*dt/dy (species 0) = 0.1296 > .1
WARNING. u_th*dt/dx (species 1) = 0.048384 < .1
WARNING. v_th*dt/dy (species 1) = 0.036288 < .1
OK u_th*dt/dx (species 2) = 0.1728 > .1
OK v_th*dt/dy (species 2) = 0.1296 > .1
WARNING. u_th*dt/dx (species 3) = 0.048384 < .1
WARNING. v_th*dt/dy (species 3) = 0.036288 < .1

CFL Condition (c*dt/dx < 1):  
---------------------
Speed of light c     = 1
Time step dt         = 0.15
Grid spacing dx      = 0.0390625
Grid spacing dy      = 0.0520833
Grid spacing dz      = 0.078125
c*dt/dx              = 3.84  WARNING: CFL VIOLATED!
c*dt/dy              = 2.88  WARNING: CFL VIOLATED!
c*dt/dz              = 1.92  WARNING: CFL VIOLATED!
c*dt*|1/dx|          = 5.16976  WARNING: multi-dim CFL VIOLATED!

Numerical Resolution Parameters:  
---------------------
Larmor radius / dx (species 0) = 0.923077  (rL = 0.0360577, Omega_c*dt = 0.1872)
Larmor radius / dx (species 1) = 16.5415  (rL = 0.646154, Omega_c*dt = 0.002925)
Larmor radius / dx (species 2) = 0.923077  (rL = 0.0360577, Omega_c*dt = 0.1872)
Larmor radius / dx (species 3) = 16.5415  (rL = 0.646154, Omega_c*dt = 0.002925)
Species 0 (qom=-64): omega_p = 8, d_s/dx = 3.2, omega_p*dt = 1.2  OK
Species 1 (qom=1): omega_p = 1, d_s/dx = 25.6, omega_p*dt = 0.15  OK
Species 2 (qom=-64): omega_p = 2.52982, d_s/dx = 10.1193, omega_p*dt = 0.379473  OK
Species 3 (qom=1): omega_p = 0.316228, d_s/dx = 80.9543, omega_p*dt = 0.0474342  OK

Estimated Memory Per Rank
---------------------
Local grid (with ghosts): 66x66x66 cells, 67x67x67 nodes
HOST:   EMfields = 307.853 MB, particles = 4096 MB, comm = 409.6 MB, field buf = 53.4397 MB
        TOTAL = 4866.89 MB (4.75283 GB)
DEVICE: particles = 5734.4 MB, buffers = 1561.6 MB, moments = 91.7856 MB, field = 53.4397 MB, sort = 1088.36 MB
        TOTAL = 8529.59 MB (8.32967 GB)  (+ 500 MB CUDA context)
COMBINED = 13396.5 MB (13.0825 GB)
---------------------
------------------------------------------
Initialize GEM Challenge with Perturbation
------------------------------------------
B0x                              = 0.0195
B0y                              = 0
B0z                              = 0
Delta (current sheet thickness) = 0.5
rho species 0 = 1 DRIFTING 
rho species 1 = 1 DRIFTING 
rho species 2 = 0.1 BACKGROUND 
rho species 3 = 0.1 BACKGROUND 
-------------------------
(11.0) WARNING init(), IOManager.cpp:128: Selected particle backend requires HDF5 (compile with USE_HDF5=ON). Particle output disabled.
(11.0) WARNING init(), IOManager.cpp:133: Selected restart backend requires HDF5 (compile with USE_HDF5=ON). Restart output disabled.
(10.0) WARNING init(), IOManager.cpp:128: Selected particle backend requires HDF5 (compile with USE_HDF5=ON). Particle output disabled.
(10.0) WARNING init(), IOManager.cpp:133: Selected restart backend requires HDF5 (compile with USE_HDF5=ON). Restart output disabled.
(18.0) WARNING init(), IOManager.cpp:128: Selected particle backend requires HDF5 (compile with USE_HDF5=ON). Particle output disabled.
(18.0) WARNING init(), IOManager.cpp:133: Selected restart backend requires HDF5 (compile with USE_HDF5=ON). Restart output disabled.
(2.0) WARNING init(), IOManager.cpp:128: Selected particle backend requires HDF5 (compile with USE_HDF5=ON). Particle output disabled.
(2.0) WARNING init(), IOManager.cpp:133: Selected restart backend requires HDF5 (compile with USE_HDF5=ON). Restart output disabled.
(3.0) WARNING init(), IOManager.cpp:128: Selected particle backend requires HDF5 (compile with USE_HDF5=ON). Particle output disabled.
(3.0) WARNING init(), IOManager.cpp:133: Selected restart backend requires HDF5 (compile with USE_HDF5=ON). Restart output disabled.
(19.0) WARNING init(), IOManager.cpp:128: Selected particle backend requires HDF5 (compile with USE_HDF5=ON). Particle output disabled.
(19.0) WARNING init(), IOManager.cpp:133: Selected restart backend requires HDF5 (compile with USE_HDF5=ON). Restart output disabled.
(50.0) WARNING init(), IOManager.cpp:128: Selected particle backend requires HDF5 (compile with USE_HDF5=ON). Particle output disabled.
(50.0) WARNING init(), IOManager.cpp:133: Selected restart backend requires HDF5 (compile with USE_HDF5=ON). Restart output disabled.
(51.0) WARNING init(), IOManager.cpp:128: Selected particle backend requires HDF5 (compile with USE_HDF5=ON). Particle output disabled.
(51.0) WARNING init(), IOManager.cpp:133: Selected restart backend requires HDF5 (compile with USE_HDF5=ON). Restart output disabled.
(26.0) WARNING init(), IOManager.cpp:128: Selected particle backend requires HDF5 (compile with USE_HDF5=ON). Particle output disabled.
(26.0) WARNING init(), IOManager.cpp:133: Selected restart backend requires HDF5 (compile with USE_HDF5=ON). Restart output disabled.
(27.0) WARNING init(), IOManager.cpp:128: Selected particle backend requires HDF5 (compile with USE_HDF5=ON). Particle output disabled.
(27.0) WARNING init(), IOManager.cpp:133: Selected restart backend requires HDF5 (compile with USE_HDF5=ON). Restart output disabled.
(42.0) WARNING init(), IOManager.cpp:128: Selected particle backend requires HDF5 (compile with USE_HDF5=ON). Particle output disabled.
(42.0) WARNING init(), IOManager.cpp:133: Selected restart backend requires HDF5 (compile with USE_HDF5=ON). Restart output disabled.
(43.0) WARNING init(), IOManager.cpp:128: Selected particle backend requires HDF5 (compile with USE_HDF5=ON). Particle output disabled.
(43.0) WARNING init(), IOManager.cpp:133: Selected restart backend requires HDF5 (compile with USE_HDF5=ON). Restart output disabled.
(35.0) WARNING init(), IOManager.cpp:128: Selected particle backend requires HDF5 (compile with USE_HDF5=ON). Particle output disabled.
(35.0) WARNING init(), IOManager.cpp:133: Selected restart backend requires HDF5 (compile with USE_HDF5=ON). Restart output disabled.
(34.0) WARNING init(), IOManager.cpp:128: Selected particle backend requires HDF5 (compile with USE_HDF5=ON). Particle output disabled.
(34.0) WARNING init(), IOManager.cpp:133: Selected restart backend requires HDF5 (compile with USE_HDF5=ON). Restart output disabled.
(16.0) WARNING init(), IOManager.cpp:128: Selected particle backend requires HDF5 (compile with USE_HDF5=ON). Particle output disabled.
(16.0) WARNING init(), IOManager.cpp:133: Selected restart backend requires HDF5 (compile with USE_HDF5=ON). Restart output disabled.
(14.0) WARNING init(), IOManager.cpp:128: Selected particle backend requires HDF5 (compile with USE_HDF5=ON). Particle output disabled.
(14.0) WARNING init(), IOManager.cpp:133: Selected restart backend requires HDF5 (compile with USE_HDF5=ON). Restart output disabled.
(6.0) WARNING init(), IOManager.cpp:128: Selected particle backend requires HDF5 (compile with USE_HDF5=ON). Particle output disabled.
(6.0) WARNING init(), IOManager.cpp:133: Selected restart backend requires HDF5 (compile with USE_HDF5=ON). Restart output disabled.
(8.0) WARNING init(), IOManager.cpp:128: Selected particle backend requires HDF5 (compile with USE_HDF5=ON). Particle output disabled.
(8.0) WARNING init(), IOManager.cpp:133: Selected restart backend requires HDF5 (compile with USE_HDF5=ON). Restart output disabled.
(17.0) WARNING init(), IOManager.cpp:128: Selected particle backend requires HDF5 (compile with USE_HDF5=ON). Particle output disabled.
(17.0) WARNING init(), IOManager.cpp:133: Selected restart backend requires HDF5 (compile with USE_HDF5=ON). Restart output disabled.
(9.0) WARNING init(), IOManager.cpp:128: Selected particle backend requires HDF5 (compile with USE_HDF5=ON). Particle output disabled.
(9.0) WARNING init(), IOManager.cpp:133: Selected restart backend requires HDF5 (compile with USE_HDF5=ON). Restart output disabled.
(24.0) WARNING init(), IOManager.cpp:128: Selected particle backend requires HDF5 (compile with USE_HDF5=ON). Particle output disabled.
(24.0) WARNING init(), IOManager.cpp:133: Selected restart backend requires HDF5 (compile with USE_HDF5=ON). Restart output disabled.
(15.0) WARNING init(), IOManager.cpp:128: Selected particle backend requires HDF5 (compile with USE_HDF5=ON). Particle output disabled.
(15.0) WARNING init(), IOManager.cpp:133: Selected restart backend requires HDF5 (compile with USE_HDF5=ON). Restart output disabled.
(12.0) WARNING init(), IOManager.cpp:128: Selected particle backend requires HDF5 (compile with USE_HDF5=ON). Particle output disabled.
(12.0) WARNING init(), IOManager.cpp:133: Selected restart backend requires HDF5 (compile with USE_HDF5=ON). Restart output disabled.
(13.0) WARNING init(), IOManager.cpp:128: Selected particle backend requires HDF5 (compile with USE_HDF5=ON). Particle output disabled.
(13.0) WARNING init(), IOManager.cpp:133: Selected restart backend requires HDF5 (compile with USE_HDF5=ON). Restart output disabled.
(22.0) WARNING init(), IOManager.cpp:128: Selected particle backend requires HDF5 (compile with USE_HDF5=ON). Particle output disabled.
(22.0) WARNING init(), IOManager.cpp:133: Selected restart backend requires HDF5 (compile with USE_HDF5=ON). Restart output disabled.
(23.0) WARNING init(), IOManager.cpp:128: Selected particle backend requires HDF5 (compile with USE_HDF5=ON). Particle output disabled.
(23.0) WARNING init(), IOManager.cpp:133: Selected restart backend requires HDF5 (compile with USE_HDF5=ON). Restart output disabled.
(7.0) WARNING init(), IOManager.cpp:128: Selected particle backend requires HDF5 (compile with USE_HDF5=ON). Particle output disabled.
(7.0) WARNING init(), IOManager.cpp:133: Selected restart backend requires HDF5 (compile with USE_HDF5=ON). Restart output disabled.
(30.0) WARNING init(), IOManager.cpp:128: Selected particle backend requires HDF5 (compile with USE_HDF5=ON). Particle output disabled.
(30.0) WARNING init(), IOManager.cpp:133: Selected restart backend requires HDF5 (compile with USE_HDF5=ON). Restart output disabled.
(31.0) WARNING init(), IOManager.cpp:128: Selected particle backend requires HDF5 (compile with USE_HDF5=ON). Particle output disabled.
(31.0) WARNING init(), IOManager.cpp:133: Selected restart backend requires HDF5 (compile with USE_HDF5=ON). Restart output disabled.
(20.0) WARNING init(), IOManager.cpp:128: Selected particle backend requires HDF5 (compile with USE_HDF5=ON). Particle output disabled.
(20.0) WARNING init(), IOManager.cpp:133: Selected restart backend requires HDF5 (compile with USE_HDF5=ON). Restart output disabled.
(21.0) WARNING init(), IOManager.cpp:128: Selected particle backend requires HDF5 (compile with USE_HDF5=ON). Particle output disabled.
(21.0) WARNING init(), IOManager.cpp:133: Selected restart backend requires HDF5 (compile with USE_HDF5=ON). Restart output disabled.
(0.0) WARNING init(), IOManager.cpp:128: Selected particle backend requires HDF5 (compile with USE_HDF5=ON). Particle output disabled.
(0.0) WARNING init(), IOManager.cpp:133: Selected restart backend requires HDF5 (compile with USE_HDF5=ON). Restart output disabled.
(1.0) WARNING init(), IOManager.cpp:128: Selected particle backend requires HDF5 (compile with USE_HDF5=ON). Particle output disabled.
(1.0) WARNING init(), IOManager.cpp:133: Selected restart backend requires HDF5 (compile with USE_HDF5=ON). Restart output disabled.
(25.0) WARNING init(), IOManager.cpp:128: Selected particle backend requires HDF5 (compile with USE_HDF5=ON). Particle output disabled.
(25.0) WARNING init(), IOManager.cpp:133: Selected restart backend requires HDF5 (compile with USE_HDF5=ON). Restart output disabled.
(5.0) WARNING init(), IOManager.cpp:128: Selected particle backend requires HDF5 (compile with USE_HDF5=ON). Particle output disabled.
(5.0) WARNING init(), IOManager.cpp:133: Selected restart backend requires HDF5 (compile with USE_HDF5=ON). Restart output disabled.
(4.0) WARNING init(), IOManager.cpp:128: Selected particle backend requires HDF5 (compile with USE_HDF5=ON). Particle output disabled.
(4.0) WARNING init(), IOManager.cpp:133: Selected restart backend requires HDF5 (compile with USE_HDF5=ON). Restart output disabled.
(55.0) WARNING init(), IOManager.cpp:128: Selected particle backend requires HDF5 (compile with USE_HDF5=ON). Particle output disabled.
(55.0) WARNING init(), IOManager.cpp:133: Selected restart backend requires HDF5 (compile with USE_HDF5=ON). Restart output disabled.
(48.0) WARNING init(), IOManager.cpp:128: Selected particle backend requires HDF5 (compile with USE_HDF5=ON). Particle output disabled.
(48.0) WARNING init(), IOManager.cpp:133: Selected restart backend requires HDF5 (compile with USE_HDF5=ON). Restart output disabled.
(54.0) WARNING init(), IOManager.cpp:128: Selected particle backend requires HDF5 (compile with USE_HDF5=ON). Particle output disabled.
(54.0) WARNING init(), IOManager.cpp:133: Selected restart backend requires HDF5 (compile with USE_HDF5=ON). Restart output disabled.
(49.0) WARNING init(), IOManager.cpp:128: Selected particle backend requires HDF5 (compile with USE_HDF5=ON). Particle output disabled.
(49.0) WARNING init(), IOManager.cpp:133: Selected restart backend requires HDF5 (compile with USE_HDF5=ON). Restart output disabled.
(28.0) WARNING init(), IOManager.cpp:128: Selected particle backend requires HDF5 (compile with USE_HDF5=ON). Particle output disabled.
(28.0) WARNING init(), IOManager.cpp:133: Selected restart backend requires HDF5 (compile with USE_HDF5=ON). Restart output disabled.
(29.0) WARNING init(), IOManager.cpp:128: Selected particle backend requires HDF5 (compile with USE_HDF5=ON). Particle output disabled.
(29.0) WARNING init(), IOManager.cpp:133: Selected restart backend requires HDF5 (compile with USE_HDF5=ON). Restart output disabled.
(52.0) WARNING init(), IOManager.cpp:128: Selected particle backend requires HDF5 (compile with USE_HDF5=ON). Particle output disabled.
(52.0) WARNING init(), IOManager.cpp:133: Selected restart backend requires HDF5 (compile with USE_HDF5=ON). Restart output disabled.
(53.0) WARNING init(), IOManager.cpp:128: Selected particle backend requires HDF5 (compile with USE_HDF5=ON). Particle output disabled.
(53.0) WARNING init(), IOManager.cpp:133: Selected restart backend requires HDF5 (compile with USE_HDF5=ON). Restart output disabled.
(47.0) WARNING init(), IOManager.cpp:128: Selected particle backend requires HDF5 (compile with USE_HDF5=ON). Particle output disabled.
(47.0) WARNING init(), IOManager.cpp:133: Selected restart backend requires HDF5 (compile with USE_HDF5=ON). Restart output disabled.
(46.0) WARNING init(), IOManager.cpp:128: Selected particle backend requires HDF5 (compile with USE_HDF5=ON). Particle output disabled.
(46.0) WARNING init(), IOManager.cpp:133: Selected restart backend requires HDF5 (compile with USE_HDF5=ON). Restart output disabled.
(44.0) WARNING init(), IOManager.cpp:128: Selected particle backend requires HDF5 (compile with USE_HDF5=ON). Particle output disabled.
(44.0) WARNING init(), IOManager.cpp:133: Selected restart backend requires HDF5 (compile with USE_HDF5=ON). Restart output disabled.
(45.0) WARNING init(), IOManager.cpp:128: Selected particle backend requires HDF5 (compile with USE_HDF5=ON). Particle output disabled.
(45.0) WARNING init(), IOManager.cpp:133: Selected restart backend requires HDF5 (compile with USE_HDF5=ON). Restart output disabled.
(40.0) WARNING init(), IOManager.cpp:128: Selected particle backend requires HDF5 (compile with USE_HDF5=ON). Particle output disabled.
(40.0) WARNING init(), IOManager.cpp:133: Selected restart backend requires HDF5 (compile with USE_HDF5=ON). Restart output disabled.
(41.0) WARNING init(), IOManager.cpp:128: Selected particle backend requires HDF5 (compile with USE_HDF5=ON). Particle output disabled.
(41.0) WARNING init(), IOManager.cpp:133: Selected restart backend requires HDF5 (compile with USE_HDF5=ON). Restart output disabled.
(38.0) WARNING init(), IOManager.cpp:128: Selected particle backend requires HDF5 (compile with USE_HDF5=ON). Particle output disabled.
(38.0) WARNING init(), IOManager.cpp:133: Selected restart backend requires HDF5 (compile with USE_HDF5=ON). Restart output disabled.
(32.0) WARNING init(), IOManager.cpp:128: Selected particle backend requires HDF5 (compile with USE_HDF5=ON). Particle output disabled.
(32.0) WARNING init(), IOManager.cpp:133: Selected restart backend requires HDF5 (compile with USE_HDF5=ON). Restart output disabled.
(36.0) WARNING init(), IOManager.cpp:128: Selected particle backend requires HDF5 (compile with USE_HDF5=ON). Particle output disabled.
(36.0) WARNING init(), IOManager.cpp:133: Selected restart backend requires HDF5 (compile with USE_HDF5=ON). Restart output disabled.
(37.0) WARNING init(), IOManager.cpp:128: Selected particle backend requires HDF5 (compile with USE_HDF5=ON). Particle output disabled.
(37.0) WARNING init(), IOManager.cpp:133: Selected restart backend requires HDF5 (compile with USE_HDF5=ON). Restart output disabled.
(39.0) WARNING init(), IOManager.cpp:128: Selected particle backend requires HDF5 (compile with USE_HDF5=ON). Particle output disabled.
(39.0) WARNING init(), IOManager.cpp:133: Selected restart backend requires HDF5 (compile with USE_HDF5=ON). Restart output disabled.
(33.0) WARNING init(), IOManager.cpp:128: Selected particle backend requires HDF5 (compile with USE_HDF5=ON). Particle output disabled.
(33.0) WARNING init(), IOManager.cpp:133: Selected restart backend requires HDF5 (compile with USE_HDF5=ON). Restart output disabled.
CUDA Init finished
 ======= Cycle 0 ======= 
*** E CALCULATION [GPU] ***
*** MAXWELL SOLVER [GPU] ***
Initial residual: 0.575071 norm b vector (source) = 0.575066
GMRES converged at restart # 2; iteration #3 with error: 7.42858e-07
  [Cycle 0] Particle sorting: ON
*** B CALCULATION [GPU] ***
Execution time cycle: 2161.91 ms  [sort=17.9273 field=150.5 da_wait=0.010731 mover+out=1890.64 exchange+sort+moments=32.551 B=63.7874 momentsAwait=6.49553 outCopy=0.002104]
 ======= Cycle 1 ======= 
*** E CALCULATION [GPU] ***
*** MAXWELL SOLVER [GPU] ***
Initial residual: 0.440625 norm b vector (source) = 0.758821
GMRES converged at restart # 2; iteration #5 with error: 7.11829e-07
  [Cycle 1] Particle sorting: ON
*** B CALCULATION [GPU] ***
Execution time cycle: 267.205 ms  [sort=0.054065 field=128.717 da_wait=0.000141 mover+out=0.040488 exchange+sort+moments=61.9607 B=70.0487 momentsAwait=6.38363 outCopy=0.000661]
 ======= Cycle 2 ======= 
*** E CALCULATION [GPU] ***
*** MAXWELL SOLVER [GPU] ***
Initial residual: 0.433646 norm b vector (source) = 0.449528
GMRES converged at restart # 2; iteration #6 with error: 7.24087e-07
  [Cycle 2] Particle sorting: ON
*** B CALCULATION [GPU] ***
Execution time cycle: 268.838 ms  [sort=0.065618 field=134.604 da_wait=0.00015 mover+out=0.03112 exchange+sort+moments=57.269 B=70.312 momentsAwait=6.55505 outCopy=0.000661]
 ======= Cycle 3 ======= 
*** E CALCULATION [GPU] ***
*** MAXWELL SOLVER [GPU] ***
Initial residual: 0.311478 norm b vector (source) = 0.564719
GMRES converged at restart # 2; iteration #5 with error: 8.26048e-07
  [Cycle 3] Particle sorting: ON
*** B CALCULATION [GPU] ***
Execution time cycle: 259.824 ms  [sort=0.050097 field=128.708 da_wait=0.00014 mover+out=0.034838 exchange+sort+moments=54.6448 B=69.9737 momentsAwait=6.41243 outCopy=0.000721]
 ======= Cycle 4 ======= 
*** E CALCULATION [GPU] ***
*** MAXWELL SOLVER [GPU] ***
Initial residual: 0.35438 norm b vector (source) = 0.501154
GMRES converged at restart # 2; iteration #6 with error: 7.3615e-07
  [Cycle 4] Particle sorting: ON
*** B CALCULATION [GPU] ***
Execution time cycle: 260.378 ms  [sort=0.049977 field=131.331 da_wait=0.00021 mover+out=0.031602 exchange+sort+moments=52.4434 B=70.1252 momentsAwait=6.3963 outCopy=0.000821]
 ======= Cycle 5 ======= 
*** E CALCULATION [GPU] ***
*** MAXWELL SOLVER [GPU] ***
Initial residual: 0.319204 norm b vector (source) = 0.532941
GMRES converged at restart # 2; iteration #6 with error: 6.65249e-07
  [Cycle 5] Particle sorting: ON
*** B CALCULATION [GPU] ***
Execution time cycle: 259.229 ms  [sort=0.046751 field=131.196 da_wait=0.000221 mover+out=0.033284 exchange+sort+moments=51.263 B=70.2352 momentsAwait=6.45335 outCopy=0.000351]
 ======= Cycle 6 ======= 
*** E CALCULATION [GPU] ***
*** MAXWELL SOLVER [GPU] ***
Initial residual: 0.331094 norm b vector (source) = 0.532305
GMRES converged at restart # 2; iteration #6 with error: 8.5028e-07
  [Cycle 6] Particle sorting: ON
*** B CALCULATION [GPU] ***
Execution time cycle: 259.056 ms  [sort=0.042844 field=131.122 da_wait=0.0002 mover+out=0.034677 exchange+sort+moments=51.1063 B=70.2678 momentsAwait=6.48141 outCopy=0.000431]
 ======= Cycle 7 ======= 
*** E CALCULATION [GPU] ***
*** MAXWELL SOLVER [GPU] ***
Initial residual: 0.3302 norm b vector (source) = 0.531454
GMRES converged at restart # 2; iteration #6 with error: 9.89595e-07
  [Cycle 7] Particle sorting: ON
*** B CALCULATION [GPU] ***
Execution time cycle: 259.659 ms  [sort=0.050889 field=130.965 da_wait=0.00015 mover+out=0.031802 exchange+sort+moments=51.7414 B=70.4199 momentsAwait=6.44874 outCopy=0.000501]
 ======= Cycle 8 ======= 
*** E CALCULATION [GPU] ***
*** MAXWELL SOLVER [GPU] ***
Initial residual: 0.334016 norm b vector (source) = 0.533111
GMRES converged at restart # 2; iteration #7 with error: 7.64388e-07
  [Cycle 8] Particle sorting: ON
*** B CALCULATION [GPU] ***
Execution time cycle: 262.348 ms  [sort=0.046811 field=133.985 da_wait=0.000191 mover+out=0.033114 exchange+sort+moments=51.4599 B=70.3427 momentsAwait=6.47985 outCopy=0.000531]
 ======= Cycle 9 ======= 
*** E CALCULATION [GPU] ***
*** MAXWELL SOLVER [GPU] ***
Initial residual: 0.337434 norm b vector (source) = 0.534437
GMRES converged at restart # 2; iteration #7 with error: 7.64544e-07
  [Cycle 9] Particle sorting: ON
*** B CALCULATION [GPU] ***
Execution time cycle: 271.834 ms  [sort=0.049536 field=143.757 da_wait=0.00013 mover+out=0.028215 exchange+sort+moments=51.3427 B=70.1888 momentsAwait=6.46734 outCopy=0.000581]
 ======= Cycle 10 ======= 
*** E CALCULATION [GPU] ***
*** MAXWELL SOLVER [GPU] ***
Initial residual: 0.340976 norm b vector (source) = 0.536448
GMRES converged at restart # 2; iteration #7 with error: 8.92827e-07
  [Cycle 10] Particle sorting: ON
*** B CALCULATION [GPU] ***
Execution time cycle: 276.884 ms  [sort=0.043976 field=149.344 da_wait=0.00015 mover+out=0.031782 exchange+sort+moments=50.8457 B=70.1884 momentsAwait=6.42942 outCopy=0.000481]
 ======= Cycle 11 ======= 
*** E CALCULATION [GPU] ***
*** MAXWELL SOLVER [GPU] ***
Initial residual: 0.344687 norm b vector (source) = 0.539672
GMRES converged at restart # 2; iteration #8 with error: 7.39067e-07
  [Cycle 11] Particle sorting: ON
*** B CALCULATION [GPU] ***
Execution time cycle: 284.194 ms  [sort=0.043305 field=151.811 da_wait=0.00011 mover+out=0.031111 exchange+sort+moments=50.4457 B=70.4987 momentsAwait=11.3637 outCopy=0.000651]
 ======= Cycle 12 ======= 
*** E CALCULATION [GPU] ***
*** MAXWELL SOLVER [GPU] ***
Initial residual: 0.348309 norm b vector (source) = 0.544322
GMRES converged at restart # 2; iteration #8 with error: 8.99586e-07
  [Cycle 12] Particle sorting: ON
*** B CALCULATION [GPU] ***
Execution time cycle: 280.268 ms  [sort=0.033225 field=152.35 da_wait=0.00014 mover+out=0.031432 exchange+sort+moments=51.0708 B=70.3137 momentsAwait=6.46804 outCopy=0.000531]
 ======= Cycle 13 ======= 
*** E CALCULATION [GPU] ***
*** MAXWELL SOLVER [GPU] ***
Initial residual: 0.351888 norm b vector (source) = 0.549839
GMRES converged at restart # 3; iteration #0 with error: 8.39884e-07
  [Cycle 13] Particle sorting: ON
*** B CALCULATION [GPU] ***
Execution time cycle: 287.836 ms  [sort=0.044977 field=153.889 da_wait=0.00014 mover+out=0.034778 exchange+sort+moments=50.8876 B=70.2381 momentsAwait=12.7415 outCopy=0.000621]
 ======= Cycle 14 ======= 
*** E CALCULATION [GPU] ***
*** MAXWELL SOLVER [GPU] ***
Initial residual: 0.355405 norm b vector (source) = 0.555403
GMRES converged at restart # 2; iteration #9 with error: 8.40212e-07
  [Cycle 14] Particle sorting: ON
*** B CALCULATION [GPU] ***
Execution time cycle: 274.933 ms  [sort=0.048714 field=142.415 da_wait=0.00015 mover+out=0.03082 exchange+sort+moments=50.6359 B=75.2798 momentsAwait=6.52192 outCopy=0.000501]
 ======= Cycle 15 ======= 
*** E CALCULATION [GPU] ***
*** MAXWELL SOLVER [GPU] ***
Initial residual: 0.358575 norm b vector (source) = 0.560221
GMRES converged at restart # 2; iteration #9 with error: 9.16118e-07
  [Cycle 15] Particle sorting: ON
*** B CALCULATION [GPU] ***
Execution time cycle: 293.701 ms  [sort=0.048334 field=165.859 da_wait=0.00014 mover+out=0.032774 exchange+sort+moments=50.8054 B=70.4921 momentsAwait=6.46235 outCopy=0.000522]
 ======= Cycle 16 ======= 
*** E CALCULATION [GPU] ***
*** MAXWELL SOLVER [GPU] ***
Initial residual: 0.361438 norm b vector (source) = 0.564147
GMRES converged at restart # 2; iteration #9 with error: 9.59882e-07
  [Cycle 16] Particle sorting: ON
*** B CALCULATION [GPU] ***
Execution time cycle: 281.642 ms  [sort=0.036401 field=153.611 da_wait=0.000191 mover+out=0.028095 exchange+sort+moments=51.1353 B=70.4629 momentsAwait=6.36732 outCopy=0.0004]
 ======= Cycle 17 ======= 
*** E CALCULATION [GPU] ***
*** MAXWELL SOLVER [GPU] ***
Initial residual: 0.364064 norm b vector (source) = 0.567512
GMRES converged at restart # 2; iteration #9 with error: 9.86852e-07
  [Cycle 17] Particle sorting: ON
*** B CALCULATION [GPU] ***
Execution time cycle: 282.317 ms  [sort=0.044086 field=154.297 da_wait=0.00014 mover+out=0.035419 exchange+sort+moments=51.0748 B=70.4234 momentsAwait=6.44179 outCopy=0.00033]
 ======= Cycle 18 ======= 
*** E CALCULATION [GPU] ***
*** MAXWELL SOLVER [GPU] ***
Initial residual: 0.366356 norm b vector (source) = 0.570331
GMRES converged at restart # 2; iteration #9 with error: 9.98359e-07
  [Cycle 18] Particle sorting: ON
*** B CALCULATION [GPU] ***
Execution time cycle: 288.811 ms  [sort=0.047553 field=161.19 da_wait=0.00015 mover+out=0.033766 exchange+sort+moments=50.8349 B=70.2743 momentsAwait=6.42957 outCopy=0.000401]
 ======= Cycle 19 ======= 
*** E CALCULATION [GPU] ***
*** MAXWELL SOLVER [GPU] ***
Initial residual: 0.368493 norm b vector (source) = 0.573001
GMRES converged at restart # 2; iteration #9 with error: 9.9929e-07
  [Cycle 19] Particle sorting: ON
*** B CALCULATION [GPU] ***
Execution time cycle: 282.165 ms  [sort=0.047252 field=154.484 da_wait=0.00014 mover+out=0.037884 exchange+sort+moments=50.8849 B=70.2414 momentsAwait=6.46875 outCopy=0.000431]
 ======= Cycle 20 ======= 
*** E CALCULATION [GPU] ***
*** MAXWELL SOLVER [GPU] ***
Initial residual: 0.369877 norm b vector (source) = 0.575119
GMRES converged at restart # 3; iteration #0 with error: 8.49841e-07
  [Cycle 20] Particle sorting: ON
*** B CALCULATION [GPU] ***
Execution time cycle: 296.478 ms  [sort=0.044196 field=168.808 da_wait=0.00015 mover+out=0.030259 exchange+sort+moments=50.6769 B=70.5074 momentsAwait=6.41065 outCopy=0.0003]
 ======= Cycle 21 ======= 
*** E CALCULATION [GPU] ***
*** MAXWELL SOLVER [GPU] ***
Initial residual: 0.371083 norm b vector (source) = 0.576867
GMRES converged at restart # 3; iteration #0 with error: 8.70024e-07
  [Cycle 21] Particle sorting: ON
*** B CALCULATION [GPU] ***
Execution time cycle: 283.83 ms  [sort=0.0361 field=156.029 da_wait=0.000351 mover+out=0.033324 exchange+sort+moments=51.0903 B=70.1804 momentsAwait=6.4601 outCopy=0.000421]
 ======= Cycle 22 ======= 
*** E CALCULATION [GPU] ***
*** MAXWELL SOLVER [GPU] ***
Initial residual: 0.372455 norm b vector (source) = 0.578855
GMRES converged at restart # 3; iteration #0 with error: 9.11453e-07
  [Cycle 22] Particle sorting: ON
*** B CALCULATION [GPU] ***
Execution time cycle: 288.365 ms  [sort=0.045779 field=154.595 da_wait=0.000221 mover+out=0.030409 exchange+sort+moments=50.8523 B=70.3407 momentsAwait=12.5 outCopy=0.000561]
 ======= Cycle 23 ======= 
*** E CALCULATION [GPU] ***
*** MAXWELL SOLVER [GPU] ***
Initial residual: 0.37381 norm b vector (source) = 0.58095
GMRES converged at restart # 3; iteration #0 with error: 9.73584e-07
  [Cycle 23] Particle sorting: ON
*** B CALCULATION [GPU] ***
Execution time cycle: 283.843 ms  [sort=0.049626 field=156.371 da_wait=0.00015 mover+out=0.031762 exchange+sort+moments=50.5792 B=70.3605 momentsAwait=6.45033 outCopy=0.000401]
 ======= Cycle 24 ======= 
*** E CALCULATION [GPU] ***
*** MAXWELL SOLVER [GPU] ***
Initial residual: 0.374905 norm b vector (source) = 0.58281
GMRES converged at restart # 3; iteration #1 with error: 8.64974e-07
  [Cycle 24] Particle sorting: ON
*** B CALCULATION [GPU] ***
Execution time cycle: 301.578 ms  [sort=0.043515 field=173.771 da_wait=0.00021 mover+out=0.03568 exchange+sort+moments=50.8971 B=70.384 momentsAwait=6.44638 outCopy=0.000281]
 ======= Cycle 25 ======= 
*** E CALCULATION [GPU] ***
*** MAXWELL SOLVER [GPU] ***
Initial residual: 0.375812 norm b vector (source) = 0.584383
GMRES converged at restart # 3; iteration #1 with error: 8.99345e-07
  [Cycle 25] Particle sorting: ON
*** B CALCULATION [GPU] ***
Execution time cycle: 280.021 ms  [sort=0.046039 field=151.961 da_wait=0.000221 mover+out=0.031962 exchange+sort+moments=51.068 B=70.4495 momentsAwait=6.46389 outCopy=0.00031]
 ======= Cycle 26 ======= 
*** E CALCULATION [GPU] ***
*** MAXWELL SOLVER [GPU] ***
Initial residual: 0.376475 norm b vector (source) = 0.585394
GMRES converged at restart # 3; iteration #1 with error: 9.28325e-07
  [Cycle 26] Particle sorting: ON
*** B CALCULATION [GPU] ***
Execution time cycle: 286.866 ms  [sort=0.038776 field=158.399 da_wait=0.000151 mover+out=0.03122 exchange+sort+moments=51.5752 B=70.3997 momentsAwait=6.42126 outCopy=0.000701]
 ======= Cycle 27 ======= 
*** E CALCULATION [GPU] ***
*** MAXWELL SOLVER [GPU] ***
Initial residual: 0.377053 norm b vector (source) = 0.58606
GMRES converged at restart # 3; iteration #0 with error: 9.7398e-07
  [Cycle 27] Particle sorting: ON
*** B CALCULATION [GPU] ***
Execution time cycle: 284.953 ms  [sort=0.047893 field=157.523 da_wait=0.00024 mover+out=0.034137 exchange+sort+moments=50.7317 B=70.1503 momentsAwait=6.46443 outCopy=0.000411]
 ======= Cycle 28 ======= 
*** E CALCULATION [GPU] ***
*** MAXWELL SOLVER [GPU] ***
Initial residual: 0.377546 norm b vector (source) = 0.586643
GMRES converged at restart # 3; iteration #1 with error: 9.42976e-07
  [Cycle 28] Particle sorting: ON
*** B CALCULATION [GPU] ***
Execution time cycle: 278.798 ms  [sort=0.047012 field=151.724 da_wait=0.00015 mover+out=0.032684 exchange+sort+moments=50.4313 B=70.1667 momentsAwait=6.39581 outCopy=0.00043]
 ======= Cycle 29 ======= 
*** E CALCULATION [GPU] ***
*** MAXWELL SOLVER [GPU] ***
Initial residual: 0.378007 norm b vector (source) = 0.587165
GMRES converged at restart # 3; iteration #1 with error: 9.35854e-07
  [Cycle 29] Particle sorting: ON
*** B CALCULATION [GPU] ***
Execution time cycle: 279.373 ms  [sort=0.046239 field=151.871 da_wait=0.000151 mover+out=0.033745 exchange+sort+moments=50.6919 B=70.333 momentsAwait=6.39657 outCopy=0.00023]
 ======= Cycle 30 ======= 
*** E CALCULATION [GPU] ***
*** MAXWELL SOLVER [GPU] ***
Initial residual: 0.378155 norm b vector (source) = 0.587585
GMRES converged at restart # 3; iteration #1 with error: 9.38468e-07
  [Cycle 30] Particle sorting: ON
*** B CALCULATION [GPU] ***
Execution time cycle: 279.654 ms  [sort=0.034637 field=151.757 da_wait=0.00014 mover+out=0.037423 exchange+sort+moments=51.1677 B=70.1912 momentsAwait=6.46541 outCopy=0.000421]
 ======= Cycle 31 ======= 
*** E CALCULATION [GPU] ***
*** MAXWELL SOLVER [GPU] ***
Initial residual: 0.378363 norm b vector (source) = 0.588233
GMRES converged at restart # 3; iteration #1 with error: 9.16099e-07
  [Cycle 31] Particle sorting: ON
*** B CALCULATION [GPU] ***
Execution time cycle: 284.554 ms  [sort=0.046701 field=157.246 da_wait=0.00014 mover+out=0.031892 exchange+sort+moments=50.6355 B=70.101 momentsAwait=6.49301 outCopy=0.000431]
 ======= Cycle 32 ======= 
*** E CALCULATION [GPU] ***
*** MAXWELL SOLVER [GPU] ***
Initial residual: 0.378435 norm b vector (source) = 0.588788
GMRES converged at restart # 3; iteration #1 with error: 9.18476e-07
  [Cycle 32] Particle sorting: ON
*** B CALCULATION [GPU] ***
Execution time cycle: 280.755 ms  [sort=0.052733 field=151.949 da_wait=0.00014 mover+out=0.032854 exchange+sort+moments=51.787 B=70.5304 momentsAwait=6.40223 outCopy=0.000441]
 ======= Cycle 33 ======= 
*** E CALCULATION [GPU] ***
*** MAXWELL SOLVER [GPU] ***
Initial residual: 0.378956 norm b vector (source) = 0.589857
GMRES converged at restart # 3; iteration #0 with error: 9.85786e-07
  [Cycle 33] Particle sorting: ON
*** B CALCULATION [GPU] ***
Execution time cycle: 284.079 ms  [sort=0.047032 field=159.64 da_wait=0.00015 mover+out=0.031121 exchange+sort+moments=47.3953 B=70.5131 momentsAwait=6.45209 outCopy=0.000411]
 ======= Cycle 34 ======= 
*** E CALCULATION [GPU] ***
*** MAXWELL SOLVER [GPU] ***
Initial residual: 0.378722 norm b vector (source) = 0.590125
GMRES converged at restart # 3; iteration #1 with error: 9.32437e-07
  [Cycle 34] Particle sorting: ON
*** B CALCULATION [GPU] ***
Execution time cycle: 295.386 ms  [sort=0.039708 field=166.963 da_wait=0.00022 mover+out=0.028406 exchange+sort+moments=51.334 B=70.5515 momentsAwait=6.46966 outCopy=0.00036]
 ======= Cycle 35 ======= 
*** E CALCULATION [GPU] ***
*** MAXWELL SOLVER [GPU] ***
Initial residual: 0.37984 norm b vector (source) = 0.591555
GMRES converged at restart # 3; iteration #2 with error: 8.48591e-07
  [Cycle 35] Particle sorting: ON
*** B CALCULATION [GPU] ***
Execution time cycle: 289.806 ms  [sort=0.042152 field=156.888 da_wait=0.000151 mover+out=0.030309 exchange+sort+moments=55.9474 B=70.3949 momentsAwait=6.50232 outCopy=0.000531]
 ======= Cycle 36 ======= 
*** E CALCULATION [GPU] ***
*** MAXWELL SOLVER [GPU] ***
Initial residual: 0.380355 norm b vector (source) = 0.592998
GMRES converged at restart # 3; iteration #3 with error: 6.94593e-07
  [Cycle 36] Particle sorting: ON
*** B CALCULATION [GPU] ***
Execution time cycle: 287.057 ms  [sort=0.047102 field=159.606 da_wait=0.000311 mover+out=0.029648 exchange+sort+moments=50.6368 B=70.2977 momentsAwait=6.43984 outCopy=0.000491]
 ======= Cycle 37 ======= 
*** E CALCULATION [GPU] ***
*** MAXWELL SOLVER [GPU] ***
Initial residual: 0.380818 norm b vector (source) = 0.59411
GMRES converged at restart # 3; iteration #3 with error: 8.18358e-07
  [Cycle 37] Particle sorting: ON
*** B CALCULATION [GPU] ***
Execution time cycle: 286.672 ms  [sort=0.047663 field=159.509 da_wait=0.000141 mover+out=0.030669 exchange+sort+moments=50.2942 B=70.2849 momentsAwait=6.50401 outCopy=0.000491]
 ======= Cycle 38 ======= 
*** E CALCULATION [GPU] ***
*** MAXWELL SOLVER [GPU] ***
Initial residual: 0.381367 norm b vector (source) = 0.595129
GMRES converged at restart # 3; iteration #3 with error: 9.51141e-07
  [Cycle 38] Particle sorting: ON
*** B CALCULATION [GPU] ***
Execution time cycle: 286.968 ms  [sort=0.045609 field=159.539 da_wait=0.00022 mover+out=0.031471 exchange+sort+moments=50.3982 B=70.5165 momentsAwait=6.43678 outCopy=0.00033]
 ======= Cycle 39 ======= 
*** E CALCULATION [GPU] ***
*** MAXWELL SOLVER [GPU] ***
Initial residual: 0.38197 norm b vector (source) = 0.596109
GMRES converged at restart # 4; iteration #0 with error: 8.18412e-07
  [Cycle 39] Particle sorting: ON
*** B CALCULATION [GPU] ***
Execution time cycle: 294.724 ms  [sort=0.034316 field=166.649 da_wait=0.000221 mover+out=0.030789 exchange+sort+moments=51.2638 B=70.2773 momentsAwait=6.46906 outCopy=0.00026]
 ======= Cycle 40 ======= 
*** E CALCULATION [GPU] ***
*** MAXWELL SOLVER [GPU] ***
Initial residual: 0.382559 norm b vector (source) = 0.597015
GMRES converged at restart # 3; iteration #4 with error: 6.89279e-07
  [Cycle 40] Particle sorting: ON
*** B CALCULATION [GPU] ***
Execution time cycle: 299.127 ms  [sort=0.036801 field=171.645 da_wait=0.00014 mover+out=0.031652 exchange+sort+moments=50.5616 B=70.3593 momentsAwait=6.49248 outCopy=0.00034]
 ======= Cycle 41 ======= 
*** E CALCULATION [GPU] ***
*** MAXWELL SOLVER [GPU] ***
Initial residual: 0.382814 norm b vector (source) = 0.597556
GMRES converged at restart # 3; iteration #4 with error: 6.87325e-07
  [Cycle 41] Particle sorting: ON
*** B CALCULATION [GPU] ***
Execution time cycle: 292.53 ms  [sort=0.042132 field=164.968 da_wait=0.000141 mover+out=0.030299 exchange+sort+moments=50.66 B=70.3877 momentsAwait=6.44142 outCopy=0.00025]
 ======= Cycle 42 ======= 
*** E CALCULATION [GPU] ***
*** MAXWELL SOLVER [GPU] ***
Initial residual: 0.382865 norm b vector (source) = 0.597662
GMRES converged at restart # 3; iteration #4 with error: 6.66612e-07
  [Cycle 42] Particle sorting: ON
*** B CALCULATION [GPU] ***
Execution time cycle: 292.518 ms  [sort=0.038916 field=164.781 da_wait=0.00021 mover+out=0.029979 exchange+sort+moments=50.6426 B=70.5503 momentsAwait=6.4745 outCopy=0.00023]
 ======= Cycle 43 ======= 
*** E CALCULATION [GPU] ***
*** MAXWELL SOLVER [GPU] ***
Initial residual: 0.382929 norm b vector (source) = 0.597658
GMRES converged at restart # 3; iteration #3 with error: 9.90066e-07
  [Cycle 43] Particle sorting: ON
*** B CALCULATION [GPU] ***
Execution time cycle: 290.755 ms  [sort=0.039647 field=162.673 da_wait=0.00014 mover+out=0.031902 exchange+sort+moments=50.9223 B=70.5913 momentsAwait=6.49603 outCopy=0.000531]
 ======= Cycle 44 ======= 
*** E CALCULATION [GPU] ***
*** MAXWELL SOLVER [GPU] ***
Initial residual: 0.38308 norm b vector (source) = 0.597844
GMRES converged at restart # 3; iteration #3 with error: 9.61205e-07
  [Cycle 44] Particle sorting: ON
*** B CALCULATION [GPU] ***
Execution time cycle: 295.31 ms  [sort=0.041781 field=167.186 da_wait=0.00015 mover+out=0.028105 exchange+sort+moments=50.8612 B=70.6786 momentsAwait=6.5137 outCopy=0.000631]
 ======= Cycle 45 ======= 
*** E CALCULATION [GPU] ***
*** MAXWELL SOLVER [GPU] ***
Initial residual: 0.383316 norm b vector (source) = 0.598277
GMRES converged at restart # 3; iteration #3 with error: 9.36202e-07
  [Cycle 45] Particle sorting: ON
*** B CALCULATION [GPU] ***
Execution time cycle: 290.272 ms  [sort=0.047152 field=162.638 da_wait=0.00014 mover+out=0.030039 exchange+sort+moments=50.664 B=70.405 momentsAwait=6.48702 outCopy=0.000331]
 ======= Cycle 46 ======= 
*** E CALCULATION [GPU] ***
*** MAXWELL SOLVER [GPU] ***
Initial residual: 0.383441 norm b vector (source) = 0.59854
GMRES converged at restart # 3; iteration #3 with error: 9.1134e-07
  [Cycle 46] Particle sorting: ON
*** B CALCULATION [GPU] ***
Execution time cycle: 289.899 ms  [sort=0.03606 field=162.373 da_wait=0.000141 mover+out=0.03116 exchange+sort+moments=50.5225 B=70.4772 momentsAwait=6.45791 outCopy=0.000251]
 ======= Cycle 47 ======= 
*** E CALCULATION [GPU] ***
*** MAXWELL SOLVER [GPU] ***
Initial residual: 0.383366 norm b vector (source) = 0.598395
GMRES converged at restart # 3; iteration #3 with error: 9.16352e-07
  [Cycle 47] Particle sorting: ON
*** B CALCULATION [GPU] ***
Execution time cycle: 290.042 ms  [sort=0.035579 field=162.554 da_wait=0.00015 mover+out=0.03044 exchange+sort+moments=50.2605 B=70.6923 momentsAwait=6.46874 outCopy=0.000221]
 ======= Cycle 48 ======= 
*** E CALCULATION [GPU] ***
*** MAXWELL SOLVER [GPU] ***
Initial residual: 0.383221 norm b vector (source) = 0.598173
GMRES converged at restart # 3; iteration #3 with error: 9.52715e-07
  [Cycle 48] Particle sorting: ON
*** B CALCULATION [GPU] ***
Execution time cycle: 290.37 ms  [sort=0.034287 field=162.307 da_wait=0.00013 mover+out=0.0309 exchange+sort+moments=50.955 B=70.5769 momentsAwait=6.46541 outCopy=0.00032]
 ======= Cycle 49 ======= 
*** E CALCULATION [GPU] ***
*** MAXWELL SOLVER [GPU] ***
Initial residual: 0.383125 norm b vector (source) = 0.598073
GMRES converged at restart # 4; iteration #0 with error: 8.19144e-07
  [Cycle 49] Particle sorting: ON
*** B CALCULATION [GPU] ***
Execution time cycle: 294.325 ms  [sort=0.04117 field=166.576 da_wait=0.00015 mover+out=0.030359 exchange+sort+moments=50.6187 B=70.5933 momentsAwait=6.46474 outCopy=0.000231]
 ======= Cycle 50 ======= 
*** E CALCULATION [GPU] ***
*** MAXWELL SOLVER [GPU] ***
Initial residual: 0.383285 norm b vector (source) = 0.598318
GMRES converged at restart # 3; iteration #4 with error: 6.98673e-07
  [Cycle 50] Particle sorting: ON
*** B CALCULATION [GPU] ***
Execution time cycle: 306.955 ms  [sort=13.9682 field=165.565 da_wait=0.000521 mover+out=0.024868 exchange+sort+moments=50.2106 B=70.7002 momentsAwait=6.48506 outCopy=0.000561]
 ======= Cycle 51 ======= 
*** E CALCULATION [GPU] ***
*** MAXWELL SOLVER [GPU] ***
Initial residual: 0.383597 norm b vector (source) = 0.598854
GMRES converged at restart # 3; iteration #4 with error: 7.4298e-07
  [Cycle 51] Particle sorting: ON
*** B CALCULATION [GPU] ***
Execution time cycle: 292.634 ms  [sort=0.03604 field=164.779 da_wait=0.00022 mover+out=0.03088 exchange+sort+moments=50.507 B=70.8154 momentsAwait=6.46592 outCopy=0.00022]
 ======= Cycle 52 ======= 
*** E CALCULATION [GPU] ***
*** MAXWELL SOLVER [GPU] ***
Initial residual: 0.383552 norm b vector (source) = 0.599058
GMRES converged at restart # 3; iteration #4 with error: 7.78258e-07
  [Cycle 52] Particle sorting: ON
*** B CALCULATION [GPU] ***
Execution time cycle: 293.395 ms  [sort=0.042874 field=165.093 da_wait=0.00021 mover+out=0.030529 exchange+sort+moments=50.9582 B=70.8077 momentsAwait=6.46146 outCopy=0.000421]
 ======= Cycle 53 ======= 
*** E CALCULATION [GPU] ***
*** MAXWELL SOLVER [GPU] ***
Initial residual: 0.383383 norm b vector (source) = 0.59897
GMRES converged at restart # 3; iteration #4 with error: 8.08997e-07
  [Cycle 53] Particle sorting: ON
*** B CALCULATION [GPU] ***
Execution time cycle: 292.546 ms  [sort=0.038004 field=164.687 da_wait=0.00013 mover+out=0.029959 exchange+sort+moments=50.5527 B=70.7306 momentsAwait=6.50749 outCopy=0.00038]
 ======= Cycle 54 ======= 
*** E CALCULATION [GPU] ***
*** MAXWELL SOLVER [GPU] ***
Initial residual: 0.383224 norm b vector (source) = 0.598667
GMRES converged at restart # 3; iteration #4 with error: 8.25465e-07
  [Cycle 54] Particle sorting: ON
*** B CALCULATION [GPU] ***
Execution time cycle: 292.034 ms  [sort=0.041401 field=164.837 da_wait=0.00022 mover+out=0.03056 exchange+sort+moments=50.0959 B=70.5642 momentsAwait=6.4647 outCopy=0.000421]
 ======= Cycle 55 ======= 
*** E CALCULATION [GPU] ***
*** MAXWELL SOLVER [GPU] ***
Initial residual: 0.383278 norm b vector (source) = 0.598478
GMRES converged at restart # 3; iteration #4 with error: 8.1299e-07
  [Cycle 55] Particle sorting: ON
*** B CALCULATION [GPU] ***
Execution time cycle: 292.38 ms  [sort=0.039407 field=164.754 da_wait=0.000131 mover+out=0.029918 exchange+sort+moments=50.2721 B=70.7997 momentsAwait=6.48401 outCopy=0.000411]
 ======= Cycle 56 ======= 
*** E CALCULATION [GPU] ***
*** MAXWELL SOLVER [GPU] ***
Initial residual: 0.383313 norm b vector (source) = 0.598326
GMRES converged at restart # 3; iteration #4 with error: 7.72899e-07
  [Cycle 56] Particle sorting: ON
*** B CALCULATION [GPU] ***
Execution time cycle: 304.435 ms  [sort=0.043275 field=170.181 da_wait=0.00014 mover+out=0.029328 exchange+sort+moments=50.817 B=70.6374 momentsAwait=12.7263 outCopy=0.000221]
 ======= Cycle 57 ======= 
*** E CALCULATION [GPU] ***
*** MAXWELL SOLVER [GPU] ***
Initial residual: 0.38337 norm b vector (source) = 0.598237
GMRES converged at restart # 3; iteration #4 with error: 7.18197e-07
  [Cycle 57] Particle sorting: ON
*** B CALCULATION [GPU] ***
Execution time cycle: 292.725 ms  [sort=0.031622 field=165.084 da_wait=0.000121 mover+out=0.03114 exchange+sort+moments=50.4269 B=70.6977 momentsAwait=6.45332 outCopy=0.000231]
 ======= Cycle 58 ======= 
*** E CALCULATION [GPU] ***
*** MAXWELL SOLVER [GPU] ***
Initial residual: 0.383731 norm b vector (source) = 0.598684
GMRES converged at restart # 3; iteration #4 with error: 6.61052e-07
  [Cycle 58] Particle sorting: ON
*** B CALCULATION [GPU] ***
Execution time cycle: 297.169 ms  [sort=0.038094 field=169.65 da_wait=0.00014 mover+out=0.03093 exchange+sort+moments=50.3191 B=70.5472 momentsAwait=6.583 outCopy=0.00034]
 ======= Cycle 59 ======= 
*** E CALCULATION [GPU] ***
*** MAXWELL SOLVER [GPU] ***
Initial residual: 0.384084 norm b vector (source) = 0.599311
GMRES converged at restart # 3; iteration #3 with error: 9.56287e-07
  [Cycle 59] Particle sorting: ON
*** B CALCULATION [GPU] ***
Execution time cycle: 290.343 ms  [sort=0.036081 field=162.189 da_wait=0.00015 mover+out=0.029347 exchange+sort+moments=50.7035 B=70.8586 momentsAwait=6.52651 outCopy=0.000682]
 ======= Cycle 60 ======= 
*** E CALCULATION [GPU] ***
*** MAXWELL SOLVER [GPU] ***
Initial residual: 0.384258 norm b vector (source) = 0.599768
GMRES converged at restart # 3; iteration #3 with error: 9.0662e-07
  [Cycle 60] Particle sorting: ON
*** B CALCULATION [GPU] ***
Execution time cycle: 290.364 ms  [sort=0.044757 field=162.366 da_wait=0.00014 mover+out=0.028606 exchange+sort+moments=50.5771 B=70.8701 momentsAwait=6.47672 outCopy=0.000481]
 ======= Cycle 61 ======= 
*** E CALCULATION [GPU] ***
*** MAXWELL SOLVER [GPU] ***
Initial residual: 0.384361 norm b vector (source) = 0.599964
GMRES converged at restart # 3; iteration #3 with error: 9.27786e-07
  [Cycle 61] Particle sorting: ON
*** B CALCULATION [GPU] ***
Execution time cycle: 287.848 ms  [sort=0.043505 field=159.518 da_wait=0.001112 mover+out=0.028215 exchange+sort+moments=50.8875 B=70.9018 momentsAwait=6.46812 outCopy=0.000341]
 ======= Cycle 62 ======= 
*** E CALCULATION [GPU] ***
*** MAXWELL SOLVER [GPU] ***
Initial residual: 0.38473 norm b vector (source) = 0.600315
GMRES converged at restart # 3; iteration #3 with error: 9.17464e-07
  [Cycle 62] Particle sorting: ON
*** B CALCULATION [GPU] ***
Execution time cycle: 287.209 ms  [sort=0.041361 field=159.662 da_wait=0.00015 mover+out=0.035329 exchange+sort+moments=50.4169 B=70.5468 momentsAwait=6.50599 outCopy=0.000331]
 ======= Cycle 63 ======= 
*** E CALCULATION [GPU] ***
*** MAXWELL SOLVER [GPU] ***
Initial residual: 0.384825 norm b vector (source) = 0.600589
GMRES converged at restart # 3; iteration #3 with error: 9.46546e-07
  [Cycle 63] Particle sorting: ON
*** B CALCULATION [GPU] ***
Execution time cycle: 287.492 ms  [sort=0.041942 field=159.817 da_wait=0.000151 mover+out=0.033305 exchange+sort+moments=50.3648 B=70.6265 momentsAwait=6.6076 outCopy=0.000331]
 ======= Cycle 64 ======= 
*** E CALCULATION [GPU] ***
*** MAXWELL SOLVER [GPU] ***
Initial residual: 0.385035 norm b vector (source) = 0.601014
GMRES converged at restart # 3; iteration #3 with error: 9.36079e-07
  [Cycle 64] Particle sorting: ON
*** B CALCULATION [GPU] ***
Execution time cycle: 290.181 ms  [sort=0.035459 field=162.576 da_wait=0.00015 mover+out=0.029087 exchange+sort+moments=50.1493 B=70.7926 momentsAwait=6.59768 outCopy=0.000491]
 ======= Cycle 65 ======= 
*** E CALCULATION [GPU] ***
*** MAXWELL SOLVER [GPU] ***
Initial residual: 0.3852 norm b vector (source) = 0.601601
GMRES converged at restart # 3; iteration #4 with error: 6.73814e-07
  [Cycle 65] Particle sorting: ON
*** B CALCULATION [GPU] ***
Execution time cycle: 293.266 ms  [sort=0.038685 field=165.007 da_wait=0.000411 mover+out=0.031652 exchange+sort+moments=50.9773 B=70.6426 momentsAwait=6.56769 outCopy=0.000221]
 ======= Cycle 66 ======= 
*** E CALCULATION [GPU] ***
*** MAXWELL SOLVER [GPU] ***
Initial residual: 0.385151 norm b vector (source) = 0.602096
GMRES converged at restart # 3; iteration #4 with error: 7.66926e-07
  [Cycle 66] Particle sorting: ON
*** B CALCULATION [GPU] ***
Execution time cycle: 293.449 ms  [sort=0.033235 field=165.173 da_wait=0.00022 mover+out=0.033555 exchange+sort+moments=50.8803 B=70.7581 momentsAwait=6.57029 outCopy=0.000301]
 ======= Cycle 67 ======= 
*** E CALCULATION [GPU] ***
*** MAXWELL SOLVER [GPU] ***
Initial residual: 0.385118 norm b vector (source) = 0.602466
GMRES converged at restart # 3; iteration #4 with error: 8.60691e-07
  [Cycle 67] Particle sorting: ON
*** B CALCULATION [GPU] ***
Execution time cycle: 290.589 ms  [sort=0.044366 field=165.63 da_wait=0.000161 mover+out=0.036851 exchange+sort+moments=47.4479 B=70.8248 momentsAwait=6.60381 outCopy=0.000361]
 ======= Cycle 68 ======= 
*** E CALCULATION [GPU] ***
*** MAXWELL SOLVER [GPU] ***
Initial residual: 0.384344 norm b vector (source) = 0.601645
GMRES converged at restart # 3; iteration #4 with error: 9.47249e-07
  [Cycle 68] Particle sorting: ON
*** B CALCULATION [GPU] ***
Execution time cycle: 294.498 ms  [sort=0.036902 field=165.611 da_wait=0.00015 mover+out=0.03604 exchange+sort+moments=51.3113 B=70.9554 momentsAwait=6.5465 outCopy=0.000511]
 ======= Cycle 69 ======= 
*** E CALCULATION [GPU] ***
*** MAXWELL SOLVER [GPU] ***
Initial residual: 0.384388 norm b vector (source) = 0.601308
GMRES converged at restart # 4; iteration #0 with error: 8.02657e-07
  [Cycle 69] Particle sorting: ON
*** B CALCULATION [GPU] ***
Execution time cycle: 298.36 ms  [sort=0.051089 field=169.955 da_wait=0.00012 mover+out=0.035539 exchange+sort+moments=50.7043 B=70.9903 momentsAwait=6.62303 outCopy=0.00036]
 ======= Cycle 70 ======= 
*** E CALCULATION [GPU] ***
*** MAXWELL SOLVER [GPU] ***
Initial residual: 0.384325 norm b vector (source) = 0.60127
GMRES converged at restart # 3; iteration #5 with error: 7.11321e-07
  [Cycle 70] Particle sorting: ON
*** B CALCULATION [GPU] ***
Execution time cycle: 296.615 ms  [sort=0.045108 field=168.381 da_wait=0.00015 mover+out=0.028656 exchange+sort+moments=50.7128 B=70.9016 momentsAwait=6.54482 outCopy=0.000782]
 ======= Cycle 71 ======= 
*** E CALCULATION [GPU] ***
*** MAXWELL SOLVER [GPU] ***
Initial residual: 0.384308 norm b vector (source) = 0.601259
GMRES converged at restart # 4; iteration #0 with error: 8.14558e-07
  [Cycle 71] Particle sorting: ON
*** B CALCULATION [GPU] ***
Execution time cycle: 297.803 ms  [sort=0.048485 field=169.638 da_wait=0.00015 mover+out=0.037032 exchange+sort+moments=50.6603 B=70.8688 momentsAwait=6.55063 outCopy=0.000251]
 ======= Cycle 72 ======= 
*** E CALCULATION [GPU] ***
*** MAXWELL SOLVER [GPU] ***
Initial residual: 0.384317 norm b vector (source) = 0.601387
GMRES converged at restart # 3; iteration #4 with error: 9.76718e-07
  [Cycle 72] Particle sorting: ON
*** B CALCULATION [GPU] ***
Execution time cycle: 293.267 ms  [sort=0.038505 field=165.595 da_wait=0.00014 mover+out=0.037273 exchange+sort+moments=50.2262 B=70.7598 momentsAwait=6.60972 outCopy=0.000231]
 ======= Cycle 73 ======= 
*** E CALCULATION [GPU] ***
*** MAXWELL SOLVER [GPU] ***
Initial residual: 0.384617 norm b vector (source) = 0.601838
GMRES converged at restart # 3; iteration #4 with error: 8.97354e-07
  [Cycle 73] Particle sorting: ON
*** B CALCULATION [GPU] ***
Execution time cycle: 308.55 ms  [sort=0.033445 field=177.846 da_wait=0.00015 mover+out=0.034187 exchange+sort+moments=50.2401 B=73.918 momentsAwait=6.47786 outCopy=0.00023]
 ======= Cycle 74 ======= 
*** E CALCULATION [GPU] ***
*** MAXWELL SOLVER [GPU] ***
Initial residual: 0.38482 norm b vector (source) = 0.602275
GMRES converged at restart # 3; iteration #4 with error: 8.18442e-07
  [Cycle 74] Particle sorting: ON
*** B CALCULATION [GPU] ***
Execution time cycle: 293.761 ms  [sort=0.03579 field=165.362 da_wait=0.000151 mover+out=0.032934 exchange+sort+moments=50.8559 B=70.8794 momentsAwait=6.59529 outCopy=0.00023]
 ======= Cycle 75 ======= 
*** E CALCULATION [GPU] ***
*** MAXWELL SOLVER [GPU] ***
Initial residual: 0.384996 norm b vector (source) = 0.602636
GMRES converged at restart # 3; iteration #4 with error: 7.65597e-07
  [Cycle 75] Particle sorting: ON
*** B CALCULATION [GPU] ***
Execution time cycle: 293.28 ms  [sort=0.03593 field=165.22 da_wait=0.00032 mover+out=0.037363 exchange+sort+moments=50.5381 B=70.8877 momentsAwait=6.56048 outCopy=0.000301]
 ======= Cycle 76 ======= 
*** E CALCULATION [GPU] ***
*** MAXWELL SOLVER [GPU] ***
Initial residual: 0.385206 norm b vector (source) = 0.602982
GMRES converged at restart # 3; iteration #4 with error: 7.38089e-07
  [Cycle 76] Particle sorting: ON
*** B CALCULATION [GPU] ***
Execution time cycle: 292.765 ms  [sort=0.038294 field=165.006 da_wait=0.000141 mover+out=0.038204 exchange+sort+moments=50.3702 B=70.7922 momentsAwait=6.51937 outCopy=0.0003]
 ======= Cycle 77 ======= 
*** E CALCULATION [GPU] ***
*** MAXWELL SOLVER [GPU] ***
Initial residual: 0.385327 norm b vector (source) = 0.603152
GMRES converged at restart # 3; iteration #4 with error: 7.50305e-07
  [Cycle 77] Particle sorting: ON
*** B CALCULATION [GPU] ***
Execution time cycle: 292.802 ms  [sort=0.042353 field=164.745 da_wait=0.000131 mover+out=0.039166 exchange+sort+moments=50.2851 B=71.1569 momentsAwait=6.53336 outCopy=0.000451]
 ======= Cycle 78 ======= 
*** E CALCULATION [GPU] ***
*** MAXWELL SOLVER [GPU] ***
Initial residual: 0.385563 norm b vector (source) = 0.603519
GMRES converged at restart # 3; iteration #4 with error: 7.96848e-07
  [Cycle 78] Particle sorting: ON
*** B CALCULATION [GPU] ***
Execution time cycle: 293.401 ms  [sort=0.045549 field=165.057 da_wait=0.0002 mover+out=0.030559 exchange+sort+moments=50.5951 B=71.1608 momentsAwait=6.51132 outCopy=0.000511]
 ======= Cycle 79 ======= 
*** E CALCULATION [GPU] ***
*** MAXWELL SOLVER [GPU] ***
Initial residual: 0.385473 norm b vector (source) = 0.603684
GMRES converged at restart # 3; iteration #4 with error: 8.6122e-07
  [Cycle 79] Particle sorting: ON
*** B CALCULATION [GPU] ***
Execution time cycle: 294.355 ms  [sort=0.040268 field=165.661 da_wait=0.00014 mover+out=0.034969 exchange+sort+moments=50.9064 B=71.1702 momentsAwait=6.54168 outCopy=0.000391]
 ======= Cycle 80 ======= 
*** E CALCULATION [GPU] ***
*** MAXWELL SOLVER [GPU] ***
Initial residual: 0.385219 norm b vector (source) = 0.603672
GMRES converged at restart # 3; iteration #4 with error: 9.50115e-07
  [Cycle 80] Particle sorting: ON
*** B CALCULATION [GPU] ***
Execution time cycle: 292.998 ms  [sort=0.041491 field=165.066 da_wait=0.00013 mover+out=0.032634 exchange+sort+moments=50.4289 B=70.948 momentsAwait=6.48016 outCopy=0.000421]
 ======= Cycle 81 ======= 
*** E CALCULATION [GPU] ***
*** MAXWELL SOLVER [GPU] ***
Initial residual: 0.385191 norm b vector (source) = 0.603846
GMRES converged at restart # 3; iteration #5 with error: 7.18098e-07
  [Cycle 81] Particle sorting: ON
*** B CALCULATION [GPU] ***
Execution time cycle: 295.311 ms  [sort=0.042653 field=167.434 da_wait=0.00015 mover+out=0.03554 exchange+sort+moments=50.2921 B=70.9749 momentsAwait=6.5316 outCopy=0.00025]
 ======= Cycle 82 ======= 
*** E CALCULATION [GPU] ***
*** MAXWELL SOLVER [GPU] ***
Initial residual: 0.385101 norm b vector (source) = 0.603826
GMRES converged at restart # 3; iteration #4 with error: 9.892e-07
  [Cycle 82] Particle sorting: ON
*** B CALCULATION [GPU] ***
Execution time cycle: 295.2 ms  [sort=0.038835 field=167.777 da_wait=0.00015 mover+out=0.036201 exchange+sort+moments=49.7201 B=71.1399 momentsAwait=6.48756 outCopy=0.000241]
 ======= Cycle 83 ======= 
*** E CALCULATION [GPU] ***
*** MAXWELL SOLVER [GPU] ***
Initial residual: 0.385088 norm b vector (source) = 0.603755
GMRES converged at restart # 4; iteration #0 with error: 8.07311e-07
  [Cycle 83] Particle sorting: ON
*** B CALCULATION [GPU] ***
Execution time cycle: 300.329 ms  [sort=0.042182 field=172.063 da_wait=0.000131 mover+out=0.028244 exchange+sort+moments=50.6521 B=71.0678 momentsAwait=6.47511 outCopy=0.00034]
 ======= Cycle 84 ======= 
*** E CALCULATION [GPU] ***
*** MAXWELL SOLVER [GPU] ***
Initial residual: 0.384999 norm b vector (source) = 0.603591
GMRES converged at restart # 4; iteration #0 with error: 8.0149e-07
  [Cycle 84] Particle sorting: ON
*** B CALCULATION [GPU] ***
Execution time cycle: 300.255 ms  [sort=0.043465 field=172.443 da_wait=0.00015 mover+out=0.03103 exchange+sort+moments=50.2396 B=71.032 momentsAwait=6.46533 outCopy=0.000341]
 ======= Cycle 85 ======= 
*** E CALCULATION [GPU] ***
*** MAXWELL SOLVER [GPU] ***
Initial residual: 0.385113 norm b vector (source) = 0.603452
GMRES converged at restart # 3; iteration #4 with error: 9.56117e-07
  [Cycle 85] Particle sorting: ON
*** B CALCULATION [GPU] ***
Execution time cycle: 295.655 ms  [sort=0.042553 field=168.005 da_wait=0.00014 mover+out=0.030239 exchange+sort+moments=50.1363 B=70.9899 momentsAwait=6.45045 outCopy=0.000371]
 ======= Cycle 86 ======= 
*** E CALCULATION [GPU] ***
*** MAXWELL SOLVER [GPU] ***
Initial residual: 0.385262 norm b vector (source) = 0.603419
GMRES converged at restart # 3; iteration #4 with error: 9.74291e-07
  [Cycle 86] Particle sorting: ON
*** B CALCULATION [GPU] ***
Execution time cycle: 293.194 ms  [sort=0.044246 field=165.106 da_wait=0.000221 mover+out=0.034587 exchange+sort+moments=50.3406 B=71.1755 momentsAwait=6.49238 outCopy=0.000591]
 ======= Cycle 87 ======= 
*** E CALCULATION [GPU] ***
*** MAXWELL SOLVER [GPU] ***
Initial residual: 0.3854 norm b vector (source) = 0.603509
GMRES converged at restart # 3; iteration #4 with error: 8.61971e-07
  [Cycle 87] Particle sorting: ON
*** B CALCULATION [GPU] ***
Execution time cycle: 293.293 ms  [sort=0.044857 field=164.968 da_wait=0.00015 mover+out=0.032824 exchange+sort+moments=50.4388 B=71.3345 momentsAwait=6.47288 outCopy=0.000561]
 ======= Cycle 88 ======= 
*** E CALCULATION [GPU] ***
*** MAXWELL SOLVER [GPU] ***
Initial residual: 0.385482 norm b vector (source) = 0.603643
GMRES converged at restart # 3; iteration #4 with error: 7.47486e-07
  [Cycle 88] Particle sorting: ON
*** B CALCULATION [GPU] ***
Execution time cycle: 293.593 ms  [sort=0.043986 field=165.241 da_wait=0.00015 mover+out=0.029107 exchange+sort+moments=50.4939 B=71.3189 momentsAwait=6.46538 outCopy=0.000441]
 ======= Cycle 89 ======= 
*** E CALCULATION [GPU] ***
*** MAXWELL SOLVER [GPU] ***
Initial residual: 0.385255 norm b vector (source) = 0.603658
GMRES converged at restart # 3; iteration #4 with error: 6.59794e-07
  [Cycle 89] Particle sorting: ON
*** B CALCULATION [GPU] ***
Execution time cycle: 293.018 ms  [sort=0.048103 field=164.983 da_wait=0.00013 mover+out=0.03565 exchange+sort+moments=50.4088 B=71.1263 momentsAwait=6.41604 outCopy=0.000321]
 ======= Cycle 90 ======= 
*** E CALCULATION [GPU] ***
*** MAXWELL SOLVER [GPU] ***
Initial residual: 0.384804 norm b vector (source) = 0.603347
GMRES converged at restart # 3; iteration #3 with error: 9.42956e-07
  [Cycle 90] Particle sorting: ON
*** B CALCULATION [GPU] ***
Execution time cycle: 289.991 ms  [sort=0.040238 field=162.594 da_wait=0.000221 mover+out=0.032954 exchange+sort+moments=49.8622 B=71.01 momentsAwait=6.45121 outCopy=0.000321]
 ======= Cycle 91 ======= 
*** E CALCULATION [GPU] ***
*** MAXWELL SOLVER [GPU] ***
Initial residual: 0.384541 norm b vector (source) = 0.603085
GMRES converged at restart # 3; iteration #3 with error: 9.05237e-07
  [Cycle 91] Particle sorting: ON
*** B CALCULATION [GPU] ***
Execution time cycle: 290.366 ms  [sort=0.040468 field=162.692 da_wait=0.00014 mover+out=0.03593 exchange+sort+moments=49.9311 B=71.1406 momentsAwait=6.52514 outCopy=0.000651]
 ======= Cycle 92 ======= 
*** E CALCULATION [GPU] ***
*** MAXWELL SOLVER [GPU] ***
Initial residual: 0.384674 norm b vector (source) = 0.60317
GMRES converged at restart # 3; iteration #3 with error: 9.21458e-07
  [Cycle 92] Particle sorting: ON
*** B CALCULATION [GPU] ***
Execution time cycle: 290.895 ms  [sort=0.042603 field=162.54 da_wait=0.000151 mover+out=0.036511 exchange+sort+moments=50.7006 B=71.0856 momentsAwait=6.48895 outCopy=0.000681]
 ======= Cycle 93 ======= 
*** E CALCULATION [GPU] ***
*** MAXWELL SOLVER [GPU] ***
Initial residual: 0.385059 norm b vector (source) = 0.603554
GMRES converged at restart # 3; iteration #3 with error: 9.90876e-07
  [Cycle 93] Particle sorting: ON
*** B CALCULATION [GPU] ***
Execution time cycle: 290.625 ms  [sort=0.044066 field=162.696 da_wait=0.00015 mover+out=0.034097 exchange+sort+moments=50.3152 B=71.0609 momentsAwait=6.47376 outCopy=0.000251]
 ======= Cycle 94 ======= 
*** E CALCULATION [GPU] ***
*** MAXWELL SOLVER [GPU] ***
Initial residual: 0.385393 norm b vector (source) = 0.603986
GMRES converged at restart # 3; iteration #4 with error: 7.09577e-07
  [Cycle 94] Particle sorting: ON
*** B CALCULATION [GPU] ***
Execution time cycle: 297.594 ms  [sort=0.043555 field=169.966 da_wait=0.00012 mover+out=0.034898 exchange+sort+moments=50.0326 B=71.0457 momentsAwait=6.47104 outCopy=0.000251]
 ======= Cycle 95 ======= 
*** E CALCULATION [GPU] ***
*** MAXWELL SOLVER [GPU] ***
Initial residual: 0.385831 norm b vector (source) = 0.604588
GMRES converged at restart # 3; iteration #4 with error: 7.96083e-07
  [Cycle 95] Particle sorting: ON
*** B CALCULATION [GPU] ***
Execution time cycle: 293.513 ms  [sort=0.041882 field=165.13 da_wait=0.00013 mover+out=0.036842 exchange+sort+moments=50.601 B=71.2594 momentsAwait=6.44348 outCopy=0.000451]
 ======= Cycle 96 ======= 
*** E CALCULATION [GPU] ***
*** MAXWELL SOLVER [GPU] ***
Initial residual: 0.386229 norm b vector (source) = 0.605283
GMRES converged at restart # 3; iteration #4 with error: 8.85862e-07
  [Cycle 96] Particle sorting: ON
*** B CALCULATION [GPU] ***
Execution time cycle: 295.3 ms  [sort=0.048725 field=165.943 da_wait=0.000151 mover+out=0.034928 exchange+sort+moments=51.3279 B=71.3568 momentsAwait=6.58797 outCopy=0.000361]
 ======= Cycle 97 ======= 
*** E CALCULATION [GPU] ***
*** MAXWELL SOLVER [GPU] ***
Initial residual: 0.386416 norm b vector (source) = 0.605773
GMRES converged at restart # 3; iteration #4 with error: 9.57014e-07
  [Cycle 97] Particle sorting: ON
*** B CALCULATION [GPU] ***
Execution time cycle: 294.628 ms  [sort=0.043434 field=165.505 da_wait=0.000151 mover+out=0.034908 exchange+sort+moments=51.2001 B=71.253 momentsAwait=6.59089 outCopy=0.00037]
 ======= Cycle 98 ======= 
*** E CALCULATION [GPU] ***
*** MAXWELL SOLVER [GPU] ***
Initial residual: 0.386574 norm b vector (source) = 0.606079
GMRES converged at restart # 4; iteration #0 with error: 7.98867e-07
  [Cycle 98] Particle sorting: ON
*** B CALCULATION [GPU] ***
Execution time cycle: 297.885 ms  [sort=0.048023 field=169.609 da_wait=0.00014 mover+out=0.035549 exchange+sort+moments=50.5865 B=71.062 momentsAwait=6.54405 outCopy=0.00033]
 ======= Cycle 99 ======= 
*** E CALCULATION [GPU] ***
*** MAXWELL SOLVER [GPU] ***
Initial residual: 0.3864 norm b vector (source) = 0.606019
GMRES converged at restart # 4; iteration #0 with error: 7.98953e-07
  [Cycle 99] Particle sorting: ON
*** B CALCULATION [GPU] ***
Execution time cycle: 298.064 ms  [sort=0.044567 field=169.437 da_wait=0.00014 mover+out=0.036101 exchange+sort+moments=50.8697 B=71.0199 momentsAwait=6.65613 outCopy=0.000832]
 ======= Cycle 100 ======= 
*** E CALCULATION [GPU] ***
*** MAXWELL SOLVER [GPU] ***
Initial residual: 0.386462 norm b vector (source) = 0.605912
GMRES converged at restart # 3; iteration #4 with error: 9.57058e-07
  [Cycle 100] Particle sorting: ON
*** B CALCULATION [GPU] ***
Execution time cycle: 307.616 ms  [sort=13.9547 field=165.972 da_wait=0.000862 mover+out=0.033675 exchange+sort+moments=49.8213 B=71.2631 momentsAwait=6.56887 outCopy=0.000581]
 ======= Cycle 101 ======= 
*** E CALCULATION [GPU] ***
*** MAXWELL SOLVER [GPU] ***
Initial residual: 0.386581 norm b vector (source) = 0.605889
GMRES converged at restart # 3; iteration #4 with error: 8.92873e-07
  [Cycle 101] Particle sorting: ON
*** B CALCULATION [GPU] ***
Execution time cycle: 293.301 ms  [sort=0.040249 field=165.233 da_wait=0.00015 mover+out=0.032002 exchange+sort+moments=49.9971 B=71.4661 momentsAwait=6.53208 outCopy=0.00028]
 ======= Cycle 102 ======= 
*** E CALCULATION [GPU] ***
*** MAXWELL SOLVER [GPU] ***
Initial residual: 0.387196 norm b vector (source) = 0.606487
GMRES converged at restart # 3; iteration #4 with error: 8.21479e-07
  [Cycle 102] Particle sorting: ON
*** B CALCULATION [GPU] ***
Execution time cycle: 294.124 ms  [sort=0.041471 field=165.671 da_wait=0.00022 mover+out=0.032353 exchange+sort+moments=50.6851 B=71.1042 momentsAwait=6.58914 outCopy=0.000381]
 ======= Cycle 103 ======= 
*** E CALCULATION [GPU] ***
*** MAXWELL SOLVER [GPU] ***
Initial residual: 0.387706 norm b vector (source) = 0.607412
GMRES converged at restart # 3; iteration #4 with error: 7.46247e-07
  [Cycle 103] Particle sorting: ON
*** B CALCULATION [GPU] ***
Execution time cycle: 294.062 ms  [sort=0.039346 field=165.34 da_wait=0.000221 mover+out=0.032814 exchange+sort+moments=50.6882 B=71.3997 momentsAwait=6.56226 outCopy=0.000351]
 ======= Cycle 104 ======= 
*** E CALCULATION [GPU] ***
*** MAXWELL SOLVER [GPU] ***
Initial residual: 0.387767 norm b vector (source) = 0.608024
GMRES converged at restart # 3; iteration #4 with error: 6.87729e-07
  [Cycle 104] Particle sorting: ON
*** B CALCULATION [GPU] ***
Execution time cycle: 294.166 ms  [sort=0.067341 field=165.284 da_wait=0.00014 mover+out=0.038655 exchange+sort+moments=50.7642 B=71.472 momentsAwait=6.5386 outCopy=0.000461]
 ======= Cycle 105 ======= 
*** E CALCULATION [GPU] ***
*** MAXWELL SOLVER [GPU] ***
Initial residual: 0.387654 norm b vector (source) = 0.608242
GMRES converged at restart # 3; iteration #4 with error: 6.57974e-07
  [Cycle 105] Particle sorting: ON
*** B CALCULATION [GPU] ***
Execution time cycle: 294.479 ms  [sort=0.046941 field=165.433 da_wait=0.00014 mover+out=0.03606 exchange+sort+moments=50.9609 B=71.4819 momentsAwait=6.51931 outCopy=0.000391]
 ======= Cycle 106 ======= 
*** E CALCULATION [GPU] ***
*** MAXWELL SOLVER [GPU] ***
Initial residual: 0.38758 norm b vector (source) = 0.608364
GMRES converged at restart # 3; iteration #4 with error: 6.56311e-07
  [Cycle 106] Particle sorting: ON
*** B CALCULATION [GPU] ***
Execution time cycle: 293.88 ms  [sort=0.046881 field=165.44 da_wait=0.00014 mover+out=0.038314 exchange+sort+moments=50.4353 B=71.308 momentsAwait=6.61084 outCopy=0.000361]
 ======= Cycle 107 ======= 
*** E CALCULATION [GPU] ***
*** MAXWELL SOLVER [GPU] ***
Initial residual: 0.387534 norm b vector (source) = 0.608411
GMRES converged at restart # 3; iteration #4 with error: 6.91567e-07
  [Cycle 107] Particle sorting: ON
*** B CALCULATION [GPU] ***
Execution time cycle: 293.526 ms  [sort=0.045398 field=165.346 da_wait=0.000221 mover+out=0.033084 exchange+sort+moments=50.3733 B=71.203 momentsAwait=6.52472 outCopy=0.000281]
 ======= Cycle 108 ======= 
*** E CALCULATION [GPU] ***
*** MAXWELL SOLVER [GPU] ***
Initial residual: 0.38735 norm b vector (source) = 0.60828
GMRES converged at restart # 3; iteration #4 with error: 7.59383e-07
  [Cycle 108] Particle sorting: ON
*** B CALCULATION [GPU] ***
Execution time cycle: 293.818 ms  [sort=0.038675 field=165.452 da_wait=0.00014 mover+out=0.033215 exchange+sort+moments=50.1734 B=71.5901 momentsAwait=6.53004 outCopy=0.000441]
 ======= Cycle 109 ======= 
*** E CALCULATION [GPU] ***
*** MAXWELL SOLVER [GPU] ***
Initial residual: 0.387284 norm b vector (source) = 0.608242
GMRES converged at restart # 3; iteration #4 with error: 8.43006e-07
  [Cycle 109] Particle sorting: ON
*** B CALCULATION [GPU] ***
Execution time cycle: 293.976 ms  [sort=0.037714 field=165.345 da_wait=0.00021 mover+out=0.032904 exchange+sort+moments=50.5876 B=71.4319 momentsAwait=6.53988 outCopy=0.000251]
 ======= Cycle 110 ======= 
*** E CALCULATION [GPU] ***
*** MAXWELL SOLVER [GPU] ***
Initial residual: 0.387112 norm b vector (source) = 0.608106
GMRES converged at restart # 3; iteration #4 with error: 9.4018e-07
  [Cycle 110] Particle sorting: ON
*** B CALCULATION [GPU] ***
Execution time cycle: 293.678 ms  [sort=0.04098 field=165.474 da_wait=0.000141 mover+out=0.034417 exchange+sort+moments=50.1922 B=71.3624 momentsAwait=6.57364 outCopy=0.000251]
 ======= Cycle 111 ======= 
*** E CALCULATION [GPU] ***
*** MAXWELL SOLVER [GPU] ***
Initial residual: 0.387043 norm b vector (source) = 0.607971
GMRES converged at restart # 3; iteration #4 with error: 9.27367e-07
  [Cycle 111] Particle sorting: ON
*** B CALCULATION [GPU] ***
Execution time cycle: 296.705 ms  [sort=0.043495 field=168.655 da_wait=0.00014 mover+out=0.038275 exchange+sort+moments=50.09 B=71.3342 momentsAwait=6.54359 outCopy=0.000682]
 ======= Cycle 112 ======= 
*** E CALCULATION [GPU] ***
*** MAXWELL SOLVER [GPU] ***
Initial residual: 0.387314 norm b vector (source) = 0.608009
GMRES converged at restart # 3; iteration #4 with error: 9.87307e-07
  [Cycle 112] Particle sorting: ON
*** B CALCULATION [GPU] ***
Execution time cycle: 297.041 ms  [sort=0.044165 field=168.328 da_wait=0.000211 mover+out=0.035098 exchange+sort+moments=50.4135 B=71.6939 momentsAwait=6.52514 outCopy=0.00038]
 ======= Cycle 113 ======= 
*** E CALCULATION [GPU] ***
*** MAXWELL SOLVER [GPU] ***
Initial residual: 0.387558 norm b vector (source) = 0.608089
GMRES converged at restart # 4; iteration #0 with error: 7.91004e-07
  [Cycle 113] Particle sorting: ON
*** B CALCULATION [GPU] ***
Execution time cycle: 301.698 ms  [sort=0.040309 field=172.599 da_wait=0.000141 mover+out=0.032092 exchange+sort+moments=50.7925 B=71.6825 momentsAwait=6.55041 outCopy=0.00029]
 ======= Cycle 114 ======= 
*** E CALCULATION [GPU] ***
*** MAXWELL SOLVER [GPU] ***
Initial residual: 0.387606 norm b vector (source) = 0.608026
GMRES converged at restart # 3; iteration #4 with error: 9.71358e-07
  [Cycle 114] Particle sorting: ON
*** B CALCULATION [GPU] ***
Execution time cycle: 297.618 ms  [sort=0.043565 field=168.662 da_wait=0.00014 mover+out=0.0361 exchange+sort+moments=50.6636 B=71.6592 momentsAwait=6.5526 outCopy=0.000291]
 ======= Cycle 115 ======= 
*** E CALCULATION [GPU] ***
*** MAXWELL SOLVER [GPU] ***
Initial residual: 0.387517 norm b vector (source) = 0.607722
GMRES converged at restart # 3; iteration #4 with error: 9.97296e-07
  [Cycle 115] Particle sorting: ON
*** B CALCULATION [GPU] ***
Execution time cycle: 293.602 ms  [sort=0.038424 field=165.332 da_wait=0.000211 mover+out=0.034577 exchange+sort+moments=50.0518 B=71.5733 momentsAwait=6.5716 outCopy=0.00025]
 ======= Cycle 116 ======= 
*** E CALCULATION [GPU] ***
*** MAXWELL SOLVER [GPU] ***
Initial residual: 0.38715 norm b vector (source) = 0.607309
GMRES converged at restart # 3; iteration #4 with error: 8.81446e-07
  [Cycle 116] Particle sorting: ON
*** B CALCULATION [GPU] ***
Execution time cycle: 293.921 ms  [sort=0.038355 field=165.501 da_wait=0.00014 mover+out=0.035078 exchange+sort+moments=50.2729 B=71.5047 momentsAwait=6.56878 outCopy=0.000381]
 ======= Cycle 117 ======= 
*** E CALCULATION [GPU] ***
*** MAXWELL SOLVER [GPU] ***
Initial residual: 0.387009 norm b vector (source) = 0.607268
GMRES converged at restart # 3; iteration #4 with error: 7.61479e-07
  [Cycle 117] Particle sorting: ON
*** B CALCULATION [GPU] ***
Execution time cycle: 293.837 ms  [sort=0.035328 field=165.392 da_wait=0.00013 mover+out=0.039658 exchange+sort+moments=50.0857 B=71.7102 momentsAwait=6.57406 outCopy=0.000431]
 ======= Cycle 118 ======= 
*** E CALCULATION [GPU] ***
*** MAXWELL SOLVER [GPU] ***
Initial residual: 0.386793 norm b vector (source) = 0.607439
GMRES converged at restart # 4; iteration #0 with error: 8.20948e-07
  [Cycle 118] Particle sorting: ON
*** B CALCULATION [GPU] ***
Execution time cycle: 295.973 ms  [sort=0.042363 field=166.796 da_wait=0.000201 mover+out=0.037352 exchange+sort+moments=51.0826 B=71.5339 momentsAwait=6.47968 outCopy=0.00029]
 ======= Cycle 119 ======= 
*** E CALCULATION [GPU] ***
*** MAXWELL SOLVER [GPU] ***
Initial residual: 0.386485 norm b vector (source) = 0.607484
GMRES converged at restart # 3; iteration #3 with error: 8.79191e-07
  [Cycle 119] Particle sorting: ON
*** B CALCULATION [GPU] ***
Execution time cycle: 291.14 ms  [sort=0.03604 field=163.049 da_wait=0.00014 mover+out=0.034437 exchange+sort+moments=50.0608 B=71.4205 momentsAwait=6.53895 outCopy=0.000411]
 ======= Cycle 120 ======= 
*** E CALCULATION [GPU] ***
*** MAXWELL SOLVER [GPU] ***
Initial residual: 0.386356 norm b vector (source) = 0.607403
GMRES converged at restart # 3; iteration #3 with error: 8.70113e-07
  [Cycle 120] Particle sorting: ON
*** B CALCULATION [GPU] ***
Execution time cycle: 288.253 ms  [sort=0.040499 field=160.032 da_wait=0.00014 mover+out=0.03585 exchange+sort+moments=50.0834 B=71.5317 momentsAwait=6.52849 outCopy=0.00028]
 ======= Cycle 121 ======= 
*** E CALCULATION [GPU] ***
*** MAXWELL SOLVER [GPU] ***
Initial residual: 0.386214 norm b vector (source) = 0.607038
GMRES converged at restart # 3; iteration #3 with error: 8.38796e-07
  [Cycle 121] Particle sorting: ON
*** B CALCULATION [GPU] ***
Execution time cycle: 288.622 ms  [sort=0.034427 field=160.104 da_wait=0.00015 mover+out=0.029738 exchange+sort+moments=50.2707 B=71.6324 momentsAwait=6.54957 outCopy=0.00029]
 ======= Cycle 122 ======= 
*** E CALCULATION [GPU] ***
*** MAXWELL SOLVER [GPU] ***
Initial residual: 0.386362 norm b vector (source) = 0.60681
GMRES converged at restart # 3; iteration #3 with error: 8.66466e-07
  [Cycle 122] Particle sorting: ON
*** B CALCULATION [GPU] ***
Execution time cycle: 290.683 ms  [sort=0.037964 field=161.93 da_wait=0.000151 mover+out=0.038675 exchange+sort+moments=50.4233 B=71.7047 momentsAwait=6.54753 outCopy=0.00025]
 ======= Cycle 123 ======= 
*** E CALCULATION [GPU] ***
*** MAXWELL SOLVER [GPU] ***
Initial residual: 0.386801 norm b vector (source) = 0.607008
GMRES converged at restart # 3; iteration #3 with error: 8.8083e-07
  [Cycle 123] Particle sorting: ON
*** B CALCULATION [GPU] ***
Execution time cycle: 291.914 ms  [sort=0.035218 field=162.927 da_wait=0.00013 mover+out=0.038956 exchange+sort+moments=50.6834 B=71.7021 momentsAwait=6.52681 outCopy=0.00034]
 ======= Cycle 124 ======= 
*** E CALCULATION [GPU] ***
*** MAXWELL SOLVER [GPU] ***
Initial residual: 0.387147 norm b vector (source) = 0.60744
GMRES converged at restart # 3; iteration #3 with error: 9.98246e-07
  [Cycle 124] Particle sorting: ON
*** B CALCULATION [GPU] ***
Execution time cycle: 291.448 ms  [sort=0.045969 field=162.698 da_wait=0.000151 mover+out=0.032433 exchange+sort+moments=50.6274 B=71.4879 momentsAwait=6.55549 outCopy=0.000451]
 ======= Cycle 125 ======= 
*** E CALCULATION [GPU] ***
*** MAXWELL SOLVER [GPU] ***
Initial residual: 0.387506 norm b vector (source) = 0.607941
GMRES converged at restart # 3; iteration #4 with error: 7.33463e-07
  [Cycle 125] Particle sorting: ON
*** B CALCULATION [GPU] ***
Execution time cycle: 293.522 ms  [sort=0.045108 field=165.293 da_wait=0.00014 mover+out=0.034638 exchange+sort+moments=50.1695 B=71.4511 momentsAwait=6.52788 outCopy=0.000421]
 ======= Cycle 126 ======= 
*** E CALCULATION [GPU] ***
*** MAXWELL SOLVER [GPU] ***
Initial residual: 0.387625 norm b vector (source) = 0.608261
GMRES converged at restart # 3; iteration #4 with error: 8.13767e-07
  [Cycle 126] Particle sorting: ON
*** B CALCULATION [GPU] ***
Execution time cycle: 294.488 ms  [sort=0.041581 field=166.055 da_wait=0.000541 mover+out=0.034307 exchange+sort+moments=50.1323 B=71.6279 momentsAwait=6.59673 outCopy=0.000581]
 ======= Cycle 127 ======= 
*** E CALCULATION [GPU] ***
*** MAXWELL SOLVER [GPU] ***
Initial residual: 0.387981 norm b vector (source) = 0.608589
GMRES converged at restart # 3; iteration #4 with error: 8.60699e-07
  [Cycle 127] Particle sorting: ON
*** B CALCULATION [GPU] ***
Execution time cycle: 294.691 ms  [sort=0.047422 field=165.56 da_wait=0.000151 mover+out=0.038835 exchange+sort+moments=50.8906 B=71.495 momentsAwait=6.65888 outCopy=0.000501]
 ======= Cycle 128 ======= 
*** E CALCULATION [GPU] ***
*** MAXWELL SOLVER [GPU] ***
Initial residual: 0.388224 norm b vector (source) = 0.608876
GMRES converged at restart # 3; iteration #4 with error: 8.65096e-07
  [Cycle 128] Particle sorting: ON
*** B CALCULATION [GPU] ***
Execution time cycle: 293.609 ms  [sort=0.037884 field=165.34 da_wait=0.000221 mover+out=0.029367 exchange+sort+moments=50.0979 B=71.4164 momentsAwait=6.68673 outCopy=0.000481]
 ======= Cycle 129 ======= 
*** E CALCULATION [GPU] ***
*** MAXWELL SOLVER [GPU] ***
Initial residual: 0.388159 norm b vector (source) = 0.608871
GMRES converged at restart # 3; iteration #4 with error: 8.22252e-07
  [Cycle 129] Particle sorting: ON
*** B CALCULATION [GPU] ***
Execution time cycle: 293.82 ms  [sort=0.042462 field=165.516 da_wait=0.00023 mover+out=0.033987 exchange+sort+moments=50.1648 B=71.4122 momentsAwait=6.65016 outCopy=0.000351]
 ======= Cycle 130 ======= 
*** E CALCULATION [GPU] ***
*** MAXWELL SOLVER [GPU] ***
Initial residual: 0.388399 norm b vector (source) = 0.609156
GMRES converged at restart # 3; iteration #4 with error: 7.38443e-07
  [Cycle 130] Particle sorting: ON
*** B CALCULATION [GPU] ***
Execution time cycle: 294.136 ms  [sort=0.04083 field=165.361 da_wait=0.00014 mover+out=0.039848 exchange+sort+moments=50.4149 B=71.6762 momentsAwait=6.60285 outCopy=0.00036]
 ======= Cycle 131 ======= 
*** E CALCULATION [GPU] ***
*** MAXWELL SOLVER [GPU] ***
Initial residual: 0.388177 norm b vector (source) = 0.609196
GMRES converged at restart # 3; iteration #3 with error: 9.97366e-07
  [Cycle 131] Particle sorting: ON
*** B CALCULATION [GPU] ***
Execution time cycle: 291.875 ms  [sort=0.047933 field=162.904 da_wait=0.00014 mover+out=0.036932 exchange+sort+moments=50.5218 B=71.7722 momentsAwait=6.59178 outCopy=0.000291]
 ======= Cycle 132 ======= 
*** E CALCULATION [GPU] ***
*** MAXWELL SOLVER [GPU] ***
Initial residual: 0.38817 norm b vector (source) = 0.609296
GMRES converged at restart # 3; iteration #3 with error: 9.24701e-07
  [Cycle 132] Particle sorting: ON
*** B CALCULATION [GPU] ***
Execution time cycle: 289.559 ms  [sort=0.043544 field=160.224 da_wait=0.00014 mover+out=0.037774 exchange+sort+moments=50.9034 B=71.6874 momentsAwait=6.66259 outCopy=0.000411]
 ======= Cycle 133 ======= 
*** E CALCULATION [GPU] ***
*** MAXWELL SOLVER [GPU] ***
Initial residual: 0.388124 norm b vector (source) = 0.609467
GMRES converged at restart # 3; iteration #3 with error: 8.05175e-07
  [Cycle 133] Particle sorting: ON
*** B CALCULATION [GPU] ***
Execution time cycle: 288.601 ms  [sort=0.039928 field=160.182 da_wait=0.000141 mover+out=0.033615 exchange+sort+moments=50.2341 B=71.4994 momentsAwait=6.61122 outCopy=0.000501]
 ======= Cycle 134 ======= 
*** E CALCULATION [GPU] ***
*** MAXWELL SOLVER [GPU] ***
Initial residual: 0.38779 norm b vector (source) = 0.609192
GMRES converged at restart # 3; iteration #3 with error: 7.31523e-07
  [Cycle 134] Particle sorting: ON
*** B CALCULATION [GPU] ***
Execution time cycle: 286.979 ms  [sort=0.044216 field=159.957 da_wait=0.00012 mover+out=0.03089 exchange+sort+moments=48.5616 B=71.7766 momentsAwait=6.60876 outCopy=0.000351]
 ======= Cycle 135 ======= 
*** E CALCULATION [GPU] ***
*** MAXWELL SOLVER [GPU] ***
Initial residual: 0.387395 norm b vector (source) = 0.608565
GMRES converged at restart # 3; iteration #3 with error: 7.10527e-07
  [Cycle 135] Particle sorting: ON
*** B CALCULATION [GPU] ***
Execution time cycle: 288.829 ms  [sort=0.041301 field=159.868 da_wait=0.00015 mover+out=0.036672 exchange+sort+moments=50.3619 B=71.8435 momentsAwait=6.67666 outCopy=0.000381]
 ======= Cycle 136 ======= 
*** E CALCULATION [GPU] ***
*** MAXWELL SOLVER [GPU] ***
Initial residual: 0.387534 norm b vector (source) = 0.608212
GMRES converged at restart # 3; iteration #3 with error: 7.39665e-07
  [Cycle 136] Particle sorting: ON
*** B CALCULATION [GPU] ***
Execution time cycle: 288.973 ms  [sort=0.034848 field=160.004 da_wait=0.00013 mover+out=0.036772 exchange+sort+moments=50.5863 B=71.6288 momentsAwait=6.68185 outCopy=0.000221]
 ======= Cycle 137 ======= 
*** E CALCULATION [GPU] ***
*** MAXWELL SOLVER [GPU] ***
Initial residual: 0.387519 norm b vector (source) = 0.608023
GMRES converged at restart # 3; iteration #3 with error: 8.19724e-07
  [Cycle 137] Particle sorting: ON
*** B CALCULATION [GPU] ***
Execution time cycle: 288.538 ms  [sort=0.03125 field=160.012 da_wait=0.00015 mover+out=0.035599 exchange+sort+moments=50.1471 B=71.641 momentsAwait=6.67082 outCopy=0.00024]
 ======= Cycle 138 ======= 
*** E CALCULATION [GPU] ***
*** MAXWELL SOLVER [GPU] ***
Initial residual: 0.387664 norm b vector (source) = 0.608165
GMRES converged at restart # 3; iteration #3 with error: 8.81471e-07
  [Cycle 138] Particle sorting: ON
*** B CALCULATION [GPU] ***
Execution time cycle: 296.378 ms  [sort=0.035309 field=163.039 da_wait=0.00015 mover+out=0.031632 exchange+sort+moments=50.4347 B=71.6539 momentsAwait=11.1829 outCopy=0.000321]
 ======= Cycle 139 ======= 
*** E CALCULATION [GPU] ***
*** MAXWELL SOLVER [GPU] ***
Initial residual: 0.387698 norm b vector (source) = 0.608551
GMRES converged at restart # 3; iteration #4 with error: 6.66236e-07
  [Cycle 139] Particle sorting: ON
*** B CALCULATION [GPU] ***
Execution time cycle: 294.528 ms  [sort=0.041842 field=165.353 da_wait=0.00022 mover+out=0.031902 exchange+sort+moments=50.589 B=71.8534 momentsAwait=6.65799 outCopy=0.000311]
 ======= Cycle 140 ======= 
*** E CALCULATION [GPU] ***
*** MAXWELL SOLVER [GPU] ***
Initial residual: 0.387591 norm b vector (source) = 0.608863
GMRES converged at restart # 3; iteration #4 with error: 7.7351e-07
  [Cycle 140] Particle sorting: ON
*** B CALCULATION [GPU] ***
Execution time cycle: 295.35 ms  [sort=0.038525 field=165.403 da_wait=0.00014 mover+out=0.034417 exchange+sort+moments=51.2259 B=71.9857 momentsAwait=6.6619 outCopy=0.000431]
 ======= Cycle 141 ======= 
*** E CALCULATION [GPU] ***
*** MAXWELL SOLVER [GPU] ***
Initial residual: 0.387606 norm b vector (source) = 0.609142
GMRES converged at restart # 3; iteration #4 with error: 8.64082e-07
  [Cycle 141] Particle sorting: ON
*** B CALCULATION [GPU] ***
Execution time cycle: 294.509 ms  [sort=0.045719 field=165.696 da_wait=0.00014 mover+out=0.048204 exchange+sort+moments=50.2853 B=71.8124 momentsAwait=6.62124 outCopy=0.000261]
 ======= Cycle 142 ======= 
*** E CALCULATION [GPU] ***
*** MAXWELL SOLVER [GPU] ***
Initial residual: 0.387519 norm b vector (source) = 0.609198
GMRES converged at restart # 3; iteration #4 with error: 9.07415e-07
  [Cycle 142] Particle sorting: ON
*** B CALCULATION [GPU] ***
Execution time cycle: 293.766 ms  [sort=0.036532 field=165.401 da_wait=0.000131 mover+out=0.033475 exchange+sort+moments=50.0343 B=71.7177 momentsAwait=6.5422 outCopy=0.000261]
 ======= Cycle 143 ======= 
*** E CALCULATION [GPU] ***
*** MAXWELL SOLVER [GPU] ***
Initial residual: 0.387321 norm b vector (source) = 0.608865
GMRES converged at restart # 3; iteration #4 with error: 9.02941e-07
  [Cycle 143] Particle sorting: ON
*** B CALCULATION [GPU] ***
Execution time cycle: 294.349 ms  [sort=0.037443 field=165.588 da_wait=0.00021 mover+out=0.030209 exchange+sort+moments=50.2892 B=71.7369 momentsAwait=6.66654 outCopy=0.000511]
 ======= Cycle 144 ======= 
*** E CALCULATION [GPU] ***
*** MAXWELL SOLVER [GPU] ***
Initial residual: 0.387243 norm b vector (source) = 0.608395
GMRES converged at restart # 3; iteration #4 with error: 8.53318e-07
  [Cycle 144] Particle sorting: ON
*** B CALCULATION [GPU] ***
Execution time cycle: 293.872 ms  [sort=0.040529 field=165.335 da_wait=0.000151 mover+out=0.034186 exchange+sort+moments=49.937 B=71.858 momentsAwait=6.66634 outCopy=0.000251]
 ======= Cycle 145 ======= 
*** E CALCULATION [GPU] ***
*** MAXWELL SOLVER [GPU] ***
Initial residual: 0.387146 norm b vector (source) = 0.607978
GMRES converged at restart # 3; iteration #4 with error: 7.59129e-07
  [Cycle 145] Particle sorting: ON
*** B CALCULATION [GPU] ***
Execution time cycle: 294.745 ms  [sort=0.043364 field=165.271 da_wait=0.00015 mover+out=0.03587 exchange+sort+moments=50.9095 B=71.8535 momentsAwait=6.63068 outCopy=0.000331]
 ======= Cycle 146 ======= 
*** E CALCULATION [GPU] ***
*** MAXWELL SOLVER [GPU] ***
Initial residual: 0.38708 norm b vector (source) = 0.607786
GMRES converged at restart # 3; iteration #4 with error: 6.52971e-07
  [Cycle 146] Particle sorting: ON
*** B CALCULATION [GPU] ***
Execution time cycle: 294.415 ms  [sort=0.042483 field=165.437 da_wait=0.00014 mover+out=0.030289 exchange+sort+moments=50.5696 B=71.6884 momentsAwait=6.64738 outCopy=0.00032]
 ======= Cycle 147 ======= 
*** E CALCULATION [GPU] ***
*** MAXWELL SOLVER [GPU] ***
Initial residual: 0.387116 norm b vector (source) = 0.607941
GMRES converged at restart # 3; iteration #3 with error: 8.64202e-07
  [Cycle 147] Particle sorting: ON
*** B CALCULATION [GPU] ***
Execution time cycle: 291.612 ms  [sort=0.038676 field=162.729 da_wait=0.00014 mover+out=0.03613 exchange+sort+moments=50.3683 B=71.8245 momentsAwait=6.61445 outCopy=0.000662]
 ======= Cycle 148 ======= 
*** E CALCULATION [GPU] ***
*** MAXWELL SOLVER [GPU] ***
Initial residual: 0.387338 norm b vector (source) = 0.608393
GMRES converged at restart # 3; iteration #3 with error: 7.92189e-07
  [Cycle 148] Particle sorting: ON
*** B CALCULATION [GPU] ***
Execution time cycle: 289.496 ms  [sort=0.044417 field=159.949 da_wait=0.000141 mover+out=0.035198 exchange+sort+moments=50.984 B=71.9022 momentsAwait=6.58139 outCopy=0.000311]
 ======= Cycle 149 ======= 
*** E CALCULATION [GPU] ***
*** MAXWELL SOLVER [GPU] ***
Initial residual: 0.387765 norm b vector (source) = 0.60906
GMRES converged at restart # 3; iteration #3 with error: 6.95012e-07
  [Cycle 149] Particle sorting: ON
*** B CALCULATION [GPU] ***
Execution time cycle: 289.805 ms  [sort=0.043785 field=160.466 da_wait=0.00013 mover+out=0.032113 exchange+sort+moments=50.4892 B=72.1972 momentsAwait=6.57589 outCopy=0.00043]
 ======= Cycle 150 ======= 
*** E CALCULATION [GPU] ***
*** MAXWELL SOLVER [GPU] ***
Initial residual: 0.388237 norm b vector (source) = 0.609791
GMRES converged at restart # 3; iteration #2 with error: 9.49388e-07
  [Cycle 150] Particle sorting: ON
*** B CALCULATION [GPU] ***
Execution time cycle: 303.183 ms  [sort=13.8073 field=160.548 da_wait=0.000661 mover+out=0.028064 exchange+sort+moments=50.1791 B=71.8892 momentsAwait=6.73041 outCopy=0.000251]
 ======= Cycle 151 ======= 
*** E CALCULATION [GPU] ***
*** MAXWELL SOLVER [GPU] ***
Initial residual: 0.388345 norm b vector (source) = 0.61003
GMRES converged at restart # 3; iteration #2 with error: 9.42859e-07
  [Cycle 151] Particle sorting: ON
*** B CALCULATION [GPU] ***
Execution time cycle: 287.857 ms  [sort=0.041911 field=159.106 da_wait=0.00014 mover+out=0.031963 exchange+sort+moments=50.1086 B=71.7918 momentsAwait=6.77581 outCopy=0.00031]
 ======= Cycle 152 ======= 
*** E CALCULATION [GPU] ***
*** MAXWELL SOLVER [GPU] ***
Initial residual: 0.388305 norm b vector (source) = 0.60987
GMRES converged at restart # 4; iteration #0 with error: 8.54227e-07
  [Cycle 152] Particle sorting: ON
*** B CALCULATION [GPU] ***
Execution time cycle: 292.201 ms  [sort=0.03604 field=163.08 da_wait=0.00013 mover+out=0.036421 exchange+sort+moments=50.267 B=72.0417 momentsAwait=6.7397 outCopy=0.00034]
 ======= Cycle 153 ======= 
*** E CALCULATION [GPU] ***
*** MAXWELL SOLVER [GPU] ***
Initial residual: 0.388109 norm b vector (source) = 0.609543
GMRES converged at restart # 3; iteration #3 with error: 7.68345e-07
  [Cycle 153] Particle sorting: ON
*** B CALCULATION [GPU] ***
Execution time cycle: 290.048 ms  [sort=0.043504 field=161.115 da_wait=0.00014 mover+out=0.029868 exchange+sort+moments=50.3835 B=71.8472 momentsAwait=6.62798 outCopy=0.000411]
 ======= Cycle 154 ======= 
*** E CALCULATION [GPU] ***
*** MAXWELL SOLVER [GPU] ***
Initial residual: 0.387897 norm b vector (source) = 0.60923
GMRES converged at restart # 3; iteration #3 with error: 8.80533e-07
  [Cycle 154] Particle sorting: ON
*** B CALCULATION [GPU] ***
Execution time cycle: 289.827 ms  [sort=0.041721 field=161.307 da_wait=0.00019 mover+out=0.031953 exchange+sort+moments=49.9096 B=71.8439 momentsAwait=6.69196 outCopy=0.000411]
 ======= Cycle 155 ======= 
*** E CALCULATION [GPU] ***
*** MAXWELL SOLVER [GPU] ***
Initial residual: 0.3879 norm b vector (source) = 0.609229
GMRES converged at restart # 3; iteration #3 with error: 9.32032e-07
  [Cycle 155] Particle sorting: ON
*** B CALCULATION [GPU] ***
Execution time cycle: 292.9 ms  [sort=0.04585 field=163.947 da_wait=0.0002 mover+out=0.034928 exchange+sort+moments=50.3346 B=71.849 momentsAwait=6.68853 outCopy=0.00022]
 ======= Cycle 156 ======= 
*** E CALCULATION [GPU] ***
*** MAXWELL SOLVER [GPU] ***
Initial residual: 0.3879 norm b vector (source) = 0.609266
GMRES converged at restart # 3; iteration #4 with error: 6.54131e-07
  [Cycle 156] Particle sorting: ON
*** B CALCULATION [GPU] ***
Execution time cycle: 295.949 ms  [sort=0.042192 field=166.676 da_wait=0.00012 mover+out=0.032694 exchange+sort+moments=50.4992 B=72.062 momentsAwait=6.63659 outCopy=0.000421]
 ======= Cycle 157 ======= 
*** E CALCULATION [GPU] ***
*** MAXWELL SOLVER [GPU] ***
Initial residual: 0.388208 norm b vector (source) = 0.609438
GMRES converged at restart # 3; iteration #4 with error: 6.8123e-07
  [Cycle 157] Particle sorting: ON
*** B CALCULATION [GPU] ***
Execution time cycle: 296.42 ms  [sort=0.042132 field=166.595 da_wait=0.000131 mover+out=0.036932 exchange+sort+moments=50.894 B=72.2016 momentsAwait=6.65 outCopy=0.000501]
 ======= Cycle 158 ======= 
*** E CALCULATION [GPU] ***
*** MAXWELL SOLVER [GPU] ***
Initial residual: 0.388447 norm b vector (source) = 0.609614
GMRES converged at restart # 3; iteration #4 with error: 6.64653e-07
  [Cycle 158] Particle sorting: ON
*** B CALCULATION [GPU] ***
Execution time cycle: 295.953 ms  [sort=0.043455 field=166.813 da_wait=0.00015 mover+out=0.031161 exchange+sort+moments=50.2876 B=72.1153 momentsAwait=6.66237 outCopy=0.000421]
 ======= Cycle 159 ======= 
*** E CALCULATION [GPU] ***
*** MAXWELL SOLVER [GPU] ***
Initial residual: 0.388314 norm b vector (source) = 0.609404
GMRES converged at restart # 3; iteration #3 with error: 9.5139e-07
  [Cycle 159] Particle sorting: ON
*** B CALCULATION [GPU] ***
Execution time cycle: 292.94 ms  [sort=0.042613 field=163.955 da_wait=0.00025 mover+out=0.032724 exchange+sort+moments=50.2611 B=71.9626 momentsAwait=6.68424 outCopy=0.000701]
 ======= Cycle 160 ======= 
*** E CALCULATION [GPU] ***
*** MAXWELL SOLVER [GPU] ***
Initial residual: 0.388072 norm b vector (source) = 0.608993
GMRES converged at restart # 3; iteration #3 with error: 8.85954e-07
  [Cycle 160] Particle sorting: ON
*** B CALCULATION [GPU] ***
Execution time cycle: 289.837 ms  [sort=0.043074 field=161.027 da_wait=0.000541 mover+out=0.031892 exchange+sort+moments=50.248 B=71.7896 momentsAwait=6.69667 outCopy=0.00039]
 ======= Cycle 161 ======= 
*** E CALCULATION [GPU] ***
*** MAXWELL SOLVER [GPU] ***
Initial residual: 0.387994 norm b vector (source) = 0.608821
GMRES converged at restart # 3; iteration #3 with error: 7.32942e-07
  [Cycle 161] Particle sorting: ON
*** B CALCULATION [GPU] ***
Execution time cycle: 290.154 ms  [sort=0.039046 field=161.322 da_wait=0.000151 mover+out=0.032403 exchange+sort+moments=50.0815 B=72.0253 momentsAwait=6.65277 outCopy=0.000712]
 ======= Cycle 162 ======= 
*** E CALCULATION [GPU] ***
*** MAXWELL SOLVER [GPU] ***
Initial residual: 0.387944 norm b vector (source) = 0.608882
GMRES converged at restart # 3; iteration #2 with error: 8.74472e-07
  [Cycle 162] Particle sorting: ON
*** B CALCULATION [GPU] ***
Execution time cycle: 288.712 ms  [sort=0.04119 field=158.857 da_wait=0.000141 mover+out=0.037432 exchange+sort+moments=51.188 B=71.9163 momentsAwait=6.67185 outCopy=0.00033]
 ======= Cycle 163 ======= 
*** E CALCULATION [GPU] ***
*** MAXWELL SOLVER [GPU] ***
Initial residual: 0.388218 norm b vector (source) = 0.609435
GMRES converged at restart # 3; iteration #1 with error: 8.79961e-07
  [Cycle 163] Particle sorting: ON
*** B CALCULATION [GPU] ***
Execution time cycle: 285.183 ms  [sort=0.035069 field=156.419 da_wait=0.000151 mover+out=0.035449 exchange+sort+moments=50.1638 B=71.8045 momentsAwait=6.72459 outCopy=0.000251]
 ======= Cycle 164 ======= 
*** E CALCULATION [GPU] ***
*** MAXWELL SOLVER [GPU] ***
Initial residual: 0.388219 norm b vector (source) = 0.609878
GMRES converged at restart # 3; iteration #1 with error: 8.70191e-07
  [Cycle 164] Particle sorting: ON
*** B CALCULATION [GPU] ***
Execution time cycle: 282.44 ms  [sort=0.047453 field=153.47 da_wait=0.00015 mover+out=0.038936 exchange+sort+moments=50.2748 B=71.9785 momentsAwait=6.63014 outCopy=0.000331]
 ======= Cycle 165 ======= 
*** E CALCULATION [GPU] ***
*** MAXWELL SOLVER [GPU] ***
Initial residual: 0.388227 norm b vector (source) = 0.610131
GMRES converged at restart # 3; iteration #1 with error: 8.29926e-07
  [Cycle 165] Particle sorting: ON
*** B CALCULATION [GPU] ***
Execution time cycle: 282.755 ms  [sort=0.046541 field=153.518 da_wait=0.00012 mover+out=0.031451 exchange+sort+moments=50.4581 B=72.0644 momentsAwait=6.63658 outCopy=0.000461]
 ======= Cycle 166 ======= 
*** E CALCULATION [GPU] ***
*** MAXWELL SOLVER [GPU] ***
Initial residual: 0.388482 norm b vector (source) = 0.61038
GMRES converged at restart # 3; iteration #1 with error: 8.65659e-07
  [Cycle 166] Particle sorting: ON
*** B CALCULATION [GPU] ***
Execution time cycle: 283.218 ms  [sort=0.042723 field=153.649 da_wait=0.00014 mover+out=0.032894 exchange+sort+moments=50.6852 B=72.115 momentsAwait=6.69249 outCopy=0.000391]
 ======= Cycle 167 ======= 
*** E CALCULATION [GPU] ***
*** MAXWELL SOLVER [GPU] ***
Initial residual: 0.388834 norm b vector (source) = 0.610666
GMRES converged at restart # 3; iteration #0 with error: 9.99612e-07
  [Cycle 167] Particle sorting: ON
*** B CALCULATION [GPU] ***
Execution time cycle: 283.47 ms  [sort=0.04091 field=153.721 da_wait=0.000141 mover+out=0.039837 exchange+sort+moments=50.7461 B=72.2054 momentsAwait=6.71682 outCopy=0.000451]
 ======= Cycle 168 ======= 
*** E CALCULATION [GPU] ***
*** MAXWELL SOLVER [GPU] ***
Initial residual: 0.388946 norm b vector (source) = 0.610758
GMRES converged at restart # 3; iteration #2 with error: 8.55732e-07
  [Cycle 168] Particle sorting: ON
*** B CALCULATION [GPU] ***
Execution time cycle: 287.339 ms  [sort=0.042723 field=158.699 da_wait=0.000221 mover+out=0.030299 exchange+sort+moments=49.7398 B=72.1164 momentsAwait=6.70961 outCopy=0.00035]
 ======= Cycle 169 ======= 
*** E CALCULATION [GPU] ***
*** MAXWELL SOLVER [GPU] ***
Initial residual: 0.388656 norm b vector (source) = 0.610249
GMRES converged at restart # 3; iteration #3 with error: 7.05158e-07
  [Cycle 169] Particle sorting: ON
*** B CALCULATION [GPU] ***
Execution time cycle: 290.318 ms  [sort=0.040158 field=161.036 da_wait=0.00022 mover+out=0.033686 exchange+sort+moments=50.8454 B=71.7452 momentsAwait=6.61667 outCopy=0.000311]
 ======= Cycle 170 ======= 
*** E CALCULATION [GPU] ***
*** MAXWELL SOLVER [GPU] ***
Initial residual: 0.388512 norm b vector (source) = 0.609859
GMRES converged at restart # 3; iteration #3 with error: 8.39155e-07
  [Cycle 170] Particle sorting: ON
*** B CALCULATION [GPU] ***
Execution time cycle: 290.954 ms  [sort=0.043204 field=161.584 da_wait=0.00015 mover+out=0.037282 exchange+sort+moments=50.1581 B=72.143 momentsAwait=6.98757 outCopy=0.00043]
 ======= Cycle 171 ======= 
*** E CALCULATION [GPU] ***
*** MAXWELL SOLVER [GPU] ***
Initial residual: 0.388186 norm b vector (source) = 0.609406
GMRES converged at restart # 3; iteration #3 with error: 8.79215e-07
  [Cycle 171] Particle sorting: ON
*** B CALCULATION [GPU] ***
Execution time cycle: 293.257 ms  [sort=0.042764 field=163.855 da_wait=0.00012 mover+out=0.033044 exchange+sort+moments=50.7631 B=71.9535 momentsAwait=6.60914 outCopy=0.000351]
 ======= Cycle 172 ======= 
*** E CALCULATION [GPU] ***
*** MAXWELL SOLVER [GPU] ***
Initial residual: 0.387976 norm b vector (source) = 0.608985
GMRES converged at restart # 3; iteration #3 with error: 9.3736e-07
  [Cycle 172] Particle sorting: ON
*** B CALCULATION [GPU] ***
Execution time cycle: 292.154 ms  [sort=0.042292 field=163.338 da_wait=0.000121 mover+out=0.031601 exchange+sort+moments=50.064 B=72.1059 momentsAwait=6.57203 outCopy=0.000221]
 ======= Cycle 173 ======= 
*** E CALCULATION [GPU] ***
*** MAXWELL SOLVER [GPU] ***
Initial residual: 0.388025 norm b vector (source) = 0.608912
GMRES converged at restart # 3; iteration #3 with error: 9.25405e-07
  [Cycle 173] Particle sorting: ON
*** B CALCULATION [GPU] ***
Execution time cycle: 293.356 ms  [sort=0.040018 field=164.273 da_wait=0.000141 mover+out=0.036721 exchange+sort+moments=50.0947 B=72.1071 momentsAwait=6.80398 outCopy=0.000521]
 ======= Cycle 174 ======= 
*** E CALCULATION [GPU] ***
*** MAXWELL SOLVER [GPU] ***
Initial residual: 0.387903 norm b vector (source) = 0.608849
GMRES converged at restart # 3; iteration #3 with error: 8.51155e-07
  [Cycle 174] Particle sorting: ON
*** B CALCULATION [GPU] ***
Execution time cycle: 294.082 ms  [sort=0.039437 field=164.46 da_wait=0.00025 mover+out=0.036701 exchange+sort+moments=50.7455 B=72.2044 momentsAwait=6.59491 outCopy=0.000451]
 ======= Cycle 175 ======= 
*** E CALCULATION [GPU] ***
*** MAXWELL SOLVER [GPU] ***
Initial residual: 0.387688 norm b vector (source) = 0.608837
GMRES converged at restart # 3; iteration #3 with error: 8.01411e-07
  [Cycle 175] Particle sorting: ON
*** B CALCULATION [GPU] ***
Execution time cycle: 291.375 ms  [sort=0.05144 field=161.725 da_wait=0.00015 mover+out=0.033184 exchange+sort+moments=50.5409 B=72.307 momentsAwait=6.71722 outCopy=0.00035]
 ======= Cycle 176 ======= 
*** E CALCULATION [GPU] ***
*** MAXWELL SOLVER [GPU] ***
Initial residual: 0.387502 norm b vector (source) = 0.608983
GMRES converged at restart # 3; iteration #2 with error: 9.87509e-07
  [Cycle 176] Particle sorting: ON
*** B CALCULATION [GPU] ***
Execution time cycle: 288.434 ms  [sort=0.04099 field=159.049 da_wait=0.00014 mover+out=0.03047 exchange+sort+moments=50.4131 B=72.2174 momentsAwait=6.68263 outCopy=0.000301]
 ======= Cycle 177 ======= 
*** E CALCULATION [GPU] ***
*** MAXWELL SOLVER [GPU] ***
Initial residual: 0.387154 norm b vector (source) = 0.609065
GMRES converged at restart # 3; iteration #1 with error: 9.9439e-07
  [Cycle 177] Particle sorting: ON
*** B CALCULATION [GPU] ***
Execution time cycle: 285.827 ms  [sort=0.043515 field=156.472 da_wait=0.00015 mover+out=0.035259 exchange+sort+moments=50.5664 B=72.0718 momentsAwait=6.63704 outCopy=0.00033]
 ======= Cycle 178 ======= 
*** E CALCULATION [GPU] ***
*** MAXWELL SOLVER [GPU] ***
Initial residual: 0.387024 norm b vector (source) = 0.609139
GMRES converged at restart # 3; iteration #0 with error: 9.62278e-07
  [Cycle 178] Particle sorting: ON
*** B CALCULATION [GPU] ***
Execution time cycle: 349.458 ms  [sort=0.043926 field=220.427 da_wait=0.000201 mover+out=0.03093 exchange+sort+moments=50.1633 B=72.1037 momentsAwait=6.68879 outCopy=0.000221]
 ======= Cycle 179 ======= 
*** E CALCULATION [GPU] ***
*** MAXWELL SOLVER [GPU] ***
Initial residual: 0.387363 norm b vector (source) = 0.609494
GMRES converged at restart # 3; iteration #1 with error: 8.3623e-07
  [Cycle 179] Particle sorting: ON
*** B CALCULATION [GPU] ***
Execution time cycle: 282.714 ms  [sort=0.04647 field=153.469 da_wait=0.00015 mover+out=0.0357 exchange+sort+moments=50.2859 B=72.2003 momentsAwait=6.67657 outCopy=0.00024]
 ======= Cycle 180 ======= 
*** E CALCULATION [GPU] ***
*** MAXWELL SOLVER [GPU] ***
Initial residual: 0.387539 norm b vector (source) = 0.609594
GMRES converged at restart # 3; iteration #0 with error: 9.82041e-07
  [Cycle 180] Particle sorting: ON
*** B CALCULATION [GPU] ***
Execution time cycle: 280.998 ms  [sort=0.037994 field=151.352 da_wait=0.00015 mover+out=0.039577 exchange+sort+moments=50.6208 B=72.2427 momentsAwait=6.70442 outCopy=0.000251]
 ======= Cycle 181 ======= 
*** E CALCULATION [GPU] ***
*** MAXWELL SOLVER [GPU] ***
Initial residual: 0.38792 norm b vector (source) = 0.609596
GMRES converged at restart # 3; iteration #1 with error: 8.47332e-07
  [Cycle 181] Particle sorting: ON
*** B CALCULATION [GPU] ***
Execution time cycle: 282.76 ms  [sort=0.035378 field=153.638 da_wait=0.000131 mover+out=0.033605 exchange+sort+moments=50.1612 B=72.2052 momentsAwait=6.68558 outCopy=0.000481]
 ======= Cycle 182 ======= 
*** E CALCULATION [GPU] ***
*** MAXWELL SOLVER [GPU] ***
Initial residual: 0.388472 norm b vector (source) = 0.60981
GMRES converged at restart # 3; iteration #0 with error: 9.7097e-07
  [Cycle 182] Particle sorting: ON
*** B CALCULATION [GPU] ***
Execution time cycle: 283.427 ms  [sort=0.04125 field=154.014 da_wait=0.000141 mover+out=0.035499 exchange+sort+moments=50.6279 B=72.1222 momentsAwait=6.58554 outCopy=0.000371]
 ======= Cycle 183 ======= 
*** E CALCULATION [GPU] ***
*** MAXWELL SOLVER [GPU] ***
Initial residual: 0.388717 norm b vector (source) = 0.609868
GMRES converged at restart # 3; iteration #1 with error: 9.86907e-07
  [Cycle 183] Particle sorting: ON
*** B CALCULATION [GPU] ***
Execution time cycle: 286.806 ms  [sort=0.035769 field=156.637 da_wait=0.000201 mover+out=0.035348 exchange+sort+moments=51.2017 B=72.2348 momentsAwait=6.66095 outCopy=0.000431]
 ======= Cycle 184 ======= 
*** E CALCULATION [GPU] ***
*** MAXWELL SOLVER [GPU] ***
Initial residual: 0.388819 norm b vector (source) = 0.609702
GMRES converged at restart # 3; iteration #2 with error: 9.40005e-07
  [Cycle 184] Particle sorting: ON
*** B CALCULATION [GPU] ***
Execution time cycle: 291.344 ms  [sort=0.034196 field=160.655 da_wait=0.00012 mover+out=0.033455 exchange+sort+moments=51.416 B=72.52 momentsAwait=6.68443 outCopy=0.000241]
 ======= Cycle 185 ======= 
*** E CALCULATION [GPU] ***
*** MAXWELL SOLVER [GPU] ***
Initial residual: 0.388945 norm b vector (source) = 0.609688
GMRES converged at restart # 3; iteration #3 with error: 7.27144e-07
  [Cycle 185] Particle sorting: ON
*** B CALCULATION [GPU] ***
Execution time cycle: 291.426 ms  [sort=0.033195 field=161.275 da_wait=0.00013 mover+out=0.028736 exchange+sort+moments=51.0579 B=72.3334 momentsAwait=6.69681 outCopy=0.000411]
 ======= Cycle 186 ======= 
*** E CALCULATION [GPU] ***
*** MAXWELL SOLVER [GPU] ***
Initial residual: 0.388932 norm b vector (source) = 0.60974
GMRES converged at restart # 3; iteration #3 with error: 7.94191e-07
  [Cycle 186] Particle sorting: ON
*** B CALCULATION [GPU] ***
Execution time cycle: 291.148 ms  [sort=0.040048 field=161.428 da_wait=0.00013 mover+out=0.033705 exchange+sort+moments=50.726 B=72.2461 momentsAwait=6.67326 outCopy=0.000231]
 ======= Cycle 187 ======= 
*** E CALCULATION [GPU] ***
*** MAXWELL SOLVER [GPU] ***
Initial residual: 0.388798 norm b vector (source) = 0.609735
GMRES converged at restart # 3; iteration #3 with error: 8.12365e-07
  [Cycle 187] Particle sorting: ON
*** B CALCULATION [GPU] ***
Execution time cycle: 290.695 ms  [sort=0.043485 field=161.374 da_wait=0.00014 mover+out=0.033816 exchange+sort+moments=50.3899 B=72.1784 momentsAwait=6.6749 outCopy=0.000251]
 ======= Cycle 188 ======= 
*** E CALCULATION [GPU] ***
*** MAXWELL SOLVER [GPU] ***
Initial residual: 0.388582 norm b vector (source) = 0.609614
GMRES converged at restart # 3; iteration #3 with error: 7.76167e-07
  [Cycle 188] Particle sorting: ON
*** B CALCULATION [GPU] ***
Execution time cycle: 290.33 ms  [sort=0.038645 field=161.184 da_wait=0.000121 mover+out=0.035619 exchange+sort+moments=50.1138 B=72.3292 momentsAwait=6.62824 outCopy=0.00026]
 ======= Cycle 189 ======= 
*** E CALCULATION [GPU] ***
*** MAXWELL SOLVER [GPU] ***
Initial residual: 0.388402 norm b vector (source) = 0.609421
GMRES converged at restart # 3; iteration #3 with error: 6.93716e-07
  [Cycle 189] Particle sorting: ON
*** B CALCULATION [GPU] ***
Execution time cycle: 291.071 ms  [sort=0.034788 field=161.295 da_wait=0.00014 mover+out=0.027294 exchange+sort+moments=50.7777 B=72.2946 momentsAwait=6.64144 outCopy=0.000231]
 ======= Cycle 190 ======= 
*** E CALCULATION [GPU] ***
*** MAXWELL SOLVER [GPU] ***
Initial residual: 0.38824 norm b vector (source) = 0.609237
GMRES converged at restart # 3; iteration #2 with error: 8.61692e-07
  [Cycle 190] Particle sorting: ON
*** B CALCULATION [GPU] ***
Execution time cycle: 288.664 ms  [sort=0.035119 field=158.823 da_wait=0.00015 mover+out=0.036972 exchange+sort+moments=50.8204 B=72.2424 momentsAwait=6.7053 outCopy=0.000431]
 ======= Cycle 191 ======= 
*** E CALCULATION [GPU] ***
*** MAXWELL SOLVER [GPU] ***
Initial residual: 0.388097 norm b vector (source) = 0.609111
GMRES converged at restart # 3; iteration #0 with error: 9.83836e-07
  [Cycle 191] Particle sorting: ON
*** B CALCULATION [GPU] ***
Execution time cycle: 283.246 ms  [sort=0.034257 field=153.97 da_wait=0.00013 mover+out=0.035078 exchange+sort+moments=50.305 B=72.2135 momentsAwait=6.68713 outCopy=0.00041]
 ======= Cycle 192 ======= 
*** E CALCULATION [GPU] ***
*** MAXWELL SOLVER [GPU] ***
Initial residual: 0.388215 norm b vector (source) = 0.609383
GMRES converged at restart # 3; iteration #0 with error: 9.4405e-07
  [Cycle 192] Particle sorting: ON
*** B CALCULATION [GPU] ***
Execution time cycle: 281.086 ms  [sort=0.033465 field=151.266 da_wait=0.00013 mover+out=0.035839 exchange+sort+moments=50.7257 B=72.358 momentsAwait=6.66614 outCopy=0.000451]
 ======= Cycle 193 ======= 
*** E CALCULATION [GPU] ***
*** MAXWELL SOLVER [GPU] ***
Initial residual: 0.388211 norm b vector (source) = 0.609741
GMRES converged at restart # 2; iteration #9 with error: 9.50195e-07
  [Cycle 193] Particle sorting: ON
*** B CALCULATION [GPU] ***
Execution time cycle: 277.318 ms  [sort=0.045268 field=147.136 da_wait=0.00013 mover+out=0.030219 exchange+sort+moments=50.9617 B=72.4672 momentsAwait=6.67688 outCopy=0.000471]
 ======= Cycle 194 ======= 
*** E CALCULATION [GPU] ***
*** MAXWELL SOLVER [GPU] ***
Initial residual: 0.388451 norm b vector (source) = 0.610163
GMRES converged at restart # 2; iteration #9 with error: 8.5726e-07
  [Cycle 194] Particle sorting: ON
*** B CALCULATION [GPU] ***
Execution time cycle: 273.35 ms  [sort=0.040479 field=143.838 da_wait=0.000201 mover+out=0.03087 exchange+sort+moments=50.3024 B=72.4858 momentsAwait=6.65232 outCopy=0.00023]
 ======= Cycle 195 ======= 
*** E CALCULATION [GPU] ***
*** MAXWELL SOLVER [GPU] ***
Initial residual: 0.388891 norm b vector (source) = 0.610656
GMRES converged at restart # 2; iteration #9 with error: 8.15446e-07
  [Cycle 195] Particle sorting: ON
*** B CALCULATION [GPU] ***
Execution time cycle: 272.417 ms  [sort=0.03552 field=143.306 da_wait=0.000221 mover+out=0.033485 exchange+sort+moments=50.109 B=72.3669 momentsAwait=6.56504 outCopy=0.00024]
 ======= Cycle 196 ======= 
*** E CALCULATION [GPU] ***
*** MAXWELL SOLVER [GPU] ***
Initial residual: 0.389469 norm b vector (source) = 0.611094
GMRES converged at restart # 2; iteration #9 with error: 8.43231e-07
  [Cycle 196] Particle sorting: ON
*** B CALCULATION [GPU] ***
Execution time cycle: 272.205 ms  [sort=0.039406 field=143.235 da_wait=0.00014 mover+out=0.032764 exchange+sort+moments=50.0866 B=72.2431 momentsAwait=6.56784 outCopy=0.000261]
 ======= Cycle 197 ======= 
*** E CALCULATION [GPU] ***
*** MAXWELL SOLVER [GPU] ***
Initial residual: 0.389995 norm b vector (source) = 0.611403
GMRES converged at restart # 2; iteration #9 with error: 9.37301e-07
  [Cycle 197] Particle sorting: ON
*** B CALCULATION [GPU] ***
Execution time cycle: 272.619 ms  [sort=0.033265 field=143.793 da_wait=0.00014 mover+out=0.034417 exchange+sort+moments=49.7587 B=72.3262 momentsAwait=6.67329 outCopy=0.0003]
 ======= Cycle 198 ======= 
*** E CALCULATION [GPU] ***
*** MAXWELL SOLVER [GPU] ***
Initial residual: 0.390422 norm b vector (source) = 0.611644
GMRES converged at restart # 3; iteration #0 with error: 8.75514e-07
  [Cycle 198] Particle sorting: ON
*** B CALCULATION [GPU] ***
Execution time cycle: 280.826 ms  [sort=0.034387 field=151.42 da_wait=0.00014 mover+out=0.034898 exchange+sort+moments=50.2971 B=72.2839 momentsAwait=6.75483 outCopy=0.000251]
 ======= Cycle 199 ======= 
*** E CALCULATION [GPU] ***
*** MAXWELL SOLVER [GPU] ***
Initial residual: 0.390753 norm b vector (source) = 0.612005
GMRES converged at restart # 3; iteration #1 with error: 8.43805e-07
  [Cycle 199] Particle sorting: ON
*** B CALCULATION [GPU] ***
Execution time cycle: 1796.06 ms  [sort=0.036751 field=153.325 da_wait=0.000131 mover+out=0.033795 exchange+sort+moments=49.7605 B=72.198 momentsAwait=6.65313 outCopy=1514.05]
 ======= Cycle 200 ======= 
*** E CALCULATION [GPU] ***
*** MAXWELL SOLVER [GPU] ***
Initial residual: 0.390636 norm b vector (source) = 0.612039
GMRES converged at restart # 3; iteration #0 with error: 9.97728e-07
  [Cycle 200] Particle sorting: ON
*** B CALCULATION [GPU] ***
Execution time cycle: 2599.66 ms  [sort=56.4171 field=672.087 da_wait=0.000681 mover+out=1763.28 exchange+sort+moments=28.7288 B=72.4193 momentsAwait=6.73002 outCopy=0.000952]
 ======= Cycle 201 ======= 
*** E CALCULATION [GPU] ***
*** MAXWELL SOLVER [GPU] ***
Initial residual: 0.390333 norm b vector (source) = 0.611722
GMRES converged at restart # 3; iteration #1 with error: 9.61589e-07
  [Cycle 201] Particle sorting: ON
*** B CALCULATION [GPU] ***
Execution time cycle: 287.268 ms  [sort=0.052012 field=157.096 da_wait=0.000131 mover+out=0.036771 exchange+sort+moments=50.8393 B=72.5642 momentsAwait=6.67926 outCopy=0.00049]
 ======= Cycle 202 ======= 
*** E CALCULATION [GPU] ***
*** MAXWELL SOLVER [GPU] ***
Initial residual: 0.39009 norm b vector (source) = 0.611242
GMRES converged at restart # 3; iteration #1 with error: 9.99695e-07
  [Cycle 202] Particle sorting: ON
*** B CALCULATION [GPU] ***
Execution time cycle: 285.997 ms  [sort=0.044636 field=156.665 da_wait=0.00013 mover+out=0.034788 exchange+sort+moments=50.1912 B=72.3949 momentsAwait=6.66603 outCopy=0.000361]
 ======= Cycle 203 ======= 
*** E CALCULATION [GPU] ***
*** MAXWELL SOLVER [GPU] ***
Initial residual: 0.390162 norm b vector (source) = 0.611023
GMRES converged at restart # 3; iteration #1 with error: 9.7061e-07
  [Cycle 203] Particle sorting: ON
*** B CALCULATION [GPU] ***
Execution time cycle: 285.422 ms  [sort=0.041892 field=156.262 da_wait=0.00011 mover+out=0.034647 exchange+sort+moments=50.0432 B=72.3255 momentsAwait=6.71366 outCopy=0.000431]
 ======= Cycle 204 ======= 
*** E CALCULATION [GPU] ***
*** MAXWELL SOLVER [GPU] ***
Initial residual: 0.390278 norm b vector (source) = 0.611113
GMRES converged at restart # 3; iteration #1 with error: 8.80142e-07
  [Cycle 204] Particle sorting: ON
*** B CALCULATION [GPU] ***
Execution time cycle: 285.214 ms  [sort=0.042653 field=156.085 da_wait=0.00012 mover+out=0.036491 exchange+sort+moments=50.1148 B=72.2998 momentsAwait=6.63406 outCopy=0.000531]
 ======= Cycle 205 ======= 
*** E CALCULATION [GPU] ***
*** MAXWELL SOLVER [GPU] ***
Initial residual: 0.39013 norm b vector (source) = 0.611253
GMRES converged at restart # 3; iteration #1 with error: 8.51582e-07
  [Cycle 205] Particle sorting: ON
*** B CALCULATION [GPU] ***
Execution time cycle: 282.355 ms  [sort=0.044086 field=153.365 da_wait=0.00023 mover+out=0.035168 exchange+sort+moments=49.869 B=72.4047 momentsAwait=6.63631 outCopy=0.000251]
 ======= Cycle 206 ======= 
*** E CALCULATION [GPU] ***
*** MAXWELL SOLVER [GPU] ***
Initial residual: 0.39022 norm b vector (source) = 0.611684
GMRES converged at restart # 3; iteration #0 with error: 8.69593e-07
  [Cycle 206] Particle sorting: ON
*** B CALCULATION [GPU] ***
Execution time cycle: 280.325 ms  [sort=0.064415 field=151.024 da_wait=0.00014 mover+out=0.039207 exchange+sort+moments=50.2271 B=72.2962 momentsAwait=6.67287 outCopy=0.00041]
 ======= Cycle 207 ======= 
*** E CALCULATION [GPU] ***
*** MAXWELL SOLVER [GPU] ***
Initial residual: 0.390009 norm b vector (source) = 0.611935
GMRES converged at restart # 2; iteration #9 with error: 9.04085e-07
  [Cycle 207] Particle sorting: ON
*** B CALCULATION [GPU] ***
Execution time cycle: 272.731 ms  [sort=0.042803 field=143.947 da_wait=0.00012 mover+out=0.034267 exchange+sort+moments=49.6921 B=72.3551 momentsAwait=6.65927 outCopy=0.00023]
 ======= Cycle 208 ======= 
*** E CALCULATION [GPU] ***
*** MAXWELL SOLVER [GPU] ***
Initial residual: 0.389656 norm b vector (source) = 0.611868
GMRES converged at restart # 2; iteration #9 with error: 7.79173e-07
  [Cycle 208] Particle sorting: ON
*** B CALCULATION [GPU] ***
Execution time cycle: 272.705 ms  [sort=0.043324 field=143.733 da_wait=0.00015 mover+out=0.035018 exchange+sort+moments=49.8596 B=72.4239 momentsAwait=6.61018 outCopy=0.00032]
 ======= Cycle 209 ======= 
*** E CALCULATION [GPU] ***
*** MAXWELL SOLVER [GPU] ***
Initial residual: 0.389508 norm b vector (source) = 0.611821
GMRES converged at restart # 3; iteration #0 with error: 8.35408e-07
  [Cycle 209] Particle sorting: ON
*** B CALCULATION [GPU] ***
Execution time cycle: 274.094 ms  [sort=0.040609 field=145.07 da_wait=0.00014 mover+out=0.036451 exchange+sort+moments=49.8607 B=72.4406 momentsAwait=6.64525 outCopy=0.000611]
 ======= Cycle 210 ======= 
*** E CALCULATION [GPU] ***
*** MAXWELL SOLVER [GPU] ***
Initial residual: 0.389486 norm b vector (source) = 0.611698
GMRES converged at restart # 3; iteration #0 with error: 8.17775e-07
  [Cycle 210] Particle sorting: ON
*** B CALCULATION [GPU] ***
Execution time cycle: 274.869 ms  [sort=0.045428 field=145.034 da_wait=0.000221 mover+out=0.037352 exchange+sort+moments=50.4017 B=72.6754 momentsAwait=6.675 outCopy=0.000401]
 ======= Cycle 211 ======= 
*** E CALCULATION [GPU] ***
*** MAXWELL SOLVER [GPU] ***
Initial residual: 0.389569 norm b vector (source) = 0.611457
GMRES converged at restart # 2; iteration #9 with error: 7.33288e-07
  [Cycle 211] Particle sorting: ON
*** B CALCULATION [GPU] ***
Execution time cycle: 273.405 ms  [sort=0.042333 field=143.82 da_wait=0.00013 mover+out=0.033085 exchange+sort+moments=50.1014 B=72.7259 momentsAwait=6.68196 outCopy=0.000401]
 ======= Cycle 212 ======= 
*** E CALCULATION [GPU] ***
*** MAXWELL SOLVER [GPU] ***
Initial residual: 0.389827 norm b vector (source) = 0.611302
GMRES converged at restart # 2; iteration #9 with error: 8.25196e-07
  [Cycle 212] Particle sorting: ON
*** B CALCULATION [GPU] ***
Execution time cycle: 276.897 ms  [sort=0.035779 field=148.447 da_wait=0.00016 mover+out=0.038635 exchange+sort+moments=49.1586 B=72.6024 momentsAwait=6.61387 outCopy=0.00025]
 ======= Cycle 213 ======= 
*** E CALCULATION [GPU] ***
*** MAXWELL SOLVER [GPU] ***
Initial residual: 0.390154 norm b vector (source) = 0.611313
GMRES converged at restart # 2; iteration #9 with error: 9.35594e-07
  [Cycle 213] Particle sorting: ON
*** B CALCULATION [GPU] ***
Execution time cycle: 275.825 ms  [sort=0.037844 field=146.63 da_wait=0.00015 mover+out=0.029347 exchange+sort+moments=50.0643 B=72.4522 momentsAwait=6.61104 outCopy=0.000511]
 ======= Cycle 214 ======= 
*** E CALCULATION [GPU] ***
*** MAXWELL SOLVER [GPU] ***
Initial residual: 0.390295 norm b vector (source) = 0.611268
GMRES converged at restart # 3; iteration #0 with error: 9.02031e-07
  [Cycle 214] Particle sorting: ON
*** B CALCULATION [GPU] ***
Execution time cycle: 282.316 ms  [sort=0.042202 field=151.28 da_wait=0.00014 mover+out=0.036531 exchange+sort+moments=49.6018 B=72.7691 momentsAwait=8.5855 outCopy=0.00039]
 ======= Cycle 215 ======= 
*** E CALCULATION [GPU] ***
*** MAXWELL SOLVER [GPU] ***
Initial residual: 0.390546 norm b vector (source) = 0.6114
GMRES converged at restart # 3; iteration #1 with error: 8.43269e-07
  [Cycle 215] Particle sorting: ON
*** B CALCULATION [GPU] ***
Execution time cycle: 283.107 ms  [sort=0.041301 field=153.248 da_wait=0.00015 mover+out=0.031962 exchange+sort+moments=50.4291 B=72.6903 momentsAwait=6.66655 outCopy=0.00025]
 ======= Cycle 216 ======= 
*** E CALCULATION [GPU] ***
*** MAXWELL SOLVER [GPU] ***
Initial residual: 0.390518 norm b vector (source) = 0.61141
GMRES converged at restart # 3; iteration #1 with error: 9.1401e-07
  [Cycle 216] Particle sorting: ON
*** B CALCULATION [GPU] ***
Execution time cycle: 282.186 ms  [sort=0.032443 field=153.335 da_wait=0.00025 mover+out=0.035128 exchange+sort+moments=49.643 B=72.5643 momentsAwait=6.57641 outCopy=0.000231]
 ======= Cycle 217 ======= 
*** E CALCULATION [GPU] ***
*** MAXWELL SOLVER [GPU] ***
Initial residual: 0.3903 norm b vector (source) = 0.611112
GMRES converged at restart # 3; iteration #0 with error: 9.46184e-07
  [Cycle 217] Particle sorting: ON
*** B CALCULATION [GPU] ***
Execution time cycle: 282.414 ms  [sort=0.035088 field=153.612 da_wait=0.00015 mover+out=0.032012 exchange+sort+moments=49.5695 B=72.5795 momentsAwait=6.58565 outCopy=0.000521]
 ======= Cycle 218 ======= 
*** E CALCULATION [GPU] ***
*** MAXWELL SOLVER [GPU] ***
Initial residual: 0.390155 norm b vector (source) = 0.610875
GMRES converged at restart # 3; iteration #1 with error: 8.81099e-07
  [Cycle 218] Particle sorting: ON
*** B CALCULATION [GPU] ***
Execution time cycle: 282.362 ms  [sort=0.036381 field=153.158 da_wait=0.00013 mover+out=0.035319 exchange+sort+moments=49.8597 B=72.6959 momentsAwait=6.57575 outCopy=0.00045]
 ======= Cycle 219 ======= 
*** E CALCULATION [GPU] ***
*** MAXWELL SOLVER [GPU] ***
Initial residual: 0.390076 norm b vector (source) = 0.610774
GMRES converged at restart # 3; iteration #0 with error: 9.53871e-07
  [Cycle 219] Particle sorting: ON
*** B CALCULATION [GPU] ***
Execution time cycle: 280.89 ms  [sort=0.044527 field=150.867 da_wait=0.00022 mover+out=0.034297 exchange+sort+moments=50.4294 B=72.8438 momentsAwait=6.6707 outCopy=0.000591]
 ======= Cycle 220 ======= 
*** E CALCULATION [GPU] ***
*** MAXWELL SOLVER [GPU] ***
Initial residual: 0.390242 norm b vector (source) = 0.611089
GMRES converged at restart # 2; iteration #9 with error: 9.74207e-07
  [Cycle 220] Particle sorting: ON
*** B CALCULATION [GPU] ***
Execution time cycle: 277.171 ms  [sort=0.032864 field=146.997 da_wait=0.00015 mover+out=0.038334 exchange+sort+moments=50.4954 B=72.8917 momentsAwait=6.71568 outCopy=0.000291]
 ======= Cycle 221 ======= 
*** E CALCULATION [GPU] ***
*** MAXWELL SOLVER [GPU] ***
Initial residual: 0.390179 norm b vector (source) = 0.611446
GMRES converged at restart # 2; iteration #9 with error: 8.1747e-07
  [Cycle 221] Particle sorting: ON
*** B CALCULATION [GPU] ***
Execution time cycle: 273.502 ms  [sort=0.032553 field=144.182 da_wait=0.000131 mover+out=0.03595 exchange+sort+moments=49.8828 B=72.6577 momentsAwait=6.71072 outCopy=0.000281]
 ======= Cycle 222 ======= 
*** E CALCULATION [GPU] ***
*** MAXWELL SOLVER [GPU] ***
Initial residual: 0.390254 norm b vector (source) = 0.611945
GMRES converged at restart # 3; iteration #0 with error: 8.00549e-07
  [Cycle 222] Particle sorting: ON
*** B CALCULATION [GPU] ***
Execution time cycle: 274.92 ms  [sort=0.036241 field=145.372 da_wait=0.000151 mover+out=0.032273 exchange+sort+moments=49.984 B=72.7282 momentsAwait=6.76631 outCopy=0.000491]
 ======= Cycle 223 ======= 
*** E CALCULATION [GPU] ***
*** MAXWELL SOLVER [GPU] ***
Initial residual: 0.390428 norm b vector (source) = 0.612576
GMRES converged at restart # 2; iteration #8 with error: 8.72955e-07
  [Cycle 223] Particle sorting: ON
*** B CALCULATION [GPU] ***
Execution time cycle: 270.933 ms  [sort=0.042342 field=141.373 da_wait=0.000151 mover+out=0.035448 exchange+sort+moments=49.8915 B=72.8013 momentsAwait=6.78907 outCopy=0.000411]
 ======= Cycle 224 ======= 
*** E CALCULATION [GPU] ***
*** MAXWELL SOLVER [GPU] ***
Initial residual: 0.390498 norm b vector (source) = 0.61312
GMRES converged at restart # 2; iteration #8 with error: 7.91359e-07
  [Cycle 224] Particle sorting: ON
*** B CALCULATION [GPU] ***
Execution time cycle: 270.985 ms  [sort=0.04115 field=141.089 da_wait=0.00014 mover+out=0.035119 exchange+sort+moments=50.391 B=72.7021 momentsAwait=6.72645 outCopy=0.00029]
 ======= Cycle 225 ======= 
*** E CALCULATION [GPU] ***
*** MAXWELL SOLVER [GPU] ***
Initial residual: 0.390254 norm b vector (source) = 0.613104
GMRES converged at restart # 2; iteration #8 with error: 7.68244e-07
  [Cycle 225] Particle sorting: ON
*** B CALCULATION [GPU] ***
Execution time cycle: 270.833 ms  [sort=0.036872 field=141.522 da_wait=0.00013 mover+out=0.033285 exchange+sort+moments=49.8909 B=72.6246 momentsAwait=6.72464 outCopy=0.000241]
 ======= Cycle 226 ======= 
*** E CALCULATION [GPU] ***
*** MAXWELL SOLVER [GPU] ***
Initial residual: 0.390081 norm b vector (source) = 0.612608
GMRES converged at restart # 2; iteration #8 with error: 7.9752e-07
  [Cycle 226] Particle sorting: ON
*** B CALCULATION [GPU] ***
Execution time cycle: 270.295 ms  [sort=0.036992 field=141.307 da_wait=0.000151 mover+out=0.034196 exchange+sort+moments=49.5673 B=72.6165 momentsAwait=6.73221 outCopy=0.000481]
 ======= Cycle 227 ======= 
*** E CALCULATION [GPU] ***
*** MAXWELL SOLVER [GPU] ***
Initial residual: 0.389913 norm b vector (source) = 0.611963
GMRES converged at restart # 2; iteration #8 with error: 8.72085e-07
  [Cycle 227] Particle sorting: ON
*** B CALCULATION [GPU] ***
Execution time cycle: 271.097 ms  [sort=0.038785 field=141.139 da_wait=0.000151 mover+out=0.032954 exchange+sort+moments=50.3777 B=72.7102 momentsAwait=6.79748 outCopy=0.000361]
 ======= Cycle 228 ======= 
*** E CALCULATION [GPU] ***
*** MAXWELL SOLVER [GPU] ***
Initial residual: 0.389691 norm b vector (source) = 0.611197
GMRES converged at restart # 2; iteration #8 with error: 9.82836e-07
  [Cycle 228] Particle sorting: ON
*** B CALCULATION [GPU] ***
Execution time cycle: 271.156 ms  [sort=0.034156 field=141.287 da_wait=0.000131 mover+out=0.033465 exchange+sort+moments=50.1921 B=72.9373 momentsAwait=6.67122 outCopy=0.000421]
 ======= Cycle 229 ======= 
*** E CALCULATION [GPU] ***
*** MAXWELL SOLVER [GPU] ***
Initial residual: 0.389603 norm b vector (source) = 0.61051
GMRES converged at restart # 2; iteration #9 with error: 7.37974e-07
  [Cycle 229] Particle sorting: ON
*** B CALCULATION [GPU] ***
Execution time cycle: 273.991 ms  [sort=0.033405 field=143.895 da_wait=0.00015 mover+out=0.036361 exchange+sort+moments=50.5138 B=72.7563 momentsAwait=6.75564 outCopy=0.00034]
 ======= Cycle 230 ======= 
*** E CALCULATION [GPU] ***
*** MAXWELL SOLVER [GPU] ***
Initial residual: 0.389659 norm b vector (source) = 0.610153
GMRES converged at restart # 2; iteration #9 with error: 8.18352e-07
  [Cycle 230] Particle sorting: ON
*** B CALCULATION [GPU] ***
Execution time cycle: 272.877 ms  [sort=0.042713 field=143.756 da_wait=0.00014 mover+out=0.034678 exchange+sort+moments=49.6378 B=72.6512 momentsAwait=6.75394 outCopy=0.00033]
 ======= Cycle 231 ======= 
*** E CALCULATION [GPU] ***
*** MAXWELL SOLVER [GPU] ***
Initial residual: 0.389909 norm b vector (source) = 0.610162
GMRES converged at restart # 2; iteration #9 with error: 8.67063e-07
  [Cycle 231] Particle sorting: ON
*** B CALCULATION [GPU] ***
Execution time cycle: 273.307 ms  [sort=0.043605 field=144.048 da_wait=0.000141 mover+out=0.038434 exchange+sort+moments=49.8185 B=72.6638 momentsAwait=6.69471 outCopy=0.000221]
 ======= Cycle 232 ======= 
*** E CALCULATION [GPU] ***
*** MAXWELL SOLVER [GPU] ***
Initial residual: 0.390079 norm b vector (source) = 0.610309
GMRES converged at restart # 2; iteration #9 with error: 8.67487e-07
  [Cycle 232] Particle sorting: ON
*** B CALCULATION [GPU] ***
Execution time cycle: 273.518 ms  [sort=0.04132 field=144.001 da_wait=0.00023 mover+out=0.033686 exchange+sort+moments=49.8692 B=72.8159 momentsAwait=6.75668 outCopy=0.0004]
 ======= Cycle 233 ======= 
*** E CALCULATION [GPU] ***
*** MAXWELL SOLVER [GPU] ***
Initial residual: 0.390122 norm b vector (source) = 0.610478
GMRES converged at restart # 2; iteration #9 with error: 8.20853e-07
  [Cycle 233] Particle sorting: ON
*** B CALCULATION [GPU] ***
Execution time cycle: 273.815 ms  [sort=0.045809 field=143.943 da_wait=0.00014 mover+out=0.037904 exchange+sort+moments=50.466 B=72.6262 momentsAwait=6.69598 outCopy=0.00041]
 ======= Cycle 234 ======= 
*** E CALCULATION [GPU] ***
*** MAXWELL SOLVER [GPU] ***
Initial residual: 0.390043 norm b vector (source) = 0.61066
GMRES converged at restart # 2; iteration #9 with error: 7.31654e-07
  [Cycle 234] Particle sorting: ON
*** B CALCULATION [GPU] ***
Execution time cycle: 272.947 ms  [sort=0.039807 field=143.978 da_wait=0.000151 mover+out=0.034497 exchange+sort+moments=49.4306 B=72.7101 momentsAwait=6.75325 outCopy=0.000411]
 ======= Cycle 235 ======= 
*** E CALCULATION [GPU] ***
*** MAXWELL SOLVER [GPU] ***
Initial residual: 0.389856 norm b vector (source) = 0.610795
GMRES converged at restart # 2; iteration #8 with error: 9.48539e-07
  [Cycle 235] Particle sorting: ON
*** B CALCULATION [GPU] ***
Execution time cycle: 270.345 ms  [sort=0.040319 field=141.176 da_wait=0.00022 mover+out=0.035259 exchange+sort+moments=49.7529 B=72.6675 momentsAwait=6.67215 outCopy=0.000221]
 ======= Cycle 236 ======= 
*** E CALCULATION [GPU] ***
*** MAXWELL SOLVER [GPU] ***
Initial residual: 0.389934 norm b vector (source) = 0.61123
GMRES converged at restart # 2; iteration #8 with error: 8.03658e-07
  [Cycle 236] Particle sorting: ON
*** B CALCULATION [GPU] ***
Execution time cycle: 271.135 ms  [sort=0.042983 field=141.454 da_wait=0.00021 mover+out=0.034066 exchange+sort+moments=49.9473 B=72.9568 momentsAwait=6.69889 outCopy=0.000341]
 ======= Cycle 237 ======= 
*** E CALCULATION [GPU] ***
*** MAXWELL SOLVER [GPU] ***
Initial residual: 0.389903 norm b vector (source) = 0.611639
GMRES converged at restart # 2; iteration #7 with error: 9.92057e-07
  [Cycle 237] Particle sorting: ON
*** B CALCULATION [GPU] ***
Execution time cycle: 268.854 ms  [sort=0.046811 field=138.542 da_wait=0.000141 mover+out=0.035168 exchange+sort+moments=50.4268 B=72.9949 momentsAwait=6.80782 outCopy=0.00022]
 ======= Cycle 238 ======= 
*** E CALCULATION [GPU] ***
*** MAXWELL SOLVER [GPU] ***
Initial residual: 0.38983 norm b vector (source) = 0.61187
GMRES converged at restart # 2; iteration #7 with error: 8.67705e-07
  [Cycle 238] Particle sorting: ON
*** B CALCULATION [GPU] ***
Execution time cycle: 268.308 ms  [sort=0.034547 field=138.3 da_wait=0.000121 mover+out=0.032102 exchange+sort+moments=50.3817 B=72.831 momentsAwait=6.72765 outCopy=0.000341]
 ======= Cycle 239 ======= 
*** E CALCULATION [GPU] ***
*** MAXWELL SOLVER [GPU] ***
Initial residual: 0.389976 norm b vector (source) = 0.612163
GMRES converged at restart # 2; iteration #7 with error: 8.03651e-07
  [Cycle 239] Particle sorting: ON
*** B CALCULATION [GPU] ***
Execution time cycle: 267.904 ms  [sort=0.036601 field=138.444 da_wait=0.00014 mover+out=0.037032 exchange+sort+moments=49.8633 B=72.8208 momentsAwait=6.70154 outCopy=0.000421]
 ======= Cycle 240 ======= 
*** E CALCULATION [GPU] ***
*** MAXWELL SOLVER [GPU] ***
Initial residual: 0.39017 norm b vector (source) = 0.612414
GMRES converged at restart # 2; iteration #7 with error: 7.92622e-07
  [Cycle 240] Particle sorting: ON
*** B CALCULATION [GPU] ***
Execution time cycle: 268.141 ms  [sort=0.045469 field=138.561 da_wait=0.00015 mover+out=0.036141 exchange+sort+moments=49.8182 B=72.9088 momentsAwait=6.77082 outCopy=0.000541]
 ======= Cycle 241 ======= 
*** E CALCULATION [GPU] ***
*** MAXWELL SOLVER [GPU] ***
Initial residual: 0.390361 norm b vector (source) = 0.612633
GMRES converged at restart # 2; iteration #7 with error: 8.41396e-07
  [Cycle 241] Particle sorting: ON
*** B CALCULATION [GPU] ***
Execution time cycle: 268.176 ms  [sort=0.042623 field=138.311 da_wait=0.00013 mover+out=0.037032 exchange+sort+moments=49.9232 B=73.0679 momentsAwait=6.79328 outCopy=0.00027]
 ======= Cycle 242 ======= 
*** E CALCULATION [GPU] ***
*** MAXWELL SOLVER [GPU] ***
Initial residual: 0.390251 norm b vector (source) = 0.612364
GMRES converged at restart # 2; iteration #7 with error: 9.39718e-07
  [Cycle 242] Particle sorting: ON
*** B CALCULATION [GPU] ***
Execution time cycle: 268.132 ms  [sort=0.042924 field=138.435 da_wait=0.00024 mover+out=0.034437 exchange+sort+moments=49.9671 B=72.9505 momentsAwait=6.70135 outCopy=0.000341]
 ======= Cycle 243 ======= 
*** E CALCULATION [GPU] ***
*** MAXWELL SOLVER [GPU] ***
Initial residual: 0.390264 norm b vector (source) = 0.61197
GMRES converged at restart # 2; iteration #8 with error: 7.41948e-07
  [Cycle 243] Particle sorting: ON
*** B CALCULATION [GPU] ***
Execution time cycle: 269.902 ms  [sort=0.039076 field=140.552 da_wait=0.00013 mover+out=0.038385 exchange+sort+moments=49.6641 B=72.9128 momentsAwait=6.69508 outCopy=0.000381]
 ======= Cycle 244 ======= 
*** E CALCULATION [GPU] ***
*** MAXWELL SOLVER [GPU] ***
Initial residual: 0.390377 norm b vector (source) = 0.611682
GMRES converged at restart # 2; iteration #8 with error: 8.50959e-07
  [Cycle 244] Particle sorting: ON
*** B CALCULATION [GPU] ***
Execution time cycle: 269.989 ms  [sort=0.044998 field=140.573 da_wait=0.00014 mover+out=0.03583 exchange+sort+moments=49.89 B=72.8351 momentsAwait=6.6093 outCopy=0.000321]
 ======= Cycle 245 ======= 
*** E CALCULATION [GPU] ***
*** MAXWELL SOLVER [GPU] ***
Initial residual: 0.390529 norm b vector (source) = 0.61158
GMRES converged at restart # 2; iteration #8 with error: 9.5639e-07
  [Cycle 245] Particle sorting: ON
*** B CALCULATION [GPU] ***
Execution time cycle: 271.311 ms  [sort=0.033465 field=141.062 da_wait=0.00015 mover+out=0.032513 exchange+sort+moments=50.2114 B=73.2577 momentsAwait=6.71271 outCopy=0.0004]
 ======= Cycle 246 ======= 
*** E CALCULATION [GPU] ***
*** MAXWELL SOLVER [GPU] ***
Initial residual: 0.390629 norm b vector (source) = 0.611524
GMRES converged at restart # 3; iteration #0 with error: 8.06703e-07
  [Cycle 246] Particle sorting: ON
*** B CALCULATION [GPU] ***
Execution time cycle: 275.766 ms  [sort=0.045288 field=145.459 da_wait=0.00013 mover+out=0.031572 exchange+sort+moments=50.1599 B=73.3389 momentsAwait=6.73067 outCopy=0.00025]
 ======= Cycle 247 ======= 
*** E CALCULATION [GPU] ***
*** MAXWELL SOLVER [GPU] ***
Initial residual: 0.390685 norm b vector (source) = 0.611424
GMRES converged at restart # 3; iteration #0 with error: 8.21483e-07
  [Cycle 247] Particle sorting: ON
*** B CALCULATION [GPU] ***
Execution time cycle: 276.265 ms  [sort=0.037724 field=145.643 da_wait=0.00013 mover+out=0.038385 exchange+sort+moments=50.4655 B=73.3226 momentsAwait=6.75826 outCopy=0.00022]
 ======= Cycle 248 ======= 
*** E CALCULATION [GPU] ***
*** MAXWELL SOLVER [GPU] ***
Initial residual: 0.390713 norm b vector (source) = 0.611362
GMRES converged at restart # 2; iteration #8 with error: 9.95425e-07
  [Cycle 248] Particle sorting: ON
*** B CALCULATION [GPU] ***
Execution time cycle: 271.692 ms  [sort=0.042673 field=141.924 da_wait=0.000151 mover+out=0.037012 exchange+sort+moments=49.8797 B=73.0577 momentsAwait=6.75114 outCopy=0.000241]
 ======= Cycle 249 ======= 
*** E CALCULATION [GPU] ***
*** MAXWELL SOLVER [GPU] ***
Initial residual: 0.390756 norm b vector (source) = 0.611413
GMRES converged at restart # 2; iteration #8 with error: 9.00563e-07
  [Cycle 249] Particle sorting: ON
*** B CALCULATION [GPU] ***
Execution time cycle: 270.818 ms  [sort=0.040418 field=141.177 da_wait=0.00015 mover+out=0.033866 exchange+sort+moments=49.7681 B=73.0425 momentsAwait=6.75617 outCopy=0.000411]
 ======= Cycle 250 ======= 
*** E CALCULATION [GPU] ***
*** MAXWELL SOLVER [GPU] ***
Initial residual: 0.390862 norm b vector (source) = 0.611762
GMRES converged at restart # 2; iteration #8 with error: 7.84023e-07
  [Cycle 250] Particle sorting: ON
*** B CALCULATION [GPU] ***
Execution time cycle: 285.815 ms  [sort=13.5361 field=142.597 da_wait=0.000561 mover+out=0.028956 exchange+sort+moments=49.7938 B=73.1025 momentsAwait=6.75519 outCopy=0.000421]
 ======= Cycle 251 ======= 
*** E CALCULATION [GPU] ***
*** MAXWELL SOLVER [GPU] ***
Initial residual: 0.390864 norm b vector (source) = 0.612332
GMRES converged at restart # 2; iteration #7 with error: 9.54127e-07
  [Cycle 251] Particle sorting: ON
*** B CALCULATION [GPU] ***
Execution time cycle: 268.517 ms  [sort=0.035659 field=138.68 da_wait=0.000141 mover+out=0.036661 exchange+sort+moments=49.9808 B=73.0523 momentsAwait=6.73083 outCopy=0.00035]
 ======= Cycle 252 ======= 
*** E CALCULATION [GPU] ***
*** MAXWELL SOLVER [GPU] ***
Initial residual: 0.39063 norm b vector (source) = 0.612775
GMRES converged at restart # 2; iteration #7 with error: 7.93672e-07
  [Cycle 252] Particle sorting: ON
*** B CALCULATION [GPU] ***
Execution time cycle: 267.936 ms  [sort=0.040208 field=138.473 da_wait=0.000221 mover+out=0.032523 exchange+sort+moments=49.6887 B=72.9591 momentsAwait=6.7426 outCopy=0.00024]
 ======= Cycle 253 ======= 
*** E CALCULATION [GPU] ***
*** MAXWELL SOLVER [GPU] ***
Initial residual: 0.390188 norm b vector (source) = 0.612877
GMRES converged at restart # 2; iteration #7 with error: 7.72774e-07
  [Cycle 253] Particle sorting: ON
*** B CALCULATION [GPU] ***
Execution time cycle: 265.408 ms  [sort=0.039727 field=135.102 da_wait=0.00024 mover+out=0.033846 exchange+sort+moments=50.2205 B=73.2988 momentsAwait=6.71278 outCopy=0.00032]
 ======= Cycle 254 ======= 
*** E CALCULATION [GPU] ***
*** MAXWELL SOLVER [GPU] ***
Initial residual: 0.389752 norm b vector (source) = 0.612714
GMRES converged at restart # 2; iteration #7 with error: 6.92586e-07
  [Cycle 254] Particle sorting: ON
*** B CALCULATION [GPU] ***
Execution time cycle: 266.157 ms  [sort=0.042071 field=135.215 da_wait=0.00012 mover+out=0.033765 exchange+sort+moments=50.722 B=73.4266 momentsAwait=6.71738 outCopy=0.00026]
 ======= Cycle 255 ======= 
*** E CALCULATION [GPU] ***
*** MAXWELL SOLVER [GPU] ***
Initial residual: 0.389434 norm b vector (source) = 0.612245
GMRES converged at restart # 2; iteration #6 with error: 9.92322e-07
  [Cycle 255] Particle sorting: ON
*** B CALCULATION [GPU] ***
Execution time cycle: 263.29 ms  [sort=0.038956 field=132.774 da_wait=0.00014 mover+out=0.031963 exchange+sort+moments=50.2165 B=73.4906 momentsAwait=6.73806 outCopy=0.000221]
 ======= Cycle 256 ======= 
*** E CALCULATION [GPU] ***
*** MAXWELL SOLVER [GPU] ***
Initial residual: 0.389412 norm b vector (source) = 0.611787
GMRES converged at restart # 2; iteration #7 with error: 6.81957e-07
  [Cycle 256] Particle sorting: ON
*** B CALCULATION [GPU] ***
Execution time cycle: 265.14 ms  [sort=0.030038 field=135.134 da_wait=0.000151 mover+out=0.031872 exchange+sort+moments=50.0258 B=73.186 momentsAwait=6.73168 outCopy=0.00023]
 ======= Cycle 257 ======= 
*** E CALCULATION [GPU] ***
*** MAXWELL SOLVER [GPU] ***
Initial residual: 0.389664 norm b vector (source) = 0.611518
GMRES converged at restart # 2; iteration #7 with error: 7.46149e-07
  [Cycle 257] Particle sorting: ON
*** B CALCULATION [GPU] ***
Execution time cycle: 264.922 ms  [sort=0.041601 field=135.39 da_wait=0.00014 mover+out=0.032163 exchange+sort+moments=49.5701 B=73.2105 momentsAwait=6.67716 outCopy=0.0003]
 ======= Cycle 258 ======= 
*** E CALCULATION [GPU] ***
*** MAXWELL SOLVER [GPU] ***
Initial residual: 0.390199 norm b vector (source) = 0.611597
GMRES converged at restart # 2; iteration #7 with error: 8.426e-07
  [Cycle 258] Particle sorting: ON
*** B CALCULATION [GPU] ***
Execution time cycle: 265.513 ms  [sort=0.039357 field=135.594 da_wait=0.000211 mover+out=0.034747 exchange+sort+moments=49.8336 B=73.3055 momentsAwait=6.70556 outCopy=0.00036]
 ======= Cycle 259 ======= 
*** E CALCULATION [GPU] ***
*** MAXWELL SOLVER [GPU] ***
Initial residual: 0.390516 norm b vector (source) = 0.611654
GMRES converged at restart # 2; iteration #7 with error: 8.40449e-07
  [Cycle 259] Particle sorting: ON
*** B CALCULATION [GPU] ***
Execution time cycle: 268.76 ms  [sort=0.044146 field=138.409 da_wait=0.000151 mover+out=0.03081 exchange+sort+moments=50.3786 B=73.2321 momentsAwait=6.66491 outCopy=0.000451]
 ======= Cycle 260 ======= 
*** E CALCULATION [GPU] ***
*** MAXWELL SOLVER [GPU] ***
Initial residual: 0.390456 norm b vector (source) = 0.611422
GMRES converged at restart # 2; iteration #7 with error: 9.3965e-07
  [Cycle 260] Particle sorting: ON
*** B CALCULATION [GPU] ***
Execution time cycle: 267.965 ms  [sort=0.04094 field=138.267 da_wait=0.00013 mover+out=0.032944 exchange+sort+moments=49.8387 B=73.101 momentsAwait=6.68355 outCopy=0.00037]
 ======= Cycle 261 ======= 
*** E CALCULATION [GPU] ***
*** MAXWELL SOLVER [GPU] ***
Initial residual: 0.390389 norm b vector (source) = 0.611184
GMRES converged at restart # 3; iteration #0 with error: 7.78045e-07
  [Cycle 261] Particle sorting: ON
*** B CALCULATION [GPU] ***
Execution time cycle: 272.08 ms  [sort=0.040909 field=142.599 da_wait=0.00012 mover+out=0.033956 exchange+sort+moments=49.5768 B=73.1287 momentsAwait=6.69999 outCopy=0.000391]
 ======= Cycle 262 ======= 
*** E CALCULATION [GPU] ***
*** MAXWELL SOLVER [GPU] ***
Initial residual: 0.390104 norm b vector (source) = 0.610889
GMRES converged at restart # 3; iteration #0 with error: 7.84316e-07
  [Cycle 262] Particle sorting: ON
*** B CALCULATION [GPU] ***
Execution time cycle: 273.105 ms  [sort=0.038806 field=142.873 da_wait=0.000131 mover+out=0.037382 exchange+sort+moments=50.0883 B=73.3815 momentsAwait=6.68577 outCopy=0.000261]
 ======= Cycle 263 ======= 
*** E CALCULATION [GPU] ***
*** MAXWELL SOLVER [GPU] ***
Initial residual: 0.38999 norm b vector (source) = 0.61074
GMRES converged at restart # 2; iteration #7 with error: 9.56635e-07
  [Cycle 263] Particle sorting: ON
*** B CALCULATION [GPU] ***
Execution time cycle: 268.881 ms  [sort=0.038345 field=138.404 da_wait=0.000251 mover+out=0.034988 exchange+sort+moments=50.189 B=73.5634 momentsAwait=6.65064 outCopy=0.00034]
 ======= Cycle 264 ======= 
*** E CALCULATION [GPU] ***
*** MAXWELL SOLVER [GPU] ***
Initial residual: 0.390122 norm b vector (source) = 0.610974
GMRES converged at restart # 2; iteration #7 with error: 8.46149e-07
  [Cycle 264] Particle sorting: ON
*** B CALCULATION [GPU] ***
Execution time cycle: 268.991 ms  [sort=0.038655 field=138.533 da_wait=0.00013 mover+out=0.034928 exchange+sort+moments=50.1249 B=73.5751 momentsAwait=6.68349 outCopy=0.00025]
 ======= Cycle 265 ======= 
*** E CALCULATION [GPU] ***
*** MAXWELL SOLVER [GPU] ***
Initial residual: 0.390379 norm b vector (source) = 0.611565
GMRES converged at restart # 2; iteration #7 with error: 8.15538e-07
  [Cycle 265] Particle sorting: ON
*** B CALCULATION [GPU] ***
Execution time cycle: 265.585 ms  [sort=0.033465 field=135.365 da_wait=0.000131 mover+out=0.038004 exchange+sort+moments=50.0912 B=73.2809 momentsAwait=6.77583 outCopy=0.000311]
 ======= Cycle 266 ======= 
*** E CALCULATION [GPU] ***
*** MAXWELL SOLVER [GPU] ***
Initial residual: 0.390608 norm b vector (source) = 0.612319
GMRES converged at restart # 3; iteration #0 with error: 7.77827e-07
  [Cycle 266] Particle sorting: ON
*** B CALCULATION [GPU] ***
Execution time cycle: 266.374 ms  [sort=0.038715 field=136.624 da_wait=0.00013 mover+out=0.034848 exchange+sort+moments=49.6432 B=73.2901 momentsAwait=6.74279 outCopy=0.000341]
 ======= Cycle 267 ======= 
*** E CALCULATION [GPU] ***
*** MAXWELL SOLVER [GPU] ***
Initial residual: 0.390517 norm b vector (source) = 0.612842
GMRES converged at restart # 2; iteration #6 with error: 8.16861e-07
  [Cycle 267] Particle sorting: ON
*** B CALCULATION [GPU] ***
Execution time cycle: 262.827 ms  [sort=0.040289 field=132.692 da_wait=0.00015 mover+out=0.037453 exchange+sort+moments=49.8309 B=73.477 momentsAwait=6.74962 outCopy=0.00033]
 ======= Cycle 268 ======= 
*** E CALCULATION [GPU] ***
*** MAXWELL SOLVER [GPU] ***
Initial residual: 0.390294 norm b vector (source) = 0.613119
GMRES converged at restart # 2; iteration #6 with error: 6.93688e-07
  [Cycle 268] Particle sorting: ON
*** B CALCULATION [GPU] ***
Execution time cycle: 262.89 ms  [sort=0.04088 field=132.564 da_wait=0.00021 mover+out=0.036732 exchange+sort+moments=50.1503 B=73.3442 momentsAwait=6.75312 outCopy=0.000431]
 ======= Cycle 269 ======= 
*** E CALCULATION [GPU] ***
*** MAXWELL SOLVER [GPU] ***
Initial residual: 0.389969 norm b vector (source) = 0.61308
GMRES converged at restart # 2; iteration #6 with error: 6.32472e-07
  [Cycle 269] Particle sorting: ON
*** B CALCULATION [GPU] ***
Execution time cycle: 262.058 ms  [sort=0.043665 field=132.405 da_wait=0.000131 mover+out=0.033374 exchange+sort+moments=49.568 B=73.3506 momentsAwait=6.65766 outCopy=0.000421]
 ======= Cycle 270 ======= 
*** E CALCULATION [GPU] ***
*** MAXWELL SOLVER [GPU] ***
Initial residual: 0.389922 norm b vector (source) = 0.612915
GMRES converged at restart # 2; iteration #6 with error: 6.2529e-07
  [Cycle 270] Particle sorting: ON
*** B CALCULATION [GPU] ***
Execution time cycle: 261.806 ms  [sort=0.045448 field=132.028 da_wait=0.00013 mover+out=0.030179 exchange+sort+moments=49.8936 B=73.1923 momentsAwait=6.61573 outCopy=0.0004]
 ======= Cycle 271 ======= 
*** E CALCULATION [GPU] ***
*** MAXWELL SOLVER [GPU] ***
Initial residual: 0.390225 norm b vector (source) = 0.612989
GMRES converged at restart # 2; iteration #6 with error: 6.52231e-07
  [Cycle 271] Particle sorting: ON
*** B CALCULATION [GPU] ***
Execution time cycle: 262.384 ms  [sort=0.039287 field=132.144 da_wait=0.00014 mover+out=0.032934 exchange+sort+moments=49.8004 B=73.6513 momentsAwait=6.71613 outCopy=0.000721]
 ======= Cycle 272 ======= 
*** E CALCULATION [GPU] ***
*** MAXWELL SOLVER [GPU] ***
Initial residual: 0.390281 norm b vector (source) = 0.612844
GMRES converged at restart # 2; iteration #6 with error: 7.30262e-07
  [Cycle 272] Particle sorting: ON
*** B CALCULATION [GPU] ***
Execution time cycle: 263.044 ms  [sort=0.047132 field=132.558 da_wait=0.000141 mover+out=0.035469 exchange+sort+moments=49.8919 B=73.7486 momentsAwait=6.76319 outCopy=0.00033]
 ======= Cycle 273 ======= 
*** E CALCULATION [GPU] ***
*** MAXWELL SOLVER [GPU] ***
Initial residual: 0.390185 norm b vector (source) = 0.612313
GMRES converged at restart # 2; iteration #6 with error: 8.54496e-07
  [Cycle 273] Particle sorting: ON
*** B CALCULATION [GPU] ***
Execution time cycle: 263.693 ms  [sort=0.038264 field=132.848 da_wait=0.00014 mover+out=0.032554 exchange+sort+moments=50.2376 B=73.7793 momentsAwait=6.7571 outCopy=0.000231]
 ======= Cycle 274 ======= 
*** E CALCULATION [GPU] ***
*** MAXWELL SOLVER [GPU] ***
Initial residual: 0.39008 norm b vector (source) = 0.611739
GMRES converged at restart # 3; iteration #0 with error: 7.80334e-07
  [Cycle 274] Particle sorting: ON
*** B CALCULATION [GPU] ***
Execution time cycle: 267.245 ms  [sort=0.031922 field=137.065 da_wait=0.00015 mover+out=0.031291 exchange+sort+moments=49.8238 B=73.5466 momentsAwait=6.74631 outCopy=0.00024]
 ======= Cycle 275 ======= 
*** E CALCULATION [GPU] ***
*** MAXWELL SOLVER [GPU] ***
Initial residual: 0.39016 norm b vector (source) = 0.611475
GMRES converged at restart # 2; iteration #7 with error: 7.6698e-07
  [Cycle 275] Particle sorting: ON
*** B CALCULATION [GPU] ***
Execution time cycle: 561.156 ms  [sort=0.035158 field=431.148 da_wait=0.00014 mover+out=0.033475 exchange+sort+moments=49.7194 B=73.4659 momentsAwait=6.75288 outCopy=0.000291]
 ======= Cycle 276 ======= 
*** E CALCULATION [GPU] ***
*** MAXWELL SOLVER [GPU] ***
Initial residual: 0.390215 norm b vector (source) = 0.611467
GMRES converged at restart # 2; iteration #7 with error: 8.38293e-07
  [Cycle 276] Particle sorting: ON
*** B CALCULATION [GPU] ***
Execution time cycle: 265.132 ms  [sort=0.033966 field=135.118 da_wait=0.000141 mover+out=0.029637 exchange+sort+moments=49.5881 B=73.6906 momentsAwait=6.6715 outCopy=0.000421]
 ======= Cycle 277 ======= 
*** E CALCULATION [GPU] ***
*** MAXWELL SOLVER [GPU] ***
Initial residual: 0.390302 norm b vector (source) = 0.611574
GMRES converged at restart # 2; iteration #7 with error: 8.74744e-07
  [Cycle 277] Particle sorting: ON
*** B CALCULATION [GPU] ***
Execution time cycle: 266.157 ms  [sort=0.038425 field=135.521 da_wait=0.000231 mover+out=0.035699 exchange+sort+moments=50.2915 B=73.5716 momentsAwait=6.6988 outCopy=0.00046]
 ======= Cycle 278 ======= 
*** E CALCULATION [GPU] ***
*** MAXWELL SOLVER [GPU] ***
Initial residual: 0.390335 norm b vector (source) = 0.611774
GMRES converged at restart # 2; iteration #7 with error: 8.52838e-07
  [Cycle 278] Particle sorting: ON
*** B CALCULATION [GPU] ***
Execution time cycle: 265.25 ms  [sort=0.03584 field=135.301 da_wait=0.000201 mover+out=0.028926 exchange+sort+moments=49.656 B=73.5616 momentsAwait=6.66627 outCopy=0.00023]
 ======= Cycle 279 ======= 
*** E CALCULATION [GPU] ***
*** MAXWELL SOLVER [GPU] ***
Initial residual: 0.390417 norm b vector (source) = 0.611984
GMRES converged at restart # 2; iteration #7 with error: 7.80372e-07
  [Cycle 279] Particle sorting: ON
*** B CALCULATION [GPU] ***
Execution time cycle: 266.344 ms  [sort=0.038234 field=135.453 da_wait=0.00014 mover+out=0.029177 exchange+sort+moments=50.0983 B=74.0142 momentsAwait=6.71062 outCopy=0.000251]
 ======= Cycle 280 ======= 
*** E CALCULATION [GPU] ***
*** MAXWELL SOLVER [GPU] ***
Initial residual: 0.390551 norm b vector (source) = 0.612273
GMRES converged at restart # 3; iteration #0 with error: 7.79914e-07
  [Cycle 280] Particle sorting: ON
*** B CALCULATION [GPU] ***
Execution time cycle: 267.268 ms  [sort=0.036541 field=136.701 da_wait=0.00014 mover+out=0.034226 exchange+sort+moments=49.9497 B=73.8051 momentsAwait=6.74101 outCopy=0.00025]
 ======= Cycle 281 ======= 
*** E CALCULATION [GPU] ***
*** MAXWELL SOLVER [GPU] ***
Initial residual: 0.390647 norm b vector (source) = 0.612676
GMRES converged at restart # 2; iteration #6 with error: 8.42708e-07
  [Cycle 281] Particle sorting: ON
*** B CALCULATION [GPU] ***
Execution time cycle: 264.03 ms  [sort=0.029888 field=132.907 da_wait=0.000151 mover+out=0.033435 exchange+sort+moments=50.2169 B=74.1736 momentsAwait=6.66812 outCopy=0.00025]
 ======= Cycle 282 ======= 
*** E CALCULATION [GPU] ***
*** MAXWELL SOLVER [GPU] ***
Initial residual: 0.390633 norm b vector (source) = 0.613039
GMRES converged at restart # 2; iteration #6 with error: 6.96243e-07
  [Cycle 282] Particle sorting: ON
*** B CALCULATION [GPU] ***
Execution time cycle: 264.032 ms  [sort=0.032202 field=132.776 da_wait=0.000141 mover+out=0.035639 exchange+sort+moments=50.2595 B=74.2053 momentsAwait=6.72278 outCopy=0.00033]
 ======= Cycle 283 ======= 
*** E CALCULATION [GPU] ***
*** MAXWELL SOLVER [GPU] ***
Initial residual: 0.390515 norm b vector (source) = 0.6132
GMRES converged at restart # 2; iteration #5 with error: 9.62061e-07
  [Cycle 283] Particle sorting: ON
*** B CALCULATION [GPU] ***
Execution time cycle: 417.667 ms  [sort=0.031011 field=130.035 da_wait=0.00015 mover+out=0.033806 exchange+sort+moments=50.2776 B=214.39 momentsAwait=22.8994 outCopy=0.00025]
 ======= Cycle 284 ======= 
*** E CALCULATION [GPU] ***
*** MAXWELL SOLVER [GPU] ***
Initial residual: 0.390523 norm b vector (source) = 0.613367
GMRES converged at restart # 2; iteration #5 with error: 9.57536e-07
  [Cycle 284] Particle sorting: ON
*** B CALCULATION [GPU] ***
Execution time cycle: 428.141 ms  [sort=0.041551 field=127.706 da_wait=0.00018 mover+out=0.034027 exchange+sort+moments=50.2648 B=229.539 momentsAwait=20.5558 outCopy=0.00041]
 ======= Cycle 285 ======= 
*** E CALCULATION [GPU] ***
*** MAXWELL SOLVER [GPU] ***
Initial residual: 0.390404 norm b vector (source) = 0.613367
GMRES converged at restart # 2; iteration #5 with error: 9.11426e-07
  [Cycle 285] Particle sorting: ON
*** B CALCULATION [GPU] ***
Execution time cycle: 259.409 ms  [sort=0.039637 field=127.55 da_wait=0.000151 mover+out=0.033735 exchange+sort+moments=50.877 B=74.1574 momentsAwait=6.75111 outCopy=0.00034]
 ======= Cycle 286 ======= 
*** E CALCULATION [GPU] ***
*** MAXWELL SOLVER [GPU] ***
Initial residual: 0.390254 norm b vector (source) = 0.613068
GMRES converged at restart # 2; iteration #5 with error: 9.11726e-07
  [Cycle 286] Particle sorting: ON
*** B CALCULATION [GPU] ***
Execution time cycle: 257.491 ms  [sort=0.036931 field=126.777 da_wait=0.000121 mover+out=0.033515 exchange+sort+moments=50.0907 B=73.8474 momentsAwait=6.70481 outCopy=0.000421]
 ======= Cycle 287 ======= 
*** E CALCULATION [GPU] ***
*** MAXWELL SOLVER [GPU] ***
Initial residual: 0.390237 norm b vector (source) = 0.612722
GMRES converged at restart # 2; iteration #5 with error: 9.55558e-07
  [Cycle 287] Particle sorting: ON
*** B CALCULATION [GPU] ***
Execution time cycle: 406.454 ms  [sort=0.040589 field=126.661 da_wait=0.00014 mover+out=0.034497 exchange+sort+moments=49.7129 B=206.66 momentsAwait=23.3456 outCopy=0.00029]
 ======= Cycle 288 ======= 
*** E CALCULATION [GPU] ***
*** MAXWELL SOLVER [GPU] ***
Initial residual: 0.390215 norm b vector (source) = 0.612389
GMRES converged at restart # 2; iteration #5 with error: 9.70929e-07
  [Cycle 288] Particle sorting: ON
*** B CALCULATION [GPU] ***
Execution time cycle: 337.339 ms  [sort=0.045478 field=130.686 da_wait=0.000151 mover+out=0.03091 exchange+sort+moments=50.6146 B=136.325 momentsAwait=19.6361 outCopy=0.00029]
 ======= Cycle 289 ======= 
*** E CALCULATION [GPU] ***
*** MAXWELL SOLVER [GPU] ***
Initial residual: 0.390079 norm b vector (source) = 0.611977
GMRES converged at restart # 2; iteration #6 with error: 6.8714e-07
  [Cycle 289] Particle sorting: ON
*** B CALCULATION [GPU] ***
Execution time cycle: 264.645 ms  [sort=0.042302 field=133.139 da_wait=0.000131 mover+out=0.032303 exchange+sort+moments=50.6726 B=73.9796 momentsAwait=6.77883 outCopy=0.000441]
 ======= Cycle 290 ======= 
*** E CALCULATION [GPU] ***
*** MAXWELL SOLVER [GPU] ***
Initial residual: 0.390136 norm b vector (source) = 0.611849
GMRES converged at restart # 2; iteration #6 with error: 7.80706e-07
  [Cycle 290] Particle sorting: ON
*** B CALCULATION [GPU] ***
Execution time cycle: 264.116 ms  [sort=0.044818 field=132.614 da_wait=0.00014 mover+out=0.0357 exchange+sort+moments=50.5472 B=74.1827 momentsAwait=6.69077 outCopy=0.000361]
 ======= Cycle 291 ======= 
*** E CALCULATION [GPU] ***
*** MAXWELL SOLVER [GPU] ***
Initial residual: 0.390221 norm b vector (source) = 0.611915
GMRES converged at restart # 2; iteration #6 with error: 8.51162e-07
  [Cycle 291] Particle sorting: ON
*** B CALCULATION [GPU] ***
Execution time cycle: 263.884 ms  [sort=0.039998 field=132.67 da_wait=0.000141 mover+out=0.035308 exchange+sort+moments=50.2646 B=74.198 momentsAwait=6.67616 outCopy=0.00029]
 ======= Cycle 292 ======= 
*** E CALCULATION [GPU] ***
*** MAXWELL SOLVER [GPU] ***
Initial residual: 0.38993 norm b vector (source) = 0.611714
GMRES converged at restart # 2; iteration #6 with error: 8.75704e-07
  [Cycle 292] Particle sorting: ON
*** B CALCULATION [GPU] ***
Execution time cycle: 263.698 ms  [sort=0.032233 field=132.651 da_wait=0.000221 mover+out=0.036 exchange+sort+moments=50.1739 B=74.0329 momentsAwait=6.77086 outCopy=0.000451]
 ======= Cycle 293 ======= 
*** E CALCULATION [GPU] ***
*** MAXWELL SOLVER [GPU] ***
Initial residual: 0.389614 norm b vector (source) = 0.611316
GMRES converged at restart # 2; iteration #6 with error: 8.47485e-07
  [Cycle 293] Particle sorting: ON
*** B CALCULATION [GPU] ***
Execution time cycle: 263.269 ms  [sort=0.041421 field=132.618 da_wait=0.000251 mover+out=0.032473 exchange+sort+moments=49.9555 B=73.8338 momentsAwait=6.78687 outCopy=0.00038]
 ======= Cycle 294 ======= 
*** E CALCULATION [GPU] ***
*** MAXWELL SOLVER [GPU] ***
Initial residual: 0.389428 norm b vector (source) = 0.611045
GMRES converged at restart # 2; iteration #6 with error: 7.66476e-07
  [Cycle 294] Particle sorting: ON
*** B CALCULATION [GPU] ***
Execution time cycle: 532.66 ms  [sort=0.038415 field=132.627 da_wait=0.00012 mover+out=0.033896 exchange+sort+moments=50.3163 B=342.247 momentsAwait=7.39693 outCopy=0.000481]
 ======= Cycle 295 ======= 
*** E CALCULATION [GPU] ***
*** MAXWELL SOLVER [GPU] ***
Initial residual: 0.389208 norm b vector (source) = 0.610924
GMRES converged at restart # 2; iteration #6 with error: 6.59246e-07
  [Cycle 295] Particle sorting: ON
*** B CALCULATION [GPU] ***
Execution time cycle: 517.13 ms  [sort=0.043374 field=133.742 da_wait=0.00014 mover+out=0.031782 exchange+sort+moments=50.6727 B=310.176 momentsAwait=22.4642 outCopy=0.000581]
 ======= Cycle 296 ======= 
*** E CALCULATION [GPU] ***
*** MAXWELL SOLVER [GPU] ***
Initial residual: 0.389303 norm b vector (source) = 0.611277
GMRES converged at restart # 2; iteration #5 with error: 9.99503e-07
  [Cycle 296] Particle sorting: ON
*** B CALCULATION [GPU] ***
Execution time cycle: 258.953 ms  [sort=0.04601 field=128.025 da_wait=0.000381 mover+out=0.032022 exchange+sort+moments=50.1937 B=73.8944 momentsAwait=6.76045 outCopy=0.00028]
 ======= Cycle 297 ======= 
*** E CALCULATION [GPU] ***
*** MAXWELL SOLVER [GPU] ***
Initial residual: 0.389586 norm b vector (source) = 0.612081
GMRES converged at restart # 2; iteration #5 with error: 8.74685e-07
  [Cycle 297] Particle sorting: ON
*** B CALCULATION [GPU] ***
Execution time cycle: 258.695 ms  [sort=0.042092 field=127.715 da_wait=0.00016 mover+out=0.033676 exchange+sort+moments=50.2906 B=73.9035 momentsAwait=6.70881 outCopy=0.00028]
 ======= Cycle 298 ======= 
*** E CALCULATION [GPU] ***
*** MAXWELL SOLVER [GPU] ***
Initial residual: 0.389918 norm b vector (source) = 0.612982
GMRES converged at restart # 2; iteration #5 with error: 8.0459e-07
  [Cycle 298] Particle sorting: ON
*** B CALCULATION [GPU] ***
Execution time cycle: 257.952 ms  [sort=0.040879 field=126.948 da_wait=0.000151 mover+out=0.033866 exchange+sort+moments=50.3322 B=73.8676 momentsAwait=6.729 outCopy=0.000301]
 ======= Cycle 299 ======= 
*** E CALCULATION [GPU] ***
*** MAXWELL SOLVER [GPU] ***
Initial residual: 0.390147 norm b vector (source) = 0.613701
GMRES converged at restart # 2; iteration #5 with error: 7.68268e-07
  [Cycle 299] Particle sorting: ON
*** B CALCULATION [GPU] ***
Execution time cycle: 258.103 ms  [sort=0.044767 field=127.071 da_wait=0.000151 mover+out=0.037482 exchange+sort+moments=50.3429 B=73.9514 momentsAwait=6.65465 outCopy=0.000291]
 ======= Cycle 300 ======= 
*** E CALCULATION [GPU] ***
*** MAXWELL SOLVER [GPU] ***
Initial residual: 0.390768 norm b vector (source) = 0.614523
GMRES converged at restart # 2; iteration #5 with error: 7.55529e-07
  [Cycle 300] Particle sorting: ON
*** B CALCULATION [GPU] ***
Execution time cycle: 273.349 ms  [sort=13.4134 field=129.691 da_wait=0.001002 mover+out=0.029147 exchange+sort+moments=49.8307 B=73.7502 momentsAwait=6.63306 outCopy=0.000291]
 ======= Cycle 301 ======= 
*** E CALCULATION [GPU] ***
*** MAXWELL SOLVER [GPU] ***
Initial residual: 0.39117 norm b vector (source) = 0.615017
GMRES converged at restart # 2; iteration #5 with error: 7.53358e-07
  [Cycle 301] Particle sorting: ON
*** B CALCULATION [GPU] ***
Execution time cycle: 257.636 ms  [sort=0.032383 field=126.401 da_wait=0.00019 mover+out=0.032343 exchange+sort+moments=50.6521 B=73.9171 momentsAwait=6.60043 outCopy=0.000301]
 ======= Cycle 302 ======= 
*** E CALCULATION [GPU] ***
*** MAXWELL SOLVER [GPU] ***
Initial residual: 0.391356 norm b vector (source) = 0.615144
GMRES converged at restart # 2; iteration #5 with error: 7.64155e-07
  [Cycle 302] Particle sorting: ON
*** B CALCULATION [GPU] ***
Execution time cycle: 257.838 ms  [sort=0.038195 field=126.818 da_wait=0.000141 mover+out=0.034116 exchange+sort+moments=50.2019 B=74.1006 momentsAwait=6.64493 outCopy=0.000361]
 ======= Cycle 303 ======= 
*** E CALCULATION [GPU] ***
*** MAXWELL SOLVER [GPU] ***
Initial residual: 0.391318 norm b vector (source) = 0.614963
GMRES converged at restart # 2; iteration #5 with error: 7.91358e-07
  [Cycle 303] Particle sorting: ON
*** B CALCULATION [GPU] ***
Execution time cycle: 258.249 ms  [sort=0.045369 field=127.029 da_wait=0.00014 mover+out=0.03596 exchange+sort+moments=50.5387 B=73.9115 momentsAwait=6.68861 outCopy=0.00035]
 ======= Cycle 304 ======= 
*** E CALCULATION [GPU] ***
*** MAXWELL SOLVER [GPU] ***
Initial residual: 0.391233 norm b vector (source) = 0.614606
GMRES converged at restart # 2; iteration #5 with error: 8.63121e-07
  [Cycle 304] Particle sorting: ON
*** B CALCULATION [GPU] ***
Execution time cycle: 257.758 ms  [sort=0.040789 field=126.999 da_wait=0.00022 mover+out=0.031742 exchange+sort+moments=49.8205 B=74.1402 momentsAwait=6.72497 outCopy=0.00025]
 ======= Cycle 305 ======= 
*** E CALCULATION [GPU] ***
*** MAXWELL SOLVER [GPU] ***
Initial residual: 0.390881 norm b vector (source) = 0.614
GMRES converged at restart # 2; iteration #5 with error: 9.65982e-07
  [Cycle 305] Particle sorting: ON
*** B CALCULATION [GPU] ***
Execution time cycle: 258.072 ms  [sort=0.038024 field=127.13 da_wait=0.00013 mover+out=0.034427 exchange+sort+moments=50.2309 B=73.9796 momentsAwait=6.65787 outCopy=0.00028]
 ======= Cycle 306 ======= 
*** E CALCULATION [GPU] ***
*** MAXWELL SOLVER [GPU] ***
Initial residual: 0.390576 norm b vector (source) = 0.613325
GMRES converged at restart # 2; iteration #5 with error: 9.82879e-07
  [Cycle 306] Particle sorting: ON
*** B CALCULATION [GPU] ***
Execution time cycle: 261.294 ms  [sort=0.039637 field=130.229 da_wait=0.00014 mover+out=0.033515 exchange+sort+moments=50.2329 B=74.0298 momentsAwait=6.72846 outCopy=0.000401]
 ======= Cycle 307 ======= 
*** E CALCULATION [GPU] ***
*** MAXWELL SOLVER [GPU] ***
Initial residual: 0.390323 norm b vector (source) = 0.612727
GMRES converged at restart # 2; iteration #6 with error: 6.45679e-07
  [Cycle 307] Particle sorting: ON
*** B CALCULATION [GPU] ***
Execution time cycle: 263.834 ms  [sort=0.048955 field=132.55 da_wait=0.000141 mover+out=0.036641 exchange+sort+moments=50.4025 B=74.0964 momentsAwait=6.69826 outCopy=0.00037]
 ======= Cycle 308 ======= 
*** E CALCULATION [GPU] ***
*** MAXWELL SOLVER [GPU] ***
Initial residual: 0.390296 norm b vector (source) = 0.612361
GMRES converged at restart # 2; iteration #6 with error: 6.41062e-07
  [Cycle 308] Particle sorting: ON
*** B CALCULATION [GPU] ***
Execution time cycle: 264.088 ms  [sort=0.062321 field=132.828 da_wait=0.000241 mover+out=0.032533 exchange+sort+moments=50.3519 B=74.1187 momentsAwait=6.69422 outCopy=0.000241]
 ======= Cycle 309 ======= 
*** E CALCULATION [GPU] ***
*** MAXWELL SOLVER [GPU] ***
Initial residual: 0.390437 norm b vector (source) = 0.612494
GMRES converged at restart # 2; iteration #5 with error: 9.86942e-07
  [Cycle 309] Particle sorting: ON
*** B CALCULATION [GPU] ***
Execution time cycle: 260.697 ms  [sort=0.040579 field=129.896 da_wait=0.00014 mover+out=0.03059 exchange+sort+moments=50.0072 B=74.0006 momentsAwait=6.72161 outCopy=0.000441]
 ======= Cycle 310 ======= 
*** E CALCULATION [GPU] ***
*** MAXWELL SOLVER [GPU] ***
Initial residual: 0.390472 norm b vector (source) = 0.6128
GMRES converged at restart # 2; iteration #5 with error: 9.93447e-07
  [Cycle 310] Particle sorting: ON
*** B CALCULATION [GPU] ***
Execution time cycle: 257.88 ms  [sort=0.033445 field=126.912 da_wait=0.00014 mover+out=0.033756 exchange+sort+moments=50.0801 B=74.0984 momentsAwait=6.72265 outCopy=0.000221]
 ======= Cycle 311 ======= 
*** E CALCULATION [GPU] ***
*** MAXWELL SOLVER [GPU] ***
Initial residual: 0.390548 norm b vector (source) = 0.613278
GMRES converged at restart # 2; iteration #5 with error: 8.96822e-07
  [Cycle 311] Particle sorting: ON
*** B CALCULATION [GPU] ***
Execution time cycle: 258.008 ms  [sort=0.037192 field=126.925 da_wait=0.00013 mover+out=0.034758 exchange+sort+moments=49.8166 B=74.478 momentsAwait=6.71538 outCopy=0.000251]
 ======= Cycle 312 ======= 
*** E CALCULATION [GPU] ***
*** MAXWELL SOLVER [GPU] ***
Initial residual: 0.390681 norm b vector (source) = 0.613803
GMRES converged at restart # 2; iteration #5 with error: 8.31793e-07
  [Cycle 312] Particle sorting: ON
*** B CALCULATION [GPU] ***
Execution time cycle: 258.365 ms  [sort=0.035199 field=127.014 da_wait=0.00014 mover+out=0.034728 exchange+sort+moments=50.2112 B=74.3705 momentsAwait=6.6991 outCopy=0.000291]
 ======= Cycle 313 ======= 
*** E CALCULATION [GPU] ***
*** MAXWELL SOLVER [GPU] ***
Initial residual: 0.39089 norm b vector (source) = 0.614378
GMRES converged at restart # 2; iteration #5 with error: 7.9562e-07
  [Cycle 313] Particle sorting: ON
*** B CALCULATION [GPU] ***
Execution time cycle: 258.569 ms  [sort=0.037583 field=127.043 da_wait=0.00015 mover+out=0.033505 exchange+sort+moments=50.2577 B=74.5133 momentsAwait=6.68319 outCopy=0.000321]
 ======= Cycle 314 ======= 
*** E CALCULATION [GPU] ***
*** MAXWELL SOLVER [GPU] ***
Initial residual: 0.391101 norm b vector (source) = 0.614932
GMRES converged at restart # 2; iteration #5 with error: 7.8978e-07
  [Cycle 314] Particle sorting: ON
*** B CALCULATION [GPU] ***
Execution time cycle: 258.194 ms  [sort=0.042613 field=126.685 da_wait=0.00013 mover+out=0.033776 exchange+sort+moments=50.3048 B=74.4201 momentsAwait=6.70738 outCopy=0.000261]
 ======= Cycle 315 ======= 
*** E CALCULATION [GPU] ***
*** MAXWELL SOLVER [GPU] ***
Initial residual: 0.391129 norm b vector (source) = 0.615261
GMRES converged at restart # 2; iteration #5 with error: 7.86603e-07
  [Cycle 315] Particle sorting: ON
*** B CALCULATION [GPU] ***
Execution time cycle: 258.576 ms  [sort=0.03081 field=126.914 da_wait=0.00015 mover+out=0.034007 exchange+sort+moments=50.5747 B=74.331 momentsAwait=6.69139 outCopy=0.000231]
 ======= Cycle 316 ======= 
*** E CALCULATION [GPU] ***
*** MAXWELL SOLVER [GPU] ***
Initial residual: 0.391218 norm b vector (source) = 0.615467
GMRES converged at restart # 2; iteration #5 with error: 7.77615e-07
  [Cycle 316] Particle sorting: ON
*** B CALCULATION [GPU] ***
Execution time cycle: 258.909 ms  [sort=0.031271 field=127.005 da_wait=0.00012 mover+out=0.034768 exchange+sort+moments=50.6212 B=74.4719 momentsAwait=6.74397 outCopy=0.00041]
 ======= Cycle 317 ======= 
*** E CALCULATION [GPU] ***
*** MAXWELL SOLVER [GPU] ***
Initial residual: 0.391154 norm b vector (source) = 0.615428
GMRES converged at restart # 2; iteration #5 with error: 7.65083e-07
  [Cycle 317] Particle sorting: ON
*** B CALCULATION [GPU] ***
Execution time cycle: 258.718 ms  [sort=0.032724 field=126.834 da_wait=0.00019 mover+out=0.033645 exchange+sort+moments=50.691 B=74.3941 momentsAwait=6.73249 outCopy=0.000381]
 ======= Cycle 318 ======= 
*** E CALCULATION [GPU] ***
*** MAXWELL SOLVER [GPU] ***
Initial residual: 0.391201 norm b vector (source) = 0.615212
GMRES converged at restart # 2; iteration #5 with error: 7.63118e-07
  [Cycle 318] Particle sorting: ON
*** B CALCULATION [GPU] ***
Execution time cycle: 258.184 ms  [sort=0.03072 field=127.205 da_wait=0.000201 mover+out=0.031491 exchange+sort+moments=49.7351 B=74.4869 momentsAwait=6.6942 outCopy=0.00024]
 ======= Cycle 319 ======= 
*** E CALCULATION [GPU] ***
*** MAXWELL SOLVER [GPU] ***
Initial residual: 0.391194 norm b vector (source) = 0.614947
GMRES converged at restart # 2; iteration #5 with error: 7.89706e-07
  [Cycle 319] Particle sorting: ON
*** B CALCULATION [GPU] ***
Execution time cycle: 258.215 ms  [sort=0.029357 field=127.069 da_wait=0.00022 mover+out=0.037724 exchange+sort+moments=49.8743 B=74.4589 momentsAwait=6.74516 outCopy=0.00025]
 ======= Cycle 320 ======= 
*** E CALCULATION [GPU] ***
*** MAXWELL SOLVER [GPU] ***
Initial residual: 0.390954 norm b vector (source) = 0.6145
GMRES converged at restart # 2; iteration #5 with error: 8.3532e-07
  [Cycle 320] Particle sorting: ON
*** B CALCULATION [GPU] ***
Execution time cycle: 258.165 ms  [sort=0.030189 field=127.026 da_wait=0.00021 mover+out=0.032313 exchange+sort+moments=49.7521 B=74.6511 momentsAwait=6.67308 outCopy=0.000261]
 ======= Cycle 321 ======= 
*** E CALCULATION [GPU] ***
*** MAXWELL SOLVER [GPU] ***
Initial residual: 0.391019 norm b vector (source) = 0.614248
GMRES converged at restart # 2; iteration #5 with error: 8.79274e-07
  [Cycle 321] Particle sorting: ON
*** B CALCULATION [GPU] ***
Execution time cycle: 258.522 ms  [sort=0.03065 field=126.823 da_wait=0.00012 mover+out=0.031952 exchange+sort+moments=50.4124 B=74.5227 momentsAwait=6.70094 outCopy=0.00022]
 ======= Cycle 322 ======= 
*** E CALCULATION [GPU] ***
*** MAXWELL SOLVER [GPU] ***
Initial residual: 0.391338 norm b vector (source) = 0.614443
GMRES converged at restart # 2; iteration #5 with error: 9.02958e-07
  [Cycle 322] Particle sorting: ON
*** B CALCULATION [GPU] ***
Execution time cycle: 258.285 ms  [sort=0.031001 field=126.78 da_wait=0.00015 mover+out=0.034227 exchange+sort+moments=50.127 B=74.565 momentsAwait=6.74717 outCopy=0.000221]
 ======= Cycle 323 ======= 
*** E CALCULATION [GPU] ***
*** MAXWELL SOLVER [GPU] ***
Initial residual: 0.391665 norm b vector (source) = 0.614945
GMRES converged at restart # 2; iteration #5 with error: 8.88257e-07
  [Cycle 323] Particle sorting: ON
*** B CALCULATION [GPU] ***
Execution time cycle: 258.529 ms  [sort=0.034116 field=127.005 da_wait=0.00015 mover+out=0.037143 exchange+sort+moments=50.2392 B=74.4937 momentsAwait=6.71931 outCopy=0.000281]
 ======= Cycle 324 ======= 
*** E CALCULATION [GPU] ***
*** MAXWELL SOLVER [GPU] ***
Initial residual: 0.391398 norm b vector (source) = 0.615008
GMRES converged at restart # 2; iteration #5 with error: 8.53575e-07
  [Cycle 324] Particle sorting: ON
*** B CALCULATION [GPU] ***
Execution time cycle: 258.653 ms  [sort=0.034878 field=127.011 da_wait=0.000141 mover+out=0.03596 exchange+sort+moments=50.321 B=74.5371 momentsAwait=6.71218 outCopy=0.000311]
 ======= Cycle 325 ======= 
*** E CALCULATION [GPU] ***
*** MAXWELL SOLVER [GPU] ***
Initial residual: 0.391039 norm b vector (source) = 0.614709
GMRES converged at restart # 2; iteration #5 with error: 8.16085e-07
  [Cycle 325] Particle sorting: ON
*** B CALCULATION [GPU] ***
Execution time cycle: 260.054 ms  [sort=0.035059 field=128.143 da_wait=0.00015 mover+out=0.032804 exchange+sort+moments=50.5768 B=74.5077 momentsAwait=6.75814 outCopy=0.00028]
 ======= Cycle 326 ======= 
*** E CALCULATION [GPU] ***
*** MAXWELL SOLVER [GPU] ***
Initial residual: 0.390739 norm b vector (source) = 0.614407
GMRES converged at restart # 2; iteration #5 with error: 8.10997e-07
  [Cycle 326] Particle sorting: ON
*** B CALCULATION [GPU] ***
Execution time cycle: 258.513 ms  [sort=0.031541 field=126.821 da_wait=0.00012 mover+out=0.033605 exchange+sort+moments=50.3904 B=74.5785 momentsAwait=6.65766 outCopy=0.000341]
 ======= Cycle 327 ======= 
*** E CALCULATION [GPU] ***
*** MAXWELL SOLVER [GPU] ***
Initial residual: 0.390647 norm b vector (source) = 0.614475
GMRES converged at restart # 2; iteration #5 with error: 8.41603e-07
  [Cycle 327] Particle sorting: ON
*** B CALCULATION [GPU] ***
Execution time cycle: 258.181 ms  [sort=0.036281 field=126.959 da_wait=0.000141 mover+out=0.034447 exchange+sort+moments=49.8926 B=74.5417 momentsAwait=6.71663 outCopy=0.000341]
 ======= Cycle 328 ======= 
*** E CALCULATION [GPU] ***
*** MAXWELL SOLVER [GPU] ***
Initial residual: 0.390665 norm b vector (source) = 0.614819
GMRES converged at restart # 2; iteration #5 with error: 8.94132e-07
  [Cycle 328] Particle sorting: ON
*** B CALCULATION [GPU] ***
Execution time cycle: 258.295 ms  [sort=0.031391 field=127.015 da_wait=0.000151 mover+out=0.031601 exchange+sort+moments=50.0771 B=74.5136 momentsAwait=6.62547 outCopy=0.000231]
 ======= Cycle 329 ======= 
*** E CALCULATION [GPU] ***
*** MAXWELL SOLVER [GPU] ***
Initial residual: 0.390912 norm b vector (source) = 0.615447
GMRES converged at restart # 2; iteration #5 with error: 9.45227e-07
  [Cycle 329] Particle sorting: ON
*** B CALCULATION [GPU] ***
Execution time cycle: 257.922 ms  [sort=0.031131 field=126.515 da_wait=0.000131 mover+out=0.03625 exchange+sort+moments=49.8562 B=74.8007 momentsAwait=6.68208 outCopy=0.00034]
 ======= Cycle 330 ======= 
*** E CALCULATION [GPU] ***
*** MAXWELL SOLVER [GPU] ***
Initial residual: 0.391321 norm b vector (source) = 0.616255
GMRES converged at restart # 2; iteration #5 with error: 9.73252e-07
  [Cycle 330] Particle sorting: ON
*** B CALCULATION [GPU] ***
Execution time cycle: 258.439 ms  [sort=0.034176 field=126.673 da_wait=0.00024 mover+out=0.034508 exchange+sort+moments=50.3766 B=74.5748 momentsAwait=6.74538 outCopy=0.000221]
 ======= Cycle 331 ======= 
*** E CALCULATION [GPU] ***
*** MAXWELL SOLVER [GPU] ***
Initial residual: 0.391337 norm b vector (source) = 0.61658
GMRES converged at restart # 2; iteration #5 with error: 9.66573e-07
  [Cycle 331] Particle sorting: ON
*** B CALCULATION [GPU] ***
Execution time cycle: 258.325 ms  [sort=0.033596 field=126.823 da_wait=0.00015 mover+out=0.029898 exchange+sort+moments=49.8727 B=74.7295 momentsAwait=6.83591 outCopy=0.00033]
 ======= Cycle 332 ======= 
*** E CALCULATION [GPU] ***
*** MAXWELL SOLVER [GPU] ***
Initial residual: 0.391358 norm b vector (source) = 0.616507
GMRES converged at restart # 2; iteration #5 with error: 9.27482e-07
  [Cycle 332] Particle sorting: ON
*** B CALCULATION [GPU] ***
Execution time cycle: 258.147 ms  [sort=0.041771 field=127.005 da_wait=0.00015 mover+out=0.033986 exchange+sort+moments=49.7199 B=74.6042 momentsAwait=6.74228 outCopy=0.00025]
 ======= Cycle 333 ======= 
*** E CALCULATION [GPU] ***
*** MAXWELL SOLVER [GPU] ***
Initial residual: 0.39157 norm b vector (source) = 0.616519
GMRES converged at restart # 2; iteration #5 with error: 8.768e-07
  [Cycle 333] Particle sorting: ON
*** B CALCULATION [GPU] ***
Execution time cycle: 258.912 ms  [sort=0.032623 field=127.192 da_wait=0.000151 mover+out=0.034076 exchange+sort+moments=50.1881 B=74.7047 momentsAwait=6.75972 outCopy=0.00026]
 ======= Cycle 334 ======= 
*** E CALCULATION [GPU] ***
*** MAXWELL SOLVER [GPU] ***
Initial residual: 0.391873 norm b vector (source) = 0.616715
GMRES converged at restart # 2; iteration #5 with error: 8.38523e-07
  [Cycle 334] Particle sorting: ON
*** B CALCULATION [GPU] ***
Execution time cycle: 258.679 ms  [sort=0.036571 field=126.969 da_wait=0.00011 mover+out=0.031311 exchange+sort+moments=50.1229 B=74.8143 momentsAwait=6.70453 outCopy=0.00023]
 ======= Cycle 335 ======= 
*** E CALCULATION [GPU] ***
*** MAXWELL SOLVER [GPU] ***
Initial residual: 0.391986 norm b vector (source) = 0.616825
GMRES converged at restart # 2; iteration #5 with error: 8.21643e-07
  [Cycle 335] Particle sorting: ON
*** B CALCULATION [GPU] ***
Execution time cycle: 258.334 ms  [sort=0.035108 field=126.685 da_wait=0.000221 mover+out=0.035208 exchange+sort+moments=50.0793 B=74.754 momentsAwait=6.74547 outCopy=0.000231]
 ======= Cycle 336 ======= 
*** E CALCULATION [GPU] ***
*** MAXWELL SOLVER [GPU] ***
Initial residual: 0.391981 norm b vector (source) = 0.616787
GMRES converged at restart # 2; iteration #5 with error: 8.22378e-07
  [Cycle 336] Particle sorting: ON
*** B CALCULATION [GPU] ***
Execution time cycle: 257.899 ms  [sort=0.037814 field=126.718 da_wait=0.00013 mover+out=0.032533 exchange+sort+moments=49.8862 B=74.4731 momentsAwait=6.75047 outCopy=0.00032]
 ======= Cycle 337 ======= 
*** E CALCULATION [GPU] ***
*** MAXWELL SOLVER [GPU] ***
Initial residual: 0.391646 norm b vector (source) = 0.616397
GMRES converged at restart # 2; iteration #5 with error: 8.27131e-07
  [Cycle 337] Particle sorting: ON
*** B CALCULATION [GPU] ***
Execution time cycle: 258.525 ms  [sort=0.031932 field=126.986 da_wait=0.00021 mover+out=0.037162 exchange+sort+moments=50.0695 B=74.6833 momentsAwait=6.71642 outCopy=0.00025]
 ======= Cycle 338 ======= 
*** E CALCULATION [GPU] ***
*** MAXWELL SOLVER [GPU] ***
Initial residual: 0.391328 norm b vector (source) = 0.615987
GMRES converged at restart # 2; iteration #5 with error: 8.33086e-07
  [Cycle 338] Particle sorting: ON
*** B CALCULATION [GPU] ***
Execution time cycle: 260.572 ms  [sort=0.032133 field=128.843 da_wait=0.00015 mover+out=0.033155 exchange+sort+moments=50.087 B=74.8652 momentsAwait=6.71062 outCopy=0.00023]
 ======= Cycle 339 ======= 
*** E CALCULATION [GPU] ***
*** MAXWELL SOLVER [GPU] ***
Initial residual: 0.391017 norm b vector (source) = 0.61573
GMRES converged at restart # 2; iteration #5 with error: 8.34355e-07
  [Cycle 339] Particle sorting: ON
*** B CALCULATION [GPU] ***
Execution time cycle: 258.442 ms  [sort=0.03571 field=126.852 da_wait=0.00015 mover+out=0.036281 exchange+sort+moments=50.0195 B=74.8052 momentsAwait=6.69274 outCopy=0.00037]
 ======= Cycle 340 ======= 
*** E CALCULATION [GPU] ***
*** MAXWELL SOLVER [GPU] ***
Initial residual: 0.391067 norm b vector (source) = 0.615776
GMRES converged at restart # 2; iteration #5 with error: 8.49468e-07
  [Cycle 340] Particle sorting: ON
*** B CALCULATION [GPU] ***
Execution time cycle: 258.674 ms  [sort=0.036862 field=127.159 da_wait=0.000241 mover+out=0.028876 exchange+sort+moments=49.6657 B=75.008 momentsAwait=6.77559 outCopy=0.000231]
 ======= Cycle 341 ======= 
*** E CALCULATION [GPU] ***
*** MAXWELL SOLVER [GPU] ***
Initial residual: 0.391447 norm b vector (source) = 0.61635
GMRES converged at restart # 2; iteration #5 with error: 8.92855e-07
  [Cycle 341] Particle sorting: ON
*** B CALCULATION [GPU] ***
Execution time cycle: 258.626 ms  [sort=0.035429 field=126.918 da_wait=0.00014 mover+out=0.032744 exchange+sort+moments=50.1447 B=74.7965 momentsAwait=6.69862 outCopy=0.00029]
 ======= Cycle 342 ======= 
*** E CALCULATION [GPU] ***
*** MAXWELL SOLVER [GPU] ***
Initial residual: 0.392106 norm b vector (source) = 0.617492
GMRES converged at restart # 2; iteration #5 with error: 9.65416e-07
  [Cycle 342] Particle sorting: ON
*** B CALCULATION [GPU] ***
Execution time cycle: 259.015 ms  [sort=0.042623 field=127.188 da_wait=0.00013 mover+out=0.038135 exchange+sort+moments=50.1705 B=74.8311 momentsAwait=6.74345 outCopy=0.000321]
 ======= Cycle 343 ======= 
*** E CALCULATION [GPU] ***
*** MAXWELL SOLVER [GPU] ***
Initial residual: 0.392465 norm b vector (source) = 0.618436
GMRES converged at restart # 2; iteration #6 with error: 6.26556e-07
  [Cycle 343] Particle sorting: ON
*** B CALCULATION [GPU] ***
Execution time cycle: 261.306 ms  [sort=0.04128 field=129.359 da_wait=0.00014 mover+out=0.032243 exchange+sort+moments=50.1165 B=75.0116 momentsAwait=6.74496 outCopy=0.00026]
 ======= Cycle 344 ======= 
*** E CALCULATION [GPU] ***
*** MAXWELL SOLVER [GPU] ***
Initial residual: 0.392837 norm b vector (source) = 0.619129
GMRES converged at restart # 2; iteration #6 with error: 6.22135e-07
  [Cycle 344] Particle sorting: ON
*** B CALCULATION [GPU] ***
Execution time cycle: 265.187 ms  [sort=0.040269 field=132.657 da_wait=0.000131 mover+out=0.033325 exchange+sort+moments=50.7619 B=74.9525 momentsAwait=6.74142 outCopy=0.00023]
 ======= Cycle 345 ======= 
*** E CALCULATION [GPU] ***
*** MAXWELL SOLVER [GPU] ***
Initial residual: 0.392956 norm b vector (source) = 0.619583
GMRES converged at restart # 2; iteration #6 with error: 6.35719e-07
  [Cycle 345] Particle sorting: ON
*** B CALCULATION [GPU] ***
Execution time cycle: 264.229 ms  [sort=0.039236 field=132.539 da_wait=0.000211 mover+out=0.033775 exchange+sort+moments=49.9874 B=74.8999 momentsAwait=6.72923 outCopy=0.000271]
 ======= Cycle 346 ======= 
*** E CALCULATION [GPU] ***
*** MAXWELL SOLVER [GPU] ***
Initial residual: 0.392751 norm b vector (source) = 0.619503
GMRES converged at restart # 3; iteration #0 with error: 7.54968e-07
  [Cycle 346] Particle sorting: ON
*** B CALCULATION [GPU] ***
Execution time cycle: 265.735 ms  [sort=0.033175 field=134.172 da_wait=0.00014 mover+out=0.033886 exchange+sort+moments=49.7652 B=74.9757 momentsAwait=6.75518 outCopy=0.000231]
 ======= Cycle 347 ======= 
*** E CALCULATION [GPU] ***
*** MAXWELL SOLVER [GPU] ***
Initial residual: 0.392364 norm b vector (source) = 0.619046
GMRES converged at restart # 2; iteration #6 with error: 6.22478e-07
  [Cycle 347] Particle sorting: ON
*** B CALCULATION [GPU] ***
Execution time cycle: 261.223 ms  [sort=0.039497 field=129.561 da_wait=0.00013 mover+out=0.03623 exchange+sort+moments=49.6415 B=75.2433 momentsAwait=6.70065 outCopy=0.00031]
 ======= Cycle 348 ======= 
*** E CALCULATION [GPU] ***
*** MAXWELL SOLVER [GPU] ***
Initial residual: 0.391743 norm b vector (source) = 0.618207
GMRES converged at restart # 2; iteration #5 with error: 9.59098e-07
  [Cycle 348] Particle sorting: ON
*** B CALCULATION [GPU] ***
Execution time cycle: 258.824 ms  [sort=0.037794 field=126.665 da_wait=0.00015 mover+out=0.036842 exchange+sort+moments=50.1349 B=75.2586 momentsAwait=6.69077 outCopy=0.00034]
 ======= Cycle 349 ======= 
*** E CALCULATION [GPU] ***
*** MAXWELL SOLVER [GPU] ***
Initial residual: 0.391189 norm b vector (source) = 0.617239
GMRES converged at restart # 2; iteration #5 with error: 9.06189e-07
  [Cycle 349] Particle sorting: ON
*** B CALCULATION [GPU] ***
Execution time cycle: 258.632 ms  [sort=0.037082 field=126.909 da_wait=0.00015 mover+out=0.039277 exchange+sort+moments=49.7059 B=75.1951 momentsAwait=6.74498 outCopy=0.000321]
 ======= Cycle 350 ======= 
*** E CALCULATION [GPU] ***
*** MAXWELL SOLVER [GPU] ***
Initial residual: 0.391112 norm b vector (source) = 0.616676
GMRES converged at restart # 2; iteration #5 with error: 8.68365e-07
  [Cycle 350] Particle sorting: ON
*** B CALCULATION [GPU] ***
Execution time cycle: 273.132 ms  [sort=13.1309 field=129.006 da_wait=0.000751 mover+out=0.028396 exchange+sort+moments=49.3614 B=74.9136 momentsAwait=6.69029 outCopy=0.00025]
 ======= Cycle 351 ======= 
*** E CALCULATION [GPU] ***
*** MAXWELL SOLVER [GPU] ***
Initial residual: 0.391292 norm b vector (source) = 0.616574
GMRES converged at restart # 2; iteration #5 with error: 8.49489e-07
  [Cycle 351] Particle sorting: ON
*** B CALCULATION [GPU] ***
Execution time cycle: 258.821 ms  [sort=0.043044 field=126.797 da_wait=0.00015 mover+out=0.034908 exchange+sort+moments=50.062 B=75.2387 momentsAwait=6.64508 outCopy=0.000231]
 ======= Cycle 352 ======= 
*** E CALCULATION [GPU] ***
*** MAXWELL SOLVER [GPU] ***
Initial residual: 0.391562 norm b vector (source) = 0.616762
GMRES converged at restart # 2; iteration #5 with error: 8.45805e-07
  [Cycle 352] Particle sorting: ON
*** B CALCULATION [GPU] ***
Execution time cycle: 259.362 ms  [sort=0.035619 field=126.995 da_wait=0.000291 mover+out=0.032763 exchange+sort+moments=50.4496 B=75.138 momentsAwait=6.70976 outCopy=0.000241]
 ======= Cycle 353 ======= 
*** E CALCULATION [GPU] ***
*** MAXWELL SOLVER [GPU] ***
Initial residual: 0.391875 norm b vector (source) = 0.617091
GMRES converged at restart # 2; iteration #5 with error: 8.54777e-07
  [Cycle 353] Particle sorting: ON
*** B CALCULATION [GPU] ***
Execution time cycle: 259.009 ms  [sort=0.037062 field=126.991 da_wait=0.00013 mover+out=0.031933 exchange+sort+moments=50.0002 B=75.185 momentsAwait=6.76322 outCopy=0.000291]
 ======= Cycle 354 ======= 
*** E CALCULATION [GPU] ***
*** MAXWELL SOLVER [GPU] ***
Initial residual: 0.392052 norm b vector (source) = 0.617414
GMRES converged at restart # 2; iteration #5 with error: 8.84585e-07
  [Cycle 354] Particle sorting: ON
*** B CALCULATION [GPU] ***
Execution time cycle: 258.729 ms  [sort=0.034076 field=127.07 da_wait=0.00014 mover+out=0.032754 exchange+sort+moments=49.7102 B=75.1658 momentsAwait=6.7159 outCopy=0.00025]
 ======= Cycle 355 ======= 
*** E CALCULATION [GPU] ***
*** MAXWELL SOLVER [GPU] ***
Initial residual: 0.391987 norm b vector (source) = 0.617603
GMRES converged at restart # 2; iteration #5 with error: 9.51332e-07
  [Cycle 355] Particle sorting: ON
*** B CALCULATION [GPU] ***
Execution time cycle: 258.823 ms  [sort=0.032413 field=126.893 da_wait=0.00015 mover+out=0.033746 exchange+sort+moments=49.7064 B=75.463 momentsAwait=6.6937 outCopy=0.000251]
 ======= Cycle 356 ======= 
*** E CALCULATION [GPU] ***
*** MAXWELL SOLVER [GPU] ***
Initial residual: 0.391972 norm b vector (source) = 0.617783
GMRES converged at restart # 2; iteration #5 with error: 9.71234e-07
  [Cycle 356] Particle sorting: ON
*** B CALCULATION [GPU] ***
Execution time cycle: 261.845 ms  [sort=0.035369 field=129.873 da_wait=0.0002 mover+out=0.032574 exchange+sort+moments=49.9965 B=75.253 momentsAwait=6.65363 outCopy=0.000491]
 ======= Cycle 357 ======= 
*** E CALCULATION [GPU] ***
*** MAXWELL SOLVER [GPU] ***
Initial residual: 0.391825 norm b vector (source) = 0.61794
GMRES converged at restart # 2; iteration #6 with error: 6.90337e-07
  [Cycle 357] Particle sorting: ON
*** B CALCULATION [GPU] ***
Execution time cycle: 263.861 ms  [sort=0.039247 field=132.214 da_wait=0.000141 mover+out=0.033765 exchange+sort+moments=49.5506 B=75.333 momentsAwait=6.68988 outCopy=0.000331]
 ======= Cycle 358 ======= 
*** E CALCULATION [GPU] ***
*** MAXWELL SOLVER [GPU] ***
Initial residual: 0.391634 norm b vector (source) = 0.617996
GMRES converged at restart # 2; iteration #6 with error: 7.81501e-07
  [Cycle 358] Particle sorting: ON
*** B CALCULATION [GPU] ***
Execution time cycle: 264.429 ms  [sort=0.044406 field=132.525 da_wait=0.00014 mover+out=0.041691 exchange+sort+moments=49.8875 B=75.2367 momentsAwait=6.69349 outCopy=0.000301]
 ======= Cycle 359 ======= 
*** E CALCULATION [GPU] ***
*** MAXWELL SOLVER [GPU] ***
Initial residual: 0.391855 norm b vector (source) = 0.618324
GMRES converged at restart # 2; iteration #6 with error: 8.5857e-07
  [Cycle 359] Particle sorting: ON
*** B CALCULATION [GPU] ***
Execution time cycle: 264.57 ms  [sort=0.037222 field=132.607 da_wait=0.00014 mover+out=0.033726 exchange+sort+moments=49.771 B=75.3935 momentsAwait=6.72644 outCopy=0.000261]
 ======= Cycle 360 ======= 
*** E CALCULATION [GPU] ***
*** MAXWELL SOLVER [GPU] ***
Initial residual: 0.392164 norm b vector (source) = 0.618839
GMRES converged at restart # 2; iteration #6 with error: 8.85823e-07
  [Cycle 360] Particle sorting: ON
*** B CALCULATION [GPU] ***
Execution time cycle: 264.87 ms  [sort=0.031852 field=132.905 da_wait=0.00015 mover+out=0.037523 exchange+sort+moments=49.8401 B=75.3475 momentsAwait=6.70784 outCopy=0.00022]
 ======= Cycle 361 ======= 
*** E CALCULATION [GPU] ***
*** MAXWELL SOLVER [GPU] ***
Initial residual: 0.392528 norm b vector (source) = 0.619394
GMRES converged at restart # 2; iteration #6 with error: 8.68708e-07
  [Cycle 361] Particle sorting: ON
*** B CALCULATION [GPU] ***
Execution time cycle: 265.233 ms  [sort=0.032302 field=132.701 da_wait=0.00015 mover+out=0.033656 exchange+sort+moments=50.4222 B=75.2662 momentsAwait=6.77786 outCopy=0.000241]
 ======= Cycle 362 ======= 
*** E CALCULATION [GPU] ***
*** MAXWELL SOLVER [GPU] ***
Initial residual: 0.392828 norm b vector (source) = 0.619877
GMRES converged at restart # 2; iteration #6 with error: 8.18951e-07
  [Cycle 362] Particle sorting: ON
*** B CALCULATION [GPU] ***
Execution time cycle: 264.322 ms  [sort=0.033184 field=132.713 da_wait=0.00024 mover+out=0.038795 exchange+sort+moments=49.5914 B=75.2055 momentsAwait=6.73983 outCopy=0.00022]
 ======= Cycle 363 ======= 
*** E CALCULATION [GPU] ***
*** MAXWELL SOLVER [GPU] ***
Initial residual: 0.392943 norm b vector (source) = 0.620095
GMRES converged at restart # 2; iteration #6 with error: 7.54775e-07
  [Cycle 363] Particle sorting: ON
*** B CALCULATION [GPU] ***
Execution time cycle: 264.413 ms  [sort=0.031321 field=132.676 da_wait=0.000381 mover+out=0.034196 exchange+sort+moments=49.6902 B=75.2638 momentsAwait=6.71642 outCopy=0.000301]
 ======= Cycle 364 ======= 
*** E CALCULATION [GPU] ***
*** MAXWELL SOLVER [GPU] ***
Initial residual: 0.392688 norm b vector (source) = 0.619786
GMRES converged at restart # 2; iteration #6 with error: 6.93107e-07
  [Cycle 364] Particle sorting: ON
*** B CALCULATION [GPU] ***
Execution time cycle: 264.634 ms  [sort=0.031311 field=132.677 da_wait=0.00015 mover+out=0.033776 exchange+sort+moments=49.6077 B=75.5166 momentsAwait=6.7673 outCopy=0.000231]
 ======= Cycle 365 ======= 
*** E CALCULATION [GPU] ***
*** MAXWELL SOLVER [GPU] ***
Initial residual: 0.392273 norm b vector (source) = 0.619062
GMRES converged at restart # 2; iteration #6 with error: 6.49434e-07
  [Cycle 365] Particle sorting: ON
*** B CALCULATION [GPU] ***
Execution time cycle: 265.356 ms  [sort=0.035279 field=132.838 da_wait=0.00014 mover+out=0.033275 exchange+sort+moments=50.3316 B=75.3784 momentsAwait=6.73918 outCopy=0.000441]
 ======= Cycle 366 ======= 
*** E CALCULATION [GPU] ***
*** MAXWELL SOLVER [GPU] ***
Initial residual: 0.392024 norm b vector (source) = 0.618328
GMRES converged at restart # 2; iteration #6 with error: 6.29531e-07
  [Cycle 366] Particle sorting: ON
*** B CALCULATION [GPU] ***
Execution time cycle: 264.857 ms  [sort=0.038435 field=132.882 da_wait=0.00014 mover+out=0.034988 exchange+sort+moments=49.6833 B=75.4622 momentsAwait=6.75496 outCopy=0.00035]
 ======= Cycle 367 ======= 
*** E CALCULATION [GPU] ***
*** MAXWELL SOLVER [GPU] ***
Initial residual: 0.391841 norm b vector (source) = 0.617784
GMRES converged at restart # 2; iteration #6 with error: 6.33308e-07
  [Cycle 367] Particle sorting: ON
*** B CALCULATION [GPU] ***
Execution time cycle: 265.117 ms  [sort=0.039788 field=133.103 da_wait=0.00021 mover+out=0.036 exchange+sort+moments=49.93 B=75.2993 momentsAwait=6.70798 outCopy=0.000321]
 ======= Cycle 368 ======= 
*** E CALCULATION [GPU] ***
*** MAXWELL SOLVER [GPU] ***
Initial residual: 0.391598 norm b vector (source) = 0.617374
GMRES converged at restart # 2; iteration #6 with error: 6.6056e-07
  [Cycle 368] Particle sorting: ON
*** B CALCULATION [GPU] ***
Execution time cycle: 264.955 ms  [sort=0.044898 field=132.75 da_wait=0.00014 mover+out=0.036712 exchange+sort+moments=50.0421 B=75.3248 momentsAwait=6.75556 outCopy=0.00039]
 ======= Cycle 369 ======= 
*** E CALCULATION [GPU] ***
*** MAXWELL SOLVER [GPU] ***
Initial residual: 0.391328 norm b vector (source) = 0.617065
GMRES converged at restart # 2; iteration #6 with error: 7.13559e-07
  [Cycle 369] Particle sorting: ON
*** B CALCULATION [GPU] ***
Execution time cycle: 264.873 ms  [sort=0.043645 field=132.318 da_wait=0.000211 mover+out=0.032563 exchange+sort+moments=50.2478 B=75.5794 momentsAwait=6.65129 outCopy=0.000251]
 ======= Cycle 370 ======= 
*** E CALCULATION [GPU] ***
*** MAXWELL SOLVER [GPU] ***
Initial residual: 0.391099 norm b vector (source) = 0.61684
GMRES converged at restart # 2; iteration #6 with error: 7.82443e-07
  [Cycle 370] Particle sorting: ON
*** B CALCULATION [GPU] ***
Execution time cycle: 264.855 ms  [sort=0.037433 field=132.543 da_wait=0.00014 mover+out=0.033435 exchange+sort+moments=50.2297 B=75.3214 momentsAwait=6.68936 outCopy=0.00022]
 ======= Cycle 371 ======= 
*** E CALCULATION [GPU] ***
*** MAXWELL SOLVER [GPU] ***
Initial residual: 0.390713 norm b vector (source) = 0.61662
GMRES converged at restart # 2; iteration #6 with error: 8.68926e-07
  [Cycle 371] Particle sorting: ON
*** B CALCULATION [GPU] ***
Execution time cycle: 264.783 ms  [sort=0.033576 field=132.695 da_wait=0.00014 mover+out=0.035359 exchange+sort+moments=49.8499 B=75.4415 momentsAwait=6.72688 outCopy=0.00026]
 ======= Cycle 372 ======= 
*** E CALCULATION [GPU] ***
*** MAXWELL SOLVER [GPU] ***
Initial residual: 0.390678 norm b vector (source) = 0.616763
GMRES converged at restart # 2; iteration #6 with error: 9.67858e-07
  [Cycle 372] Particle sorting: ON
*** B CALCULATION [GPU] ***
Execution time cycle: 264.422 ms  [sort=0.036431 field=132.577 da_wait=0.00015 mover+out=0.037634 exchange+sort+moments=49.736 B=75.3433 momentsAwait=6.69078 outCopy=0.000331]
 ======= Cycle 373 ======= 
*** E CALCULATION [GPU] ***
*** MAXWELL SOLVER [GPU] ***
Initial residual: 0.39099 norm b vector (source) = 0.617474
GMRES converged at restart # 2; iteration #7 with error: 7.02925e-07
  [Cycle 373] Particle sorting: ON
*** B CALCULATION [GPU] ***
Execution time cycle: 267.83 ms  [sort=0.039637 field=135.606 da_wait=0.00015 mover+out=0.034176 exchange+sort+moments=49.6854 B=75.7996 momentsAwait=6.66495 outCopy=0.000331]
 ======= Cycle 374 ======= 
*** E CALCULATION [GPU] ***
*** MAXWELL SOLVER [GPU] ***
Initial residual: 0.391341 norm b vector (source) = 0.618385
GMRES converged at restart # 2; iteration #7 with error: 7.40693e-07
  [Cycle 374] Particle sorting: ON
*** B CALCULATION [GPU] ***
Execution time cycle: 267.477 ms  [sort=0.030339 field=135.174 da_wait=0.000221 mover+out=0.032152 exchange+sort+moments=49.8622 B=75.7226 momentsAwait=6.65458 outCopy=0.000241]
 ======= Cycle 375 ======= 
*** E CALCULATION [GPU] ***
*** MAXWELL SOLVER [GPU] ***
Initial residual: 0.391518 norm b vector (source) = 0.619008
GMRES converged at restart # 2; iteration #7 with error: 7.5126e-07
  [Cycle 375] Particle sorting: ON
*** B CALCULATION [GPU] ***
Execution time cycle: 267.522 ms  [sort=0.031271 field=135.272 da_wait=0.000291 mover+out=0.036281 exchange+sort+moments=49.6183 B=75.7775 momentsAwait=6.78606 outCopy=0.000481]
 ======= Cycle 376 ======= 
*** E CALCULATION [GPU] ***
*** MAXWELL SOLVER [GPU] ***
Initial residual: 0.391697 norm b vector (source) = 0.619371
GMRES converged at restart # 2; iteration #7 with error: 7.24211e-07
  [Cycle 376] Particle sorting: ON
*** B CALCULATION [GPU] ***
Execution time cycle: 267.316 ms  [sort=0.033445 field=135.277 da_wait=0.00014 mover+out=0.029347 exchange+sort+moments=49.6641 B=75.6431 momentsAwait=6.66838 outCopy=0.00034]
 ======= Cycle 377 ======= 
*** E CALCULATION [GPU] ***
*** MAXWELL SOLVER [GPU] ***
Initial residual: 0.391608 norm b vector (source) = 0.619312
GMRES converged at restart # 2; iteration #7 with error: 6.75266e-07
  [Cycle 377] Particle sorting: ON
*** B CALCULATION [GPU] ***
Execution time cycle: 267.68 ms  [sort=0.040379 field=135.268 da_wait=0.00015 mover+out=0.032904 exchange+sort+moments=50.0955 B=75.5266 momentsAwait=6.71578 outCopy=0.00032]
 ======= Cycle 378 ======= 
*** E CALCULATION [GPU] ***
*** MAXWELL SOLVER [GPU] ***
Initial residual: 0.391452 norm b vector (source) = 0.619039
GMRES converged at restart # 2; iteration #6 with error: 9.30985e-07
  [Cycle 378] Particle sorting: ON
*** B CALCULATION [GPU] ***
Execution time cycle: 265.335 ms  [sort=0.038545 field=132.679 da_wait=0.00022 mover+out=0.035419 exchange+sort+moments=50.1606 B=75.745 momentsAwait=6.67587 outCopy=0.00023]
 ======= Cycle 379 ======= 
*** E CALCULATION [GPU] ***
*** MAXWELL SOLVER [GPU] ***
Initial residual: 0.391407 norm b vector (source) = 0.618744
GMRES converged at restart # 2; iteration #6 with error: 8.42504e-07
  [Cycle 379] Particle sorting: ON
*** B CALCULATION [GPU] ***
Execution time cycle: 265.474 ms  [sort=0.039928 field=132.535 da_wait=0.000151 mover+out=0.032713 exchange+sort+moments=50.5203 B=75.6836 momentsAwait=6.66202 outCopy=0.00024]
 ======= Cycle 380 ======= 
*** E CALCULATION [GPU] ***
*** MAXWELL SOLVER [GPU] ***
Initial residual: 0.391142 norm b vector (source) = 0.618351
GMRES converged at restart # 2; iteration #6 with error: 7.81211e-07
  [Cycle 380] Particle sorting: ON
*** B CALCULATION [GPU] ***
Execution time cycle: 265.037 ms  [sort=0.040439 field=132.601 da_wait=0.00014 mover+out=0.034467 exchange+sort+moments=49.9455 B=75.7437 momentsAwait=6.67133 outCopy=0.00034]
 ======= Cycle 381 ======= 
*** E CALCULATION [GPU] ***
*** MAXWELL SOLVER [GPU] ***
Initial residual: 0.391125 norm b vector (source) = 0.618208
GMRES converged at restart # 2; iteration #6 with error: 7.55324e-07
  [Cycle 381] Particle sorting: ON
*** B CALCULATION [GPU] ***
Execution time cycle: 264.965 ms  [sort=0.042232 field=132.673 da_wait=0.000141 mover+out=0.033104 exchange+sort+moments=49.7443 B=75.8102 momentsAwait=6.66181 outCopy=0.00022]
 ======= Cycle 382 ======= 
*** E CALCULATION [GPU] ***
*** MAXWELL SOLVER [GPU] ***
Initial residual: 0.391149 norm b vector (source) = 0.618201
GMRES converged at restart # 2; iteration #6 with error: 7.62858e-07
  [Cycle 382] Particle sorting: ON
*** B CALCULATION [GPU] ***
Execution time cycle: 264.858 ms  [sort=0.038805 field=132.586 da_wait=0.00014 mover+out=0.031641 exchange+sort+moments=49.5582 B=75.9277 momentsAwait=6.71442 outCopy=0.000421]
 ======= Cycle 383 ======= 
*** E CALCULATION [GPU] ***
*** MAXWELL SOLVER [GPU] ***
Initial residual: 0.391294 norm b vector (source) = 0.618447
GMRES converged at restart # 2; iteration #6 with error: 7.99888e-07
  [Cycle 383] Particle sorting: ON
*** B CALCULATION [GPU] ***
Execution time cycle: 265.257 ms  [sort=0.037664 field=132.702 da_wait=0.00013 mover+out=0.031963 exchange+sort+moments=49.9656 B=75.9214 momentsAwait=6.59795 outCopy=0.00023]
 ======= Cycle 384 ======= 
*** E CALCULATION [GPU] ***
*** MAXWELL SOLVER [GPU] ***
Initial residual: 0.391586 norm b vector (source) = 0.618907
GMRES converged at restart # 2; iteration #6 with error: 8.7774e-07
  [Cycle 384] Particle sorting: ON
*** B CALCULATION [GPU] ***
Execution time cycle: 271.784 ms  [sort=0.048104 field=139.429 da_wait=0.00015 mover+out=0.032313 exchange+sort+moments=49.6319 B=76.0571 momentsAwait=6.58553 outCopy=0.000231]
 ======= Cycle 385 ======= 
*** E CALCULATION [GPU] ***
*** MAXWELL SOLVER [GPU] ***
Initial residual: 0.391983 norm b vector (source) = 0.619535
GMRES converged at restart # 2; iteration #6 with error: 9.83832e-07
  [Cycle 385] Particle sorting: ON
*** B CALCULATION [GPU] ***
Execution time cycle: 264.361 ms  [sort=0.040759 field=132.087 da_wait=0.00015 mover+out=0.029077 exchange+sort+moments=49.6503 B=75.9305 momentsAwait=6.62275 outCopy=0.000281]
 ======= Cycle 386 ======= 
*** E CALCULATION [GPU] ***
*** MAXWELL SOLVER [GPU] ***
Initial residual: 0.392098 norm b vector (source) = 0.619971
GMRES converged at restart # 2; iteration #7 with error: 7.34134e-07
  [Cycle 386] Particle sorting: ON
*** B CALCULATION [GPU] ***
Execution time cycle: 268.023 ms  [sort=0.037513 field=135.357 da_wait=0.00014 mover+out=0.035459 exchange+sort+moments=49.9905 B=75.9787 momentsAwait=6.62364 outCopy=0.00029]
 ======= Cycle 387 ======= 
*** E CALCULATION [GPU] ***
*** MAXWELL SOLVER [GPU] ***
Initial residual: 0.391978 norm b vector (source) = 0.620136
GMRES converged at restart # 2; iteration #7 with error: 8.31393e-07
  [Cycle 387] Particle sorting: ON
*** B CALCULATION [GPU] ***
Execution time cycle: 646.096 ms  [sort=0.041821 field=513.36 da_wait=0.00022 mover+out=0.035269 exchange+sort+moments=50.0142 B=76.0154 momentsAwait=6.62873 outCopy=0.00023]
 ======= Cycle 388 ======= 
*** E CALCULATION [GPU] ***
*** MAXWELL SOLVER [GPU] ***
Initial residual: 0.391735 norm b vector (source) = 0.620049
GMRES converged at restart # 2; iteration #7 with error: 7.98396e-07
  [Cycle 388] Particle sorting: ON
*** B CALCULATION [GPU] ***
Execution time cycle: 271.662 ms  [sort=0.045919 field=138.638 da_wait=0.00015 mover+out=0.033596 exchange+sort+moments=50.2973 B=76.0434 momentsAwait=6.60389 outCopy=0.000341]
 ======= Cycle 389 ======= 
*** E CALCULATION [GPU] ***
*** MAXWELL SOLVER [GPU] ***
Initial residual: 0.391832 norm b vector (source) = 0.620211
GMRES converged at restart # 2; iteration #7 with error: 8.47092e-07
  [Cycle 389] Particle sorting: ON
*** B CALCULATION [GPU] ***
Execution time cycle: 272.295 ms  [sort=0.042873 field=139.985 da_wait=0.00014 mover+out=0.032383 exchange+sort+moments=49.7177 B=75.912 momentsAwait=6.6055 outCopy=0.00026]
 ======= Cycle 390 ======= 
*** E CALCULATION [GPU] ***
*** MAXWELL SOLVER [GPU] ***
Initial residual: 0.391876 norm b vector (source) = 0.620356
GMRES converged at restart # 2; iteration #7 with error: 8.62117e-07
  [Cycle 390] Particle sorting: ON
*** B CALCULATION [GPU] ***
Execution time cycle: 270.698 ms  [sort=0.036371 field=138.384 da_wait=0.000221 mover+out=0.032954 exchange+sort+moments=49.6116 B=76.0306 momentsAwait=6.60196 outCopy=0.00023]
 ======= Cycle 391 ======= 
*** E CALCULATION [GPU] ***
*** MAXWELL SOLVER [GPU] ***
Initial residual: 0.391944 norm b vector (source) = 0.620367
GMRES converged at restart # 2; iteration #7 with error: 8.4461e-07
  [Cycle 391] Particle sorting: ON
*** B CALCULATION [GPU] ***
Execution time cycle: 270.905 ms  [sort=0.037794 field=138.333 da_wait=0.000151 mover+out=0.031781 exchange+sort+moments=49.564 B=76.2786 momentsAwait=6.65944 outCopy=0.00025]
 ======= Cycle 392 ======= 
*** E CALCULATION [GPU] ***
*** MAXWELL SOLVER [GPU] ***
Initial residual: 0.391703 norm b vector (source) = 0.620057
GMRES converged at restart # 2; iteration #7 with error: 8.05554e-07
  [Cycle 392] Particle sorting: ON
*** B CALCULATION [GPU] ***
Execution time cycle: 270.463 ms  [sort=0.031912 field=137.83 da_wait=0.00014 mover+out=0.034978 exchange+sort+moments=49.8463 B=76.0835 momentsAwait=6.63593 outCopy=0.00024]
 ======= Cycle 393 ======= 
*** E CALCULATION [GPU] ***
*** MAXWELL SOLVER [GPU] ***
Initial residual: 0.391539 norm b vector (source) = 0.619571
GMRES converged at restart # 2; iteration #7 with error: 8.56396e-07
  [Cycle 393] Particle sorting: ON
*** B CALCULATION [GPU] ***
Execution time cycle: 267.677 ms  [sort=0.033375 field=134.941 da_wait=0.00015 mover+out=0.032955 exchange+sort+moments=49.9021 B=76.1102 momentsAwait=6.65683 outCopy=0.00022]
 ======= Cycle 394 ======= 
*** E CALCULATION [GPU] ***
*** MAXWELL SOLVER [GPU] ***
Initial residual: 0.391318 norm b vector (source) = 0.619073
GMRES converged at restart # 2; iteration #7 with error: 7.94211e-07
  [Cycle 394] Particle sorting: ON
*** B CALCULATION [GPU] ***
Execution time cycle: 267.245 ms  [sort=0.036161 field=134.987 da_wait=0.00013 mover+out=0.033125 exchange+sort+moments=49.5175 B=76.0723 momentsAwait=6.59901 outCopy=0.000231]
 ======= Cycle 395 ======= 
*** E CALCULATION [GPU] ***
*** MAXWELL SOLVER [GPU] ***
Initial residual: 0.391117 norm b vector (source) = 0.618672
GMRES converged at restart # 2; iteration #7 with error: 7.54989e-07
  [Cycle 395] Particle sorting: ON
*** B CALCULATION [GPU] ***
Execution time cycle: 267.905 ms  [sort=0.033415 field=135.208 da_wait=0.00014 mover+out=0.03614 exchange+sort+moments=49.9354 B=76.0592 momentsAwait=6.63196 outCopy=0.00038]
 ======= Cycle 396 ======= 
*** E CALCULATION [GPU] ***
*** MAXWELL SOLVER [GPU] ***
Initial residual: 0.391268 norm b vector (source) = 0.618648
GMRES converged at restart # 2; iteration #7 with error: 7.40168e-07
  [Cycle 396] Particle sorting: ON
*** B CALCULATION [GPU] ***
Execution time cycle: 267.843 ms  [sort=0.031942 field=134.941 da_wait=0.00015 mover+out=0.029197 exchange+sort+moments=49.9599 B=76.2433 momentsAwait=6.63767 outCopy=0.00025]
 ======= Cycle 397 ======= 
*** E CALCULATION [GPU] ***
*** MAXWELL SOLVER [GPU] ***
Initial residual: 0.391523 norm b vector (source) = 0.61894
GMRES converged at restart # 2; iteration #7 with error: 7.55012e-07
  [Cycle 397] Particle sorting: ON
*** B CALCULATION [GPU] ***
Execution time cycle: 267.983 ms  [sort=0.032523 field=134.95 da_wait=0.00015 mover+out=0.035479 exchange+sort+moments=50.103 B=76.1954 momentsAwait=6.66592 outCopy=0.000491]
 ======= Cycle 398 ======= 
*** E CALCULATION [GPU] ***
*** MAXWELL SOLVER [GPU] ***
Initial residual: 0.391678 norm b vector (source) = 0.619225
GMRES converged at restart # 2; iteration #7 with error: 8.06607e-07
  [Cycle 398] Particle sorting: ON
*** B CALCULATION [GPU] ***
Execution time cycle: 267.851 ms  [sort=0.033355 field=135.343 da_wait=0.00015 mover+out=0.032724 exchange+sort+moments=49.7346 B=76.0221 momentsAwait=6.68495 outCopy=0.000251]
 ======= Cycle 399 ======= 
*** E CALCULATION [GPU] ***
*** MAXWELL SOLVER [GPU] ***
Initial residual: 0.391799 norm b vector (source) = 0.619561
GMRES converged at restart # 2; iteration #7 with error: 7.82773e-07
  [Cycle 399] Particle sorting: ON
*** B CALCULATION [GPU] ***
Execution time cycle: 2511.94 ms  [sort=0.032082 field=138.27 da_wait=0.00022 mover+out=0.037102 exchange+sort+moments=49.5794 B=76.0865 momentsAwait=6.64099 outCopy=2241.29]


*** SIMULATION ENDED SUCESSFULLY ***
 Simulation Time: 128.748 sec (0.0357634 hours)
***

