
Number of processes = 16
-------------------------
Number of threads = 6
-------------------------

Virtual Cartesian Processors Topology
-------------------------------------
Processors grid: 4x2x2
Periodicity X: 1
Periodicity Y: 0
Periodicity Z: 1


Simulation Parameters
---------------------
Number of species    = 4
qom[0] = -64
qom[1] = 1
qom[2] = -64
qom[3] = 1
x-Length                 = 10
y-Length                 = 6.66667
z-Length                 = 10
Number of cells (x)      = 256
Number of cells (y)      = 128
Number of cells (z)      = 128
Time step                = 0.15
Number of cycles         = 400
Results saved in  : data
Case type         : GEM
Simulation name   : weakGEM3D_N2
Smoothing         : on (alpha=0.2, Niter=6)
---------------------
EM Field Boundary Conditions
---------------------
Xleft  : 0 (perfect conductor)
Xright : 0 (perfect conductor)
Yleft  : 0 (perfect conductor)
Yright : 0 (perfect conductor)
Zleft  : 0 (perfect conductor)
Zright : 0 (perfect conductor)
SAL (absorbing layer): no
---------------------
Particle Boundary Conditions
---------------------
Xleft  : 1 (perfect mirror)
Xright : 1 (perfect mirror)
Yleft  : 1 (perfect mirror)
Yright : 1 (perfect mirror)
Zleft  : 1 (perfect mirror)
Zright : 1 (perfect mirror)
E inflow BCs in GMRes : yes (applied per-face where bcPface == 2)
---------------------
Field Corrections
---------------------
Poisson div(E) correction  : no
div(B) cleaning            : no
---------------------
Planet Boundary
---------------------
Reflection type            : 0 (specular)
---------------------
Exosphere Ionization
---------------------
Status                     : disabled
---------------------
Check Simulation Constraints
---------------------
Accuracy Constraint:  
u_th < dx/dt species 0.....OK
v_th < dy/dt species 0......OK
u_th < dx/dt species 1.....OK
v_th < dy/dt species 1......OK
u_th < dx/dt species 2.....OK
v_th < dy/dt species 2......OK
u_th < dx/dt species 3.....OK
v_th < dy/dt species 3......OK

Finite Grid Stability Constraint:  
OK u_th*dt/dx (species 0) = 0.1728 > .1
OK v_th*dt/dy (species 0) = 0.1296 > .1
WARNING. u_th*dt/dx (species 1) = 0.048384 < .1
WARNING. v_th*dt/dy (species 1) = 0.036288 < .1
OK u_th*dt/dx (species 2) = 0.1728 > .1
OK v_th*dt/dy (species 2) = 0.1296 > .1
WARNING. u_th*dt/dx (species 3) = 0.048384 < .1
WARNING. v_th*dt/dy (species 3) = 0.036288 < .1

CFL Condition (c*dt/dx < 1):  
---------------------
Speed of light c     = 1
Time step dt         = 0.15
Grid spacing dx      = 0.0390625
Grid spacing dy      = 0.0520833
Grid spacing dz      = 0.078125
c*dt/dx              = 3.84  WARNING: CFL VIOLATED!
c*dt/dy              = 2.88  WARNING: CFL VIOLATED!
c*dt/dz              = 1.92  WARNING: CFL VIOLATED!
c*dt*|1/dx|          = 5.16976  WARNING: multi-dim CFL VIOLATED!

Numerical Resolution Parameters:  
---------------------
Larmor radius / dx (species 0) = 0.923077  (rL = 0.0360577, Omega_c*dt = 0.1872)
Larmor radius / dx (species 1) = 16.5415  (rL = 0.646154, Omega_c*dt = 0.002925)
Larmor radius / dx (species 2) = 0.923077  (rL = 0.0360577, Omega_c*dt = 0.1872)
Larmor radius / dx (species 3) = 16.5415  (rL = 0.646154, Omega_c*dt = 0.002925)
Species 0 (qom=-64): omega_p = 8, d_s/dx = 3.2, omega_p*dt = 1.2  OK
Species 1 (qom=1): omega_p = 1, d_s/dx = 25.6, omega_p*dt = 0.15  OK
Species 2 (qom=-64): omega_p = 2.52982, d_s/dx = 10.1193, omega_p*dt = 0.379473  OK
Species 3 (qom=1): omega_p = 0.316228, d_s/dx = 80.9543, omega_p*dt = 0.0474342  OK

Estimated Memory Per Rank
---------------------
Local grid (with ghosts): 66x66x66 cells, 67x67x67 nodes
HOST:   EMfields = 307.853 MB, particles = 4096 MB, comm = 409.6 MB, field buf = 53.4397 MB
        TOTAL = 4866.89 MB (4.75283 GB)
DEVICE: particles = 5734.4 MB, buffers = 1561.6 MB, moments = 91.7856 MB, field = 53.4397 MB, sort = 1088.36 MB
        TOTAL = 8529.59 MB (8.32967 GB)  (+ 500 MB CUDA context)
COMBINED = 13396.5 MB (13.0825 GB)
---------------------
------------------------------------------
Initialize GEM Challenge with Perturbation
------------------------------------------
B0x                              = 0.0195
B0y                              = 0
B0z                              = 0
Delta (current sheet thickness) = 0.5
rho species 0 = 1 DRIFTING 
rho species 1 = 1 DRIFTING 
rho species 2 = 0.1 BACKGROUND 
rho species 3 = 0.1 BACKGROUND 
-------------------------
(10.0) WARNING init(), IOManager.cpp:128: Selected particle backend requires HDF5 (compile with USE_HDF5=ON). Particle output disabled.
(10.0) WARNING init(), IOManager.cpp:133: Selected restart backend requires HDF5 (compile with USE_HDF5=ON). Restart output disabled.
(2.0) WARNING init(), IOManager.cpp:128: Selected particle backend requires HDF5 (compile with USE_HDF5=ON). Particle output disabled.
(2.0) WARNING init(), IOManager.cpp:133: Selected restart backend requires HDF5 (compile with USE_HDF5=ON). Restart output disabled.
(11.0) WARNING init(), IOManager.cpp:128: Selected particle backend requires HDF5 (compile with USE_HDF5=ON). Particle output disabled.
(11.0) WARNING init(), IOManager.cpp:133: Selected restart backend requires HDF5 (compile with USE_HDF5=ON). Restart output disabled.
(3.0) WARNING init(), IOManager.cpp:128: Selected particle backend requires HDF5 (compile with USE_HDF5=ON). Particle output disabled.
(3.0) WARNING init(), IOManager.cpp:133: Selected restart backend requires HDF5 (compile with USE_HDF5=ON). Restart output disabled.
(15.0) WARNING init(), IOManager.cpp:128: Selected particle backend requires HDF5 (compile with USE_HDF5=ON). Particle output disabled.
(15.0) WARNING init(), IOManager.cpp:133: Selected restart backend requires HDF5 (compile with USE_HDF5=ON). Restart output disabled.
(14.0) WARNING init(), IOManager.cpp:128: Selected particle backend requires HDF5 (compile with USE_HDF5=ON). Particle output disabled.
(14.0) WARNING init(), IOManager.cpp:133: Selected restart backend requires HDF5 (compile with USE_HDF5=ON). Restart output disabled.
(7.0) WARNING init(), IOManager.cpp:128: Selected particle backend requires HDF5 (compile with USE_HDF5=ON). Particle output disabled.
(7.0) WARNING init(), IOManager.cpp:133: Selected restart backend requires HDF5 (compile with USE_HDF5=ON). Restart output disabled.
(6.0) WARNING init(), IOManager.cpp:128: Selected particle backend requires HDF5 (compile with USE_HDF5=ON). Particle output disabled.
(6.0) WARNING init(), IOManager.cpp:133: Selected restart backend requires HDF5 (compile with USE_HDF5=ON). Restart output disabled.
(9.0) WARNING init(), IOManager.cpp:128: Selected particle backend requires HDF5 (compile with USE_HDF5=ON). Particle output disabled.
(9.0) WARNING init(), IOManager.cpp:133: Selected restart backend requires HDF5 (compile with USE_HDF5=ON). Restart output disabled.
(13.0) WARNING init(), IOManager.cpp:128: Selected particle backend requires HDF5 (compile with USE_HDF5=ON). Particle output disabled.
(13.0) WARNING init(), IOManager.cpp:133: Selected restart backend requires HDF5 (compile with USE_HDF5=ON). Restart output disabled.
(8.0) WARNING init(), IOManager.cpp:128: Selected particle backend requires HDF5 (compile with USE_HDF5=ON). Particle output disabled.
(8.0) WARNING init(), IOManager.cpp:133: Selected restart backend requires HDF5 (compile with USE_HDF5=ON). Restart output disabled.
(0.0) WARNING init(), IOManager.cpp:128: Selected particle backend requires HDF5 (compile with USE_HDF5=ON). Particle output disabled.
(0.0) WARNING init(), IOManager.cpp:133: Selected restart backend requires HDF5 (compile with USE_HDF5=ON). Restart output disabled.
(1.0) WARNING init(), IOManager.cpp:128: Selected particle backend requires HDF5 (compile with USE_HDF5=ON). Particle output disabled.
(1.0) WARNING init(), IOManager.cpp:133: Selected restart backend requires HDF5 (compile with USE_HDF5=ON). Restart output disabled.
(5.0) WARNING init(), IOManager.cpp:128: Selected particle backend requires HDF5 (compile with USE_HDF5=ON). Particle output disabled.
(5.0) WARNING init(), IOManager.cpp:133: Selected restart backend requires HDF5 (compile with USE_HDF5=ON). Restart output disabled.
(4.0) WARNING init(), IOManager.cpp:128: Selected particle backend requires HDF5 (compile with USE_HDF5=ON). Particle output disabled.
(4.0) WARNING init(), IOManager.cpp:133: Selected restart backend requires HDF5 (compile with USE_HDF5=ON). Restart output disabled.
(12.0) WARNING init(), IOManager.cpp:128: Selected particle backend requires HDF5 (compile with USE_HDF5=ON). Particle output disabled.
(12.0) WARNING init(), IOManager.cpp:133: Selected restart backend requires HDF5 (compile with USE_HDF5=ON). Restart output disabled.
nid005202:79982:79982 [0] NCCL INFO Bootstrap : Using nmn0:10.120.28.124<0>
nid005202:79982:79982 [0] NCCL INFO NET/Plugin: Failed to find ncclNetPlugin_v8 symbol.
nid005202:79982:79982 [0] NCCL INFO NET/Plugin: Loaded net plugin AWS Libfabric (v5)
nid005202:79982:79982 [0] NCCL INFO NET/Plugin: Failed to find ncclCollNetPlugin_v8 symbol.
nid005202:79982:79982 [0] NCCL INFO NET/Plugin: Failed to find ncclCollNetPlugin symbol (>= v5). ncclCollNetPlugin symbols v4 and lower are not supported.
nid005202:79982:79982 [0] NCCL INFO Kernel version: 6.4.0-150600.23.73_15.0.14-cray_shasta_c
nid005202:79982:79982 [0] NCCL INFO ROCr version 1.14
nid005202:79982:79982 [0] NCCL INFO Dmabuf feature disabled without NCCL_DMABUF_ENABLE=1
RCCL version : 2.21.5-HEAD:9a0e6a1
HIP version  : 6.3.42134-a9a80e791
ROCm version : 6.3.4.0-76-cbc70b5
Hostname     : nid005202
Librccl path : /opt/rocm-6.3.4/lib/librccl.so.1
nid005202:79985:79985 [3] NCCL INFO ROCr version 1.14
nid005202:79985:79985 [3] NCCL INFO Dmabuf feature disabled without NCCL_DMABUF_ENABLE=1
nid005202:79985:79985 [3] NCCL INFO Bootstrap : Using nmn0:10.120.28.124<0>
nid005202:79985:79985 [3] NCCL INFO NET/Plugin: Failed to find ncclNetPlugin_v8 symbol.
nid005202:79985:79985 [3] NCCL INFO NET/Plugin: Loaded net plugin AWS Libfabric (v5)
nid005202:79985:79985 [3] NCCL INFO NET/Plugin: Failed to find ncclCollNetPlugin_v8 symbol.
nid005202:79985:79985 [3] NCCL INFO NET/Plugin: Failed to find ncclCollNetPlugin symbol (>= v5). ncclCollNetPlugin symbols v4 and lower are not supported.
nid005202:79985:79985 [3] NCCL INFO Kernel version: 6.4.0-150600.23.73_15.0.14-cray_shasta_c
nid005202:79985:79985 [3] NCCL INFO NET/OFI Using aws-ofi-rccl 1.4.0
nid005202:79985:79985 [3] NCCL INFO NET/OFI Setting FI_EFA_FORK_SAFE environment variable to 1
nid005202:79985:79985 [3] NCCL INFO NET/OFI Selected Provider is cxi
nid005203:74122:74122 [1] NCCL INFO ROCr version 1.14
nid005203:74122:74122 [1] NCCL INFO Dmabuf feature disabled without NCCL_DMABUF_ENABLE=1
nid005203:74122:74122 [1] NCCL INFO Bootstrap : Using nmn0:10.120.28.127<0>
nid005203:74122:74122 [1] NCCL INFO NET/Plugin: Failed to find ncclNetPlugin_v8 symbol.
nid005203:74122:74122 [1] NCCL INFO NET/Plugin: Loaded net plugin AWS Libfabric (v5)
nid005203:74122:74122 [1] NCCL INFO NET/Plugin: Failed to find ncclCollNetPlugin_v8 symbol.
nid005203:74122:74122 [1] NCCL INFO NET/Plugin: Failed to find ncclCollNetPlugin symbol (>= v5). ncclCollNetPlugin symbols v4 and lower are not supported.
nid005203:74122:74122 [1] NCCL INFO Kernel version: 6.4.0-150600.23.73_15.0.14-cray_shasta_c
nid005203:74122:74122 [1] NCCL INFO NET/OFI Using aws-ofi-rccl 1.4.0
nid005203:74122:74122 [1] NCCL INFO NET/OFI Setting FI_EFA_FORK_SAFE environment variable to 1
nid005203:74122:74122 [1] NCCL INFO NET/OFI Selected Provider is cxi
nid005202:79985:79985 [3] NCCL INFO Using non-device net plugin version 0
nid005202:79985:79985 [3] NCCL INFO Using network AWS Libfabric
nid005202:79985:79985 [3] NCCL INFO [node_id = 4; gpu_id = 63582; unique_id = 431159754926829670; location_id = 49408; bdf = 49408; domain = 0; partition = 0], 
nid005202:79985:79985 [3] NCCL INFO [node_id = 11; gpu_id = 49174; unique_id = 2032789902121370102; location_id = 56832; bdf = 56832; domain = 0; partition = 0], 
nid005202:79985:79985 [3] NCCL INFO [node_id = 10; gpu_id = 62036; unique_id = 3195935640302984127; location_id = 55552; bdf = 55552; domain = 0; partition = 0], 
nid005202:79985:79985 [3] NCCL INFO [node_id = 7; gpu_id = 3099; unique_id = 3867246051403584135; location_id = 52736; bdf = 52736; domain = 0; partition = 0], 
nid005202:79985:79985 [3] NCCL INFO [node_id = 8; gpu_id = 13395; unique_id = 9845350428291425985; location_id = 53504; bdf = 53504; domain = 0; partition = 0], 
nid005203:74122:74122 [1] NCCL INFO Using non-device net plugin version 0
nid005203:74122:74122 [1] NCCL INFO Using network AWS Libfabric
nid005203:74122:74122 [1] NCCL INFO [node_id = 11; gpu_id = 49174; unique_id = 10097786682874376091; location_id = 56832; bdf = 56832; domain = 0; partition = 0], 
nid005203:74122:74122 [1] NCCL INFO [node_id = 9; gpu_id = 1553; unique_id = 10235035428264673151; location_id = 54784; bdf = 54784; domain = 0; partition = 0], 
nid005203:74122:74122 [1] NCCL INFO [node_id = 8; gpu_id = 13395; unique_id = 14301238691723642949; location_id = 53504; bdf = 53504; domain = 0; partition = 0], 
nid005203:74122:74122 [1] NCCL INFO [node_id = 7; gpu_id = 3099; unique_id = 15281401790505973020; location_id = 52736; bdf = 52736; domain = 0; partition = 0], 
nid005203:74122:74122 [1] NCCL INFO [node_id = 6; gpu_id = 15961; unique_id = 15425361839443638760; location_id = 51456; bdf = 51456; domain = 0; partition = 0], 
nid005202:79985:79985 [3] NCCL INFO [node_id = 6; gpu_id = 15961; unique_id = 13092615334343045736; location_id = 51456; bdf = 51456; domain = 0; partition = 0], 
nid005202:79985:79985 [3] NCCL INFO [node_id = 5; gpu_id = 51740; unique_id = 13276276064966136751; location_id = 50688; bdf = 50688; domain = 0; partition = 0], 
nid005202:79985:79985 [3] NCCL INFO [node_id = 9; gpu_id = 1553; unique_id = 13630383225681540495; location_id = 54784; bdf = 54784; domain = 0; partition = 0], 
nid005202:79985:79985 [3] NCCL INFO initialized internal alternative rsmi functionality
nid005202:79985:79985 [3] NCCL INFO ncclCommInitRank comm 0x72be4a0 rank 3 nranks 16 cudaDev 3 nvmlDev 3 busId ce000 commId 0x1b9730ce07259768 - Init START
nid005202:79985:79985 [3] NCCL INFO initialized internal alternative rsmi functionality
nid005202:79985:79985 [3] NCCL INFO initialized internal alternative rsmi functionality
nid005202:79985:79985 [3] NCCL INFO initialized internal alternative rsmi functionality
nid005202:79985:79985 [3] NCCL INFO initialized internal alternative rsmi functionality
nid005202:79985:79985 [3] NCCL INFO initialized internal alternative rsmi functionality
nid005202:79985:79985 [3] NCCL INFO initialized internal alternative rsmi functionality
nid005202:79985:79985 [3] NCCL INFO initialized internal alternative rsmi functionality
nid005202:79985:79985 [3] NCCL INFO initialized internal alternative rsmi functionality
nid005202:79985:79985 [3] NCCL INFO NCCL_NET_GDR_LEVEL set by environment to LOC
nid005202:79985:79985 [3] NCCL INFO === System : maxBw 24.0 totalBw 252.0 ===
nid005202:79985:79985 [3] NCCL INFO CPU/0-3 (1/2/4)
nid005202:79985:79985 [3] NCCL INFO + PCI[24.0] - GPU/0-c1000 (0)
nid005202:79985:79985 [3] NCCL INFO               + XGMI[144.0] - GPU/C6000
nid005202:79985:79985 [3] NCCL INFO               + XGMI[72.0] - GPU/D9000
nid005202:79985:79985 [3] NCCL INFO               + XGMI[36.0] - GPU/C9000
nid005202:79985:79985 [3] NCCL INFO + PCI[24.0] - NIC/0-c5000
nid005203:74122:74122 [1] NCCL INFO [node_id = 5; gpu_id = 51740; unique_id = 15608283913776450212; location_id = 50688; bdf = 50688; domain = 0; partition = 0], 
nid005203:74122:74122 [1] NCCL INFO [node_id = 4; gpu_id = 63582; unique_id = 16277496716478252442; location_id = 49408; bdf = 49408; domain = 0; partition = 0], 
nid005203:74122:74122 [1] NCCL INFO [node_id = 10; gpu_id = 62036; unique_id = 16844109392297431011; location_id = 55552; bdf = 55552; domain = 0; partition = 0], 
nid005203:74122:74122 [1] NCCL INFO initialized internal alternative rsmi functionality
nid005203:74122:74122 [1] NCCL INFO ncclCommInitRank comm 0x722fc50 rank 9 nranks 16 cudaDev 1 nvmlDev 1 busId c6000 commId 0x1b9730ce07259768 - Init START
nid005203:74122:74122 [1] NCCL INFO initialized internal alternative rsmi functionality
nid005203:74122:74122 [1] NCCL INFO initialized internal alternative rsmi functionality
nid005203:74122:74122 [1] NCCL INFO initialized internal alternative rsmi functionality
nid005202:79985:79985 [3] NCCL INFO               + NET[25000.0] - NET/0 (0/1/25000.000000)
nid005202:79985:79985 [3] NCCL INFO + PCI[24.0] - GPU/0-c6000 (1)
nid005203:74122:74122 [1] NCCL INFO initialized internal alternative rsmi functionality
nid005203:74122:74122 [1] NCCL INFO initialized internal alternative rsmi functionality
nid005203:74122:74122 [1] NCCL INFO initialized internal alternative rsmi functionality
nid005203:74122:74122 [1] NCCL INFO initialized internal alternative rsmi functionality
nid005203:74122:74122 [1] NCCL INFO initialized internal alternative rsmi functionality
nid005203:74122:74122 [1] NCCL INFO NCCL_NET_GDR_LEVEL set by environment to LOC
nid005203:74122:74122 [1] NCCL INFO === System : maxBw 24.0 totalBw 252.0 ===
nid005203:74122:74122 [1] NCCL INFO CPU/0-3 (1/2/4)
nid005203:74122:74122 [1] NCCL INFO + PCI[24.0] - GPU/0-c1000 (8)
nid005203:74122:74122 [1] NCCL INFO               + XGMI[144.0] - GPU/C6000
nid005203:74122:74122 [1] NCCL INFO               + XGMI[72.0] - GPU/D9000
nid005203:74122:74122 [1] NCCL INFO               + XGMI[36.0] - GPU/C9000
nid005203:74122:74122 [1] NCCL INFO + PCI[24.0] - NIC/0-c5000
nid005202:79989:79989 [7] NCCL INFO ROCr version 1.14
nid005202:79989:79989 [7] NCCL INFO Dmabuf feature disabled without NCCL_DMABUF_ENABLE=1
nid005202:79989:79989 [7] NCCL INFO Bootstrap : Using nmn0:10.120.28.124<0>
nid005202:79989:79989 [7] NCCL INFO NET/Plugin: Failed to find ncclNetPlugin_v8 symbol.
nid005202:79989:79989 [7] NCCL INFO NET/Plugin: Loaded net plugin AWS Libfabric (v5)
nid005202:79989:79989 [7] NCCL INFO NET/Plugin: Failed to find ncclCollNetPlugin_v8 symbol.
nid005202:79989:79989 [7] NCCL INFO NET/Plugin: Failed to find ncclCollNetPlugin symbol (>= v5). ncclCollNetPlugin symbols v4 and lower are not supported.
nid005202:79989:79989 [7] NCCL INFO Kernel version: 6.4.0-150600.23.73_15.0.14-cray_shasta_c
nid005202:79989:79989 [7] NCCL INFO NET/OFI Using aws-ofi-rccl 1.4.0
nid005202:79989:79989 [7] NCCL INFO NET/OFI Setting FI_EFA_FORK_SAFE environment variable to 1
nid005202:79989:79989 [7] NCCL INFO NET/OFI Selected Provider is cxi
nid005203:74122:74122 [1] NCCL INFO               + NET[25000.0] - NET/0 (0/1/25000.000000)
nid005203:74122:74122 [1] NCCL INFO + PCI[24.0] - GPU/0-c6000 (9)
nid005202:79989:79989 [7] NCCL INFO Using non-device net plugin version 0
nid005202:79989:79989 [7] NCCL INFO Using network AWS Libfabric
nid005202:79989:79989 [7] NCCL INFO [node_id = 4; gpu_id = 63582; unique_id = 431159754926829670; location_id = 49408; bdf = 49408; domain = 0; partition = 0], 
nid005202:79989:79989 [7] NCCL INFO [node_id = 11; gpu_id = 49174; unique_id = 2032789902121370102; location_id = 56832; bdf = 56832; domain = 0; partition = 0], 
nid005202:79989:79989 [7] NCCL INFO [node_id = 10; gpu_id = 62036; unique_id = 3195935640302984127; location_id = 55552; bdf = 55552; domain = 0; partition = 0], 
nid005202:79989:79989 [7] NCCL INFO [node_id = 7; gpu_id = 3099; unique_id = 3867246051403584135; location_id = 52736; bdf = 52736; domain = 0; partition = 0], 
nid005202:79989:79989 [7] NCCL INFO [node_id = 8; gpu_id = 13395; unique_id = 9845350428291425985; location_id = 53504; bdf = 53504; domain = 0; partition = 0], 
nid005203:74123:74123 [2] NCCL INFO ROCr version 1.14
nid005203:74123:74123 [2] NCCL INFO Dmabuf feature disabled without NCCL_DMABUF_ENABLE=1
nid005203:74123:74123 [2] NCCL INFO Bootstrap : Using nmn0:10.120.28.127<0>
nid005203:74123:74123 [2] NCCL INFO NET/Plugin: Failed to find ncclNetPlugin_v8 symbol.
nid005203:74123:74123 [2] NCCL INFO NET/Plugin: Loaded net plugin AWS Libfabric (v5)
nid005203:74123:74123 [2] NCCL INFO NET/Plugin: Failed to find ncclCollNetPlugin_v8 symbol.
nid005203:74123:74123 [2] NCCL INFO NET/Plugin: Failed to find ncclCollNetPlugin symbol (>= v5). ncclCollNetPlugin symbols v4 and lower are not supported.
nid005203:74123:74123 [2] NCCL INFO Kernel version: 6.4.0-150600.23.73_15.0.14-cray_shasta_c
nid005203:74123:74123 [2] NCCL INFO NET/OFI Using aws-ofi-rccl 1.4.0
nid005203:74123:74123 [2] NCCL INFO NET/OFI Setting FI_EFA_FORK_SAFE environment variable to 1
nid005203:74123:74123 [2] NCCL INFO NET/OFI Selected Provider is cxi
nid005202:79989:79989 [7] NCCL INFO [node_id = 6; gpu_id = 15961; unique_id = 13092615334343045736; location_id = 51456; bdf = 51456; domain = 0; partition = 0], 
nid005202:79989:79989 [7] NCCL INFO [node_id = 5; gpu_id = 51740; unique_id = 13276276064966136751; location_id = 50688; bdf = 50688; domain = 0; partition = 0], 
nid005202:79989:79989 [7] NCCL INFO [node_id = 9; gpu_id = 1553; unique_id = 13630383225681540495; location_id = 54784; bdf = 54784; domain = 0; partition = 0], 
nid005202:79989:79989 [7] NCCL INFO initialized internal alternative rsmi functionality
nid005202:79989:79989 [7] NCCL INFO ncclCommInitRank comm 0x6bb4f40 rank 7 nranks 16 cudaDev 7 nvmlDev 7 busId de000 commId 0x1b9730ce07259768 - Init START
nid005202:79989:79989 [7] NCCL INFO initialized internal alternative rsmi functionality
nid005202:79989:79989 [7] NCCL INFO initialized internal alternative rsmi functionality
nid005202:79989:79989 [7] NCCL INFO initialized internal alternative rsmi functionality
nid005203:74123:74123 [2] NCCL INFO Using non-device net plugin version 0
nid005203:74123:74123 [2] NCCL INFO Using network AWS Libfabric
nid005203:74123:74123 [2] NCCL INFO [node_id = 11; gpu_id = 49174; unique_id = 10097786682874376091; location_id = 56832; bdf = 56832; domain = 0; partition = 0], 
nid005203:74123:74123 [2] NCCL INFO [node_id = 9; gpu_id = 1553; unique_id = 10235035428264673151; location_id = 54784; bdf = 54784; domain = 0; partition = 0], 
nid005203:74123:74123 [2] NCCL INFO [node_id = 8; gpu_id = 13395; unique_id = 14301238691723642949; location_id = 53504; bdf = 53504; domain = 0; partition = 0], 
nid005203:74123:74123 [2] NCCL INFO [node_id = 7; gpu_id = 3099; unique_id = 15281401790505973020; location_id = 52736; bdf = 52736; domain = 0; partition = 0], 
nid005203:74123:74123 [2] NCCL INFO [node_id = 6; gpu_id = 15961; unique_id = 15425361839443638760; location_id = 51456; bdf = 51456; domain = 0; partition = 0], 
nid005202:79989:79989 [7] NCCL INFO initialized internal alternative rsmi functionality
nid005202:79989:79989 [7] NCCL INFO initialized internal alternative rsmi functionality
nid005202:79989:79989 [7] NCCL INFO initialized internal alternative rsmi functionality
nid005202:79989:79989 [7] NCCL INFO initialized internal alternative rsmi functionality
nid005202:79989:79989 [7] NCCL INFO initialized internal alternative rsmi functionality
nid005202:79989:79989 [7] NCCL INFO NCCL_NET_GDR_LEVEL set by environment to LOC
nid005202:79989:79989 [7] NCCL INFO === System : maxBw 24.0 totalBw 252.0 ===
nid005202:79989:79989 [7] NCCL INFO CPU/0-3 (1/2/4)
nid005202:79989:79989 [7] NCCL INFO + PCI[24.0] - GPU/0-c1000 (0)
nid005202:79989:79989 [7] NCCL INFO               + XGMI[144.0] - GPU/C6000
nid005202:79989:79989 [7] NCCL INFO               + XGMI[72.0] - GPU/D9000
nid005202:79989:79989 [7] NCCL INFO               + XGMI[36.0] - GPU/C9000
nid005202:79989:79989 [7] NCCL INFO + PCI[24.0] - NIC/0-c5000
nid005203:74123:74123 [2] NCCL INFO [node_id = 5; gpu_id = 51740; unique_id = 15608283913776450212; location_id = 50688; bdf = 50688; domain = 0; partition = 0], 
nid005203:74123:74123 [2] NCCL INFO [node_id = 4; gpu_id = 63582; unique_id = 16277496716478252442; location_id = 49408; bdf = 49408; domain = 0; partition = 0], 
nid005203:74123:74123 [2] NCCL INFO [node_id = 10; gpu_id = 62036; unique_id = 16844109392297431011; location_id = 55552; bdf = 55552; domain = 0; partition = 0], 
nid005203:74123:74123 [2] NCCL INFO initialized internal alternative rsmi functionality
nid005203:74123:74123 [2] NCCL INFO ncclCommInitRank comm 0x638dc20 rank 10 nranks 16 cudaDev 2 nvmlDev 2 busId c9000 commId 0x1b9730ce07259768 - Init START
nid005203:74123:74123 [2] NCCL INFO initialized internal alternative rsmi functionality
nid005203:74123:74123 [2] NCCL INFO initialized internal alternative rsmi functionality
nid005203:74123:74123 [2] NCCL INFO initialized internal alternative rsmi functionality
nid005202:79989:79989 [7] NCCL INFO               + NET[25000.0] - NET/0 (0/1/25000.000000)
nid005202:79989:79989 [7] NCCL INFO + PCI[24.0] - GPU/0-c6000 (1)
nid005203:74123:74123 [2] NCCL INFO initialized internal alternative rsmi functionality
nid005203:74123:74123 [2] NCCL INFO initialized internal alternative rsmi functionality
nid005203:74123:74123 [2] NCCL INFO initialized internal alternative rsmi functionality
nid005203:74123:74123 [2] NCCL INFO initialized internal alternative rsmi functionality
nid005203:74123:74123 [2] NCCL INFO initialized internal alternative rsmi functionality
nid005203:74123:74123 [2] NCCL INFO NCCL_NET_GDR_LEVEL set by environment to LOC
nid005203:74123:74123 [2] NCCL INFO === System : maxBw 24.0 totalBw 252.0 ===
nid005203:74123:74123 [2] NCCL INFO CPU/0-3 (1/2/4)
nid005203:74123:74123 [2] NCCL INFO + PCI[24.0] - GPU/0-c1000 (8)
nid005203:74123:74123 [2] NCCL INFO               + XGMI[144.0] - GPU/C6000
nid005203:74123:74123 [2] NCCL INFO               + XGMI[72.0] - GPU/D9000
nid005203:74123:74123 [2] NCCL INFO               + XGMI[36.0] - GPU/C9000
nid005203:74123:74123 [2] NCCL INFO + PCI[24.0] - NIC/0-c5000
nid005202:79982:79982 [0] NCCL INFO NET/OFI Using aws-ofi-rccl 1.4.0
nid005202:79982:79982 [0] NCCL INFO NET/OFI Setting FI_EFA_FORK_SAFE environment variable to 1
nid005202:79982:79982 [0] NCCL INFO NET/OFI Selected Provider is cxi
nid005202:79982:79982 [0] NCCL INFO Using non-device net plugin version 0
nid005202:79982:79982 [0] NCCL INFO Using network AWS Libfabric
nid005202:79982:79982 [0] NCCL INFO [node_id = 4; gpu_id = 63582; unique_id = 431159754926829670; location_id = 49408; bdf = 49408; domain = 0; partition = 0], 
nid005202:79982:79982 [0] NCCL INFO [node_id = 11; gpu_id = 49174; unique_id = 2032789902121370102; location_id = 56832; bdf = 56832; domain = 0; partition = 0], 
nid005202:79982:79982 [0] NCCL INFO [node_id = 10; gpu_id = 62036; unique_id = 3195935640302984127; location_id = 55552; bdf = 55552; domain = 0; partition = 0], 
nid005202:79982:79982 [0] NCCL INFO [node_id = 7; gpu_id = 3099; unique_id = 3867246051403584135; location_id = 52736; bdf = 52736; domain = 0; partition = 0], 
nid005203:74123:74123 [2] NCCL INFO               + NET[25000.0] - NET/0 (0/1/25000.000000)
nid005203:74123:74123 [2] NCCL INFO + PCI[24.0] - GPU/0-c6000 (9)
nid005202:79982:79982 [0] NCCL INFO [node_id = 8; gpu_id = 13395; unique_id = 9845350428291425985; location_id = 53504; bdf = 53504; domain = 0; partition = 0], 
nid005202:79982:79982 [0] NCCL INFO [node_id = 6; gpu_id = 15961; unique_id = 13092615334343045736; location_id = 51456; bdf = 51456; domain = 0; partition = 0], 
nid005202:79982:79982 [0] NCCL INFO [node_id = 5; gpu_id = 51740; unique_id = 13276276064966136751; location_id = 50688; bdf = 50688; domain = 0; partition = 0], 
nid005202:79982:79982 [0] NCCL INFO [node_id = 9; gpu_id = 1553; unique_id = 13630383225681540495; location_id = 54784; bdf = 54784; domain = 0; partition = 0], 
nid005202:79982:79982 [0] NCCL INFO initialized internal alternative rsmi functionality
nid005202:79982:79982 [0] NCCL INFO ncclCommInitRank comm 0x7143770 rank 0 nranks 16 cudaDev 0 nvmlDev 0 busId c1000 commId 0x1b9730ce07259768 - Init START
nid005202:79982:79982 [0] NCCL INFO initialized internal alternative rsmi functionality
nid005203:74125:74125 [4] NCCL INFO ROCr version 1.14
nid005203:74125:74125 [4] NCCL INFO Dmabuf feature disabled without NCCL_DMABUF_ENABLE=1
nid005203:74125:74125 [4] NCCL INFO Bootstrap : Using nmn0:10.120.28.127<0>
nid005203:74125:74125 [4] NCCL INFO NET/Plugin: Failed to find ncclNetPlugin_v8 symbol.
nid005203:74125:74125 [4] NCCL INFO NET/Plugin: Loaded net plugin AWS Libfabric (v5)
nid005203:74125:74125 [4] NCCL INFO NET/Plugin: Failed to find ncclCollNetPlugin_v8 symbol.
nid005203:74125:74125 [4] NCCL INFO NET/Plugin: Failed to find ncclCollNetPlugin symbol (>= v5). ncclCollNetPlugin symbols v4 and lower are not supported.
nid005203:74125:74125 [4] NCCL INFO Kernel version: 6.4.0-150600.23.73_15.0.14-cray_shasta_c
nid005203:74125:74125 [4] NCCL INFO NET/OFI Using aws-ofi-rccl 1.4.0
nid005203:74125:74125 [4] NCCL INFO NET/OFI Setting FI_EFA_FORK_SAFE environment variable to 1
nid005203:74125:74125 [4] NCCL INFO NET/OFI Selected Provider is cxi
nid005202:79982:79982 [0] NCCL INFO initialized internal alternative rsmi functionality
nid005202:79982:79982 [0] NCCL INFO initialized internal alternative rsmi functionality
nid005202:79982:79982 [0] NCCL INFO initialized internal alternative rsmi functionality
nid005202:79982:79982 [0] NCCL INFO initialized internal alternative rsmi functionality
nid005202:79982:79982 [0] NCCL INFO initialized internal alternative rsmi functionality
nid005202:79982:79982 [0] NCCL INFO initialized internal alternative rsmi functionality
nid005202:79982:79982 [0] NCCL INFO initialized internal alternative rsmi functionality
nid005202:79982:79982 [0] NCCL INFO NCCL_NET_GDR_LEVEL set by environment to LOC
nid005202:79982:79982 [0] NCCL INFO === System : maxBw 24.0 totalBw 252.0 ===
nid005202:79982:79982 [0] NCCL INFO CPU/0-3 (1/2/4)
nid005202:79982:79982 [0] NCCL INFO + PCI[24.0] - GPU/0-c1000 (0)
nid005202:79982:79982 [0] NCCL INFO               + XGMI[144.0] - GPU/C6000
nid005203:74125:74125 [4] NCCL INFO Using non-device net plugin version 0
nid005203:74125:74125 [4] NCCL INFO Using network AWS Libfabric
nid005203:74125:74125 [4] NCCL INFO [node_id = 11; gpu_id = 49174; unique_id = 10097786682874376091; location_id = 56832; bdf = 56832; domain = 0; partition = 0], 
nid005203:74125:74125 [4] NCCL INFO [node_id = 9; gpu_id = 1553; unique_id = 10235035428264673151; location_id = 54784; bdf = 54784; domain = 0; partition = 0], 
nid005203:74125:74125 [4] NCCL INFO [node_id = 8; gpu_id = 13395; unique_id = 14301238691723642949; location_id = 53504; bdf = 53504; domain = 0; partition = 0], 
nid005203:74125:74125 [4] NCCL INFO [node_id = 7; gpu_id = 3099; unique_id = 15281401790505973020; location_id = 52736; bdf = 52736; domain = 0; partition = 0], 
nid005203:74125:74125 [4] NCCL INFO [node_id = 6; gpu_id = 15961; unique_id = 15425361839443638760; location_id = 51456; bdf = 51456; domain = 0; partition = 0], 
nid005202:79982:79982 [0] NCCL INFO               + XGMI[72.0] - GPU/D9000
nid005202:79982:79982 [0] NCCL INFO               + XGMI[36.0] - GPU/C9000
nid005202:79982:79982 [0] NCCL INFO + PCI[24.0] - NIC/0-c5000
nid005202:79982:79982 [0] NCCL INFO               + NET[25000.0] - NET/0 (0/1/25000.000000)
nid005202:79982:79982 [0] NCCL INFO + PCI[24.0] - GPU/0-c6000 (1)
nid005202:79982:79982 [0] NCCL INFO               + XGMI[144.0] - GPU/C1000
nid005202:79982:79982 [0] NCCL INFO               + XGMI[36.0] - GPU/CE000
nid005202:79982:79982 [0] NCCL INFO               + XGMI[36.0] - GPU/D6000
nid005202:79982:79982 [0] NCCL INFO + SYS[16.0] - CPU/1
nid005202:79982:79982 [0] NCCL INFO + SYS[16.0] - CPU/0
nid005202:79982:79982 [0] NCCL INFO + SYS[16.0] - CPU/2
nid005202:79982:79982 [0] NCCL INFO CPU/0-1 (1/2/4)
nid005202:79982:79982 [0] NCCL INFO + PCI[24.0] - GPU/0-c9000 (2)
nid005202:79982:79982 [0] NCCL INFO               + XGMI[144.0] - GPU/CE000
nid005203:74125:74125 [4] NCCL INFO [node_id = 5; gpu_id = 51740; unique_id = 15608283913776450212; location_id = 50688; bdf = 50688; domain = 0; partition = 0], 
nid005203:74125:74125 [4] NCCL INFO [node_id = 4; gpu_id = 63582; unique_id = 16277496716478252442; location_id = 49408; bdf = 49408; domain = 0; partition = 0], 
nid005203:74125:74125 [4] NCCL INFO [node_id = 10; gpu_id = 62036; unique_id = 16844109392297431011; location_id = 55552; bdf = 55552; domain = 0; partition = 0], 
nid005203:74125:74125 [4] NCCL INFO initialized internal alternative rsmi functionality
nid005203:74125:74125 [4] NCCL INFO ncclCommInitRank comm 0x63b44d0 rank 12 nranks 16 cudaDev 4 nvmlDev 4 busId d1000 commId 0x1b9730ce07259768 - Init START
nid005203:74125:74125 [4] NCCL INFO initialized internal alternative rsmi functionality
nid005203:74125:74125 [4] NCCL INFO initialized internal alternative rsmi functionality
nid005203:74125:74125 [4] NCCL INFO initialized internal alternative rsmi functionality
nid005202:79982:79982 [0] NCCL INFO               + XGMI[72.0] - GPU/D1000
nid005202:79982:79982 [0] NCCL INFO               + XGMI[36.0] - GPU/C1000
nid005203:74125:74125 [4] NCCL INFO initialized internal alternative rsmi functionality
nid005203:74125:74125 [4] NCCL INFO initialized internal alternative rsmi functionality
nid005203:74125:74125 [4] NCCL INFO initialized internal alternative rsmi functionality
nid005203:74125:74125 [4] NCCL INFO initialized internal alternative rsmi functionality
nid005203:74125:74125 [4] NCCL INFO initialized internal alternative rsmi functionality
nid005203:74125:74125 [4] NCCL INFO NCCL_NET_GDR_LEVEL set by environment to LOC
nid005203:74125:74125 [4] NCCL INFO === System : maxBw 24.0 totalBw 252.0 ===
nid005203:74125:74125 [4] NCCL INFO CPU/0-3 (1/2/4)
nid005203:74125:74125 [4] NCCL INFO + PCI[24.0] - GPU/0-c1000 (8)
nid005203:74125:74125 [4] NCCL INFO               + XGMI[144.0] - GPU/C6000
nid005203:74125:74125 [4] NCCL INFO               + XGMI[72.0] - GPU/D9000
nid005203:74125:74125 [4] NCCL INFO               + XGMI[36.0] - GPU/C9000
nid005203:74125:74125 [4] NCCL INFO + PCI[24.0] - NIC/0-c5000
nid005202:79983:79983 [1] NCCL INFO ROCr version 1.14
nid005202:79983:79983 [1] NCCL INFO Dmabuf feature disabled without NCCL_DMABUF_ENABLE=1
nid005202:79983:79983 [1] NCCL INFO Bootstrap : Using nmn0:10.120.28.124<0>
nid005202:79983:79983 [1] NCCL INFO NET/Plugin: Failed to find ncclNetPlugin_v8 symbol.
nid005202:79983:79983 [1] NCCL INFO NET/Plugin: Loaded net plugin AWS Libfabric (v5)
nid005202:79983:79983 [1] NCCL INFO NET/Plugin: Failed to find ncclCollNetPlugin_v8 symbol.
nid005202:79983:79983 [1] NCCL INFO NET/Plugin: Failed to find ncclCollNetPlugin symbol (>= v5). ncclCollNetPlugin symbols v4 and lower are not supported.
nid005202:79983:79983 [1] NCCL INFO Kernel version: 6.4.0-150600.23.73_15.0.14-cray_shasta_c
nid005202:79983:79983 [1] NCCL INFO NET/OFI Using aws-ofi-rccl 1.4.0
nid005202:79983:79983 [1] NCCL INFO NET/OFI Setting FI_EFA_FORK_SAFE environment variable to 1
nid005202:79983:79983 [1] NCCL INFO NET/OFI Selected Provider is cxi
nid005203:74125:74125 [4] NCCL INFO               + NET[25000.0] - NET/0 (0/1/25000.000000)
nid005203:74125:74125 [4] NCCL INFO + PCI[24.0] - GPU/0-c6000 (9)
nid005202:79983:79983 [1] NCCL INFO Using non-device net plugin version 0
nid005202:79983:79983 [1] NCCL INFO Using network AWS Libfabric
nid005202:79983:79983 [1] NCCL INFO [node_id = 4; gpu_id = 63582; unique_id = 431159754926829670; location_id = 49408; bdf = 49408; domain = 0; partition = 0], 
nid005202:79983:79983 [1] NCCL INFO [node_id = 11; gpu_id = 49174; unique_id = 2032789902121370102; location_id = 56832; bdf = 56832; domain = 0; partition = 0], 
nid005202:79983:79983 [1] NCCL INFO [node_id = 10; gpu_id = 62036; unique_id = 3195935640302984127; location_id = 55552; bdf = 55552; domain = 0; partition = 0], 
nid005202:79983:79983 [1] NCCL INFO [node_id = 7; gpu_id = 3099; unique_id = 3867246051403584135; location_id = 52736; bdf = 52736; domain = 0; partition = 0], 
nid005202:79983:79983 [1] NCCL INFO [node_id = 8; gpu_id = 13395; unique_id = 9845350428291425985; location_id = 53504; bdf = 53504; domain = 0; partition = 0], 
nid005203:74126:74126 [5] NCCL INFO ROCr version 1.14
nid005203:74126:74126 [5] NCCL INFO Dmabuf feature disabled without NCCL_DMABUF_ENABLE=1
nid005203:74126:74126 [5] NCCL INFO Bootstrap : Using nmn0:10.120.28.127<0>
nid005203:74126:74126 [5] NCCL INFO NET/Plugin: Failed to find ncclNetPlugin_v8 symbol.
nid005203:74126:74126 [5] NCCL INFO NET/Plugin: Loaded net plugin AWS Libfabric (v5)
nid005203:74126:74126 [5] NCCL INFO NET/Plugin: Failed to find ncclCollNetPlugin_v8 symbol.
nid005203:74126:74126 [5] NCCL INFO NET/Plugin: Failed to find ncclCollNetPlugin symbol (>= v5). ncclCollNetPlugin symbols v4 and lower are not supported.
nid005203:74126:74126 [5] NCCL INFO Kernel version: 6.4.0-150600.23.73_15.0.14-cray_shasta_c
nid005203:74126:74126 [5] NCCL INFO NET/OFI Using aws-ofi-rccl 1.4.0
nid005203:74126:74126 [5] NCCL INFO NET/OFI Setting FI_EFA_FORK_SAFE environment variable to 1
nid005203:74126:74126 [5] NCCL INFO NET/OFI Selected Provider is cxi
nid005202:79983:79983 [1] NCCL INFO [node_id = 6; gpu_id = 15961; unique_id = 13092615334343045736; location_id = 51456; bdf = 51456; domain = 0; partition = 0], 
nid005202:79983:79983 [1] NCCL INFO [node_id = 5; gpu_id = 51740; unique_id = 13276276064966136751; location_id = 50688; bdf = 50688; domain = 0; partition = 0], 
nid005202:79983:79983 [1] NCCL INFO [node_id = 9; gpu_id = 1553; unique_id = 13630383225681540495; location_id = 54784; bdf = 54784; domain = 0; partition = 0], 
nid005202:79983:79983 [1] NCCL INFO initialized internal alternative rsmi functionality
nid005202:79983:79983 [1] NCCL INFO ncclCommInitRank comm 0x6b33520 rank 1 nranks 16 cudaDev 1 nvmlDev 1 busId c6000 commId 0x1b9730ce07259768 - Init START
nid005202:79983:79983 [1] NCCL INFO initialized internal alternative rsmi functionality
nid005202:79983:79983 [1] NCCL INFO initialized internal alternative rsmi functionality
nid005202:79983:79983 [1] NCCL INFO initialized internal alternative rsmi functionality
nid005203:74126:74126 [5] NCCL INFO Using non-device net plugin version 0
nid005203:74126:74126 [5] NCCL INFO Using network AWS Libfabric
nid005203:74126:74126 [5] NCCL INFO [node_id = 11; gpu_id = 49174; unique_id = 10097786682874376091; location_id = 56832; bdf = 56832; domain = 0; partition = 0], 
nid005203:74126:74126 [5] NCCL INFO [node_id = 9; gpu_id = 1553; unique_id = 10235035428264673151; location_id = 54784; bdf = 54784; domain = 0; partition = 0], 
nid005203:74126:74126 [5] NCCL INFO [node_id = 8; gpu_id = 13395; unique_id = 14301238691723642949; location_id = 53504; bdf = 53504; domain = 0; partition = 0], 
nid005203:74126:74126 [5] NCCL INFO [node_id = 7; gpu_id = 3099; unique_id = 15281401790505973020; location_id = 52736; bdf = 52736; domain = 0; partition = 0], 
nid005203:74126:74126 [5] NCCL INFO [node_id = 6; gpu_id = 15961; unique_id = 15425361839443638760; location_id = 51456; bdf = 51456; domain = 0; partition = 0], 
nid005202:79983:79983 [1] NCCL INFO initialized internal alternative rsmi functionality
nid005202:79983:79983 [1] NCCL INFO initialized internal alternative rsmi functionality
nid005202:79983:79983 [1] NCCL INFO initialized internal alternative rsmi functionality
nid005202:79983:79983 [1] NCCL INFO initialized internal alternative rsmi functionality
nid005202:79983:79983 [1] NCCL INFO initialized internal alternative rsmi functionality
nid005202:79983:79983 [1] NCCL INFO NCCL_NET_GDR_LEVEL set by environment to LOC
nid005202:79983:79983 [1] NCCL INFO === System : maxBw 24.0 totalBw 252.0 ===
nid005202:79983:79983 [1] NCCL INFO CPU/0-3 (1/2/4)
nid005202:79983:79983 [1] NCCL INFO + PCI[24.0] - GPU/0-c1000 (0)
nid005202:79983:79983 [1] NCCL INFO               + XGMI[144.0] - GPU/C6000
nid005202:79983:79983 [1] NCCL INFO               + XGMI[72.0] - GPU/D9000
nid005202:79983:79983 [1] NCCL INFO               + XGMI[36.0] - GPU/C9000
nid005202:79983:79983 [1] NCCL INFO + PCI[24.0] - NIC/0-c5000
nid005203:74126:74126 [5] NCCL INFO [node_id = 5; gpu_id = 51740; unique_id = 15608283913776450212; location_id = 50688; bdf = 50688; domain = 0; partition = 0], 
nid005203:74126:74126 [5] NCCL INFO [node_id = 4; gpu_id = 63582; unique_id = 16277496716478252442; location_id = 49408; bdf = 49408; domain = 0; partition = 0], 
nid005203:74126:74126 [5] NCCL INFO [node_id = 10; gpu_id = 62036; unique_id = 16844109392297431011; location_id = 55552; bdf = 55552; domain = 0; partition = 0], 
nid005203:74126:74126 [5] NCCL INFO initialized internal alternative rsmi functionality
nid005203:74126:74126 [5] NCCL INFO ncclCommInitRank comm 0x723b040 rank 13 nranks 16 cudaDev 5 nvmlDev 5 busId d6000 commId 0x1b9730ce07259768 - Init START
nid005203:74126:74126 [5] NCCL INFO initialized internal alternative rsmi functionality
nid005203:74126:74126 [5] NCCL INFO initialized internal alternative rsmi functionality
nid005203:74126:74126 [5] NCCL INFO initialized internal alternative rsmi functionality
nid005202:79983:79983 [1] NCCL INFO               + NET[25000.0] - NET/0 (0/1/25000.000000)
nid005202:79983:79983 [1] NCCL INFO + PCI[24.0] - GPU/0-c6000 (1)
nid005203:74126:74126 [5] NCCL INFO initialized internal alternative rsmi functionality
nid005203:74126:74126 [5] NCCL INFO initialized internal alternative rsmi functionality
nid005203:74126:74126 [5] NCCL INFO initialized internal alternative rsmi functionality
nid005203:74126:74126 [5] NCCL INFO initialized internal alternative rsmi functionality
nid005203:74126:74126 [5] NCCL INFO initialized internal alternative rsmi functionality
nid005203:74126:74126 [5] NCCL INFO NCCL_NET_GDR_LEVEL set by environment to LOC
nid005203:74126:74126 [5] NCCL INFO === System : maxBw 24.0 totalBw 252.0 ===
nid005203:74126:74126 [5] NCCL INFO CPU/0-3 (1/2/4)
nid005203:74126:74126 [5] NCCL INFO + PCI[24.0] - GPU/0-c1000 (8)
nid005203:74126:74126 [5] NCCL INFO               + XGMI[144.0] - GPU/C6000
nid005203:74126:74126 [5] NCCL INFO               + XGMI[72.0] - GPU/D9000
nid005203:74126:74126 [5] NCCL INFO               + XGMI[36.0] - GPU/C9000
nid005203:74126:74126 [5] NCCL INFO + PCI[24.0] - NIC/0-c5000
nid005202:79984:79984 [2] NCCL INFO ROCr version 1.14
nid005202:79984:79984 [2] NCCL INFO Dmabuf feature disabled without NCCL_DMABUF_ENABLE=1
nid005202:79984:79984 [2] NCCL INFO Bootstrap : Using nmn0:10.120.28.124<0>
nid005202:79984:79984 [2] NCCL INFO NET/Plugin: Failed to find ncclNetPlugin_v8 symbol.
nid005202:79984:79984 [2] NCCL INFO NET/Plugin: Loaded net plugin AWS Libfabric (v5)
nid005202:79984:79984 [2] NCCL INFO NET/Plugin: Failed to find ncclCollNetPlugin_v8 symbol.
nid005202:79984:79984 [2] NCCL INFO NET/Plugin: Failed to find ncclCollNetPlugin symbol (>= v5). ncclCollNetPlugin symbols v4 and lower are not supported.
nid005202:79984:79984 [2] NCCL INFO Kernel version: 6.4.0-150600.23.73_15.0.14-cray_shasta_c
nid005202:79984:79984 [2] NCCL INFO NET/OFI Using aws-ofi-rccl 1.4.0
nid005202:79984:79984 [2] NCCL INFO NET/OFI Setting FI_EFA_FORK_SAFE environment variable to 1
nid005202:79984:79984 [2] NCCL INFO NET/OFI Selected Provider is cxi
nid005203:74126:74126 [5] NCCL INFO               + NET[25000.0] - NET/0 (0/1/25000.000000)
nid005203:74126:74126 [5] NCCL INFO + PCI[24.0] - GPU/0-c6000 (9)
nid005202:79984:79984 [2] NCCL INFO Using non-device net plugin version 0
nid005202:79984:79984 [2] NCCL INFO Using network AWS Libfabric
nid005202:79984:79984 [2] NCCL INFO [node_id = 4; gpu_id = 63582; unique_id = 431159754926829670; location_id = 49408; bdf = 49408; domain = 0; partition = 0], 
nid005202:79984:79984 [2] NCCL INFO [node_id = 11; gpu_id = 49174; unique_id = 2032789902121370102; location_id = 56832; bdf = 56832; domain = 0; partition = 0], 
nid005202:79984:79984 [2] NCCL INFO [node_id = 10; gpu_id = 62036; unique_id = 3195935640302984127; location_id = 55552; bdf = 55552; domain = 0; partition = 0], 
nid005202:79984:79984 [2] NCCL INFO [node_id = 7; gpu_id = 3099; unique_id = 3867246051403584135; location_id = 52736; bdf = 52736; domain = 0; partition = 0], 
nid005202:79984:79984 [2] NCCL INFO [node_id = 8; gpu_id = 13395; unique_id = 9845350428291425985; location_id = 53504; bdf = 53504; domain = 0; partition = 0], 
nid005203:74127:74127 [6] NCCL INFO ROCr version 1.14
nid005203:74127:74127 [6] NCCL INFO Dmabuf feature disabled without NCCL_DMABUF_ENABLE=1
nid005203:74127:74127 [6] NCCL INFO Bootstrap : Using nmn0:10.120.28.127<0>
nid005203:74127:74127 [6] NCCL INFO NET/Plugin: Failed to find ncclNetPlugin_v8 symbol.
nid005203:74127:74127 [6] NCCL INFO NET/Plugin: Loaded net plugin AWS Libfabric (v5)
nid005203:74127:74127 [6] NCCL INFO NET/Plugin: Failed to find ncclCollNetPlugin_v8 symbol.
nid005203:74127:74127 [6] NCCL INFO NET/Plugin: Failed to find ncclCollNetPlugin symbol (>= v5). ncclCollNetPlugin symbols v4 and lower are not supported.
nid005203:74127:74127 [6] NCCL INFO Kernel version: 6.4.0-150600.23.73_15.0.14-cray_shasta_c
nid005203:74127:74127 [6] NCCL INFO NET/OFI Using aws-ofi-rccl 1.4.0
nid005203:74127:74127 [6] NCCL INFO NET/OFI Setting FI_EFA_FORK_SAFE environment variable to 1
nid005203:74127:74127 [6] NCCL INFO NET/OFI Selected Provider is cxi
nid005202:79984:79984 [2] NCCL INFO [node_id = 6; gpu_id = 15961; unique_id = 13092615334343045736; location_id = 51456; bdf = 51456; domain = 0; partition = 0], 
nid005202:79984:79984 [2] NCCL INFO [node_id = 5; gpu_id = 51740; unique_id = 13276276064966136751; location_id = 50688; bdf = 50688; domain = 0; partition = 0], 
nid005202:79984:79984 [2] NCCL INFO [node_id = 9; gpu_id = 1553; unique_id = 13630383225681540495; location_id = 54784; bdf = 54784; domain = 0; partition = 0], 
nid005202:79984:79984 [2] NCCL INFO initialized internal alternative rsmi functionality
nid005202:79984:79984 [2] NCCL INFO ncclCommInitRank comm 0xcae8c0 rank 2 nranks 16 cudaDev 2 nvmlDev 2 busId c9000 commId 0x1b9730ce07259768 - Init START
nid005202:79984:79984 [2] NCCL INFO initialized internal alternative rsmi functionality
nid005202:79984:79984 [2] NCCL INFO initialized internal alternative rsmi functionality
nid005202:79984:79984 [2] NCCL INFO initialized internal alternative rsmi functionality
nid005203:74127:74127 [6] NCCL INFO Using non-device net plugin version 0
nid005203:74127:74127 [6] NCCL INFO Using network AWS Libfabric
nid005203:74127:74127 [6] NCCL INFO [node_id = 11; gpu_id = 49174; unique_id = 10097786682874376091; location_id = 56832; bdf = 56832; domain = 0; partition = 0], 
nid005203:74127:74127 [6] NCCL INFO [node_id = 9; gpu_id = 1553; unique_id = 10235035428264673151; location_id = 54784; bdf = 54784; domain = 0; partition = 0], 
nid005203:74127:74127 [6] NCCL INFO [node_id = 8; gpu_id = 13395; unique_id = 14301238691723642949; location_id = 53504; bdf = 53504; domain = 0; partition = 0], 
nid005203:74127:74127 [6] NCCL INFO [node_id = 7; gpu_id = 3099; unique_id = 15281401790505973020; location_id = 52736; bdf = 52736; domain = 0; partition = 0], 
nid005203:74127:74127 [6] NCCL INFO [node_id = 6; gpu_id = 15961; unique_id = 15425361839443638760; location_id = 51456; bdf = 51456; domain = 0; partition = 0], 
nid005202:79984:79984 [2] NCCL INFO initialized internal alternative rsmi functionality
nid005202:79984:79984 [2] NCCL INFO initialized internal alternative rsmi functionality
nid005202:79984:79984 [2] NCCL INFO initialized internal alternative rsmi functionality
nid005202:79984:79984 [2] NCCL INFO initialized internal alternative rsmi functionality
nid005202:79984:79984 [2] NCCL INFO initialized internal alternative rsmi functionality
nid005202:79984:79984 [2] NCCL INFO NCCL_NET_GDR_LEVEL set by environment to LOC
nid005202:79984:79984 [2] NCCL INFO === System : maxBw 24.0 totalBw 252.0 ===
nid005202:79984:79984 [2] NCCL INFO CPU/0-3 (1/2/4)
nid005202:79984:79984 [2] NCCL INFO + PCI[24.0] - GPU/0-c1000 (0)
nid005202:79984:79984 [2] NCCL INFO               + XGMI[144.0] - GPU/C6000
nid005202:79984:79984 [2] NCCL INFO               + XGMI[72.0] - GPU/D9000
nid005202:79984:79984 [2] NCCL INFO               + XGMI[36.0] - GPU/C9000
nid005202:79984:79984 [2] NCCL INFO + PCI[24.0] - NIC/0-c5000
nid005203:74127:74127 [6] NCCL INFO [node_id = 5; gpu_id = 51740; unique_id = 15608283913776450212; location_id = 50688; bdf = 50688; domain = 0; partition = 0], 
nid005203:74127:74127 [6] NCCL INFO [node_id = 4; gpu_id = 63582; unique_id = 16277496716478252442; location_id = 49408; bdf = 49408; domain = 0; partition = 0], 
nid005203:74127:74127 [6] NCCL INFO [node_id = 10; gpu_id = 62036; unique_id = 16844109392297431011; location_id = 55552; bdf = 55552; domain = 0; partition = 0], 
nid005203:74127:74127 [6] NCCL INFO initialized internal alternative rsmi functionality
nid005203:74127:74127 [6] NCCL INFO ncclCommInitRank comm 0x5231240 rank 14 nranks 16 cudaDev 6 nvmlDev 6 busId d9000 commId 0x1b9730ce07259768 - Init START
nid005203:74127:74127 [6] NCCL INFO initialized internal alternative rsmi functionality
nid005203:74127:74127 [6] NCCL INFO initialized internal alternative rsmi functionality
nid005203:74127:74127 [6] NCCL INFO initialized internal alternative rsmi functionality
nid005202:79984:79984 [2] NCCL INFO               + NET[25000.0] - NET/0 (0/1/25000.000000)
nid005202:79984:79984 [2] NCCL INFO + PCI[24.0] - GPU/0-c6000 (1)
nid005203:74127:74127 [6] NCCL INFO initialized internal alternative rsmi functionality
nid005203:74127:74127 [6] NCCL INFO initialized internal alternative rsmi functionality
nid005203:74127:74127 [6] NCCL INFO initialized internal alternative rsmi functionality
nid005203:74127:74127 [6] NCCL INFO initialized internal alternative rsmi functionality
nid005203:74127:74127 [6] NCCL INFO initialized internal alternative rsmi functionality
nid005203:74127:74127 [6] NCCL INFO NCCL_NET_GDR_LEVEL set by environment to LOC
nid005203:74127:74127 [6] NCCL INFO === System : maxBw 24.0 totalBw 252.0 ===
nid005203:74127:74127 [6] NCCL INFO CPU/0-3 (1/2/4)
nid005203:74127:74127 [6] NCCL INFO + PCI[24.0] - GPU/0-c1000 (8)
nid005203:74127:74127 [6] NCCL INFO               + XGMI[144.0] - GPU/C6000
nid005203:74127:74127 [6] NCCL INFO               + XGMI[72.0] - GPU/D9000
nid005203:74127:74127 [6] NCCL INFO               + XGMI[36.0] - GPU/C9000
nid005203:74127:74127 [6] NCCL INFO + PCI[24.0] - NIC/0-c5000
nid005202:79985:79985 [3] NCCL INFO               + XGMI[144.0] - GPU/C1000
nid005202:79985:79985 [3] NCCL INFO               + XGMI[36.0] - GPU/CE000
nid005202:79985:79985 [3] NCCL INFO               + XGMI[36.0] - GPU/D6000
nid005202:79985:79985 [3] NCCL INFO + SYS[16.0] - CPU/1
nid005202:79985:79985 [3] NCCL INFO + SYS[16.0] - CPU/0
nid005202:79985:79985 [3] NCCL INFO + SYS[16.0] - CPU/2
nid005202:79985:79985 [3] NCCL INFO CPU/0-1 (1/2/4)
nid005202:79985:79985 [3] NCCL INFO + PCI[24.0] - GPU/0-c9000 (2)
nid005202:79985:79985 [3] NCCL INFO               + XGMI[144.0] - GPU/CE000
nid005202:79985:79985 [3] NCCL INFO               + XGMI[72.0] - GPU/D1000
nid005202:79985:79985 [3] NCCL INFO               + XGMI[36.0] - GPU/C1000
nid005202:79985:79985 [3] NCCL INFO + PCI[24.0] - NIC/0-cd000
nid005202:79985:79985 [3] NCCL INFO               + NET[25000.0] - NET/1 (1/1/25000.000000)
nid005202:79985:79985 [3] NCCL INFO + PCI[24.0] - GPU/0-ce000 (3)
nid005203:74127:74127 [6] NCCL INFO               + NET[25000.0] - NET/0 (0/1/25000.000000)
nid005203:74127:74127 [6] NCCL INFO + PCI[24.0] - GPU/0-c6000 (9)
nid005202:79985:79985 [3] NCCL INFO               + XGMI[144.0] - GPU/C9000
nid005202:79985:79985 [3] NCCL INFO               + XGMI[36.0] - GPU/C6000
nid005202:79985:79985 [3] NCCL INFO               + XGMI[36.0] - GPU/DE000
nid005202:79985:79985 [3] NCCL INFO + SYS[16.0] - CPU/3
nid005202:79985:79985 [3] NCCL INFO + SYS[16.0] - CPU/0
nid005202:79985:79985 [3] NCCL INFO + SYS[16.0] - CPU/2
nid005202:79985:79985 [3] NCCL INFO CPU/0-0 (1/2/4)
nid005202:79985:79985 [3] NCCL INFO + PCI[24.0] - GPU/0-d1000 (4)
nid005202:79985:79985 [3] NCCL INFO               + XGMI[144.0] - GPU/D6000
nid005202:79985:79985 [3] NCCL INFO               + XGMI[72.0] - GPU/C9000
nid005202:79985:79985 [3] NCCL INFO               + XGMI[36.0] - GPU/D9000
nid005202:79985:79985 [3] NCCL INFO + PCI[24.0] - NIC/0-d5000
nid005202:79985:79985 [3] NCCL INFO               + NET[25000.0] - NET/2 (2/1/25000.000000)
nid005202:79985:79985 [3] NCCL INFO + PCI[24.0] - GPU/0-d6000 (5)
nid005203:74121:74121 [0] NCCL INFO ROCr version 1.14
nid005203:74121:74121 [0] NCCL INFO Dmabuf feature disabled without NCCL_DMABUF_ENABLE=1
nid005203:74121:74121 [0] NCCL INFO Bootstrap : Using nmn0:10.120.28.127<0>
nid005203:74121:74121 [0] NCCL INFO NET/Plugin: Failed to find ncclNetPlugin_v8 symbol.
nid005203:74121:74121 [0] NCCL INFO NET/Plugin: Loaded net plugin AWS Libfabric (v5)
nid005203:74121:74121 [0] NCCL INFO NET/Plugin: Failed to find ncclCollNetPlugin_v8 symbol.
nid005203:74121:74121 [0] NCCL INFO NET/Plugin: Failed to find ncclCollNetPlugin symbol (>= v5). ncclCollNetPlugin symbols v4 and lower are not supported.
nid005203:74121:74121 [0] NCCL INFO Kernel version: 6.4.0-150600.23.73_15.0.14-cray_shasta_c
nid005203:74121:74121 [0] NCCL INFO NET/OFI Using aws-ofi-rccl 1.4.0
nid005203:74121:74121 [0] NCCL INFO NET/OFI Setting FI_EFA_FORK_SAFE environment variable to 1
nid005203:74121:74121 [0] NCCL INFO NET/OFI Selected Provider is cxi
nid005202:79985:79985 [3] NCCL INFO               + XGMI[144.0] - GPU/D1000
nid005202:79985:79985 [3] NCCL INFO               + XGMI[36.0] - GPU/C6000
nid005202:79985:79985 [3] NCCL INFO               + XGMI[36.0] - GPU/DE000
nid005202:79985:79985 [3] NCCL INFO + SYS[16.0] - CPU/3
nid005202:79985:79985 [3] NCCL INFO + SYS[16.0] - CPU/1
nid005202:79985:79985 [3] NCCL INFO + SYS[16.0] - CPU/2
nid005202:79985:79985 [3] NCCL INFO CPU/0-2 (1/2/4)
nid005202:79985:79985 [3] NCCL INFO + PCI[24.0] - GPU/0-d9000 (6)
nid005202:79985:79985 [3] NCCL INFO               + XGMI[144.0] - GPU/DE000
nid005202:79985:79985 [3] NCCL INFO               + XGMI[72.0] - GPU/C1000
nid005202:79985:79985 [3] NCCL INFO               + XGMI[36.0] - GPU/D1000
nid005202:79985:79985 [3] NCCL INFO + PCI[24.0] - NIC/0-dd000
nid005202:79985:79985 [3] NCCL INFO               + NET[25000.0] - NET/3 (3/1/25000.000000)
nid005202:79985:79985 [3] NCCL INFO + PCI[24.0] - GPU/0-de000 (7)
nid005203:74121:74121 [0] NCCL INFO Using non-device net plugin version 0
nid005203:74121:74121 [0] NCCL INFO Using network AWS Libfabric
nid005203:74121:74121 [0] NCCL INFO [node_id = 11; gpu_id = 49174; unique_id = 10097786682874376091; location_id = 56832; bdf = 56832; domain = 0; partition = 0], 
nid005203:74121:74121 [0] NCCL INFO [node_id = 9; gpu_id = 1553; unique_id = 10235035428264673151; location_id = 54784; bdf = 54784; domain = 0; partition = 0], 
nid005203:74121:74121 [0] NCCL INFO [node_id = 8; gpu_id = 13395; unique_id = 14301238691723642949; location_id = 53504; bdf = 53504; domain = 0; partition = 0], 
nid005203:74121:74121 [0] NCCL INFO [node_id = 7; gpu_id = 3099; unique_id = 15281401790505973020; location_id = 52736; bdf = 52736; domain = 0; partition = 0], 
nid005203:74121:74121 [0] NCCL INFO [node_id = 6; gpu_id = 15961; unique_id = 15425361839443638760; location_id = 51456; bdf = 51456; domain = 0; partition = 0], 
nid005202:79985:79985 [3] NCCL INFO               + XGMI[144.0] - GPU/D9000
nid005202:79985:79985 [3] NCCL INFO               + XGMI[36.0] - GPU/CE000
nid005202:79985:79985 [3] NCCL INFO               + XGMI[36.0] - GPU/D6000
nid005202:79985:79985 [3] NCCL INFO + SYS[16.0] - CPU/3
nid005202:79985:79985 [3] NCCL INFO + SYS[16.0] - CPU/1
nid005202:79985:79985 [3] NCCL INFO + SYS[16.0] - CPU/0
nid005202:79985:79985 [3] NCCL INFO ==========================================
nid005202:79985:79985 [3] NCCL INFO GPU/C1000 :GPU/0-c1000 (0/5000.0/LOC) GPU/0-c6000 (1/144.0/XGMI) GPU/0-c9000 (1/36.0/XGMI) GPU/0-ce000 (3/16.0/SYS) GPU/0-d1000 (3/16.0/SYS) GPU/0-d6000 (3/16.0/SYS) GPU/0-d9000 (1/72.0/XGMI) GPU/0-de000 (3/16.0/SYS) CPU/0-3 (1/24.0/PHB) CPU/0-1 (2/16.0/SYS) CPU/0-0 (2/16.0/SYS) CPU/0-2 (2/16.0/SYS) NET/0-0 (3/24.0/PHB) NET/0-1 (4/16.0/SYS) NET/0-2 (4/16.0/SYS) NET/0-3 (4/16.0/SYS) 
nid005203:74121:74121 [0] NCCL INFO [node_id = 5; gpu_id = 51740; unique_id = 15608283913776450212; location_id = 50688; bdf = 50688; domain = 0; partition = 0], 
nid005203:74121:74121 [0] NCCL INFO [node_id = 4; gpu_id = 63582; unique_id = 16277496716478252442; location_id = 49408; bdf = 49408; domain = 0; partition = 0], 
nid005203:74121:74121 [0] NCCL INFO [node_id = 10; gpu_id = 62036; unique_id = 16844109392297431011; location_id = 55552; bdf = 55552; domain = 0; partition = 0], 
nid005203:74121:74121 [0] NCCL INFO initialized internal alternative rsmi functionality
nid005203:74121:74121 [0] NCCL INFO ncclCommInitRank comm 0x72b3a30 rank 8 nranks 16 cudaDev 0 nvmlDev 0 busId c1000 commId 0x1b9730ce07259768 - Init START
nid005203:74121:74121 [0] NCCL INFO initialized internal alternative rsmi functionality
nid005203:74121:74121 [0] NCCL INFO initialized internal alternative rsmi functionality
nid005203:74121:74121 [0] NCCL INFO initialized internal alternative rsmi functionality
nid005202:79986:79986 [4] NCCL INFO ROCr version 1.14
nid005202:79986:79986 [4] NCCL INFO Dmabuf feature disabled without NCCL_DMABUF_ENABLE=1
nid005202:79986:79986 [4] NCCL INFO Bootstrap : Using nmn0:10.120.28.124<0>
nid005202:79986:79986 [4] NCCL INFO NET/Plugin: Failed to find ncclNetPlugin_v8 symbol.
nid005202:79986:79986 [4] NCCL INFO NET/Plugin: Loaded net plugin AWS Libfabric (v5)
nid005202:79986:79986 [4] NCCL INFO NET/Plugin: Failed to find ncclCollNetPlugin_v8 symbol.
nid005202:79986:79986 [4] NCCL INFO NET/Plugin: Failed to find ncclCollNetPlugin symbol (>= v5). ncclCollNetPlugin symbols v4 and lower are not supported.
nid005202:79986:79986 [4] NCCL INFO Kernel version: 6.4.0-150600.23.73_15.0.14-cray_shasta_c
nid005202:79986:79986 [4] NCCL INFO NET/OFI Using aws-ofi-rccl 1.4.0
nid005202:79986:79986 [4] NCCL INFO NET/OFI Setting FI_EFA_FORK_SAFE environment variable to 1
nid005202:79986:79986 [4] NCCL INFO NET/OFI Selected Provider is cxi
nid005203:74121:74121 [0] NCCL INFO initialized internal alternative rsmi functionality
nid005203:74121:74121 [0] NCCL INFO initialized internal alternative rsmi functionality
nid005203:74121:74121 [0] NCCL INFO initialized internal alternative rsmi functionality
nid005203:74121:74121 [0] NCCL INFO initialized internal alternative rsmi functionality
nid005203:74121:74121 [0] NCCL INFO initialized internal alternative rsmi functionality
nid005203:74121:74121 [0] NCCL INFO NCCL_NET_GDR_LEVEL set by environment to LOC
nid005203:74121:74121 [0] NCCL INFO === System : maxBw 24.0 totalBw 252.0 ===
nid005203:74121:74121 [0] NCCL INFO CPU/0-3 (1/2/4)
nid005203:74121:74121 [0] NCCL INFO + PCI[24.0] - GPU/0-c1000 (8)
nid005203:74121:74121 [0] NCCL INFO               + XGMI[144.0] - GPU/C6000
nid005203:74121:74121 [0] NCCL INFO               + XGMI[72.0] - GPU/D9000
nid005203:74121:74121 [0] NCCL INFO               + XGMI[36.0] - GPU/C9000
nid005203:74121:74121 [0] NCCL INFO + PCI[24.0] - NIC/0-c5000
nid005202:79986:79986 [4] NCCL INFO Using non-device net plugin version 0
nid005202:79986:79986 [4] NCCL INFO Using network AWS Libfabric
nid005202:79986:79986 [4] NCCL INFO [node_id = 4; gpu_id = 63582; unique_id = 431159754926829670; location_id = 49408; bdf = 49408; domain = 0; partition = 0], 
nid005202:79986:79986 [4] NCCL INFO [node_id = 11; gpu_id = 49174; unique_id = 2032789902121370102; location_id = 56832; bdf = 56832; domain = 0; partition = 0], 
nid005202:79986:79986 [4] NCCL INFO [node_id = 10; gpu_id = 62036; unique_id = 3195935640302984127; location_id = 55552; bdf = 55552; domain = 0; partition = 0], 
nid005202:79986:79986 [4] NCCL INFO [node_id = 7; gpu_id = 3099; unique_id = 3867246051403584135; location_id = 52736; bdf = 52736; domain = 0; partition = 0], 
nid005202:79986:79986 [4] NCCL INFO [node_id = 8; gpu_id = 13395; unique_id = 9845350428291425985; location_id = 53504; bdf = 53504; domain = 0; partition = 0], 
nid005203:74121:74121 [0] NCCL INFO               + NET[25000.0] - NET/0 (0/1/25000.000000)
nid005203:74121:74121 [0] NCCL INFO + PCI[24.0] - GPU/0-c6000 (9)
nid005202:79986:79986 [4] NCCL INFO [node_id = 6; gpu_id = 15961; unique_id = 13092615334343045736; location_id = 51456; bdf = 51456; domain = 0; partition = 0], 
nid005202:79986:79986 [4] NCCL INFO [node_id = 5; gpu_id = 51740; unique_id = 13276276064966136751; location_id = 50688; bdf = 50688; domain = 0; partition = 0], 
nid005202:79986:79986 [4] NCCL INFO [node_id = 9; gpu_id = 1553; unique_id = 13630383225681540495; location_id = 54784; bdf = 54784; domain = 0; partition = 0], 
nid005202:79986:79986 [4] NCCL INFO initialized internal alternative rsmi functionality
nid005202:79986:79986 [4] NCCL INFO ncclCommInitRank comm 0x6f71560 rank 4 nranks 16 cudaDev 4 nvmlDev 4 busId d1000 commId 0x1b9730ce07259768 - Init START
nid005202:79986:79986 [4] NCCL INFO initialized internal alternative rsmi functionality
nid005202:79986:79986 [4] NCCL INFO initialized internal alternative rsmi functionality
nid005202:79986:79986 [4] NCCL INFO initialized internal alternative rsmi functionality
nid005203:74122:74122 [1] NCCL INFO               + XGMI[144.0] - GPU/C1000
nid005203:74122:74122 [1] NCCL INFO               + XGMI[36.0] - GPU/CE000
nid005203:74122:74122 [1] NCCL INFO               + XGMI[36.0] - GPU/D6000
nid005203:74122:74122 [1] NCCL INFO + SYS[16.0] - CPU/1
nid005203:74122:74122 [1] NCCL INFO + SYS[16.0] - CPU/0
nid005203:74122:74122 [1] NCCL INFO + SYS[16.0] - CPU/2
nid005203:74122:74122 [1] NCCL INFO CPU/0-1 (1/2/4)
nid005203:74122:74122 [1] NCCL INFO + PCI[24.0] - GPU/0-c9000 (10)
nid005203:74122:74122 [1] NCCL INFO               + XGMI[144.0] - GPU/CE000
nid005203:74122:74122 [1] NCCL INFO               + XGMI[72.0] - GPU/D1000
nid005203:74122:74122 [1] NCCL INFO               + XGMI[36.0] - GPU/C1000
nid005203:74122:74122 [1] NCCL INFO + PCI[24.0] - NIC/0-cd000
nid005203:74122:74122 [1] NCCL INFO               + NET[25000.0] - NET/1 (1/1/25000.000000)
nid005203:74122:74122 [1] NCCL INFO + PCI[24.0] - GPU/0-ce000 (11)
nid005202:79986:79986 [4] NCCL INFO initialized internal alternative rsmi functionality
nid005202:79986:79986 [4] NCCL INFO initialized internal alternative rsmi functionality
nid005202:79986:79986 [4] NCCL INFO initialized internal alternative rsmi functionality
nid005202:79986:79986 [4] NCCL INFO initialized internal alternative rsmi functionality
nid005202:79986:79986 [4] NCCL INFO initialized internal alternative rsmi functionality
nid005202:79986:79986 [4] NCCL INFO NCCL_NET_GDR_LEVEL set by environment to LOC
nid005202:79986:79986 [4] NCCL INFO === System : maxBw 24.0 totalBw 252.0 ===
nid005202:79986:79986 [4] NCCL INFO CPU/0-3 (1/2/4)
nid005202:79986:79986 [4] NCCL INFO + PCI[24.0] - GPU/0-c1000 (0)
nid005202:79986:79986 [4] NCCL INFO               + XGMI[144.0] - GPU/C6000
nid005202:79986:79986 [4] NCCL INFO               + XGMI[72.0] - GPU/D9000
nid005202:79986:79986 [4] NCCL INFO               + XGMI[36.0] - GPU/C9000
nid005202:79986:79986 [4] NCCL INFO + PCI[24.0] - NIC/0-c5000
nid005203:74122:74122 [1] NCCL INFO               + XGMI[144.0] - GPU/C9000
nid005203:74122:74122 [1] NCCL INFO               + XGMI[36.0] - GPU/C6000
nid005203:74122:74122 [1] NCCL INFO               + XGMI[36.0] - GPU/DE000
nid005203:74122:74122 [1] NCCL INFO + SYS[16.0] - CPU/3
nid005203:74122:74122 [1] NCCL INFO + SYS[16.0] - CPU/0
nid005203:74122:74122 [1] NCCL INFO + SYS[16.0] - CPU/2
nid005203:74122:74122 [1] NCCL INFO CPU/0-0 (1/2/4)
nid005203:74122:74122 [1] NCCL INFO + PCI[24.0] - GPU/0-d1000 (12)
nid005203:74122:74122 [1] NCCL INFO               + XGMI[144.0] - GPU/D6000
nid005203:74122:74122 [1] NCCL INFO               + XGMI[72.0] - GPU/C9000
nid005203:74122:74122 [1] NCCL INFO               + XGMI[36.0] - GPU/D9000
nid005203:74122:74122 [1] NCCL INFO + PCI[24.0] - NIC/0-d5000
nid005203:74122:74122 [1] NCCL INFO               + NET[25000.0] - NET/2 (2/1/25000.000000)
nid005203:74122:74122 [1] NCCL INFO + PCI[24.0] - GPU/0-d6000 (13)
nid005202:79986:79986 [4] NCCL INFO               + NET[25000.0] - NET/0 (0/1/25000.000000)
nid005202:79986:79986 [4] NCCL INFO + PCI[24.0] - GPU/0-c6000 (1)
nid005203:74122:74122 [1] NCCL INFO               + XGMI[144.0] - GPU/D1000
nid005203:74122:74122 [1] NCCL INFO               + XGMI[36.0] - GPU/C6000
nid005203:74122:74122 [1] NCCL INFO               + XGMI[36.0] - GPU/DE000
nid005203:74122:74122 [1] NCCL INFO + SYS[16.0] - CPU/3
nid005203:74122:74122 [1] NCCL INFO + SYS[16.0] - CPU/1
nid005203:74122:74122 [1] NCCL INFO + SYS[16.0] - CPU/2
nid005203:74122:74122 [1] NCCL INFO CPU/0-2 (1/2/4)
nid005203:74122:74122 [1] NCCL INFO + PCI[24.0] - GPU/0-d9000 (14)
nid005203:74122:74122 [1] NCCL INFO               + XGMI[144.0] - GPU/DE000
nid005203:74122:74122 [1] NCCL INFO               + XGMI[72.0] - GPU/C1000
nid005203:74122:74122 [1] NCCL INFO               + XGMI[36.0] - GPU/D1000
nid005203:74122:74122 [1] NCCL INFO + PCI[24.0] - NIC/0-dd000
nid005203:74122:74122 [1] NCCL INFO               + NET[25000.0] - NET/3 (3/1/25000.000000)
nid005203:74122:74122 [1] NCCL INFO + PCI[24.0] - GPU/0-de000 (15)
nid005202:79987:79987 [5] NCCL INFO ROCr version 1.14
nid005202:79987:79987 [5] NCCL INFO Dmabuf feature disabled without NCCL_DMABUF_ENABLE=1
nid005202:79987:79987 [5] NCCL INFO Bootstrap : Using nmn0:10.120.28.124<0>
nid005202:79987:79987 [5] NCCL INFO NET/Plugin: Failed to find ncclNetPlugin_v8 symbol.
nid005202:79987:79987 [5] NCCL INFO NET/Plugin: Loaded net plugin AWS Libfabric (v5)
nid005202:79987:79987 [5] NCCL INFO NET/Plugin: Failed to find ncclCollNetPlugin_v8 symbol.
nid005202:79987:79987 [5] NCCL INFO NET/Plugin: Failed to find ncclCollNetPlugin symbol (>= v5). ncclCollNetPlugin symbols v4 and lower are not supported.
nid005202:79987:79987 [5] NCCL INFO Kernel version: 6.4.0-150600.23.73_15.0.14-cray_shasta_c
nid005202:79987:79987 [5] NCCL INFO NET/OFI Using aws-ofi-rccl 1.4.0
nid005202:79987:79987 [5] NCCL INFO NET/OFI Setting FI_EFA_FORK_SAFE environment variable to 1
nid005202:79987:79987 [5] NCCL INFO NET/OFI Selected Provider is cxi
nid005203:74122:74122 [1] NCCL INFO               + XGMI[144.0] - GPU/D9000
nid005203:74122:74122 [1] NCCL INFO               + XGMI[36.0] - GPU/CE000
nid005203:74122:74122 [1] NCCL INFO               + XGMI[36.0] - GPU/D6000
nid005203:74122:74122 [1] NCCL INFO + SYS[16.0] - CPU/3
nid005203:74122:74122 [1] NCCL INFO + SYS[16.0] - CPU/1
nid005203:74122:74122 [1] NCCL INFO + SYS[16.0] - CPU/0
nid005203:74122:74122 [1] NCCL INFO ==========================================
nid005203:74122:74122 [1] NCCL INFO GPU/C1000 :GPU/0-c1000 (0/5000.0/LOC) GPU/0-c6000 (1/144.0/XGMI) GPU/0-c9000 (1/36.0/XGMI) GPU/0-ce000 (3/16.0/SYS) GPU/0-d1000 (3/16.0/SYS) GPU/0-d6000 (3/16.0/SYS) GPU/0-d9000 (1/72.0/XGMI) GPU/0-de000 (3/16.0/SYS) CPU/0-3 (1/24.0/PHB) CPU/0-1 (2/16.0/SYS) CPU/0-0 (2/16.0/SYS) CPU/0-2 (2/16.0/SYS) NET/0-0 (3/24.0/PHB) NET/0-1 (4/16.0/SYS) NET/0-2 (4/16.0/SYS) NET/0-3 (4/16.0/SYS) 
nid005202:79987:79987 [5] NCCL INFO Using non-device net plugin version 0
nid005202:79987:79987 [5] NCCL INFO Using network AWS Libfabric
nid005202:79987:79987 [5] NCCL INFO [node_id = 4; gpu_id = 63582; unique_id = 431159754926829670; location_id = 49408; bdf = 49408; domain = 0; partition = 0], 
nid005202:79987:79987 [5] NCCL INFO [node_id = 11; gpu_id = 49174; unique_id = 2032789902121370102; location_id = 56832; bdf = 56832; domain = 0; partition = 0], 
nid005202:79987:79987 [5] NCCL INFO [node_id = 10; gpu_id = 62036; unique_id = 3195935640302984127; location_id = 55552; bdf = 55552; domain = 0; partition = 0], 
nid005202:79987:79987 [5] NCCL INFO [node_id = 7; gpu_id = 3099; unique_id = 3867246051403584135; location_id = 52736; bdf = 52736; domain = 0; partition = 0], 
nid005202:79987:79987 [5] NCCL INFO [node_id = 8; gpu_id = 13395; unique_id = 9845350428291425985; location_id = 53504; bdf = 53504; domain = 0; partition = 0], 
nid005203:74123:74123 [2] NCCL INFO               + XGMI[144.0] - GPU/C1000
nid005203:74123:74123 [2] NCCL INFO               + XGMI[36.0] - GPU/CE000
nid005203:74123:74123 [2] NCCL INFO               + XGMI[36.0] - GPU/D6000
nid005203:74123:74123 [2] NCCL INFO + SYS[16.0] - CPU/1
nid005203:74123:74123 [2] NCCL INFO + SYS[16.0] - CPU/0
nid005203:74123:74123 [2] NCCL INFO + SYS[16.0] - CPU/2
nid005203:74123:74123 [2] NCCL INFO CPU/0-1 (1/2/4)
nid005203:74123:74123 [2] NCCL INFO + PCI[24.0] - GPU/0-c9000 (10)
nid005203:74123:74123 [2] NCCL INFO               + XGMI[144.0] - GPU/CE000
nid005203:74123:74123 [2] NCCL INFO               + XGMI[72.0] - GPU/D1000
nid005203:74123:74123 [2] NCCL INFO               + XGMI[36.0] - GPU/C1000
nid005203:74123:74123 [2] NCCL INFO + PCI[24.0] - NIC/0-cd000
nid005203:74123:74123 [2] NCCL INFO               + NET[25000.0] - NET/1 (1/1/25000.000000)
nid005203:74123:74123 [2] NCCL INFO + PCI[24.0] - GPU/0-ce000 (11)
nid005202:79987:79987 [5] NCCL INFO [node_id = 6; gpu_id = 15961; unique_id = 13092615334343045736; location_id = 51456; bdf = 51456; domain = 0; partition = 0], 
nid005202:79987:79987 [5] NCCL INFO [node_id = 5; gpu_id = 51740; unique_id = 13276276064966136751; location_id = 50688; bdf = 50688; domain = 0; partition = 0], 
nid005202:79987:79987 [5] NCCL INFO [node_id = 9; gpu_id = 1553; unique_id = 13630383225681540495; location_id = 54784; bdf = 54784; domain = 0; partition = 0], 
nid005202:79987:79987 [5] NCCL INFO initialized internal alternative rsmi functionality
nid005202:79987:79987 [5] NCCL INFO ncclCommInitRank comm 0x6b488e0 rank 5 nranks 16 cudaDev 5 nvmlDev 5 busId d6000 commId 0x1b9730ce07259768 - Init START
nid005202:79987:79987 [5] NCCL INFO initialized internal alternative rsmi functionality
nid005202:79987:79987 [5] NCCL INFO initialized internal alternative rsmi functionality
nid005202:79987:79987 [5] NCCL INFO initialized internal alternative rsmi functionality
nid005203:74123:74123 [2] NCCL INFO               + XGMI[144.0] - GPU/C9000
nid005203:74123:74123 [2] NCCL INFO               + XGMI[36.0] - GPU/C6000
nid005203:74123:74123 [2] NCCL INFO               + XGMI[36.0] - GPU/DE000
nid005203:74123:74123 [2] NCCL INFO + SYS[16.0] - CPU/3
nid005203:74123:74123 [2] NCCL INFO + SYS[16.0] - CPU/0
nid005203:74123:74123 [2] NCCL INFO + SYS[16.0] - CPU/2
nid005203:74123:74123 [2] NCCL INFO CPU/0-0 (1/2/4)
nid005203:74123:74123 [2] NCCL INFO + PCI[24.0] - GPU/0-d1000 (12)
nid005203:74123:74123 [2] NCCL INFO               + XGMI[144.0] - GPU/D6000
nid005203:74123:74123 [2] NCCL INFO               + XGMI[72.0] - GPU/C9000
nid005203:74123:74123 [2] NCCL INFO               + XGMI[36.0] - GPU/D9000
nid005203:74123:74123 [2] NCCL INFO + PCI[24.0] - NIC/0-d5000
nid005203:74123:74123 [2] NCCL INFO               + NET[25000.0] - NET/2 (2/1/25000.000000)
nid005203:74123:74123 [2] NCCL INFO + PCI[24.0] - GPU/0-d6000 (13)
nid005202:79987:79987 [5] NCCL INFO initialized internal alternative rsmi functionality
nid005202:79987:79987 [5] NCCL INFO initialized internal alternative rsmi functionality
nid005202:79987:79987 [5] NCCL INFO initialized internal alternative rsmi functionality
nid005202:79987:79987 [5] NCCL INFO initialized internal alternative rsmi functionality
nid005202:79987:79987 [5] NCCL INFO initialized internal alternative rsmi functionality
nid005202:79987:79987 [5] NCCL INFO NCCL_NET_GDR_LEVEL set by environment to LOC
nid005202:79987:79987 [5] NCCL INFO === System : maxBw 24.0 totalBw 252.0 ===
nid005202:79987:79987 [5] NCCL INFO CPU/0-3 (1/2/4)
nid005202:79987:79987 [5] NCCL INFO + PCI[24.0] - GPU/0-c1000 (0)
nid005202:79987:79987 [5] NCCL INFO               + XGMI[144.0] - GPU/C6000
nid005202:79987:79987 [5] NCCL INFO               + XGMI[72.0] - GPU/D9000
nid005202:79987:79987 [5] NCCL INFO               + XGMI[36.0] - GPU/C9000
nid005202:79987:79987 [5] NCCL INFO + PCI[24.0] - NIC/0-c5000
nid005203:74123:74123 [2] NCCL INFO               + XGMI[144.0] - GPU/D1000
nid005203:74123:74123 [2] NCCL INFO               + XGMI[36.0] - GPU/C6000
nid005203:74123:74123 [2] NCCL INFO               + XGMI[36.0] - GPU/DE000
nid005203:74123:74123 [2] NCCL INFO + SYS[16.0] - CPU/3
nid005203:74123:74123 [2] NCCL INFO + SYS[16.0] - CPU/1
nid005203:74123:74123 [2] NCCL INFO + SYS[16.0] - CPU/2
nid005203:74123:74123 [2] NCCL INFO CPU/0-2 (1/2/4)
nid005203:74123:74123 [2] NCCL INFO + PCI[24.0] - GPU/0-d9000 (14)
nid005203:74123:74123 [2] NCCL INFO               + XGMI[144.0] - GPU/DE000
nid005203:74123:74123 [2] NCCL INFO               + XGMI[72.0] - GPU/C1000
nid005203:74123:74123 [2] NCCL INFO               + XGMI[36.0] - GPU/D1000
nid005203:74123:74123 [2] NCCL INFO + PCI[24.0] - NIC/0-dd000
nid005203:74123:74123 [2] NCCL INFO               + NET[25000.0] - NET/3 (3/1/25000.000000)
nid005203:74123:74123 [2] NCCL INFO + PCI[24.0] - GPU/0-de000 (15)
nid005202:79987:79987 [5] NCCL INFO               + NET[25000.0] - NET/0 (0/1/25000.000000)
nid005202:79987:79987 [5] NCCL INFO + PCI[24.0] - GPU/0-c6000 (1)
nid005203:74123:74123 [2] NCCL INFO               + XGMI[144.0] - GPU/D9000
nid005203:74123:74123 [2] NCCL INFO               + XGMI[36.0] - GPU/CE000
nid005203:74123:74123 [2] NCCL INFO               + XGMI[36.0] - GPU/D6000
nid005203:74123:74123 [2] NCCL INFO + SYS[16.0] - CPU/3
nid005203:74123:74123 [2] NCCL INFO + SYS[16.0] - CPU/1
nid005203:74123:74123 [2] NCCL INFO + SYS[16.0] - CPU/0
nid005203:74123:74123 [2] NCCL INFO ==========================================
nid005203:74123:74123 [2] NCCL INFO GPU/C1000 :GPU/0-c1000 (0/5000.0/LOC) GPU/0-c6000 (1/144.0/XGMI) GPU/0-c9000 (1/36.0/XGMI) GPU/0-ce000 (3/16.0/SYS) GPU/0-d1000 (3/16.0/SYS) GPU/0-d6000 (3/16.0/SYS) GPU/0-d9000 (1/72.0/XGMI) GPU/0-de000 (3/16.0/SYS) CPU/0-3 (1/24.0/PHB) CPU/0-1 (2/16.0/SYS) CPU/0-0 (2/16.0/SYS) CPU/0-2 (2/16.0/SYS) NET/0-0 (3/24.0/PHB) NET/0-1 (4/16.0/SYS) NET/0-2 (4/16.0/SYS) NET/0-3 (4/16.0/SYS) 
nid005202:79988:79988 [6] NCCL INFO ROCr version 1.14
nid005202:79988:79988 [6] NCCL INFO Dmabuf feature disabled without NCCL_DMABUF_ENABLE=1
nid005202:79988:79988 [6] NCCL INFO Bootstrap : Using nmn0:10.120.28.124<0>
nid005202:79988:79988 [6] NCCL INFO NET/Plugin: Failed to find ncclNetPlugin_v8 symbol.
nid005202:79988:79988 [6] NCCL INFO NET/Plugin: Loaded net plugin AWS Libfabric (v5)
nid005202:79988:79988 [6] NCCL INFO NET/Plugin: Failed to find ncclCollNetPlugin_v8 symbol.
nid005202:79988:79988 [6] NCCL INFO NET/Plugin: Failed to find ncclCollNetPlugin symbol (>= v5). ncclCollNetPlugin symbols v4 and lower are not supported.
nid005202:79988:79988 [6] NCCL INFO Kernel version: 6.4.0-150600.23.73_15.0.14-cray_shasta_c
nid005202:79988:79988 [6] NCCL INFO NET/OFI Using aws-ofi-rccl 1.4.0
nid005202:79988:79988 [6] NCCL INFO NET/OFI Setting FI_EFA_FORK_SAFE environment variable to 1
nid005202:79988:79988 [6] NCCL INFO NET/OFI Selected Provider is cxi
nid005203:74124:74124 [3] NCCL INFO ROCr version 1.14
nid005203:74124:74124 [3] NCCL INFO Dmabuf feature disabled without NCCL_DMABUF_ENABLE=1
nid005203:74124:74124 [3] NCCL INFO Bootstrap : Using nmn0:10.120.28.127<0>
nid005203:74124:74124 [3] NCCL INFO NET/Plugin: Failed to find ncclNetPlugin_v8 symbol.
nid005203:74124:74124 [3] NCCL INFO NET/Plugin: Loaded net plugin AWS Libfabric (v5)
nid005203:74124:74124 [3] NCCL INFO NET/Plugin: Failed to find ncclCollNetPlugin_v8 symbol.
nid005203:74124:74124 [3] NCCL INFO NET/Plugin: Failed to find ncclCollNetPlugin symbol (>= v5). ncclCollNetPlugin symbols v4 and lower are not supported.
nid005203:74124:74124 [3] NCCL INFO Kernel version: 6.4.0-150600.23.73_15.0.14-cray_shasta_c
nid005203:74124:74124 [3] NCCL INFO NET/OFI Using aws-ofi-rccl 1.4.0
nid005203:74124:74124 [3] NCCL INFO NET/OFI Setting FI_EFA_FORK_SAFE environment variable to 1
nid005203:74124:74124 [3] NCCL INFO NET/OFI Selected Provider is cxi
nid005202:79988:79988 [6] NCCL INFO Using non-device net plugin version 0
nid005202:79988:79988 [6] NCCL INFO Using network AWS Libfabric
nid005202:79988:79988 [6] NCCL INFO [node_id = 4; gpu_id = 63582; unique_id = 431159754926829670; location_id = 49408; bdf = 49408; domain = 0; partition = 0], 
nid005202:79988:79988 [6] NCCL INFO [node_id = 11; gpu_id = 49174; unique_id = 2032789902121370102; location_id = 56832; bdf = 56832; domain = 0; partition = 0], 
nid005202:79988:79988 [6] NCCL INFO [node_id = 10; gpu_id = 62036; unique_id = 3195935640302984127; location_id = 55552; bdf = 55552; domain = 0; partition = 0], 
nid005202:79988:79988 [6] NCCL INFO [node_id = 7; gpu_id = 3099; unique_id = 3867246051403584135; location_id = 52736; bdf = 52736; domain = 0; partition = 0], 
nid005202:79988:79988 [6] NCCL INFO [node_id = 8; gpu_id = 13395; unique_id = 9845350428291425985; location_id = 53504; bdf = 53504; domain = 0; partition = 0], 
nid005203:74124:74124 [3] NCCL INFO Using non-device net plugin version 0
nid005203:74124:74124 [3] NCCL INFO Using network AWS Libfabric
nid005203:74124:74124 [3] NCCL INFO [node_id = 11; gpu_id = 49174; unique_id = 10097786682874376091; location_id = 56832; bdf = 56832; domain = 0; partition = 0], 
nid005203:74124:74124 [3] NCCL INFO [node_id = 9; gpu_id = 1553; unique_id = 10235035428264673151; location_id = 54784; bdf = 54784; domain = 0; partition = 0], 
nid005203:74124:74124 [3] NCCL INFO [node_id = 8; gpu_id = 13395; unique_id = 14301238691723642949; location_id = 53504; bdf = 53504; domain = 0; partition = 0], 
nid005203:74124:74124 [3] NCCL INFO [node_id = 7; gpu_id = 3099; unique_id = 15281401790505973020; location_id = 52736; bdf = 52736; domain = 0; partition = 0], 
nid005203:74124:74124 [3] NCCL INFO [node_id = 6; gpu_id = 15961; unique_id = 15425361839443638760; location_id = 51456; bdf = 51456; domain = 0; partition = 0], 
nid005202:79988:79988 [6] NCCL INFO [node_id = 6; gpu_id = 15961; unique_id = 13092615334343045736; location_id = 51456; bdf = 51456; domain = 0; partition = 0], 
nid005202:79988:79988 [6] NCCL INFO [node_id = 5; gpu_id = 51740; unique_id = 13276276064966136751; location_id = 50688; bdf = 50688; domain = 0; partition = 0], 
nid005202:79988:79988 [6] NCCL INFO [node_id = 9; gpu_id = 1553; unique_id = 13630383225681540495; location_id = 54784; bdf = 54784; domain = 0; partition = 0], 
nid005202:79988:79988 [6] NCCL INFO initialized internal alternative rsmi functionality
nid005202:79988:79988 [6] NCCL INFO ncclCommInitRank comm 0x7246ff0 rank 6 nranks 16 cudaDev 6 nvmlDev 6 busId d9000 commId 0x1b9730ce07259768 - Init START
nid005202:79988:79988 [6] NCCL INFO initialized internal alternative rsmi functionality
nid005202:79988:79988 [6] NCCL INFO initialized internal alternative rsmi functionality
nid005202:79988:79988 [6] NCCL INFO initialized internal alternative rsmi functionality
nid005203:74124:74124 [3] NCCL INFO [node_id = 5; gpu_id = 51740; unique_id = 15608283913776450212; location_id = 50688; bdf = 50688; domain = 0; partition = 0], 
nid005203:74124:74124 [3] NCCL INFO [node_id = 4; gpu_id = 63582; unique_id = 16277496716478252442; location_id = 49408; bdf = 49408; domain = 0; partition = 0], 
nid005203:74124:74124 [3] NCCL INFO [node_id = 10; gpu_id = 62036; unique_id = 16844109392297431011; location_id = 55552; bdf = 55552; domain = 0; partition = 0], 
nid005203:74124:74124 [3] NCCL INFO initialized internal alternative rsmi functionality
nid005203:74124:74124 [3] NCCL INFO ncclCommInitRank comm 0x30d87e0 rank 11 nranks 16 cudaDev 3 nvmlDev 3 busId ce000 commId 0x1b9730ce07259768 - Init START
nid005203:74124:74124 [3] NCCL INFO initialized internal alternative rsmi functionality
nid005203:74124:74124 [3] NCCL INFO initialized internal alternative rsmi functionality
nid005203:74124:74124 [3] NCCL INFO initialized internal alternative rsmi functionality
nid005202:79988:79988 [6] NCCL INFO initialized internal alternative rsmi functionality
nid005202:79988:79988 [6] NCCL INFO initialized internal alternative rsmi functionality
nid005202:79988:79988 [6] NCCL INFO initialized internal alternative rsmi functionality
nid005202:79988:79988 [6] NCCL INFO initialized internal alternative rsmi functionality
nid005202:79988:79988 [6] NCCL INFO initialized internal alternative rsmi functionality
nid005202:79988:79988 [6] NCCL INFO NCCL_NET_GDR_LEVEL set by environment to LOC
nid005202:79988:79988 [6] NCCL INFO === System : maxBw 24.0 totalBw 252.0 ===
nid005202:79988:79988 [6] NCCL INFO CPU/0-3 (1/2/4)
nid005202:79988:79988 [6] NCCL INFO + PCI[24.0] - GPU/0-c1000 (0)
nid005202:79988:79988 [6] NCCL INFO               + XGMI[144.0] - GPU/C6000
nid005202:79988:79988 [6] NCCL INFO               + XGMI[72.0] - GPU/D9000
nid005202:79988:79988 [6] NCCL INFO               + XGMI[36.0] - GPU/C9000
nid005202:79988:79988 [6] NCCL INFO + PCI[24.0] - NIC/0-c5000
nid005203:74124:74124 [3] NCCL INFO initialized internal alternative rsmi functionality
nid005203:74124:74124 [3] NCCL INFO initialized internal alternative rsmi functionality
nid005203:74124:74124 [3] NCCL INFO initialized internal alternative rsmi functionality
nid005203:74124:74124 [3] NCCL INFO initialized internal alternative rsmi functionality
nid005203:74124:74124 [3] NCCL INFO initialized internal alternative rsmi functionality
nid005203:74124:74124 [3] NCCL INFO NCCL_NET_GDR_LEVEL set by environment to LOC
nid005203:74124:74124 [3] NCCL INFO === System : maxBw 24.0 totalBw 252.0 ===
nid005203:74124:74124 [3] NCCL INFO CPU/0-3 (1/2/4)
nid005203:74124:74124 [3] NCCL INFO + PCI[24.0] - GPU/0-c1000 (8)
nid005203:74124:74124 [3] NCCL INFO               + XGMI[144.0] - GPU/C6000
nid005203:74124:74124 [3] NCCL INFO               + XGMI[72.0] - GPU/D9000
nid005203:74124:74124 [3] NCCL INFO               + XGMI[36.0] - GPU/C9000
nid005203:74124:74124 [3] NCCL INFO + PCI[24.0] - NIC/0-c5000
nid005202:79988:79988 [6] NCCL INFO               + NET[25000.0] - NET/0 (0/1/25000.000000)
nid005202:79988:79988 [6] NCCL INFO + PCI[24.0] - GPU/0-c6000 (1)
nid005203:74124:74124 [3] NCCL INFO               + NET[25000.0] - NET/0 (0/1/25000.000000)
nid005203:74124:74124 [3] NCCL INFO + PCI[24.0] - GPU/0-c6000 (9)
nid005202:79989:79989 [7] NCCL INFO               + XGMI[144.0] - GPU/C1000
nid005202:79989:79989 [7] NCCL INFO               + XGMI[36.0] - GPU/CE000
nid005202:79989:79989 [7] NCCL INFO               + XGMI[36.0] - GPU/D6000
nid005202:79989:79989 [7] NCCL INFO + SYS[16.0] - CPU/1
nid005202:79989:79989 [7] NCCL INFO + SYS[16.0] - CPU/0
nid005202:79989:79989 [7] NCCL INFO + SYS[16.0] - CPU/2
nid005202:79989:79989 [7] NCCL INFO CPU/0-1 (1/2/4)
nid005202:79989:79989 [7] NCCL INFO + PCI[24.0] - GPU/0-c9000 (2)
nid005202:79989:79989 [7] NCCL INFO               + XGMI[144.0] - GPU/CE000
nid005202:79989:79989 [7] NCCL INFO               + XGMI[72.0] - GPU/D1000
nid005202:79989:79989 [7] NCCL INFO               + XGMI[36.0] - GPU/C1000
nid005202:79989:79989 [7] NCCL INFO + PCI[24.0] - NIC/0-cd000
nid005202:79989:79989 [7] NCCL INFO               + NET[25000.0] - NET/1 (1/1/25000.000000)
nid005202:79989:79989 [7] NCCL INFO + PCI[24.0] - GPU/0-ce000 (3)
nid005203:74125:74125 [4] NCCL INFO               + XGMI[144.0] - GPU/C1000
nid005203:74125:74125 [4] NCCL INFO               + XGMI[36.0] - GPU/CE000
nid005203:74125:74125 [4] NCCL INFO               + XGMI[36.0] - GPU/D6000
nid005203:74125:74125 [4] NCCL INFO + SYS[16.0] - CPU/1
nid005203:74125:74125 [4] NCCL INFO + SYS[16.0] - CPU/0
nid005203:74125:74125 [4] NCCL INFO + SYS[16.0] - CPU/2
nid005203:74125:74125 [4] NCCL INFO CPU/0-1 (1/2/4)
nid005203:74125:74125 [4] NCCL INFO + PCI[24.0] - GPU/0-c9000 (10)
nid005203:74125:74125 [4] NCCL INFO               + XGMI[144.0] - GPU/CE000
nid005203:74125:74125 [4] NCCL INFO               + XGMI[72.0] - GPU/D1000
nid005203:74125:74125 [4] NCCL INFO               + XGMI[36.0] - GPU/C1000
nid005203:74125:74125 [4] NCCL INFO + PCI[24.0] - NIC/0-cd000
nid005203:74125:74125 [4] NCCL INFO               + NET[25000.0] - NET/1 (1/1/25000.000000)
nid005203:74125:74125 [4] NCCL INFO + PCI[24.0] - GPU/0-ce000 (11)
nid005202:79989:79989 [7] NCCL INFO               + XGMI[144.0] - GPU/C9000
nid005202:79989:79989 [7] NCCL INFO               + XGMI[36.0] - GPU/C6000
nid005202:79989:79989 [7] NCCL INFO               + XGMI[36.0] - GPU/DE000
nid005202:79989:79989 [7] NCCL INFO + SYS[16.0] - CPU/3
nid005202:79989:79989 [7] NCCL INFO + SYS[16.0] - CPU/0
nid005202:79989:79989 [7] NCCL INFO + SYS[16.0] - CPU/2
nid005202:79989:79989 [7] NCCL INFO CPU/0-0 (1/2/4)
nid005202:79989:79989 [7] NCCL INFO + PCI[24.0] - GPU/0-d1000 (4)
nid005202:79989:79989 [7] NCCL INFO               + XGMI[144.0] - GPU/D6000
nid005202:79989:79989 [7] NCCL INFO               + XGMI[72.0] - GPU/C9000
nid005202:79989:79989 [7] NCCL INFO               + XGMI[36.0] - GPU/D9000
nid005202:79989:79989 [7] NCCL INFO + PCI[24.0] - NIC/0-d5000
nid005202:79989:79989 [7] NCCL INFO               + NET[25000.0] - NET/2 (2/1/25000.000000)
nid005202:79989:79989 [7] NCCL INFO + PCI[24.0] - GPU/0-d6000 (5)
nid005203:74125:74125 [4] NCCL INFO               + XGMI[144.0] - GPU/C9000
nid005203:74125:74125 [4] NCCL INFO               + XGMI[36.0] - GPU/C6000
nid005203:74125:74125 [4] NCCL INFO               + XGMI[36.0] - GPU/DE000
nid005203:74125:74125 [4] NCCL INFO + SYS[16.0] - CPU/3
nid005203:74125:74125 [4] NCCL INFO + SYS[16.0] - CPU/0
nid005203:74125:74125 [4] NCCL INFO + SYS[16.0] - CPU/2
nid005203:74125:74125 [4] NCCL INFO CPU/0-0 (1/2/4)
nid005203:74125:74125 [4] NCCL INFO + PCI[24.0] - GPU/0-d1000 (12)
nid005203:74125:74125 [4] NCCL INFO               + XGMI[144.0] - GPU/D6000
nid005203:74125:74125 [4] NCCL INFO               + XGMI[72.0] - GPU/C9000
nid005203:74125:74125 [4] NCCL INFO               + XGMI[36.0] - GPU/D9000
nid005203:74125:74125 [4] NCCL INFO + PCI[24.0] - NIC/0-d5000
nid005203:74125:74125 [4] NCCL INFO               + NET[25000.0] - NET/2 (2/1/25000.000000)
nid005203:74125:74125 [4] NCCL INFO + PCI[24.0] - GPU/0-d6000 (13)
nid005202:79989:79989 [7] NCCL INFO               + XGMI[144.0] - GPU/D1000
nid005202:79989:79989 [7] NCCL INFO               + XGMI[36.0] - GPU/C6000
nid005202:79989:79989 [7] NCCL INFO               + XGMI[36.0] - GPU/DE000
nid005202:79989:79989 [7] NCCL INFO + SYS[16.0] - CPU/3
nid005202:79989:79989 [7] NCCL INFO + SYS[16.0] - CPU/1
nid005202:79989:79989 [7] NCCL INFO + SYS[16.0] - CPU/2
nid005202:79989:79989 [7] NCCL INFO CPU/0-2 (1/2/4)
nid005202:79989:79989 [7] NCCL INFO + PCI[24.0] - GPU/0-d9000 (6)
nid005202:79989:79989 [7] NCCL INFO               + XGMI[144.0] - GPU/DE000
nid005202:79989:79989 [7] NCCL INFO               + XGMI[72.0] - GPU/C1000
nid005202:79989:79989 [7] NCCL INFO               + XGMI[36.0] - GPU/D1000
nid005202:79989:79989 [7] NCCL INFO + PCI[24.0] - NIC/0-dd000
nid005202:79989:79989 [7] NCCL INFO               + NET[25000.0] - NET/3 (3/1/25000.000000)
nid005202:79989:79989 [7] NCCL INFO + PCI[24.0] - GPU/0-de000 (7)
nid005203:74125:74125 [4] NCCL INFO               + XGMI[144.0] - GPU/D1000
nid005203:74125:74125 [4] NCCL INFO               + XGMI[36.0] - GPU/C6000
nid005203:74125:74125 [4] NCCL INFO               + XGMI[36.0] - GPU/DE000
nid005203:74125:74125 [4] NCCL INFO + SYS[16.0] - CPU/3
nid005203:74125:74125 [4] NCCL INFO + SYS[16.0] - CPU/1
nid005203:74125:74125 [4] NCCL INFO + SYS[16.0] - CPU/2
nid005203:74125:74125 [4] NCCL INFO CPU/0-2 (1/2/4)
nid005203:74125:74125 [4] NCCL INFO + PCI[24.0] - GPU/0-d9000 (14)
nid005203:74125:74125 [4] NCCL INFO               + XGMI[144.0] - GPU/DE000
nid005203:74125:74125 [4] NCCL INFO               + XGMI[72.0] - GPU/C1000
nid005203:74125:74125 [4] NCCL INFO               + XGMI[36.0] - GPU/D1000
nid005203:74125:74125 [4] NCCL INFO + PCI[24.0] - NIC/0-dd000
nid005203:74125:74125 [4] NCCL INFO               + NET[25000.0] - NET/3 (3/1/25000.000000)
nid005203:74125:74125 [4] NCCL INFO + PCI[24.0] - GPU/0-de000 (15)
nid005202:79989:79989 [7] NCCL INFO               + XGMI[144.0] - GPU/D9000
nid005202:79989:79989 [7] NCCL INFO               + XGMI[36.0] - GPU/CE000
nid005202:79989:79989 [7] NCCL INFO               + XGMI[36.0] - GPU/D6000
nid005202:79989:79989 [7] NCCL INFO + SYS[16.0] - CPU/3
nid005202:79989:79989 [7] NCCL INFO + SYS[16.0] - CPU/1
nid005202:79989:79989 [7] NCCL INFO + SYS[16.0] - CPU/0
nid005202:79989:79989 [7] NCCL INFO ==========================================
nid005202:79989:79989 [7] NCCL INFO GPU/C1000 :GPU/0-c1000 (0/5000.0/LOC) GPU/0-c6000 (1/144.0/XGMI) GPU/0-c9000 (1/36.0/XGMI) GPU/0-ce000 (3/16.0/SYS) GPU/0-d1000 (3/16.0/SYS) GPU/0-d6000 (3/16.0/SYS) GPU/0-d9000 (1/72.0/XGMI) GPU/0-de000 (3/16.0/SYS) CPU/0-3 (1/24.0/PHB) CPU/0-1 (2/16.0/SYS) CPU/0-0 (2/16.0/SYS) CPU/0-2 (2/16.0/SYS) NET/0-0 (3/24.0/PHB) NET/0-1 (4/16.0/SYS) NET/0-2 (4/16.0/SYS) NET/0-3 (4/16.0/SYS) 
nid005203:74125:74125 [4] NCCL INFO               + XGMI[144.0] - GPU/D9000
nid005203:74125:74125 [4] NCCL INFO               + XGMI[36.0] - GPU/CE000
nid005203:74125:74125 [4] NCCL INFO               + XGMI[36.0] - GPU/D6000
nid005203:74125:74125 [4] NCCL INFO + SYS[16.0] - CPU/3
nid005203:74125:74125 [4] NCCL INFO + SYS[16.0] - CPU/1
nid005203:74125:74125 [4] NCCL INFO + SYS[16.0] - CPU/0
nid005203:74125:74125 [4] NCCL INFO ==========================================
nid005203:74125:74125 [4] NCCL INFO GPU/C1000 :GPU/0-c1000 (0/5000.0/LOC) GPU/0-c6000 (1/144.0/XGMI) GPU/0-c9000 (1/36.0/XGMI) GPU/0-ce000 (3/16.0/SYS) GPU/0-d1000 (3/16.0/SYS) GPU/0-d6000 (3/16.0/SYS) GPU/0-d9000 (1/72.0/XGMI) GPU/0-de000 (3/16.0/SYS) CPU/0-3 (1/24.0/PHB) CPU/0-1 (2/16.0/SYS) CPU/0-0 (2/16.0/SYS) CPU/0-2 (2/16.0/SYS) NET/0-0 (3/24.0/PHB) NET/0-1 (4/16.0/SYS) NET/0-2 (4/16.0/SYS) NET/0-3 (4/16.0/SYS) 
nid005202:79982:79982 [0] NCCL INFO + PCI[24.0] - NIC/0-cd000
nid005202:79982:79982 [0] NCCL INFO               + NET[25000.0] - NET/1 (1/1/25000.000000)
nid005202:79982:79982 [0] NCCL INFO + PCI[24.0] - GPU/0-ce000 (3)
nid005202:79982:79982 [0] NCCL INFO               + XGMI[144.0] - GPU/C9000
nid005202:79982:79982 [0] NCCL INFO               + XGMI[36.0] - GPU/C6000
nid005202:79982:79982 [0] NCCL INFO               + XGMI[36.0] - GPU/DE000
nid005202:79982:79982 [0] NCCL INFO + SYS[16.0] - CPU/3
nid005202:79982:79982 [0] NCCL INFO + SYS[16.0] - CPU/0
nid005202:79982:79982 [0] NCCL INFO + SYS[16.0] - CPU/2
nid005202:79982:79982 [0] NCCL INFO CPU/0-0 (1/2/4)
nid005202:79982:79982 [0] NCCL INFO + PCI[24.0] - GPU/0-d1000 (4)
nid005202:79982:79982 [0] NCCL INFO               + XGMI[144.0] - GPU/D6000
nid005202:79982:79982 [0] NCCL INFO               + XGMI[72.0] - GPU/C9000
nid005202:79982:79982 [0] NCCL INFO               + XGMI[36.0] - GPU/D9000
nid005202:79982:79982 [0] NCCL INFO + PCI[24.0] - NIC/0-d5000
nid005203:74126:74126 [5] NCCL INFO               + XGMI[144.0] - GPU/C1000
nid005203:74126:74126 [5] NCCL INFO               + XGMI[36.0] - GPU/CE000
nid005203:74126:74126 [5] NCCL INFO               + XGMI[36.0] - GPU/D6000
nid005203:74126:74126 [5] NCCL INFO + SYS[16.0] - CPU/1
nid005203:74126:74126 [5] NCCL INFO + SYS[16.0] - CPU/0
nid005203:74126:74126 [5] NCCL INFO + SYS[16.0] - CPU/2
nid005203:74126:74126 [5] NCCL INFO CPU/0-1 (1/2/4)
nid005203:74126:74126 [5] NCCL INFO + PCI[24.0] - GPU/0-c9000 (10)
nid005203:74126:74126 [5] NCCL INFO               + XGMI[144.0] - GPU/CE000
nid005203:74126:74126 [5] NCCL INFO               + XGMI[72.0] - GPU/D1000
nid005203:74126:74126 [5] NCCL INFO               + XGMI[36.0] - GPU/C1000
nid005203:74126:74126 [5] NCCL INFO + PCI[24.0] - NIC/0-cd000
nid005203:74126:74126 [5] NCCL INFO               + NET[25000.0] - NET/1 (1/1/25000.000000)
nid005203:74126:74126 [5] NCCL INFO + PCI[24.0] - GPU/0-ce000 (11)
nid005202:79982:79982 [0] NCCL INFO               + NET[25000.0] - NET/2 (2/1/25000.000000)
nid005202:79982:79982 [0] NCCL INFO + PCI[24.0] - GPU/0-d6000 (5)
nid005202:79982:79982 [0] NCCL INFO               + XGMI[144.0] - GPU/D1000
nid005202:79982:79982 [0] NCCL INFO               + XGMI[36.0] - GPU/C6000
nid005202:79982:79982 [0] NCCL INFO               + XGMI[36.0] - GPU/DE000
nid005202:79982:79982 [0] NCCL INFO + SYS[16.0] - CPU/3
nid005202:79982:79982 [0] NCCL INFO + SYS[16.0] - CPU/1
nid005202:79982:79982 [0] NCCL INFO + SYS[16.0] - CPU/2
nid005202:79982:79982 [0] NCCL INFO CPU/0-2 (1/2/4)
nid005202:79982:79982 [0] NCCL INFO + PCI[24.0] - GPU/0-d9000 (6)
nid005202:79982:79982 [0] NCCL INFO               + XGMI[144.0] - GPU/DE000
nid005202:79982:79982 [0] NCCL INFO               + XGMI[72.0] - GPU/C1000
nid005202:79982:79982 [0] NCCL INFO               + XGMI[36.0] - GPU/D1000
nid005202:79982:79982 [0] NCCL INFO + PCI[24.0] - NIC/0-dd000
nid005203:74126:74126 [5] NCCL INFO               + XGMI[144.0] - GPU/C9000
nid005203:74126:74126 [5] NCCL INFO               + XGMI[36.0] - GPU/C6000
nid005203:74126:74126 [5] NCCL INFO               + XGMI[36.0] - GPU/DE000
nid005203:74126:74126 [5] NCCL INFO + SYS[16.0] - CPU/3
nid005203:74126:74126 [5] NCCL INFO + SYS[16.0] - CPU/0
nid005203:74126:74126 [5] NCCL INFO + SYS[16.0] - CPU/2
nid005203:74126:74126 [5] NCCL INFO CPU/0-0 (1/2/4)
nid005203:74126:74126 [5] NCCL INFO + PCI[24.0] - GPU/0-d1000 (12)
nid005203:74126:74126 [5] NCCL INFO               + XGMI[144.0] - GPU/D6000
nid005203:74126:74126 [5] NCCL INFO               + XGMI[72.0] - GPU/C9000
nid005203:74126:74126 [5] NCCL INFO               + XGMI[36.0] - GPU/D9000
nid005203:74126:74126 [5] NCCL INFO + PCI[24.0] - NIC/0-d5000
nid005203:74126:74126 [5] NCCL INFO               + NET[25000.0] - NET/2 (2/1/25000.000000)
nid005203:74126:74126 [5] NCCL INFO + PCI[24.0] - GPU/0-d6000 (13)
nid005202:79982:79982 [0] NCCL INFO               + NET[25000.0] - NET/3 (3/1/25000.000000)
nid005202:79982:79982 [0] NCCL INFO + PCI[24.0] - GPU/0-de000 (7)
nid005202:79982:79982 [0] NCCL INFO               + XGMI[144.0] - GPU/D9000
nid005202:79982:79982 [0] NCCL INFO               + XGMI[36.0] - GPU/CE000
nid005202:79982:79982 [0] NCCL INFO               + XGMI[36.0] - GPU/D6000
nid005202:79982:79982 [0] NCCL INFO + SYS[16.0] - CPU/3
nid005202:79982:79982 [0] NCCL INFO + SYS[16.0] - CPU/1
nid005202:79982:79982 [0] NCCL INFO + SYS[16.0] - CPU/0
nid005202:79982:79982 [0] NCCL INFO ==========================================
nid005203:74126:74126 [5] NCCL INFO               + XGMI[144.0] - GPU/D1000
nid005203:74126:74126 [5] NCCL INFO               + XGMI[36.0] - GPU/C6000
nid005203:74126:74126 [5] NCCL INFO               + XGMI[36.0] - GPU/DE000
nid005203:74126:74126 [5] NCCL INFO + SYS[16.0] - CPU/3
nid005203:74126:74126 [5] NCCL INFO + SYS[16.0] - CPU/1
nid005203:74126:74126 [5] NCCL INFO + SYS[16.0] - CPU/2
nid005203:74126:74126 [5] NCCL INFO CPU/0-2 (1/2/4)
nid005203:74126:74126 [5] NCCL INFO + PCI[24.0] - GPU/0-d9000 (14)
nid005203:74126:74126 [5] NCCL INFO               + XGMI[144.0] - GPU/DE000
nid005203:74126:74126 [5] NCCL INFO               + XGMI[72.0] - GPU/C1000
nid005203:74126:74126 [5] NCCL INFO               + XGMI[36.0] - GPU/D1000
nid005203:74126:74126 [5] NCCL INFO + PCI[24.0] - NIC/0-dd000
nid005203:74126:74126 [5] NCCL INFO               + NET[25000.0] - NET/3 (3/1/25000.000000)
nid005203:74126:74126 [5] NCCL INFO + PCI[24.0] - GPU/0-de000 (15)
nid005202:79982:79982 [0] NCCL INFO GPU/C1000 :GPU/0-c1000 (0/5000.0/LOC) GPU/0-c6000 (1/144.0/XGMI) GPU/0-c9000 (1/36.0/XGMI) GPU/0-ce000 (3/16.0/SYS) GPU/0-d1000 (3/16.0/SYS) GPU/0-d6000 (3/16.0/SYS) GPU/0-d9000 (1/72.0/XGMI) GPU/0-de000 (3/16.0/SYS) CPU/0-3 (1/24.0/PHB) CPU/0-1 (2/16.0/SYS) CPU/0-0 (2/16.0/SYS) CPU/0-2 (2/16.0/SYS) NET/0-0 (3/24.0/PHB) NET/0-1 (4/16.0/SYS) NET/0-2 (4/16.0/SYS) NET/0-3 (4/16.0/SYS) 
nid005202:79982:79982 [0] NCCL INFO GPU/C6000 :GPU/0-c1000 (1/144.0/XGMI) GPU/0-c6000 (0/5000.0/LOC) GPU/0-c9000 (3/16.0/SYS) GPU/0-ce000 (1/36.0/XGMI) GPU/0-d1000 (3/16.0/SYS) GPU/0-d6000 (1/36.0/XGMI) GPU/0-d9000 (3/16.0/SYS) GPU/0-de000 (3/16.0/SYS) CPU/0-3 (1/24.0/PHB) CPU/0-1 (2/16.0/SYS) CPU/0-0 (2/16.0/SYS) CPU/0-2 (2/16.0/SYS) NET/0-0 (3/24.0/PHB) NET/0-1 (4/16.0/SYS) NET/0-2 (4/16.0/SYS) NET/0-3 (4/16.0/SYS) 
nid005203:74126:74126 [5] NCCL INFO               + XGMI[144.0] - GPU/D9000
nid005203:74126:74126 [5] NCCL INFO               + XGMI[36.0] - GPU/CE000
nid005203:74126:74126 [5] NCCL INFO               + XGMI[36.0] - GPU/D6000
nid005203:74126:74126 [5] NCCL INFO + SYS[16.0] - CPU/3
nid005203:74126:74126 [5] NCCL INFO + SYS[16.0] - CPU/1
nid005203:74126:74126 [5] NCCL INFO + SYS[16.0] - CPU/0
nid005203:74126:74126 [5] NCCL INFO ==========================================
nid005203:74126:74126 [5] NCCL INFO GPU/C1000 :GPU/0-c1000 (0/5000.0/LOC) GPU/0-c6000 (1/144.0/XGMI) GPU/0-c9000 (1/36.0/XGMI) GPU/0-ce000 (3/16.0/SYS) GPU/0-d1000 (3/16.0/SYS) GPU/0-d6000 (3/16.0/SYS) GPU/0-d9000 (1/72.0/XGMI) GPU/0-de000 (3/16.0/SYS) CPU/0-3 (1/24.0/PHB) CPU/0-1 (2/16.0/SYS) CPU/0-0 (2/16.0/SYS) CPU/0-2 (2/16.0/SYS) NET/0-0 (3/24.0/PHB) NET/0-1 (4/16.0/SYS) NET/0-2 (4/16.0/SYS) NET/0-3 (4/16.0/SYS) 
nid005202:79982:79982 [0] NCCL INFO GPU/C9000 :GPU/0-c1000 (1/36.0/XGMI) GPU/0-c6000 (3/16.0/SYS) GPU/0-c9000 (0/5000.0/LOC) GPU/0-ce000 (1/144.0/XGMI) GPU/0-d1000 (1/72.0/XGMI) GPU/0-d6000 (3/16.0/SYS) GPU/0-d9000 (3/16.0/SYS) GPU/0-de000 (3/16.0/SYS) CPU/0-3 (2/16.0/SYS) CPU/0-1 (1/24.0/PHB) CPU/0-0 (2/16.0/SYS) CPU/0-2 (2/16.0/SYS) NET/0-0 (4/16.0/SYS) NET/0-1 (3/24.0/PHB) NET/0-2 (4/16.0/SYS) NET/0-3 (4/16.0/SYS) 
nid005203:74127:74127 [6] NCCL INFO               + XGMI[144.0] - GPU/C1000
nid005203:74127:74127 [6] NCCL INFO               + XGMI[36.0] - GPU/CE000
nid005203:74127:74127 [6] NCCL INFO               + XGMI[36.0] - GPU/D6000
nid005203:74127:74127 [6] NCCL INFO + SYS[16.0] - CPU/1
nid005203:74127:74127 [6] NCCL INFO + SYS[16.0] - CPU/0
nid005203:74127:74127 [6] NCCL INFO + SYS[16.0] - CPU/2
nid005203:74127:74127 [6] NCCL INFO CPU/0-1 (1/2/4)
nid005203:74127:74127 [6] NCCL INFO + PCI[24.0] - GPU/0-c9000 (10)
nid005203:74127:74127 [6] NCCL INFO               + XGMI[144.0] - GPU/CE000
nid005203:74127:74127 [6] NCCL INFO               + XGMI[72.0] - GPU/D1000
nid005203:74127:74127 [6] NCCL INFO               + XGMI[36.0] - GPU/C1000
nid005203:74127:74127 [6] NCCL INFO + PCI[24.0] - NIC/0-cd000
nid005203:74127:74127 [6] NCCL INFO               + NET[25000.0] - NET/1 (1/1/25000.000000)
nid005203:74127:74127 [6] NCCL INFO + PCI[24.0] - GPU/0-ce000 (11)
nid005202:79983:79983 [1] NCCL INFO               + XGMI[144.0] - GPU/C1000
nid005202:79983:79983 [1] NCCL INFO               + XGMI[36.0] - GPU/CE000
nid005202:79983:79983 [1] NCCL INFO               + XGMI[36.0] - GPU/D6000
nid005202:79983:79983 [1] NCCL INFO + SYS[16.0] - CPU/1
nid005202:79983:79983 [1] NCCL INFO + SYS[16.0] - CPU/0
nid005202:79983:79983 [1] NCCL INFO + SYS[16.0] - CPU/2
nid005202:79983:79983 [1] NCCL INFO CPU/0-1 (1/2/4)
nid005202:79983:79983 [1] NCCL INFO + PCI[24.0] - GPU/0-c9000 (2)
nid005202:79983:79983 [1] NCCL INFO               + XGMI[144.0] - GPU/CE000
nid005202:79983:79983 [1] NCCL INFO               + XGMI[72.0] - GPU/D1000
nid005202:79983:79983 [1] NCCL INFO               + XGMI[36.0] - GPU/C1000
nid005202:79983:79983 [1] NCCL INFO + PCI[24.0] - NIC/0-cd000
nid005202:79983:79983 [1] NCCL INFO               + NET[25000.0] - NET/1 (1/1/25000.000000)
nid005202:79983:79983 [1] NCCL INFO + PCI[24.0] - GPU/0-ce000 (3)
nid005203:74127:74127 [6] NCCL INFO               + XGMI[144.0] - GPU/C9000
nid005203:74127:74127 [6] NCCL INFO               + XGMI[36.0] - GPU/C6000
nid005203:74127:74127 [6] NCCL INFO               + XGMI[36.0] - GPU/DE000
nid005203:74127:74127 [6] NCCL INFO + SYS[16.0] - CPU/3
nid005203:74127:74127 [6] NCCL INFO + SYS[16.0] - CPU/0
nid005203:74127:74127 [6] NCCL INFO + SYS[16.0] - CPU/2
nid005203:74127:74127 [6] NCCL INFO CPU/0-0 (1/2/4)
nid005203:74127:74127 [6] NCCL INFO + PCI[24.0] - GPU/0-d1000 (12)
nid005203:74127:74127 [6] NCCL INFO               + XGMI[144.0] - GPU/D6000
nid005203:74127:74127 [6] NCCL INFO               + XGMI[72.0] - GPU/C9000
nid005203:74127:74127 [6] NCCL INFO               + XGMI[36.0] - GPU/D9000
nid005203:74127:74127 [6] NCCL INFO + PCI[24.0] - NIC/0-d5000
nid005203:74127:74127 [6] NCCL INFO               + NET[25000.0] - NET/2 (2/1/25000.000000)
nid005203:74127:74127 [6] NCCL INFO + PCI[24.0] - GPU/0-d6000 (13)
nid005202:79983:79983 [1] NCCL INFO               + XGMI[144.0] - GPU/C9000
nid005202:79983:79983 [1] NCCL INFO               + XGMI[36.0] - GPU/C6000
nid005202:79983:79983 [1] NCCL INFO               + XGMI[36.0] - GPU/DE000
nid005202:79983:79983 [1] NCCL INFO + SYS[16.0] - CPU/3
nid005202:79983:79983 [1] NCCL INFO + SYS[16.0] - CPU/0
nid005202:79983:79983 [1] NCCL INFO + SYS[16.0] - CPU/2
nid005202:79983:79983 [1] NCCL INFO CPU/0-0 (1/2/4)
nid005202:79983:79983 [1] NCCL INFO + PCI[24.0] - GPU/0-d1000 (4)
nid005202:79983:79983 [1] NCCL INFO               + XGMI[144.0] - GPU/D6000
nid005202:79983:79983 [1] NCCL INFO               + XGMI[72.0] - GPU/C9000
nid005202:79983:79983 [1] NCCL INFO               + XGMI[36.0] - GPU/D9000
nid005202:79983:79983 [1] NCCL INFO + PCI[24.0] - NIC/0-d5000
nid005202:79983:79983 [1] NCCL INFO               + NET[25000.0] - NET/2 (2/1/25000.000000)
nid005202:79983:79983 [1] NCCL INFO + PCI[24.0] - GPU/0-d6000 (5)
nid005203:74127:74127 [6] NCCL INFO               + XGMI[144.0] - GPU/D1000
nid005203:74127:74127 [6] NCCL INFO               + XGMI[36.0] - GPU/C6000
nid005203:74127:74127 [6] NCCL INFO               + XGMI[36.0] - GPU/DE000
nid005203:74127:74127 [6] NCCL INFO + SYS[16.0] - CPU/3
nid005203:74127:74127 [6] NCCL INFO + SYS[16.0] - CPU/1
nid005203:74127:74127 [6] NCCL INFO + SYS[16.0] - CPU/2
nid005203:74127:74127 [6] NCCL INFO CPU/0-2 (1/2/4)
nid005203:74127:74127 [6] NCCL INFO + PCI[24.0] - GPU/0-d9000 (14)
nid005203:74127:74127 [6] NCCL INFO               + XGMI[144.0] - GPU/DE000
nid005203:74127:74127 [6] NCCL INFO               + XGMI[72.0] - GPU/C1000
nid005203:74127:74127 [6] NCCL INFO               + XGMI[36.0] - GPU/D1000
nid005203:74127:74127 [6] NCCL INFO + PCI[24.0] - NIC/0-dd000
nid005203:74127:74127 [6] NCCL INFO               + NET[25000.0] - NET/3 (3/1/25000.000000)
nid005203:74127:74127 [6] NCCL INFO + PCI[24.0] - GPU/0-de000 (15)
nid005202:79983:79983 [1] NCCL INFO               + XGMI[144.0] - GPU/D1000
nid005202:79983:79983 [1] NCCL INFO               + XGMI[36.0] - GPU/C6000
nid005202:79983:79983 [1] NCCL INFO               + XGMI[36.0] - GPU/DE000
nid005202:79983:79983 [1] NCCL INFO + SYS[16.0] - CPU/3
nid005202:79983:79983 [1] NCCL INFO + SYS[16.0] - CPU/1
nid005202:79983:79983 [1] NCCL INFO + SYS[16.0] - CPU/2
nid005202:79983:79983 [1] NCCL INFO CPU/0-2 (1/2/4)
nid005202:79983:79983 [1] NCCL INFO + PCI[24.0] - GPU/0-d9000 (6)
nid005202:79983:79983 [1] NCCL INFO               + XGMI[144.0] - GPU/DE000
nid005202:79983:79983 [1] NCCL INFO               + XGMI[72.0] - GPU/C1000
nid005202:79983:79983 [1] NCCL INFO               + XGMI[36.0] - GPU/D1000
nid005202:79983:79983 [1] NCCL INFO + PCI[24.0] - NIC/0-dd000
nid005202:79983:79983 [1] NCCL INFO               + NET[25000.0] - NET/3 (3/1/25000.000000)
nid005202:79983:79983 [1] NCCL INFO + PCI[24.0] - GPU/0-de000 (7)
nid005203:74127:74127 [6] NCCL INFO               + XGMI[144.0] - GPU/D9000
nid005203:74127:74127 [6] NCCL INFO               + XGMI[36.0] - GPU/CE000
nid005203:74127:74127 [6] NCCL INFO               + XGMI[36.0] - GPU/D6000
nid005203:74127:74127 [6] NCCL INFO + SYS[16.0] - CPU/3
nid005203:74127:74127 [6] NCCL INFO + SYS[16.0] - CPU/1
nid005203:74127:74127 [6] NCCL INFO + SYS[16.0] - CPU/0
nid005203:74127:74127 [6] NCCL INFO ==========================================
nid005203:74127:74127 [6] NCCL INFO GPU/C1000 :GPU/0-c1000 (0/5000.0/LOC) GPU/0-c6000 (1/144.0/XGMI) GPU/0-c9000 (1/36.0/XGMI) GPU/0-ce000 (3/16.0/SYS) GPU/0-d1000 (3/16.0/SYS) GPU/0-d6000 (3/16.0/SYS) GPU/0-d9000 (1/72.0/XGMI) GPU/0-de000 (3/16.0/SYS) CPU/0-3 (1/24.0/PHB) CPU/0-1 (2/16.0/SYS) CPU/0-0 (2/16.0/SYS) CPU/0-2 (2/16.0/SYS) NET/0-0 (3/24.0/PHB) NET/0-1 (4/16.0/SYS) NET/0-2 (4/16.0/SYS) NET/0-3 (4/16.0/SYS) 
nid005202:79983:79983 [1] NCCL INFO               + XGMI[144.0] - GPU/D9000
nid005202:79983:79983 [1] NCCL INFO               + XGMI[36.0] - GPU/CE000
nid005202:79983:79983 [1] NCCL INFO               + XGMI[36.0] - GPU/D6000
nid005202:79983:79983 [1] NCCL INFO + SYS[16.0] - CPU/3
nid005202:79983:79983 [1] NCCL INFO + SYS[16.0] - CPU/1
nid005202:79983:79983 [1] NCCL INFO + SYS[16.0] - CPU/0
nid005202:79983:79983 [1] NCCL INFO ==========================================
nid005202:79983:79983 [1] NCCL INFO GPU/C1000 :GPU/0-c1000 (0/5000.0/LOC) GPU/0-c6000 (1/144.0/XGMI) GPU/0-c9000 (1/36.0/XGMI) GPU/0-ce000 (3/16.0/SYS) GPU/0-d1000 (3/16.0/SYS) GPU/0-d6000 (3/16.0/SYS) GPU/0-d9000 (1/72.0/XGMI) GPU/0-de000 (3/16.0/SYS) CPU/0-3 (1/24.0/PHB) CPU/0-1 (2/16.0/SYS) CPU/0-0 (2/16.0/SYS) CPU/0-2 (2/16.0/SYS) NET/0-0 (3/24.0/PHB) NET/0-1 (4/16.0/SYS) NET/0-2 (4/16.0/SYS) NET/0-3 (4/16.0/SYS) 
nid005203:74128:74128 [7] NCCL INFO ROCr version 1.14
nid005203:74128:74128 [7] NCCL INFO Dmabuf feature disabled without NCCL_DMABUF_ENABLE=1
nid005203:74128:74128 [7] NCCL INFO Bootstrap : Using nmn0:10.120.28.127<0>
nid005203:74128:74128 [7] NCCL INFO NET/Plugin: Failed to find ncclNetPlugin_v8 symbol.
nid005203:74128:74128 [7] NCCL INFO NET/Plugin: Loaded net plugin AWS Libfabric (v5)
nid005203:74128:74128 [7] NCCL INFO NET/Plugin: Failed to find ncclCollNetPlugin_v8 symbol.
nid005203:74128:74128 [7] NCCL INFO NET/Plugin: Failed to find ncclCollNetPlugin symbol (>= v5). ncclCollNetPlugin symbols v4 and lower are not supported.
nid005203:74128:74128 [7] NCCL INFO Kernel version: 6.4.0-150600.23.73_15.0.14-cray_shasta_c
nid005203:74128:74128 [7] NCCL INFO NET/OFI Using aws-ofi-rccl 1.4.0
nid005203:74128:74128 [7] NCCL INFO NET/OFI Setting FI_EFA_FORK_SAFE environment variable to 1
nid005203:74128:74128 [7] NCCL INFO NET/OFI Selected Provider is cxi
nid005202:79984:79984 [2] NCCL INFO               + XGMI[144.0] - GPU/C1000
nid005202:79984:79984 [2] NCCL INFO               + XGMI[36.0] - GPU/CE000
nid005202:79984:79984 [2] NCCL INFO               + XGMI[36.0] - GPU/D6000
nid005202:79984:79984 [2] NCCL INFO + SYS[16.0] - CPU/1
nid005202:79984:79984 [2] NCCL INFO + SYS[16.0] - CPU/0
nid005202:79984:79984 [2] NCCL INFO + SYS[16.0] - CPU/2
nid005202:79984:79984 [2] NCCL INFO CPU/0-1 (1/2/4)
nid005202:79984:79984 [2] NCCL INFO + PCI[24.0] - GPU/0-c9000 (2)
nid005202:79984:79984 [2] NCCL INFO               + XGMI[144.0] - GPU/CE000
nid005202:79984:79984 [2] NCCL INFO               + XGMI[72.0] - GPU/D1000
nid005202:79984:79984 [2] NCCL INFO               + XGMI[36.0] - GPU/C1000
nid005202:79984:79984 [2] NCCL INFO + PCI[24.0] - NIC/0-cd000
nid005202:79984:79984 [2] NCCL INFO               + NET[25000.0] - NET/1 (1/1/25000.000000)
nid005202:79984:79984 [2] NCCL INFO + PCI[24.0] - GPU/0-ce000 (3)
nid005203:74128:74128 [7] NCCL INFO Using non-device net plugin version 0
nid005203:74128:74128 [7] NCCL INFO Using network AWS Libfabric
nid005203:74128:74128 [7] NCCL INFO [node_id = 11; gpu_id = 49174; unique_id = 10097786682874376091; location_id = 56832; bdf = 56832; domain = 0; partition = 0], 
nid005203:74128:74128 [7] NCCL INFO [node_id = 9; gpu_id = 1553; unique_id = 10235035428264673151; location_id = 54784; bdf = 54784; domain = 0; partition = 0], 
nid005203:74128:74128 [7] NCCL INFO [node_id = 8; gpu_id = 13395; unique_id = 14301238691723642949; location_id = 53504; bdf = 53504; domain = 0; partition = 0], 
nid005203:74128:74128 [7] NCCL INFO [node_id = 7; gpu_id = 3099; unique_id = 15281401790505973020; location_id = 52736; bdf = 52736; domain = 0; partition = 0], 
nid005203:74128:74128 [7] NCCL INFO [node_id = 6; gpu_id = 15961; unique_id = 15425361839443638760; location_id = 51456; bdf = 51456; domain = 0; partition = 0], 
nid005202:79984:79984 [2] NCCL INFO               + XGMI[144.0] - GPU/C9000
nid005202:79984:79984 [2] NCCL INFO               + XGMI[36.0] - GPU/C6000
nid005202:79984:79984 [2] NCCL INFO               + XGMI[36.0] - GPU/DE000
nid005202:79984:79984 [2] NCCL INFO + SYS[16.0] - CPU/3
nid005202:79984:79984 [2] NCCL INFO + SYS[16.0] - CPU/0
nid005202:79984:79984 [2] NCCL INFO + SYS[16.0] - CPU/2
nid005202:79984:79984 [2] NCCL INFO CPU/0-0 (1/2/4)
nid005202:79984:79984 [2] NCCL INFO + PCI[24.0] - GPU/0-d1000 (4)
nid005202:79984:79984 [2] NCCL INFO               + XGMI[144.0] - GPU/D6000
nid005202:79984:79984 [2] NCCL INFO               + XGMI[72.0] - GPU/C9000
nid005202:79984:79984 [2] NCCL INFO               + XGMI[36.0] - GPU/D9000
nid005202:79984:79984 [2] NCCL INFO + PCI[24.0] - NIC/0-d5000
nid005202:79984:79984 [2] NCCL INFO               + NET[25000.0] - NET/2 (2/1/25000.000000)
nid005202:79984:79984 [2] NCCL INFO + PCI[24.0] - GPU/0-d6000 (5)
nid005203:74128:74128 [7] NCCL INFO [node_id = 5; gpu_id = 51740; unique_id = 15608283913776450212; location_id = 50688; bdf = 50688; domain = 0; partition = 0], 
nid005203:74128:74128 [7] NCCL INFO [node_id = 4; gpu_id = 63582; unique_id = 16277496716478252442; location_id = 49408; bdf = 49408; domain = 0; partition = 0], 
nid005203:74128:74128 [7] NCCL INFO [node_id = 10; gpu_id = 62036; unique_id = 16844109392297431011; location_id = 55552; bdf = 55552; domain = 0; partition = 0], 
nid005203:74128:74128 [7] NCCL INFO initialized internal alternative rsmi functionality
nid005203:74128:74128 [7] NCCL INFO ncclCommInitRank comm 0x5bc1b10 rank 15 nranks 16 cudaDev 7 nvmlDev 7 busId de000 commId 0x1b9730ce07259768 - Init START
nid005203:74128:74128 [7] NCCL INFO initialized internal alternative rsmi functionality
nid005203:74128:74128 [7] NCCL INFO initialized internal alternative rsmi functionality
nid005203:74128:74128 [7] NCCL INFO initialized internal alternative rsmi functionality
nid005202:79984:79984 [2] NCCL INFO               + XGMI[144.0] - GPU/D1000
nid005202:79984:79984 [2] NCCL INFO               + XGMI[36.0] - GPU/C6000
nid005202:79984:79984 [2] NCCL INFO               + XGMI[36.0] - GPU/DE000
nid005202:79984:79984 [2] NCCL INFO + SYS[16.0] - CPU/3
nid005202:79984:79984 [2] NCCL INFO + SYS[16.0] - CPU/1
nid005202:79984:79984 [2] NCCL INFO + SYS[16.0] - CPU/2
nid005202:79984:79984 [2] NCCL INFO CPU/0-2 (1/2/4)
nid005202:79984:79984 [2] NCCL INFO + PCI[24.0] - GPU/0-d9000 (6)
nid005202:79984:79984 [2] NCCL INFO               + XGMI[144.0] - GPU/DE000
nid005202:79984:79984 [2] NCCL INFO               + XGMI[72.0] - GPU/C1000
nid005202:79984:79984 [2] NCCL INFO               + XGMI[36.0] - GPU/D1000
nid005202:79984:79984 [2] NCCL INFO + PCI[24.0] - NIC/0-dd000
nid005202:79984:79984 [2] NCCL INFO               + NET[25000.0] - NET/3 (3/1/25000.000000)
nid005202:79984:79984 [2] NCCL INFO + PCI[24.0] - GPU/0-de000 (7)
nid005203:74128:74128 [7] NCCL INFO initialized internal alternative rsmi functionality
nid005203:74128:74128 [7] NCCL INFO initialized internal alternative rsmi functionality
nid005203:74128:74128 [7] NCCL INFO initialized internal alternative rsmi functionality
nid005203:74128:74128 [7] NCCL INFO initialized internal alternative rsmi functionality
nid005203:74128:74128 [7] NCCL INFO initialized internal alternative rsmi functionality
nid005203:74128:74128 [7] NCCL INFO NCCL_NET_GDR_LEVEL set by environment to LOC
nid005203:74128:74128 [7] NCCL INFO === System : maxBw 24.0 totalBw 252.0 ===
nid005203:74128:74128 [7] NCCL INFO CPU/0-3 (1/2/4)
nid005203:74128:74128 [7] NCCL INFO + PCI[24.0] - GPU/0-c1000 (8)
nid005203:74128:74128 [7] NCCL INFO               + XGMI[144.0] - GPU/C6000
nid005203:74128:74128 [7] NCCL INFO               + XGMI[72.0] - GPU/D9000
nid005203:74128:74128 [7] NCCL INFO               + XGMI[36.0] - GPU/C9000
nid005203:74128:74128 [7] NCCL INFO + PCI[24.0] - NIC/0-c5000
nid005202:79984:79984 [2] NCCL INFO               + XGMI[144.0] - GPU/D9000
nid005202:79984:79984 [2] NCCL INFO               + XGMI[36.0] - GPU/CE000
nid005202:79984:79984 [2] NCCL INFO               + XGMI[36.0] - GPU/D6000
nid005202:79984:79984 [2] NCCL INFO + SYS[16.0] - CPU/3
nid005202:79984:79984 [2] NCCL INFO + SYS[16.0] - CPU/1
nid005202:79984:79984 [2] NCCL INFO + SYS[16.0] - CPU/0
nid005202:79984:79984 [2] NCCL INFO ==========================================
nid005202:79984:79984 [2] NCCL INFO GPU/C1000 :GPU/0-c1000 (0/5000.0/LOC) GPU/0-c6000 (1/144.0/XGMI) GPU/0-c9000 (1/36.0/XGMI) GPU/0-ce000 (3/16.0/SYS) GPU/0-d1000 (3/16.0/SYS) GPU/0-d6000 (3/16.0/SYS) GPU/0-d9000 (1/72.0/XGMI) GPU/0-de000 (3/16.0/SYS) CPU/0-3 (1/24.0/PHB) CPU/0-1 (2/16.0/SYS) CPU/0-0 (2/16.0/SYS) CPU/0-2 (2/16.0/SYS) NET/0-0 (3/24.0/PHB) NET/0-1 (4/16.0/SYS) NET/0-2 (4/16.0/SYS) NET/0-3 (4/16.0/SYS) 
nid005203:74128:74128 [7] NCCL INFO               + NET[25000.0] - NET/0 (0/1/25000.000000)
nid005203:74128:74128 [7] NCCL INFO + PCI[24.0] - GPU/0-c6000 (9)
nid005202:79985:79985 [3] NCCL INFO GPU/C6000 :GPU/0-c1000 (1/144.0/XGMI) GPU/0-c6000 (0/5000.0/LOC) GPU/0-c9000 (3/16.0/SYS) GPU/0-ce000 (1/36.0/XGMI) GPU/0-d1000 (3/16.0/SYS) GPU/0-d6000 (1/36.0/XGMI) GPU/0-d9000 (3/16.0/SYS) GPU/0-de000 (3/16.0/SYS) CPU/0-3 (1/24.0/PHB) CPU/0-1 (2/16.0/SYS) CPU/0-0 (2/16.0/SYS) CPU/0-2 (2/16.0/SYS) NET/0-0 (3/24.0/PHB) NET/0-1 (4/16.0/SYS) NET/0-2 (4/16.0/SYS) NET/0-3 (4/16.0/SYS) 
nid005202:79985:79985 [3] NCCL INFO GPU/C9000 :GPU/0-c1000 (1/36.0/XGMI) GPU/0-c6000 (3/16.0/SYS) GPU/0-c9000 (0/5000.0/LOC) GPU/0-ce000 (1/144.0/XGMI) GPU/0-d1000 (1/72.0/XGMI) GPU/0-d6000 (3/16.0/SYS) GPU/0-d9000 (3/16.0/SYS) GPU/0-de000 (3/16.0/SYS) CPU/0-3 (2/16.0/SYS) CPU/0-1 (1/24.0/PHB) CPU/0-0 (2/16.0/SYS) CPU/0-2 (2/16.0/SYS) NET/0-0 (4/16.0/SYS) NET/0-1 (3/24.0/PHB) NET/0-2 (4/16.0/SYS) NET/0-3 (4/16.0/SYS) 
nid005203:74121:74121 [0] NCCL INFO               + XGMI[144.0] - GPU/C1000
nid005203:74121:74121 [0] NCCL INFO               + XGMI[36.0] - GPU/CE000
nid005203:74121:74121 [0] NCCL INFO               + XGMI[36.0] - GPU/D6000
nid005203:74121:74121 [0] NCCL INFO + SYS[16.0] - CPU/1
nid005203:74121:74121 [0] NCCL INFO + SYS[16.0] - CPU/0
nid005203:74121:74121 [0] NCCL INFO + SYS[16.0] - CPU/2
nid005203:74121:74121 [0] NCCL INFO CPU/0-1 (1/2/4)
nid005203:74121:74121 [0] NCCL INFO + PCI[24.0] - GPU/0-c9000 (10)
nid005203:74121:74121 [0] NCCL INFO               + XGMI[144.0] - GPU/CE000
nid005203:74121:74121 [0] NCCL INFO               + XGMI[72.0] - GPU/D1000
nid005203:74121:74121 [0] NCCL INFO               + XGMI[36.0] - GPU/C1000
nid005203:74121:74121 [0] NCCL INFO + PCI[24.0] - NIC/0-cd000
nid005203:74121:74121 [0] NCCL INFO               + NET[25000.0] - NET/1 (1/1/25000.000000)
nid005203:74121:74121 [0] NCCL INFO + PCI[24.0] - GPU/0-ce000 (11)
nid005202:79985:79985 [3] NCCL INFO GPU/CE000 :GPU/0-c1000 (3/16.0/SYS) GPU/0-c6000 (1/36.0/XGMI) GPU/0-c9000 (1/144.0/XGMI) GPU/0-ce000 (0/5000.0/LOC) GPU/0-d1000 (3/16.0/SYS) GPU/0-d6000 (3/16.0/SYS) GPU/0-d9000 (3/16.0/SYS) GPU/0-de000 (1/36.0/XGMI) CPU/0-3 (2/16.0/SYS) CPU/0-1 (1/24.0/PHB) CPU/0-0 (2/16.0/SYS) CPU/0-2 (2/16.0/SYS) NET/0-0 (4/16.0/SYS) NET/0-1 (3/24.0/PHB) NET/0-2 (4/16.0/SYS) NET/0-3 (4/16.0/SYS) 
nid005202:79985:79985 [3] NCCL INFO GPU/D1000 :GPU/0-c1000 (3/16.0/SYS) GPU/0-c6000 (3/16.0/SYS) GPU/0-c9000 (1/72.0/XGMI) GPU/0-ce000 (3/16.0/SYS) GPU/0-d1000 (0/5000.0/LOC) GPU/0-d6000 (1/144.0/XGMI) GPU/0-d9000 (1/36.0/XGMI) GPU/0-de000 (3/16.0/SYS) CPU/0-3 (2/16.0/SYS) CPU/0-1 (2/16.0/SYS) CPU/0-0 (1/24.0/PHB) CPU/0-2 (2/16.0/SYS) NET/0-0 (4/16.0/SYS) NET/0-1 (4/16.0/SYS) NET/0-2 (3/24.0/PHB) NET/0-3 (4/16.0/SYS) 
nid005203:74121:74121 [0] NCCL INFO               + XGMI[144.0] - GPU/C9000
nid005203:74121:74121 [0] NCCL INFO               + XGMI[36.0] - GPU/C6000
nid005203:74121:74121 [0] NCCL INFO               + XGMI[36.0] - GPU/DE000
nid005203:74121:74121 [0] NCCL INFO + SYS[16.0] - CPU/3
nid005203:74121:74121 [0] NCCL INFO + SYS[16.0] - CPU/0
nid005203:74121:74121 [0] NCCL INFO + SYS[16.0] - CPU/2
nid005203:74121:74121 [0] NCCL INFO CPU/0-0 (1/2/4)
nid005203:74121:74121 [0] NCCL INFO + PCI[24.0] - GPU/0-d1000 (12)
nid005203:74121:74121 [0] NCCL INFO               + XGMI[144.0] - GPU/D6000
nid005203:74121:74121 [0] NCCL INFO               + XGMI[72.0] - GPU/C9000
nid005203:74121:74121 [0] NCCL INFO               + XGMI[36.0] - GPU/D9000
nid005203:74121:74121 [0] NCCL INFO + PCI[24.0] - NIC/0-d5000
nid005203:74121:74121 [0] NCCL INFO               + NET[25000.0] - NET/2 (2/1/25000.000000)
nid005203:74121:74121 [0] NCCL INFO + PCI[24.0] - GPU/0-d6000 (13)
nid005202:79985:79985 [3] NCCL INFO GPU/D6000 :GPU/0-c1000 (3/16.0/SYS) GPU/0-c6000 (1/36.0/XGMI) GPU/0-c9000 (3/16.0/SYS) GPU/0-ce000 (3/16.0/SYS) GPU/0-d1000 (1/144.0/XGMI) GPU/0-d6000 (0/5000.0/LOC) GPU/0-d9000 (3/16.0/SYS) GPU/0-de000 (1/36.0/XGMI) CPU/0-3 (2/16.0/SYS) CPU/0-1 (2/16.0/SYS) CPU/0-0 (1/24.0/PHB) CPU/0-2 (2/16.0/SYS) NET/0-0 (4/16.0/SYS) NET/0-1 (4/16.0/SYS) NET/0-2 (3/24.0/PHB) NET/0-3 (4/16.0/SYS) 
nid005202:79985:79985 [3] NCCL INFO GPU/D9000 :GPU/0-c1000 (1/72.0/XGMI) GPU/0-c6000 (3/16.0/SYS) GPU/0-c9000 (3/16.0/SYS) GPU/0-ce000 (3/16.0/SYS) GPU/0-d1000 (1/36.0/XGMI) GPU/0-d6000 (3/16.0/SYS) GPU/0-d9000 (0/5000.0/LOC) GPU/0-de000 (1/144.0/XGMI) CPU/0-3 (2/16.0/SYS) CPU/0-1 (2/16.0/SYS) CPU/0-0 (2/16.0/SYS) CPU/0-2 (1/24.0/PHB) NET/0-0 (4/16.0/SYS) NET/0-1 (4/16.0/SYS) NET/0-2 (4/16.0/SYS) NET/0-3 (3/24.0/PHB) 
nid005203:74121:74121 [0] NCCL INFO               + XGMI[144.0] - GPU/D1000
nid005203:74121:74121 [0] NCCL INFO               + XGMI[36.0] - GPU/C6000
nid005203:74121:74121 [0] NCCL INFO               + XGMI[36.0] - GPU/DE000
nid005203:74121:74121 [0] NCCL INFO + SYS[16.0] - CPU/3
nid005203:74121:74121 [0] NCCL INFO + SYS[16.0] - CPU/1
nid005203:74121:74121 [0] NCCL INFO + SYS[16.0] - CPU/2
nid005203:74121:74121 [0] NCCL INFO CPU/0-2 (1/2/4)
nid005203:74121:74121 [0] NCCL INFO + PCI[24.0] - GPU/0-d9000 (14)
nid005203:74121:74121 [0] NCCL INFO               + XGMI[144.0] - GPU/DE000
nid005203:74121:74121 [0] NCCL INFO               + XGMI[72.0] - GPU/C1000
nid005203:74121:74121 [0] NCCL INFO               + XGMI[36.0] - GPU/D1000
nid005203:74121:74121 [0] NCCL INFO + PCI[24.0] - NIC/0-dd000
nid005203:74121:74121 [0] NCCL INFO               + NET[25000.0] - NET/3 (3/1/25000.000000)
nid005203:74121:74121 [0] NCCL INFO + PCI[24.0] - GPU/0-de000 (15)
nid005202:79985:79985 [3] NCCL INFO GPU/DE000 :GPU/0-c1000 (3/16.0/SYS) GPU/0-c6000 (3/16.0/SYS) GPU/0-c9000 (3/16.0/SYS) GPU/0-ce000 (1/36.0/XGMI) GPU/0-d1000 (3/16.0/SYS) GPU/0-d6000 (1/36.0/XGMI) GPU/0-d9000 (1/144.0/XGMI) GPU/0-de000 (0/5000.0/LOC) CPU/0-3 (2/16.0/SYS) CPU/0-1 (2/16.0/SYS) CPU/0-0 (2/16.0/SYS) CPU/0-2 (1/24.0/PHB) NET/0-0 (4/16.0/SYS) NET/0-1 (4/16.0/SYS) NET/0-2 (4/16.0/SYS) NET/0-3 (3/24.0/PHB) 
nid005202:79985:79985 [3] NCCL INFO NET/0 :GPU/0-c1000 (3/24.0/PHB) GPU/0-c6000 (3/24.0/PHB) GPU/0-c9000 (4/16.0/SYS) GPU/0-ce000 (4/16.0/SYS) GPU/0-d1000 (4/16.0/SYS) GPU/0-d6000 (4/16.0/SYS) GPU/0-d9000 (4/16.0/SYS) GPU/0-de000 (4/16.0/SYS) CPU/0-3 (2/24.0/PHB) CPU/0-1 (3/16.0/SYS) CPU/0-0 (3/16.0/SYS) CPU/0-2 (3/16.0/SYS) NET/0-0 (0/5000.0/LOC) NET/0-1 (5/16.0/SYS) NET/0-2 (5/16.0/SYS) NET/0-3 (5/16.0/SYS) 
nid005203:74121:74121 [0] NCCL INFO               + XGMI[144.0] - GPU/D9000
nid005203:74121:74121 [0] NCCL INFO               + XGMI[36.0] - GPU/CE000
nid005203:74121:74121 [0] NCCL INFO               + XGMI[36.0] - GPU/D6000
nid005203:74121:74121 [0] NCCL INFO + SYS[16.0] - CPU/3
nid005203:74121:74121 [0] NCCL INFO + SYS[16.0] - CPU/1
nid005203:74121:74121 [0] NCCL INFO + SYS[16.0] - CPU/0
nid005203:74121:74121 [0] NCCL INFO ==========================================
nid005203:74121:74121 [0] NCCL INFO GPU/C1000 :GPU/0-c1000 (0/5000.0/LOC) GPU/0-c6000 (1/144.0/XGMI) GPU/0-c9000 (1/36.0/XGMI) GPU/0-ce000 (3/16.0/SYS) GPU/0-d1000 (3/16.0/SYS) GPU/0-d6000 (3/16.0/SYS) GPU/0-d9000 (1/72.0/XGMI) GPU/0-de000 (3/16.0/SYS) CPU/0-3 (1/24.0/PHB) CPU/0-1 (2/16.0/SYS) CPU/0-0 (2/16.0/SYS) CPU/0-2 (2/16.0/SYS) NET/0-0 (3/24.0/PHB) NET/0-1 (4/16.0/SYS) NET/0-2 (4/16.0/SYS) NET/0-3 (4/16.0/SYS) 
nid005202:79985:79985 [3] NCCL INFO NET/1 :GPU/0-c1000 (4/16.0/SYS) GPU/0-c6000 (4/16.0/SYS) GPU/0-c9000 (3/24.0/PHB) GPU/0-ce000 (3/24.0/PHB) GPU/0-d1000 (4/16.0/SYS) GPU/0-d6000 (4/16.0/SYS) GPU/0-d9000 (4/16.0/SYS) GPU/0-de000 (4/16.0/SYS) CPU/0-3 (3/16.0/SYS) CPU/0-1 (2/24.0/PHB) CPU/0-0 (3/16.0/SYS) CPU/0-2 (3/16.0/SYS) NET/0-0 (5/16.0/SYS) NET/0-1 (0/5000.0/LOC) NET/0-2 (5/16.0/SYS) NET/0-3 (5/16.0/SYS) 
nid005203:74122:74122 [1] NCCL INFO GPU/C6000 :GPU/0-c1000 (1/144.0/XGMI) GPU/0-c6000 (0/5000.0/LOC) GPU/0-c9000 (3/16.0/SYS) GPU/0-ce000 (1/36.0/XGMI) GPU/0-d1000 (3/16.0/SYS) GPU/0-d6000 (1/36.0/XGMI) GPU/0-d9000 (3/16.0/SYS) GPU/0-de000 (3/16.0/SYS) CPU/0-3 (1/24.0/PHB) CPU/0-1 (2/16.0/SYS) CPU/0-0 (2/16.0/SYS) CPU/0-2 (2/16.0/SYS) NET/0-0 (3/24.0/PHB) NET/0-1 (4/16.0/SYS) NET/0-2 (4/16.0/SYS) NET/0-3 (4/16.0/SYS) 
nid005203:74122:74122 [1] NCCL INFO GPU/C9000 :GPU/0-c1000 (1/36.0/XGMI) GPU/0-c6000 (3/16.0/SYS) GPU/0-c9000 (0/5000.0/LOC) GPU/0-ce000 (1/144.0/XGMI) GPU/0-d1000 (1/72.0/XGMI) GPU/0-d6000 (3/16.0/SYS) GPU/0-d9000 (3/16.0/SYS) GPU/0-de000 (3/16.0/SYS) CPU/0-3 (2/16.0/SYS) CPU/0-1 (1/24.0/PHB) CPU/0-0 (2/16.0/SYS) CPU/0-2 (2/16.0/SYS) NET/0-0 (4/16.0/SYS) NET/0-1 (3/24.0/PHB) NET/0-2 (4/16.0/SYS) NET/0-3 (4/16.0/SYS) 
nid005202:79986:79986 [4] NCCL INFO               + XGMI[144.0] - GPU/C1000
nid005202:79986:79986 [4] NCCL INFO               + XGMI[36.0] - GPU/CE000
nid005202:79986:79986 [4] NCCL INFO               + XGMI[36.0] - GPU/D6000
nid005202:79986:79986 [4] NCCL INFO + SYS[16.0] - CPU/1
nid005202:79986:79986 [4] NCCL INFO + SYS[16.0] - CPU/0
nid005202:79986:79986 [4] NCCL INFO + SYS[16.0] - CPU/2
nid005202:79986:79986 [4] NCCL INFO CPU/0-1 (1/2/4)
nid005202:79986:79986 [4] NCCL INFO + PCI[24.0] - GPU/0-c9000 (2)
nid005202:79986:79986 [4] NCCL INFO               + XGMI[144.0] - GPU/CE000
nid005202:79986:79986 [4] NCCL INFO               + XGMI[72.0] - GPU/D1000
nid005202:79986:79986 [4] NCCL INFO               + XGMI[36.0] - GPU/C1000
nid005202:79986:79986 [4] NCCL INFO + PCI[24.0] - NIC/0-cd000
nid005202:79986:79986 [4] NCCL INFO               + NET[25000.0] - NET/1 (1/1/25000.000000)
nid005202:79986:79986 [4] NCCL INFO + PCI[24.0] - GPU/0-ce000 (3)
nid005203:74122:74122 [1] NCCL INFO GPU/CE000 :GPU/0-c1000 (3/16.0/SYS) GPU/0-c6000 (1/36.0/XGMI) GPU/0-c9000 (1/144.0/XGMI) GPU/0-ce000 (0/5000.0/LOC) GPU/0-d1000 (3/16.0/SYS) GPU/0-d6000 (3/16.0/SYS) GPU/0-d9000 (3/16.0/SYS) GPU/0-de000 (1/36.0/XGMI) CPU/0-3 (2/16.0/SYS) CPU/0-1 (1/24.0/PHB) CPU/0-0 (2/16.0/SYS) CPU/0-2 (2/16.0/SYS) NET/0-0 (4/16.0/SYS) NET/0-1 (3/24.0/PHB) NET/0-2 (4/16.0/SYS) NET/0-3 (4/16.0/SYS) 
nid005203:74122:74122 [1] NCCL INFO GPU/D1000 :GPU/0-c1000 (3/16.0/SYS) GPU/0-c6000 (3/16.0/SYS) GPU/0-c9000 (1/72.0/XGMI) GPU/0-ce000 (3/16.0/SYS) GPU/0-d1000 (0/5000.0/LOC) GPU/0-d6000 (1/144.0/XGMI) GPU/0-d9000 (1/36.0/XGMI) GPU/0-de000 (3/16.0/SYS) CPU/0-3 (2/16.0/SYS) CPU/0-1 (2/16.0/SYS) CPU/0-0 (1/24.0/PHB) CPU/0-2 (2/16.0/SYS) NET/0-0 (4/16.0/SYS) NET/0-1 (4/16.0/SYS) NET/0-2 (3/24.0/PHB) NET/0-3 (4/16.0/SYS) 
nid005202:79986:79986 [4] NCCL INFO               + XGMI[144.0] - GPU/C9000
nid005202:79986:79986 [4] NCCL INFO               + XGMI[36.0] - GPU/C6000
nid005202:79986:79986 [4] NCCL INFO               + XGMI[36.0] - GPU/DE000
nid005202:79986:79986 [4] NCCL INFO + SYS[16.0] - CPU/3
nid005202:79986:79986 [4] NCCL INFO + SYS[16.0] - CPU/0
nid005202:79986:79986 [4] NCCL INFO + SYS[16.0] - CPU/2
nid005202:79986:79986 [4] NCCL INFO CPU/0-0 (1/2/4)
nid005202:79986:79986 [4] NCCL INFO + PCI[24.0] - GPU/0-d1000 (4)
nid005202:79986:79986 [4] NCCL INFO               + XGMI[144.0] - GPU/D6000
nid005202:79986:79986 [4] NCCL INFO               + XGMI[72.0] - GPU/C9000
nid005202:79986:79986 [4] NCCL INFO               + XGMI[36.0] - GPU/D9000
nid005202:79986:79986 [4] NCCL INFO + PCI[24.0] - NIC/0-d5000
nid005202:79986:79986 [4] NCCL INFO               + NET[25000.0] - NET/2 (2/1/25000.000000)
nid005202:79986:79986 [4] NCCL INFO + PCI[24.0] - GPU/0-d6000 (5)
nid005203:74122:74122 [1] NCCL INFO GPU/D6000 :GPU/0-c1000 (3/16.0/SYS) GPU/0-c6000 (1/36.0/XGMI) GPU/0-c9000 (3/16.0/SYS) GPU/0-ce000 (3/16.0/SYS) GPU/0-d1000 (1/144.0/XGMI) GPU/0-d6000 (0/5000.0/LOC) GPU/0-d9000 (3/16.0/SYS) GPU/0-de000 (1/36.0/XGMI) CPU/0-3 (2/16.0/SYS) CPU/0-1 (2/16.0/SYS) CPU/0-0 (1/24.0/PHB) CPU/0-2 (2/16.0/SYS) NET/0-0 (4/16.0/SYS) NET/0-1 (4/16.0/SYS) NET/0-2 (3/24.0/PHB) NET/0-3 (4/16.0/SYS) 
nid005203:74122:74122 [1] NCCL INFO GPU/D9000 :GPU/0-c1000 (1/72.0/XGMI) GPU/0-c6000 (3/16.0/SYS) GPU/0-c9000 (3/16.0/SYS) GPU/0-ce000 (3/16.0/SYS) GPU/0-d1000 (1/36.0/XGMI) GPU/0-d6000 (3/16.0/SYS) GPU/0-d9000 (0/5000.0/LOC) GPU/0-de000 (1/144.0/XGMI) CPU/0-3 (2/16.0/SYS) CPU/0-1 (2/16.0/SYS) CPU/0-0 (2/16.0/SYS) CPU/0-2 (1/24.0/PHB) NET/0-0 (4/16.0/SYS) NET/0-1 (4/16.0/SYS) NET/0-2 (4/16.0/SYS) NET/0-3 (3/24.0/PHB) 
nid005202:79986:79986 [4] NCCL INFO               + XGMI[144.0] - GPU/D1000
nid005202:79986:79986 [4] NCCL INFO               + XGMI[36.0] - GPU/C6000
nid005202:79986:79986 [4] NCCL INFO               + XGMI[36.0] - GPU/DE000
nid005202:79986:79986 [4] NCCL INFO + SYS[16.0] - CPU/3
nid005202:79986:79986 [4] NCCL INFO + SYS[16.0] - CPU/1
nid005202:79986:79986 [4] NCCL INFO + SYS[16.0] - CPU/2
nid005202:79986:79986 [4] NCCL INFO CPU/0-2 (1/2/4)
nid005202:79986:79986 [4] NCCL INFO + PCI[24.0] - GPU/0-d9000 (6)
nid005202:79986:79986 [4] NCCL INFO               + XGMI[144.0] - GPU/DE000
nid005202:79986:79986 [4] NCCL INFO               + XGMI[72.0] - GPU/C1000
nid005202:79986:79986 [4] NCCL INFO               + XGMI[36.0] - GPU/D1000
nid005202:79986:79986 [4] NCCL INFO + PCI[24.0] - NIC/0-dd000
nid005202:79986:79986 [4] NCCL INFO               + NET[25000.0] - NET/3 (3/1/25000.000000)
nid005202:79986:79986 [4] NCCL INFO + PCI[24.0] - GPU/0-de000 (7)
nid005203:74122:74122 [1] NCCL INFO GPU/DE000 :GPU/0-c1000 (3/16.0/SYS) GPU/0-c6000 (3/16.0/SYS) GPU/0-c9000 (3/16.0/SYS) GPU/0-ce000 (1/36.0/XGMI) GPU/0-d1000 (3/16.0/SYS) GPU/0-d6000 (1/36.0/XGMI) GPU/0-d9000 (1/144.0/XGMI) GPU/0-de000 (0/5000.0/LOC) CPU/0-3 (2/16.0/SYS) CPU/0-1 (2/16.0/SYS) CPU/0-0 (2/16.0/SYS) CPU/0-2 (1/24.0/PHB) NET/0-0 (4/16.0/SYS) NET/0-1 (4/16.0/SYS) NET/0-2 (4/16.0/SYS) NET/0-3 (3/24.0/PHB) 
nid005203:74122:74122 [1] NCCL INFO NET/0 :GPU/0-c1000 (3/24.0/PHB) GPU/0-c6000 (3/24.0/PHB) GPU/0-c9000 (4/16.0/SYS) GPU/0-ce000 (4/16.0/SYS) GPU/0-d1000 (4/16.0/SYS) GPU/0-d6000 (4/16.0/SYS) GPU/0-d9000 (4/16.0/SYS) GPU/0-de000 (4/16.0/SYS) CPU/0-3 (2/24.0/PHB) CPU/0-1 (3/16.0/SYS) CPU/0-0 (3/16.0/SYS) CPU/0-2 (3/16.0/SYS) NET/0-0 (0/5000.0/LOC) NET/0-1 (5/16.0/SYS) NET/0-2 (5/16.0/SYS) NET/0-3 (5/16.0/SYS) 
nid005202:79986:79986 [4] NCCL INFO               + XGMI[144.0] - GPU/D9000
nid005202:79986:79986 [4] NCCL INFO               + XGMI[36.0] - GPU/CE000
nid005202:79986:79986 [4] NCCL INFO               + XGMI[36.0] - GPU/D6000
nid005202:79986:79986 [4] NCCL INFO + SYS[16.0] - CPU/3
nid005202:79986:79986 [4] NCCL INFO + SYS[16.0] - CPU/1
nid005202:79986:79986 [4] NCCL INFO + SYS[16.0] - CPU/0
nid005202:79986:79986 [4] NCCL INFO ==========================================
nid005202:79986:79986 [4] NCCL INFO GPU/C1000 :GPU/0-c1000 (0/5000.0/LOC) GPU/0-c6000 (1/144.0/XGMI) GPU/0-c9000 (1/36.0/XGMI) GPU/0-ce000 (3/16.0/SYS) GPU/0-d1000 (3/16.0/SYS) GPU/0-d6000 (3/16.0/SYS) GPU/0-d9000 (1/72.0/XGMI) GPU/0-de000 (3/16.0/SYS) CPU/0-3 (1/24.0/PHB) CPU/0-1 (2/16.0/SYS) CPU/0-0 (2/16.0/SYS) CPU/0-2 (2/16.0/SYS) NET/0-0 (3/24.0/PHB) NET/0-1 (4/16.0/SYS) NET/0-2 (4/16.0/SYS) NET/0-3 (4/16.0/SYS) 
nid005203:74122:74122 [1] NCCL INFO NET/1 :GPU/0-c1000 (4/16.0/SYS) GPU/0-c6000 (4/16.0/SYS) GPU/0-c9000 (3/24.0/PHB) GPU/0-ce000 (3/24.0/PHB) GPU/0-d1000 (4/16.0/SYS) GPU/0-d6000 (4/16.0/SYS) GPU/0-d9000 (4/16.0/SYS) GPU/0-de000 (4/16.0/SYS) CPU/0-3 (3/16.0/SYS) CPU/0-1 (2/24.0/PHB) CPU/0-0 (3/16.0/SYS) CPU/0-2 (3/16.0/SYS) NET/0-0 (5/16.0/SYS) NET/0-1 (0/5000.0/LOC) NET/0-2 (5/16.0/SYS) NET/0-3 (5/16.0/SYS) 
nid005202:79987:79987 [5] NCCL INFO               + XGMI[144.0] - GPU/C1000
nid005202:79987:79987 [5] NCCL INFO               + XGMI[36.0] - GPU/CE000
nid005202:79987:79987 [5] NCCL INFO               + XGMI[36.0] - GPU/D6000
nid005202:79987:79987 [5] NCCL INFO + SYS[16.0] - CPU/1
nid005202:79987:79987 [5] NCCL INFO + SYS[16.0] - CPU/0
nid005202:79987:79987 [5] NCCL INFO + SYS[16.0] - CPU/2
nid005202:79987:79987 [5] NCCL INFO CPU/0-1 (1/2/4)
nid005202:79987:79987 [5] NCCL INFO + PCI[24.0] - GPU/0-c9000 (2)
nid005202:79987:79987 [5] NCCL INFO               + XGMI[144.0] - GPU/CE000
nid005202:79987:79987 [5] NCCL INFO               + XGMI[72.0] - GPU/D1000
nid005202:79987:79987 [5] NCCL INFO               + XGMI[36.0] - GPU/C1000
nid005202:79987:79987 [5] NCCL INFO + PCI[24.0] - NIC/0-cd000
nid005202:79987:79987 [5] NCCL INFO               + NET[25000.0] - NET/1 (1/1/25000.000000)
nid005202:79987:79987 [5] NCCL INFO + PCI[24.0] - GPU/0-ce000 (3)
nid005203:74123:74123 [2] NCCL INFO GPU/C6000 :GPU/0-c1000 (1/144.0/XGMI) GPU/0-c6000 (0/5000.0/LOC) GPU/0-c9000 (3/16.0/SYS) GPU/0-ce000 (1/36.0/XGMI) GPU/0-d1000 (3/16.0/SYS) GPU/0-d6000 (1/36.0/XGMI) GPU/0-d9000 (3/16.0/SYS) GPU/0-de000 (3/16.0/SYS) CPU/0-3 (1/24.0/PHB) CPU/0-1 (2/16.0/SYS) CPU/0-0 (2/16.0/SYS) CPU/0-2 (2/16.0/SYS) NET/0-0 (3/24.0/PHB) NET/0-1 (4/16.0/SYS) NET/0-2 (4/16.0/SYS) NET/0-3 (4/16.0/SYS) 
nid005203:74123:74123 [2] NCCL INFO GPU/C9000 :GPU/0-c1000 (1/36.0/XGMI) GPU/0-c6000 (3/16.0/SYS) GPU/0-c9000 (0/5000.0/LOC) GPU/0-ce000 (1/144.0/XGMI) GPU/0-d1000 (1/72.0/XGMI) GPU/0-d6000 (3/16.0/SYS) GPU/0-d9000 (3/16.0/SYS) GPU/0-de000 (3/16.0/SYS) CPU/0-3 (2/16.0/SYS) CPU/0-1 (1/24.0/PHB) CPU/0-0 (2/16.0/SYS) CPU/0-2 (2/16.0/SYS) NET/0-0 (4/16.0/SYS) NET/0-1 (3/24.0/PHB) NET/0-2 (4/16.0/SYS) NET/0-3 (4/16.0/SYS) 
nid005202:79987:79987 [5] NCCL INFO               + XGMI[144.0] - GPU/C9000
nid005202:79987:79987 [5] NCCL INFO               + XGMI[36.0] - GPU/C6000
nid005202:79987:79987 [5] NCCL INFO               + XGMI[36.0] - GPU/DE000
nid005202:79987:79987 [5] NCCL INFO + SYS[16.0] - CPU/3
nid005202:79987:79987 [5] NCCL INFO + SYS[16.0] - CPU/0
nid005202:79987:79987 [5] NCCL INFO + SYS[16.0] - CPU/2
nid005202:79987:79987 [5] NCCL INFO CPU/0-0 (1/2/4)
nid005202:79987:79987 [5] NCCL INFO + PCI[24.0] - GPU/0-d1000 (4)
nid005202:79987:79987 [5] NCCL INFO               + XGMI[144.0] - GPU/D6000
nid005202:79987:79987 [5] NCCL INFO               + XGMI[72.0] - GPU/C9000
nid005202:79987:79987 [5] NCCL INFO               + XGMI[36.0] - GPU/D9000
nid005202:79987:79987 [5] NCCL INFO + PCI[24.0] - NIC/0-d5000
nid005202:79987:79987 [5] NCCL INFO               + NET[25000.0] - NET/2 (2/1/25000.000000)
nid005202:79987:79987 [5] NCCL INFO + PCI[24.0] - GPU/0-d6000 (5)
nid005203:74123:74123 [2] NCCL INFO GPU/CE000 :GPU/0-c1000 (3/16.0/SYS) GPU/0-c6000 (1/36.0/XGMI) GPU/0-c9000 (1/144.0/XGMI) GPU/0-ce000 (0/5000.0/LOC) GPU/0-d1000 (3/16.0/SYS) GPU/0-d6000 (3/16.0/SYS) GPU/0-d9000 (3/16.0/SYS) GPU/0-de000 (1/36.0/XGMI) CPU/0-3 (2/16.0/SYS) CPU/0-1 (1/24.0/PHB) CPU/0-0 (2/16.0/SYS) CPU/0-2 (2/16.0/SYS) NET/0-0 (4/16.0/SYS) NET/0-1 (3/24.0/PHB) NET/0-2 (4/16.0/SYS) NET/0-3 (4/16.0/SYS) 
nid005203:74123:74123 [2] NCCL INFO GPU/D1000 :GPU/0-c1000 (3/16.0/SYS) GPU/0-c6000 (3/16.0/SYS) GPU/0-c9000 (1/72.0/XGMI) GPU/0-ce000 (3/16.0/SYS) GPU/0-d1000 (0/5000.0/LOC) GPU/0-d6000 (1/144.0/XGMI) GPU/0-d9000 (1/36.0/XGMI) GPU/0-de000 (3/16.0/SYS) CPU/0-3 (2/16.0/SYS) CPU/0-1 (2/16.0/SYS) CPU/0-0 (1/24.0/PHB) CPU/0-2 (2/16.0/SYS) NET/0-0 (4/16.0/SYS) NET/0-1 (4/16.0/SYS) NET/0-2 (3/24.0/PHB) NET/0-3 (4/16.0/SYS) 
nid005202:79987:79987 [5] NCCL INFO               + XGMI[144.0] - GPU/D1000
nid005202:79987:79987 [5] NCCL INFO               + XGMI[36.0] - GPU/C6000
nid005202:79987:79987 [5] NCCL INFO               + XGMI[36.0] - GPU/DE000
nid005202:79987:79987 [5] NCCL INFO + SYS[16.0] - CPU/3
nid005202:79987:79987 [5] NCCL INFO + SYS[16.0] - CPU/1
nid005202:79987:79987 [5] NCCL INFO + SYS[16.0] - CPU/2
nid005202:79987:79987 [5] NCCL INFO CPU/0-2 (1/2/4)
nid005202:79987:79987 [5] NCCL INFO + PCI[24.0] - GPU/0-d9000 (6)
nid005202:79987:79987 [5] NCCL INFO               + XGMI[144.0] - GPU/DE000
nid005202:79987:79987 [5] NCCL INFO               + XGMI[72.0] - GPU/C1000
nid005202:79987:79987 [5] NCCL INFO               + XGMI[36.0] - GPU/D1000
nid005202:79987:79987 [5] NCCL INFO + PCI[24.0] - NIC/0-dd000
nid005202:79987:79987 [5] NCCL INFO               + NET[25000.0] - NET/3 (3/1/25000.000000)
nid005202:79987:79987 [5] NCCL INFO + PCI[24.0] - GPU/0-de000 (7)
nid005203:74123:74123 [2] NCCL INFO GPU/D6000 :GPU/0-c1000 (3/16.0/SYS) GPU/0-c6000 (1/36.0/XGMI) GPU/0-c9000 (3/16.0/SYS) GPU/0-ce000 (3/16.0/SYS) GPU/0-d1000 (1/144.0/XGMI) GPU/0-d6000 (0/5000.0/LOC) GPU/0-d9000 (3/16.0/SYS) GPU/0-de000 (1/36.0/XGMI) CPU/0-3 (2/16.0/SYS) CPU/0-1 (2/16.0/SYS) CPU/0-0 (1/24.0/PHB) CPU/0-2 (2/16.0/SYS) NET/0-0 (4/16.0/SYS) NET/0-1 (4/16.0/SYS) NET/0-2 (3/24.0/PHB) NET/0-3 (4/16.0/SYS) 
nid005203:74123:74123 [2] NCCL INFO GPU/D9000 :GPU/0-c1000 (1/72.0/XGMI) GPU/0-c6000 (3/16.0/SYS) GPU/0-c9000 (3/16.0/SYS) GPU/0-ce000 (3/16.0/SYS) GPU/0-d1000 (1/36.0/XGMI) GPU/0-d6000 (3/16.0/SYS) GPU/0-d9000 (0/5000.0/LOC) GPU/0-de000 (1/144.0/XGMI) CPU/0-3 (2/16.0/SYS) CPU/0-1 (2/16.0/SYS) CPU/0-0 (2/16.0/SYS) CPU/0-2 (1/24.0/PHB) NET/0-0 (4/16.0/SYS) NET/0-1 (4/16.0/SYS) NET/0-2 (4/16.0/SYS) NET/0-3 (3/24.0/PHB) 
nid005202:79987:79987 [5] NCCL INFO               + XGMI[144.0] - GPU/D9000
nid005202:79987:79987 [5] NCCL INFO               + XGMI[36.0] - GPU/CE000
nid005202:79987:79987 [5] NCCL INFO               + XGMI[36.0] - GPU/D6000
nid005202:79987:79987 [5] NCCL INFO + SYS[16.0] - CPU/3
nid005202:79987:79987 [5] NCCL INFO + SYS[16.0] - CPU/1
nid005202:79987:79987 [5] NCCL INFO + SYS[16.0] - CPU/0
nid005202:79987:79987 [5] NCCL INFO ==========================================
nid005202:79987:79987 [5] NCCL INFO GPU/C1000 :GPU/0-c1000 (0/5000.0/LOC) GPU/0-c6000 (1/144.0/XGMI) GPU/0-c9000 (1/36.0/XGMI) GPU/0-ce000 (3/16.0/SYS) GPU/0-d1000 (3/16.0/SYS) GPU/0-d6000 (3/16.0/SYS) GPU/0-d9000 (1/72.0/XGMI) GPU/0-de000 (3/16.0/SYS) CPU/0-3 (1/24.0/PHB) CPU/0-1 (2/16.0/SYS) CPU/0-0 (2/16.0/SYS) CPU/0-2 (2/16.0/SYS) NET/0-0 (3/24.0/PHB) NET/0-1 (4/16.0/SYS) NET/0-2 (4/16.0/SYS) NET/0-3 (4/16.0/SYS) 
nid005203:74123:74123 [2] NCCL INFO GPU/DE000 :GPU/0-c1000 (3/16.0/SYS) GPU/0-c6000 (3/16.0/SYS) GPU/0-c9000 (3/16.0/SYS) GPU/0-ce000 (1/36.0/XGMI) GPU/0-d1000 (3/16.0/SYS) GPU/0-d6000 (1/36.0/XGMI) GPU/0-d9000 (1/144.0/XGMI) GPU/0-de000 (0/5000.0/LOC) CPU/0-3 (2/16.0/SYS) CPU/0-1 (2/16.0/SYS) CPU/0-0 (2/16.0/SYS) CPU/0-2 (1/24.0/PHB) NET/0-0 (4/16.0/SYS) NET/0-1 (4/16.0/SYS) NET/0-2 (4/16.0/SYS) NET/0-3 (3/24.0/PHB) 
nid005203:74123:74123 [2] NCCL INFO NET/0 :GPU/0-c1000 (3/24.0/PHB) GPU/0-c6000 (3/24.0/PHB) GPU/0-c9000 (4/16.0/SYS) GPU/0-ce000 (4/16.0/SYS) GPU/0-d1000 (4/16.0/SYS) GPU/0-d6000 (4/16.0/SYS) GPU/0-d9000 (4/16.0/SYS) GPU/0-de000 (4/16.0/SYS) CPU/0-3 (2/24.0/PHB) CPU/0-1 (3/16.0/SYS) CPU/0-0 (3/16.0/SYS) CPU/0-2 (3/16.0/SYS) NET/0-0 (0/5000.0/LOC) NET/0-1 (5/16.0/SYS) NET/0-2 (5/16.0/SYS) NET/0-3 (5/16.0/SYS) 
nid005202:79988:79988 [6] NCCL INFO               + XGMI[144.0] - GPU/C1000
nid005202:79988:79988 [6] NCCL INFO               + XGMI[36.0] - GPU/CE000
nid005202:79988:79988 [6] NCCL INFO               + XGMI[36.0] - GPU/D6000
nid005202:79988:79988 [6] NCCL INFO + SYS[16.0] - CPU/1
nid005202:79988:79988 [6] NCCL INFO + SYS[16.0] - CPU/0
nid005202:79988:79988 [6] NCCL INFO + SYS[16.0] - CPU/2
nid005202:79988:79988 [6] NCCL INFO CPU/0-1 (1/2/4)
nid005202:79988:79988 [6] NCCL INFO + PCI[24.0] - GPU/0-c9000 (2)
nid005202:79988:79988 [6] NCCL INFO               + XGMI[144.0] - GPU/CE000
nid005202:79988:79988 [6] NCCL INFO               + XGMI[72.0] - GPU/D1000
nid005202:79988:79988 [6] NCCL INFO               + XGMI[36.0] - GPU/C1000
nid005202:79988:79988 [6] NCCL INFO + PCI[24.0] - NIC/0-cd000
nid005202:79988:79988 [6] NCCL INFO               + NET[25000.0] - NET/1 (1/1/25000.000000)
nid005202:79988:79988 [6] NCCL INFO + PCI[24.0] - GPU/0-ce000 (3)
nid005203:74123:74123 [2] NCCL INFO NET/1 :GPU/0-c1000 (4/16.0/SYS) GPU/0-c6000 (4/16.0/SYS) GPU/0-c9000 (3/24.0/PHB) GPU/0-ce000 (3/24.0/PHB) GPU/0-d1000 (4/16.0/SYS) GPU/0-d6000 (4/16.0/SYS) GPU/0-d9000 (4/16.0/SYS) GPU/0-de000 (4/16.0/SYS) CPU/0-3 (3/16.0/SYS) CPU/0-1 (2/24.0/PHB) CPU/0-0 (3/16.0/SYS) CPU/0-2 (3/16.0/SYS) NET/0-0 (5/16.0/SYS) NET/0-1 (0/5000.0/LOC) NET/0-2 (5/16.0/SYS) NET/0-3 (5/16.0/SYS) 
nid005202:79988:79988 [6] NCCL INFO               + XGMI[144.0] - GPU/C9000
nid005202:79988:79988 [6] NCCL INFO               + XGMI[36.0] - GPU/C6000
nid005202:79988:79988 [6] NCCL INFO               + XGMI[36.0] - GPU/DE000
nid005202:79988:79988 [6] NCCL INFO + SYS[16.0] - CPU/3
nid005202:79988:79988 [6] NCCL INFO + SYS[16.0] - CPU/0
nid005202:79988:79988 [6] NCCL INFO + SYS[16.0] - CPU/2
nid005202:79988:79988 [6] NCCL INFO CPU/0-0 (1/2/4)
nid005202:79988:79988 [6] NCCL INFO + PCI[24.0] - GPU/0-d1000 (4)
nid005202:79988:79988 [6] NCCL INFO               + XGMI[144.0] - GPU/D6000
nid005202:79988:79988 [6] NCCL INFO               + XGMI[72.0] - GPU/C9000
nid005202:79988:79988 [6] NCCL INFO               + XGMI[36.0] - GPU/D9000
nid005202:79988:79988 [6] NCCL INFO + PCI[24.0] - NIC/0-d5000
nid005202:79988:79988 [6] NCCL INFO               + NET[25000.0] - NET/2 (2/1/25000.000000)
nid005202:79988:79988 [6] NCCL INFO + PCI[24.0] - GPU/0-d6000 (5)
nid005203:74124:74124 [3] NCCL INFO               + XGMI[144.0] - GPU/C1000
nid005203:74124:74124 [3] NCCL INFO               + XGMI[36.0] - GPU/CE000
nid005203:74124:74124 [3] NCCL INFO               + XGMI[36.0] - GPU/D6000
nid005203:74124:74124 [3] NCCL INFO + SYS[16.0] - CPU/1
nid005203:74124:74124 [3] NCCL INFO + SYS[16.0] - CPU/0
nid005203:74124:74124 [3] NCCL INFO + SYS[16.0] - CPU/2
nid005203:74124:74124 [3] NCCL INFO CPU/0-1 (1/2/4)
nid005203:74124:74124 [3] NCCL INFO + PCI[24.0] - GPU/0-c9000 (10)
nid005203:74124:74124 [3] NCCL INFO               + XGMI[144.0] - GPU/CE000
nid005203:74124:74124 [3] NCCL INFO               + XGMI[72.0] - GPU/D1000
nid005203:74124:74124 [3] NCCL INFO               + XGMI[36.0] - GPU/C1000
nid005203:74124:74124 [3] NCCL INFO + PCI[24.0] - NIC/0-cd000
nid005203:74124:74124 [3] NCCL INFO               + NET[25000.0] - NET/1 (1/1/25000.000000)
nid005203:74124:74124 [3] NCCL INFO + PCI[24.0] - GPU/0-ce000 (11)
nid005202:79988:79988 [6] NCCL INFO               + XGMI[144.0] - GPU/D1000
nid005202:79988:79988 [6] NCCL INFO               + XGMI[36.0] - GPU/C6000
nid005202:79988:79988 [6] NCCL INFO               + XGMI[36.0] - GPU/DE000
nid005202:79988:79988 [6] NCCL INFO + SYS[16.0] - CPU/3
nid005202:79988:79988 [6] NCCL INFO + SYS[16.0] - CPU/1
nid005202:79988:79988 [6] NCCL INFO + SYS[16.0] - CPU/2
nid005202:79988:79988 [6] NCCL INFO CPU/0-2 (1/2/4)
nid005202:79988:79988 [6] NCCL INFO + PCI[24.0] - GPU/0-d9000 (6)
nid005202:79988:79988 [6] NCCL INFO               + XGMI[144.0] - GPU/DE000
nid005202:79988:79988 [6] NCCL INFO               + XGMI[72.0] - GPU/C1000
nid005202:79988:79988 [6] NCCL INFO               + XGMI[36.0] - GPU/D1000
nid005202:79988:79988 [6] NCCL INFO + PCI[24.0] - NIC/0-dd000
nid005202:79988:79988 [6] NCCL INFO               + NET[25000.0] - NET/3 (3/1/25000.000000)
nid005202:79988:79988 [6] NCCL INFO + PCI[24.0] - GPU/0-de000 (7)
nid005203:74124:74124 [3] NCCL INFO               + XGMI[144.0] - GPU/C9000
nid005203:74124:74124 [3] NCCL INFO               + XGMI[36.0] - GPU/C6000
nid005203:74124:74124 [3] NCCL INFO               + XGMI[36.0] - GPU/DE000
nid005203:74124:74124 [3] NCCL INFO + SYS[16.0] - CPU/3
nid005203:74124:74124 [3] NCCL INFO + SYS[16.0] - CPU/0
nid005203:74124:74124 [3] NCCL INFO + SYS[16.0] - CPU/2
nid005203:74124:74124 [3] NCCL INFO CPU/0-0 (1/2/4)
nid005203:74124:74124 [3] NCCL INFO + PCI[24.0] - GPU/0-d1000 (12)
nid005203:74124:74124 [3] NCCL INFO               + XGMI[144.0] - GPU/D6000
nid005203:74124:74124 [3] NCCL INFO               + XGMI[72.0] - GPU/C9000
nid005203:74124:74124 [3] NCCL INFO               + XGMI[36.0] - GPU/D9000
nid005203:74124:74124 [3] NCCL INFO + PCI[24.0] - NIC/0-d5000
nid005203:74124:74124 [3] NCCL INFO               + NET[25000.0] - NET/2 (2/1/25000.000000)
nid005203:74124:74124 [3] NCCL INFO + PCI[24.0] - GPU/0-d6000 (13)
nid005202:79988:79988 [6] NCCL INFO               + XGMI[144.0] - GPU/D9000
nid005202:79988:79988 [6] NCCL INFO               + XGMI[36.0] - GPU/CE000
nid005202:79988:79988 [6] NCCL INFO               + XGMI[36.0] - GPU/D6000
nid005202:79988:79988 [6] NCCL INFO + SYS[16.0] - CPU/3
nid005202:79988:79988 [6] NCCL INFO + SYS[16.0] - CPU/1
nid005202:79988:79988 [6] NCCL INFO + SYS[16.0] - CPU/0
nid005202:79988:79988 [6] NCCL INFO ==========================================
nid005202:79988:79988 [6] NCCL INFO GPU/C1000 :GPU/0-c1000 (0/5000.0/LOC) GPU/0-c6000 (1/144.0/XGMI) GPU/0-c9000 (1/36.0/XGMI) GPU/0-ce000 (3/16.0/SYS) GPU/0-d1000 (3/16.0/SYS) GPU/0-d6000 (3/16.0/SYS) GPU/0-d9000 (1/72.0/XGMI) GPU/0-de000 (3/16.0/SYS) CPU/0-3 (1/24.0/PHB) CPU/0-1 (2/16.0/SYS) CPU/0-0 (2/16.0/SYS) CPU/0-2 (2/16.0/SYS) NET/0-0 (3/24.0/PHB) NET/0-1 (4/16.0/SYS) NET/0-2 (4/16.0/SYS) NET/0-3 (4/16.0/SYS) 
nid005203:74124:74124 [3] NCCL INFO               + XGMI[144.0] - GPU/D1000
nid005203:74124:74124 [3] NCCL INFO               + XGMI[36.0] - GPU/C6000
nid005203:74124:74124 [3] NCCL INFO               + XGMI[36.0] - GPU/DE000
nid005203:74124:74124 [3] NCCL INFO + SYS[16.0] - CPU/3
nid005203:74124:74124 [3] NCCL INFO + SYS[16.0] - CPU/1
nid005203:74124:74124 [3] NCCL INFO + SYS[16.0] - CPU/2
nid005203:74124:74124 [3] NCCL INFO CPU/0-2 (1/2/4)
nid005203:74124:74124 [3] NCCL INFO + PCI[24.0] - GPU/0-d9000 (14)
nid005203:74124:74124 [3] NCCL INFO               + XGMI[144.0] - GPU/DE000
nid005203:74124:74124 [3] NCCL INFO               + XGMI[72.0] - GPU/C1000
nid005203:74124:74124 [3] NCCL INFO               + XGMI[36.0] - GPU/D1000
nid005203:74124:74124 [3] NCCL INFO + PCI[24.0] - NIC/0-dd000
nid005203:74124:74124 [3] NCCL INFO               + NET[25000.0] - NET/3 (3/1/25000.000000)
nid005203:74124:74124 [3] NCCL INFO + PCI[24.0] - GPU/0-de000 (15)
nid005202:79989:79989 [7] NCCL INFO GPU/C6000 :GPU/0-c1000 (1/144.0/XGMI) GPU/0-c6000 (0/5000.0/LOC) GPU/0-c9000 (3/16.0/SYS) GPU/0-ce000 (1/36.0/XGMI) GPU/0-d1000 (3/16.0/SYS) GPU/0-d6000 (1/36.0/XGMI) GPU/0-d9000 (3/16.0/SYS) GPU/0-de000 (3/16.0/SYS) CPU/0-3 (1/24.0/PHB) CPU/0-1 (2/16.0/SYS) CPU/0-0 (2/16.0/SYS) CPU/0-2 (2/16.0/SYS) NET/0-0 (3/24.0/PHB) NET/0-1 (4/16.0/SYS) NET/0-2 (4/16.0/SYS) NET/0-3 (4/16.0/SYS) 
nid005202:79989:79989 [7] NCCL INFO GPU/C9000 :GPU/0-c1000 (1/36.0/XGMI) GPU/0-c6000 (3/16.0/SYS) GPU/0-c9000 (0/5000.0/LOC) GPU/0-ce000 (1/144.0/XGMI) GPU/0-d1000 (1/72.0/XGMI) GPU/0-d6000 (3/16.0/SYS) GPU/0-d9000 (3/16.0/SYS) GPU/0-de000 (3/16.0/SYS) CPU/0-3 (2/16.0/SYS) CPU/0-1 (1/24.0/PHB) CPU/0-0 (2/16.0/SYS) CPU/0-2 (2/16.0/SYS) NET/0-0 (4/16.0/SYS) NET/0-1 (3/24.0/PHB) NET/0-2 (4/16.0/SYS) NET/0-3 (4/16.0/SYS) 
nid005203:74124:74124 [3] NCCL INFO               + XGMI[144.0] - GPU/D9000
nid005203:74124:74124 [3] NCCL INFO               + XGMI[36.0] - GPU/CE000
nid005203:74124:74124 [3] NCCL INFO               + XGMI[36.0] - GPU/D6000
nid005203:74124:74124 [3] NCCL INFO + SYS[16.0] - CPU/3
nid005203:74124:74124 [3] NCCL INFO + SYS[16.0] - CPU/1
nid005203:74124:74124 [3] NCCL INFO + SYS[16.0] - CPU/0
nid005203:74124:74124 [3] NCCL INFO ==========================================
nid005203:74124:74124 [3] NCCL INFO GPU/C1000 :GPU/0-c1000 (0/5000.0/LOC) GPU/0-c6000 (1/144.0/XGMI) GPU/0-c9000 (1/36.0/XGMI) GPU/0-ce000 (3/16.0/SYS) GPU/0-d1000 (3/16.0/SYS) GPU/0-d6000 (3/16.0/SYS) GPU/0-d9000 (1/72.0/XGMI) GPU/0-de000 (3/16.0/SYS) CPU/0-3 (1/24.0/PHB) CPU/0-1 (2/16.0/SYS) CPU/0-0 (2/16.0/SYS) CPU/0-2 (2/16.0/SYS) NET/0-0 (3/24.0/PHB) NET/0-1 (4/16.0/SYS) NET/0-2 (4/16.0/SYS) NET/0-3 (4/16.0/SYS) 
nid005202:79989:79989 [7] NCCL INFO GPU/CE000 :GPU/0-c1000 (3/16.0/SYS) GPU/0-c6000 (1/36.0/XGMI) GPU/0-c9000 (1/144.0/XGMI) GPU/0-ce000 (0/5000.0/LOC) GPU/0-d1000 (3/16.0/SYS) GPU/0-d6000 (3/16.0/SYS) GPU/0-d9000 (3/16.0/SYS) GPU/0-de000 (1/36.0/XGMI) CPU/0-3 (2/16.0/SYS) CPU/0-1 (1/24.0/PHB) CPU/0-0 (2/16.0/SYS) CPU/0-2 (2/16.0/SYS) NET/0-0 (4/16.0/SYS) NET/0-1 (3/24.0/PHB) NET/0-2 (4/16.0/SYS) NET/0-3 (4/16.0/SYS) 
nid005202:79989:79989 [7] NCCL INFO GPU/D1000 :GPU/0-c1000 (3/16.0/SYS) GPU/0-c6000 (3/16.0/SYS) GPU/0-c9000 (1/72.0/XGMI) GPU/0-ce000 (3/16.0/SYS) GPU/0-d1000 (0/5000.0/LOC) GPU/0-d6000 (1/144.0/XGMI) GPU/0-d9000 (1/36.0/XGMI) GPU/0-de000 (3/16.0/SYS) CPU/0-3 (2/16.0/SYS) CPU/0-1 (2/16.0/SYS) CPU/0-0 (1/24.0/PHB) CPU/0-2 (2/16.0/SYS) NET/0-0 (4/16.0/SYS) NET/0-1 (4/16.0/SYS) NET/0-2 (3/24.0/PHB) NET/0-3 (4/16.0/SYS) 
nid005203:74125:74125 [4] NCCL INFO GPU/C6000 :GPU/0-c1000 (1/144.0/XGMI) GPU/0-c6000 (0/5000.0/LOC) GPU/0-c9000 (3/16.0/SYS) GPU/0-ce000 (1/36.0/XGMI) GPU/0-d1000 (3/16.0/SYS) GPU/0-d6000 (1/36.0/XGMI) GPU/0-d9000 (3/16.0/SYS) GPU/0-de000 (3/16.0/SYS) CPU/0-3 (1/24.0/PHB) CPU/0-1 (2/16.0/SYS) CPU/0-0 (2/16.0/SYS) CPU/0-2 (2/16.0/SYS) NET/0-0 (3/24.0/PHB) NET/0-1 (4/16.0/SYS) NET/0-2 (4/16.0/SYS) NET/0-3 (4/16.0/SYS) 
nid005203:74125:74125 [4] NCCL INFO GPU/C9000 :GPU/0-c1000 (1/36.0/XGMI) GPU/0-c6000 (3/16.0/SYS) GPU/0-c9000 (0/5000.0/LOC) GPU/0-ce000 (1/144.0/XGMI) GPU/0-d1000 (1/72.0/XGMI) GPU/0-d6000 (3/16.0/SYS) GPU/0-d9000 (3/16.0/SYS) GPU/0-de000 (3/16.0/SYS) CPU/0-3 (2/16.0/SYS) CPU/0-1 (1/24.0/PHB) CPU/0-0 (2/16.0/SYS) CPU/0-2 (2/16.0/SYS) NET/0-0 (4/16.0/SYS) NET/0-1 (3/24.0/PHB) NET/0-2 (4/16.0/SYS) NET/0-3 (4/16.0/SYS) 
nid005202:79989:79989 [7] NCCL INFO GPU/D6000 :GPU/0-c1000 (3/16.0/SYS) GPU/0-c6000 (1/36.0/XGMI) GPU/0-c9000 (3/16.0/SYS) GPU/0-ce000 (3/16.0/SYS) GPU/0-d1000 (1/144.0/XGMI) GPU/0-d6000 (0/5000.0/LOC) GPU/0-d9000 (3/16.0/SYS) GPU/0-de000 (1/36.0/XGMI) CPU/0-3 (2/16.0/SYS) CPU/0-1 (2/16.0/SYS) CPU/0-0 (1/24.0/PHB) CPU/0-2 (2/16.0/SYS) NET/0-0 (4/16.0/SYS) NET/0-1 (4/16.0/SYS) NET/0-2 (3/24.0/PHB) NET/0-3 (4/16.0/SYS) 
nid005202:79989:79989 [7] NCCL INFO GPU/D9000 :GPU/0-c1000 (1/72.0/XGMI) GPU/0-c6000 (3/16.0/SYS) GPU/0-c9000 (3/16.0/SYS) GPU/0-ce000 (3/16.0/SYS) GPU/0-d1000 (1/36.0/XGMI) GPU/0-d6000 (3/16.0/SYS) GPU/0-d9000 (0/5000.0/LOC) GPU/0-de000 (1/144.0/XGMI) CPU/0-3 (2/16.0/SYS) CPU/0-1 (2/16.0/SYS) CPU/0-0 (2/16.0/SYS) CPU/0-2 (1/24.0/PHB) NET/0-0 (4/16.0/SYS) NET/0-1 (4/16.0/SYS) NET/0-2 (4/16.0/SYS) NET/0-3 (3/24.0/PHB) 
nid005203:74125:74125 [4] NCCL INFO GPU/CE000 :GPU/0-c1000 (3/16.0/SYS) GPU/0-c6000 (1/36.0/XGMI) GPU/0-c9000 (1/144.0/XGMI) GPU/0-ce000 (0/5000.0/LOC) GPU/0-d1000 (3/16.0/SYS) GPU/0-d6000 (3/16.0/SYS) GPU/0-d9000 (3/16.0/SYS) GPU/0-de000 (1/36.0/XGMI) CPU/0-3 (2/16.0/SYS) CPU/0-1 (1/24.0/PHB) CPU/0-0 (2/16.0/SYS) CPU/0-2 (2/16.0/SYS) NET/0-0 (4/16.0/SYS) NET/0-1 (3/24.0/PHB) NET/0-2 (4/16.0/SYS) NET/0-3 (4/16.0/SYS) 
nid005203:74125:74125 [4] NCCL INFO GPU/D1000 :GPU/0-c1000 (3/16.0/SYS) GPU/0-c6000 (3/16.0/SYS) GPU/0-c9000 (1/72.0/XGMI) GPU/0-ce000 (3/16.0/SYS) GPU/0-d1000 (0/5000.0/LOC) GPU/0-d6000 (1/144.0/XGMI) GPU/0-d9000 (1/36.0/XGMI) GPU/0-de000 (3/16.0/SYS) CPU/0-3 (2/16.0/SYS) CPU/0-1 (2/16.0/SYS) CPU/0-0 (1/24.0/PHB) CPU/0-2 (2/16.0/SYS) NET/0-0 (4/16.0/SYS) NET/0-1 (4/16.0/SYS) NET/0-2 (3/24.0/PHB) NET/0-3 (4/16.0/SYS) 
nid005202:79989:79989 [7] NCCL INFO GPU/DE000 :GPU/0-c1000 (3/16.0/SYS) GPU/0-c6000 (3/16.0/SYS) GPU/0-c9000 (3/16.0/SYS) GPU/0-ce000 (1/36.0/XGMI) GPU/0-d1000 (3/16.0/SYS) GPU/0-d6000 (1/36.0/XGMI) GPU/0-d9000 (1/144.0/XGMI) GPU/0-de000 (0/5000.0/LOC) CPU/0-3 (2/16.0/SYS) CPU/0-1 (2/16.0/SYS) CPU/0-0 (2/16.0/SYS) CPU/0-2 (1/24.0/PHB) NET/0-0 (4/16.0/SYS) NET/0-1 (4/16.0/SYS) NET/0-2 (4/16.0/SYS) NET/0-3 (3/24.0/PHB) 
nid005202:79989:79989 [7] NCCL INFO NET/0 :GPU/0-c1000 (3/24.0/PHB) GPU/0-c6000 (3/24.0/PHB) GPU/0-c9000 (4/16.0/SYS) GPU/0-ce000 (4/16.0/SYS) GPU/0-d1000 (4/16.0/SYS) GPU/0-d6000 (4/16.0/SYS) GPU/0-d9000 (4/16.0/SYS) GPU/0-de000 (4/16.0/SYS) CPU/0-3 (2/24.0/PHB) CPU/0-1 (3/16.0/SYS) CPU/0-0 (3/16.0/SYS) CPU/0-2 (3/16.0/SYS) NET/0-0 (0/5000.0/LOC) NET/0-1 (5/16.0/SYS) NET/0-2 (5/16.0/SYS) NET/0-3 (5/16.0/SYS) 
nid005203:74125:74125 [4] NCCL INFO GPU/D6000 :GPU/0-c1000 (3/16.0/SYS) GPU/0-c6000 (1/36.0/XGMI) GPU/0-c9000 (3/16.0/SYS) GPU/0-ce000 (3/16.0/SYS) GPU/0-d1000 (1/144.0/XGMI) GPU/0-d6000 (0/5000.0/LOC) GPU/0-d9000 (3/16.0/SYS) GPU/0-de000 (1/36.0/XGMI) CPU/0-3 (2/16.0/SYS) CPU/0-1 (2/16.0/SYS) CPU/0-0 (1/24.0/PHB) CPU/0-2 (2/16.0/SYS) NET/0-0 (4/16.0/SYS) NET/0-1 (4/16.0/SYS) NET/0-2 (3/24.0/PHB) NET/0-3 (4/16.0/SYS) 
nid005203:74125:74125 [4] NCCL INFO GPU/D9000 :GPU/0-c1000 (1/72.0/XGMI) GPU/0-c6000 (3/16.0/SYS) GPU/0-c9000 (3/16.0/SYS) GPU/0-ce000 (3/16.0/SYS) GPU/0-d1000 (1/36.0/XGMI) GPU/0-d6000 (3/16.0/SYS) GPU/0-d9000 (0/5000.0/LOC) GPU/0-de000 (1/144.0/XGMI) CPU/0-3 (2/16.0/SYS) CPU/0-1 (2/16.0/SYS) CPU/0-0 (2/16.0/SYS) CPU/0-2 (1/24.0/PHB) NET/0-0 (4/16.0/SYS) NET/0-1 (4/16.0/SYS) NET/0-2 (4/16.0/SYS) NET/0-3 (3/24.0/PHB) 
nid005202:79989:79989 [7] NCCL INFO NET/1 :GPU/0-c1000 (4/16.0/SYS) GPU/0-c6000 (4/16.0/SYS) GPU/0-c9000 (3/24.0/PHB) GPU/0-ce000 (3/24.0/PHB) GPU/0-d1000 (4/16.0/SYS) GPU/0-d6000 (4/16.0/SYS) GPU/0-d9000 (4/16.0/SYS) GPU/0-de000 (4/16.0/SYS) CPU/0-3 (3/16.0/SYS) CPU/0-1 (2/24.0/PHB) CPU/0-0 (3/16.0/SYS) CPU/0-2 (3/16.0/SYS) NET/0-0 (5/16.0/SYS) NET/0-1 (0/5000.0/LOC) NET/0-2 (5/16.0/SYS) NET/0-3 (5/16.0/SYS) 
nid005203:74125:74125 [4] NCCL INFO GPU/DE000 :GPU/0-c1000 (3/16.0/SYS) GPU/0-c6000 (3/16.0/SYS) GPU/0-c9000 (3/16.0/SYS) GPU/0-ce000 (1/36.0/XGMI) GPU/0-d1000 (3/16.0/SYS) GPU/0-d6000 (1/36.0/XGMI) GPU/0-d9000 (1/144.0/XGMI) GPU/0-de000 (0/5000.0/LOC) CPU/0-3 (2/16.0/SYS) CPU/0-1 (2/16.0/SYS) CPU/0-0 (2/16.0/SYS) CPU/0-2 (1/24.0/PHB) NET/0-0 (4/16.0/SYS) NET/0-1 (4/16.0/SYS) NET/0-2 (4/16.0/SYS) NET/0-3 (3/24.0/PHB) 
nid005203:74125:74125 [4] NCCL INFO NET/0 :GPU/0-c1000 (3/24.0/PHB) GPU/0-c6000 (3/24.0/PHB) GPU/0-c9000 (4/16.0/SYS) GPU/0-ce000 (4/16.0/SYS) GPU/0-d1000 (4/16.0/SYS) GPU/0-d6000 (4/16.0/SYS) GPU/0-d9000 (4/16.0/SYS) GPU/0-de000 (4/16.0/SYS) CPU/0-3 (2/24.0/PHB) CPU/0-1 (3/16.0/SYS) CPU/0-0 (3/16.0/SYS) CPU/0-2 (3/16.0/SYS) NET/0-0 (0/5000.0/LOC) NET/0-1 (5/16.0/SYS) NET/0-2 (5/16.0/SYS) NET/0-3 (5/16.0/SYS) 
nid005202:79983:79983 [1] NCCL INFO GPU/C6000 :GPU/0-c1000 (1/144.0/XGMI) GPU/0-c6000 (0/5000.0/LOC) GPU/0-c9000 (3/16.0/SYS) GPU/0-ce000 (1/36.0/XGMI) GPU/0-d1000 (3/16.0/SYS) GPU/0-d6000 (1/36.0/XGMI) GPU/0-d9000 (3/16.0/SYS) GPU/0-de000 (3/16.0/SYS) CPU/0-3 (1/24.0/PHB) CPU/0-1 (2/16.0/SYS) CPU/0-0 (2/16.0/SYS) CPU/0-2 (2/16.0/SYS) NET/0-0 (3/24.0/PHB) NET/0-1 (4/16.0/SYS) NET/0-2 (4/16.0/SYS) NET/0-3 (4/16.0/SYS) 
nid005202:79983:79983 [1] NCCL INFO GPU/C9000 :GPU/0-c1000 (1/36.0/XGMI) GPU/0-c6000 (3/16.0/SYS) GPU/0-c9000 (0/5000.0/LOC) GPU/0-ce000 (1/144.0/XGMI) GPU/0-d1000 (1/72.0/XGMI) GPU/0-d6000 (3/16.0/SYS) GPU/0-d9000 (3/16.0/SYS) GPU/0-de000 (3/16.0/SYS) CPU/0-3 (2/16.0/SYS) CPU/0-1 (1/24.0/PHB) CPU/0-0 (2/16.0/SYS) CPU/0-2 (2/16.0/SYS) NET/0-0 (4/16.0/SYS) NET/0-1 (3/24.0/PHB) NET/0-2 (4/16.0/SYS) NET/0-3 (4/16.0/SYS) 
nid005203:74125:74125 [4] NCCL INFO NET/1 :GPU/0-c1000 (4/16.0/SYS) GPU/0-c6000 (4/16.0/SYS) GPU/0-c9000 (3/24.0/PHB) GPU/0-ce000 (3/24.0/PHB) GPU/0-d1000 (4/16.0/SYS) GPU/0-d6000 (4/16.0/SYS) GPU/0-d9000 (4/16.0/SYS) GPU/0-de000 (4/16.0/SYS) CPU/0-3 (3/16.0/SYS) CPU/0-1 (2/24.0/PHB) CPU/0-0 (3/16.0/SYS) CPU/0-2 (3/16.0/SYS) NET/0-0 (5/16.0/SYS) NET/0-1 (0/5000.0/LOC) NET/0-2 (5/16.0/SYS) NET/0-3 (5/16.0/SYS) 
nid005202:79983:79983 [1] NCCL INFO GPU/CE000 :GPU/0-c1000 (3/16.0/SYS) GPU/0-c6000 (1/36.0/XGMI) GPU/0-c9000 (1/144.0/XGMI) GPU/0-ce000 (0/5000.0/LOC) GPU/0-d1000 (3/16.0/SYS) GPU/0-d6000 (3/16.0/SYS) GPU/0-d9000 (3/16.0/SYS) GPU/0-de000 (1/36.0/XGMI) CPU/0-3 (2/16.0/SYS) CPU/0-1 (1/24.0/PHB) CPU/0-0 (2/16.0/SYS) CPU/0-2 (2/16.0/SYS) NET/0-0 (4/16.0/SYS) NET/0-1 (3/24.0/PHB) NET/0-2 (4/16.0/SYS) NET/0-3 (4/16.0/SYS) 
nid005202:79983:79983 [1] NCCL INFO GPU/D1000 :GPU/0-c1000 (3/16.0/SYS) GPU/0-c6000 (3/16.0/SYS) GPU/0-c9000 (1/72.0/XGMI) GPU/0-ce000 (3/16.0/SYS) GPU/0-d1000 (0/5000.0/LOC) GPU/0-d6000 (1/144.0/XGMI) GPU/0-d9000 (1/36.0/XGMI) GPU/0-de000 (3/16.0/SYS) CPU/0-3 (2/16.0/SYS) CPU/0-1 (2/16.0/SYS) CPU/0-0 (1/24.0/PHB) CPU/0-2 (2/16.0/SYS) NET/0-0 (4/16.0/SYS) NET/0-1 (4/16.0/SYS) NET/0-2 (3/24.0/PHB) NET/0-3 (4/16.0/SYS) 
nid005203:74126:74126 [5] NCCL INFO GPU/C6000 :GPU/0-c1000 (1/144.0/XGMI) GPU/0-c6000 (0/5000.0/LOC) GPU/0-c9000 (3/16.0/SYS) GPU/0-ce000 (1/36.0/XGMI) GPU/0-d1000 (3/16.0/SYS) GPU/0-d6000 (1/36.0/XGMI) GPU/0-d9000 (3/16.0/SYS) GPU/0-de000 (3/16.0/SYS) CPU/0-3 (1/24.0/PHB) CPU/0-1 (2/16.0/SYS) CPU/0-0 (2/16.0/SYS) CPU/0-2 (2/16.0/SYS) NET/0-0 (3/24.0/PHB) NET/0-1 (4/16.0/SYS) NET/0-2 (4/16.0/SYS) NET/0-3 (4/16.0/SYS) 
nid005203:74126:74126 [5] NCCL INFO GPU/C9000 :GPU/0-c1000 (1/36.0/XGMI) GPU/0-c6000 (3/16.0/SYS) GPU/0-c9000 (0/5000.0/LOC) GPU/0-ce000 (1/144.0/XGMI) GPU/0-d1000 (1/72.0/XGMI) GPU/0-d6000 (3/16.0/SYS) GPU/0-d9000 (3/16.0/SYS) GPU/0-de000 (3/16.0/SYS) CPU/0-3 (2/16.0/SYS) CPU/0-1 (1/24.0/PHB) CPU/0-0 (2/16.0/SYS) CPU/0-2 (2/16.0/SYS) NET/0-0 (4/16.0/SYS) NET/0-1 (3/24.0/PHB) NET/0-2 (4/16.0/SYS) NET/0-3 (4/16.0/SYS) 
nid005202:79983:79983 [1] NCCL INFO GPU/D6000 :GPU/0-c1000 (3/16.0/SYS) GPU/0-c6000 (1/36.0/XGMI) GPU/0-c9000 (3/16.0/SYS) GPU/0-ce000 (3/16.0/SYS) GPU/0-d1000 (1/144.0/XGMI) GPU/0-d6000 (0/5000.0/LOC) GPU/0-d9000 (3/16.0/SYS) GPU/0-de000 (1/36.0/XGMI) CPU/0-3 (2/16.0/SYS) CPU/0-1 (2/16.0/SYS) CPU/0-0 (1/24.0/PHB) CPU/0-2 (2/16.0/SYS) NET/0-0 (4/16.0/SYS) NET/0-1 (4/16.0/SYS) NET/0-2 (3/24.0/PHB) NET/0-3 (4/16.0/SYS) 
nid005202:79983:79983 [1] NCCL INFO GPU/D9000 :GPU/0-c1000 (1/72.0/XGMI) GPU/0-c6000 (3/16.0/SYS) GPU/0-c9000 (3/16.0/SYS) GPU/0-ce000 (3/16.0/SYS) GPU/0-d1000 (1/36.0/XGMI) GPU/0-d6000 (3/16.0/SYS) GPU/0-d9000 (0/5000.0/LOC) GPU/0-de000 (1/144.0/XGMI) CPU/0-3 (2/16.0/SYS) CPU/0-1 (2/16.0/SYS) CPU/0-0 (2/16.0/SYS) CPU/0-2 (1/24.0/PHB) NET/0-0 (4/16.0/SYS) NET/0-1 (4/16.0/SYS) NET/0-2 (4/16.0/SYS) NET/0-3 (3/24.0/PHB) 
nid005203:74126:74126 [5] NCCL INFO GPU/CE000 :GPU/0-c1000 (3/16.0/SYS) GPU/0-c6000 (1/36.0/XGMI) GPU/0-c9000 (1/144.0/XGMI) GPU/0-ce000 (0/5000.0/LOC) GPU/0-d1000 (3/16.0/SYS) GPU/0-d6000 (3/16.0/SYS) GPU/0-d9000 (3/16.0/SYS) GPU/0-de000 (1/36.0/XGMI) CPU/0-3 (2/16.0/SYS) CPU/0-1 (1/24.0/PHB) CPU/0-0 (2/16.0/SYS) CPU/0-2 (2/16.0/SYS) NET/0-0 (4/16.0/SYS) NET/0-1 (3/24.0/PHB) NET/0-2 (4/16.0/SYS) NET/0-3 (4/16.0/SYS) 
nid005203:74126:74126 [5] NCCL INFO GPU/D1000 :GPU/0-c1000 (3/16.0/SYS) GPU/0-c6000 (3/16.0/SYS) GPU/0-c9000 (1/72.0/XGMI) GPU/0-ce000 (3/16.0/SYS) GPU/0-d1000 (0/5000.0/LOC) GPU/0-d6000 (1/144.0/XGMI) GPU/0-d9000 (1/36.0/XGMI) GPU/0-de000 (3/16.0/SYS) CPU/0-3 (2/16.0/SYS) CPU/0-1 (2/16.0/SYS) CPU/0-0 (1/24.0/PHB) CPU/0-2 (2/16.0/SYS) NET/0-0 (4/16.0/SYS) NET/0-1 (4/16.0/SYS) NET/0-2 (3/24.0/PHB) NET/0-3 (4/16.0/SYS) 
nid005202:79983:79983 [1] NCCL INFO GPU/DE000 :GPU/0-c1000 (3/16.0/SYS) GPU/0-c6000 (3/16.0/SYS) GPU/0-c9000 (3/16.0/SYS) GPU/0-ce000 (1/36.0/XGMI) GPU/0-d1000 (3/16.0/SYS) GPU/0-d6000 (1/36.0/XGMI) GPU/0-d9000 (1/144.0/XGMI) GPU/0-de000 (0/5000.0/LOC) CPU/0-3 (2/16.0/SYS) CPU/0-1 (2/16.0/SYS) CPU/0-0 (2/16.0/SYS) CPU/0-2 (1/24.0/PHB) NET/0-0 (4/16.0/SYS) NET/0-1 (4/16.0/SYS) NET/0-2 (4/16.0/SYS) NET/0-3 (3/24.0/PHB) 
nid005202:79983:79983 [1] NCCL INFO NET/0 :GPU/0-c1000 (3/24.0/PHB) GPU/0-c6000 (3/24.0/PHB) GPU/0-c9000 (4/16.0/SYS) GPU/0-ce000 (4/16.0/SYS) GPU/0-d1000 (4/16.0/SYS) GPU/0-d6000 (4/16.0/SYS) GPU/0-d9000 (4/16.0/SYS) GPU/0-de000 (4/16.0/SYS) CPU/0-3 (2/24.0/PHB) CPU/0-1 (3/16.0/SYS) CPU/0-0 (3/16.0/SYS) CPU/0-2 (3/16.0/SYS) NET/0-0 (0/5000.0/LOC) NET/0-1 (5/16.0/SYS) NET/0-2 (5/16.0/SYS) NET/0-3 (5/16.0/SYS) 
nid005203:74126:74126 [5] NCCL INFO GPU/D6000 :GPU/0-c1000 (3/16.0/SYS) GPU/0-c6000 (1/36.0/XGMI) GPU/0-c9000 (3/16.0/SYS) GPU/0-ce000 (3/16.0/SYS) GPU/0-d1000 (1/144.0/XGMI) GPU/0-d6000 (0/5000.0/LOC) GPU/0-d9000 (3/16.0/SYS) GPU/0-de000 (1/36.0/XGMI) CPU/0-3 (2/16.0/SYS) CPU/0-1 (2/16.0/SYS) CPU/0-0 (1/24.0/PHB) CPU/0-2 (2/16.0/SYS) NET/0-0 (4/16.0/SYS) NET/0-1 (4/16.0/SYS) NET/0-2 (3/24.0/PHB) NET/0-3 (4/16.0/SYS) 
nid005203:74126:74126 [5] NCCL INFO GPU/D9000 :GPU/0-c1000 (1/72.0/XGMI) GPU/0-c6000 (3/16.0/SYS) GPU/0-c9000 (3/16.0/SYS) GPU/0-ce000 (3/16.0/SYS) GPU/0-d1000 (1/36.0/XGMI) GPU/0-d6000 (3/16.0/SYS) GPU/0-d9000 (0/5000.0/LOC) GPU/0-de000 (1/144.0/XGMI) CPU/0-3 (2/16.0/SYS) CPU/0-1 (2/16.0/SYS) CPU/0-0 (2/16.0/SYS) CPU/0-2 (1/24.0/PHB) NET/0-0 (4/16.0/SYS) NET/0-1 (4/16.0/SYS) NET/0-2 (4/16.0/SYS) NET/0-3 (3/24.0/PHB) 
nid005202:79983:79983 [1] NCCL INFO NET/1 :GPU/0-c1000 (4/16.0/SYS) GPU/0-c6000 (4/16.0/SYS) GPU/0-c9000 (3/24.0/PHB) GPU/0-ce000 (3/24.0/PHB) GPU/0-d1000 (4/16.0/SYS) GPU/0-d6000 (4/16.0/SYS) GPU/0-d9000 (4/16.0/SYS) GPU/0-de000 (4/16.0/SYS) CPU/0-3 (3/16.0/SYS) CPU/0-1 (2/24.0/PHB) CPU/0-0 (3/16.0/SYS) CPU/0-2 (3/16.0/SYS) NET/0-0 (5/16.0/SYS) NET/0-1 (0/5000.0/LOC) NET/0-2 (5/16.0/SYS) NET/0-3 (5/16.0/SYS) 
nid005203:74126:74126 [5] NCCL INFO GPU/DE000 :GPU/0-c1000 (3/16.0/SYS) GPU/0-c6000 (3/16.0/SYS) GPU/0-c9000 (3/16.0/SYS) GPU/0-ce000 (1/36.0/XGMI) GPU/0-d1000 (3/16.0/SYS) GPU/0-d6000 (1/36.0/XGMI) GPU/0-d9000 (1/144.0/XGMI) GPU/0-de000 (0/5000.0/LOC) CPU/0-3 (2/16.0/SYS) CPU/0-1 (2/16.0/SYS) CPU/0-0 (2/16.0/SYS) CPU/0-2 (1/24.0/PHB) NET/0-0 (4/16.0/SYS) NET/0-1 (4/16.0/SYS) NET/0-2 (4/16.0/SYS) NET/0-3 (3/24.0/PHB) 
nid005203:74126:74126 [5] NCCL INFO NET/0 :GPU/0-c1000 (3/24.0/PHB) GPU/0-c6000 (3/24.0/PHB) GPU/0-c9000 (4/16.0/SYS) GPU/0-ce000 (4/16.0/SYS) GPU/0-d1000 (4/16.0/SYS) GPU/0-d6000 (4/16.0/SYS) GPU/0-d9000 (4/16.0/SYS) GPU/0-de000 (4/16.0/SYS) CPU/0-3 (2/24.0/PHB) CPU/0-1 (3/16.0/SYS) CPU/0-0 (3/16.0/SYS) CPU/0-2 (3/16.0/SYS) NET/0-0 (0/5000.0/LOC) NET/0-1 (5/16.0/SYS) NET/0-2 (5/16.0/SYS) NET/0-3 (5/16.0/SYS) 
nid005202:79984:79984 [2] NCCL INFO GPU/C6000 :GPU/0-c1000 (1/144.0/XGMI) GPU/0-c6000 (0/5000.0/LOC) GPU/0-c9000 (3/16.0/SYS) GPU/0-ce000 (1/36.0/XGMI) GPU/0-d1000 (3/16.0/SYS) GPU/0-d6000 (1/36.0/XGMI) GPU/0-d9000 (3/16.0/SYS) GPU/0-de000 (3/16.0/SYS) CPU/0-3 (1/24.0/PHB) CPU/0-1 (2/16.0/SYS) CPU/0-0 (2/16.0/SYS) CPU/0-2 (2/16.0/SYS) NET/0-0 (3/24.0/PHB) NET/0-1 (4/16.0/SYS) NET/0-2 (4/16.0/SYS) NET/0-3 (4/16.0/SYS) 
nid005202:79984:79984 [2] NCCL INFO GPU/C9000 :GPU/0-c1000 (1/36.0/XGMI) GPU/0-c6000 (3/16.0/SYS) GPU/0-c9000 (0/5000.0/LOC) GPU/0-ce000 (1/144.0/XGMI) GPU/0-d1000 (1/72.0/XGMI) GPU/0-d6000 (3/16.0/SYS) GPU/0-d9000 (3/16.0/SYS) GPU/0-de000 (3/16.0/SYS) CPU/0-3 (2/16.0/SYS) CPU/0-1 (1/24.0/PHB) CPU/0-0 (2/16.0/SYS) CPU/0-2 (2/16.0/SYS) NET/0-0 (4/16.0/SYS) NET/0-1 (3/24.0/PHB) NET/0-2 (4/16.0/SYS) NET/0-3 (4/16.0/SYS) 
nid005203:74126:74126 [5] NCCL INFO NET/1 :GPU/0-c1000 (4/16.0/SYS) GPU/0-c6000 (4/16.0/SYS) GPU/0-c9000 (3/24.0/PHB) GPU/0-ce000 (3/24.0/PHB) GPU/0-d1000 (4/16.0/SYS) GPU/0-d6000 (4/16.0/SYS) GPU/0-d9000 (4/16.0/SYS) GPU/0-de000 (4/16.0/SYS) CPU/0-3 (3/16.0/SYS) CPU/0-1 (2/24.0/PHB) CPU/0-0 (3/16.0/SYS) CPU/0-2 (3/16.0/SYS) NET/0-0 (5/16.0/SYS) NET/0-1 (0/5000.0/LOC) NET/0-2 (5/16.0/SYS) NET/0-3 (5/16.0/SYS) 
nid005202:79984:79984 [2] NCCL INFO GPU/CE000 :GPU/0-c1000 (3/16.0/SYS) GPU/0-c6000 (1/36.0/XGMI) GPU/0-c9000 (1/144.0/XGMI) GPU/0-ce000 (0/5000.0/LOC) GPU/0-d1000 (3/16.0/SYS) GPU/0-d6000 (3/16.0/SYS) GPU/0-d9000 (3/16.0/SYS) GPU/0-de000 (1/36.0/XGMI) CPU/0-3 (2/16.0/SYS) CPU/0-1 (1/24.0/PHB) CPU/0-0 (2/16.0/SYS) CPU/0-2 (2/16.0/SYS) NET/0-0 (4/16.0/SYS) NET/0-1 (3/24.0/PHB) NET/0-2 (4/16.0/SYS) NET/0-3 (4/16.0/SYS) 
nid005202:79984:79984 [2] NCCL INFO GPU/D1000 :GPU/0-c1000 (3/16.0/SYS) GPU/0-c6000 (3/16.0/SYS) GPU/0-c9000 (1/72.0/XGMI) GPU/0-ce000 (3/16.0/SYS) GPU/0-d1000 (0/5000.0/LOC) GPU/0-d6000 (1/144.0/XGMI) GPU/0-d9000 (1/36.0/XGMI) GPU/0-de000 (3/16.0/SYS) CPU/0-3 (2/16.0/SYS) CPU/0-1 (2/16.0/SYS) CPU/0-0 (1/24.0/PHB) CPU/0-2 (2/16.0/SYS) NET/0-0 (4/16.0/SYS) NET/0-1 (4/16.0/SYS) NET/0-2 (3/24.0/PHB) NET/0-3 (4/16.0/SYS) 
nid005203:74127:74127 [6] NCCL INFO GPU/C6000 :GPU/0-c1000 (1/144.0/XGMI) GPU/0-c6000 (0/5000.0/LOC) GPU/0-c9000 (3/16.0/SYS) GPU/0-ce000 (1/36.0/XGMI) GPU/0-d1000 (3/16.0/SYS) GPU/0-d6000 (1/36.0/XGMI) GPU/0-d9000 (3/16.0/SYS) GPU/0-de000 (3/16.0/SYS) CPU/0-3 (1/24.0/PHB) CPU/0-1 (2/16.0/SYS) CPU/0-0 (2/16.0/SYS) CPU/0-2 (2/16.0/SYS) NET/0-0 (3/24.0/PHB) NET/0-1 (4/16.0/SYS) NET/0-2 (4/16.0/SYS) NET/0-3 (4/16.0/SYS) 
nid005203:74127:74127 [6] NCCL INFO GPU/C9000 :GPU/0-c1000 (1/36.0/XGMI) GPU/0-c6000 (3/16.0/SYS) GPU/0-c9000 (0/5000.0/LOC) GPU/0-ce000 (1/144.0/XGMI) GPU/0-d1000 (1/72.0/XGMI) GPU/0-d6000 (3/16.0/SYS) GPU/0-d9000 (3/16.0/SYS) GPU/0-de000 (3/16.0/SYS) CPU/0-3 (2/16.0/SYS) CPU/0-1 (1/24.0/PHB) CPU/0-0 (2/16.0/SYS) CPU/0-2 (2/16.0/SYS) NET/0-0 (4/16.0/SYS) NET/0-1 (3/24.0/PHB) NET/0-2 (4/16.0/SYS) NET/0-3 (4/16.0/SYS) 
nid005202:79984:79984 [2] NCCL INFO GPU/D6000 :GPU/0-c1000 (3/16.0/SYS) GPU/0-c6000 (1/36.0/XGMI) GPU/0-c9000 (3/16.0/SYS) GPU/0-ce000 (3/16.0/SYS) GPU/0-d1000 (1/144.0/XGMI) GPU/0-d6000 (0/5000.0/LOC) GPU/0-d9000 (3/16.0/SYS) GPU/0-de000 (1/36.0/XGMI) CPU/0-3 (2/16.0/SYS) CPU/0-1 (2/16.0/SYS) CPU/0-0 (1/24.0/PHB) CPU/0-2 (2/16.0/SYS) NET/0-0 (4/16.0/SYS) NET/0-1 (4/16.0/SYS) NET/0-2 (3/24.0/PHB) NET/0-3 (4/16.0/SYS) 
nid005202:79984:79984 [2] NCCL INFO GPU/D9000 :GPU/0-c1000 (1/72.0/XGMI) GPU/0-c6000 (3/16.0/SYS) GPU/0-c9000 (3/16.0/SYS) GPU/0-ce000 (3/16.0/SYS) GPU/0-d1000 (1/36.0/XGMI) GPU/0-d6000 (3/16.0/SYS) GPU/0-d9000 (0/5000.0/LOC) GPU/0-de000 (1/144.0/XGMI) CPU/0-3 (2/16.0/SYS) CPU/0-1 (2/16.0/SYS) CPU/0-0 (2/16.0/SYS) CPU/0-2 (1/24.0/PHB) NET/0-0 (4/16.0/SYS) NET/0-1 (4/16.0/SYS) NET/0-2 (4/16.0/SYS) NET/0-3 (3/24.0/PHB) 
nid005203:74127:74127 [6] NCCL INFO GPU/CE000 :GPU/0-c1000 (3/16.0/SYS) GPU/0-c6000 (1/36.0/XGMI) GPU/0-c9000 (1/144.0/XGMI) GPU/0-ce000 (0/5000.0/LOC) GPU/0-d1000 (3/16.0/SYS) GPU/0-d6000 (3/16.0/SYS) GPU/0-d9000 (3/16.0/SYS) GPU/0-de000 (1/36.0/XGMI) CPU/0-3 (2/16.0/SYS) CPU/0-1 (1/24.0/PHB) CPU/0-0 (2/16.0/SYS) CPU/0-2 (2/16.0/SYS) NET/0-0 (4/16.0/SYS) NET/0-1 (3/24.0/PHB) NET/0-2 (4/16.0/SYS) NET/0-3 (4/16.0/SYS) 
nid005203:74127:74127 [6] NCCL INFO GPU/D1000 :GPU/0-c1000 (3/16.0/SYS) GPU/0-c6000 (3/16.0/SYS) GPU/0-c9000 (1/72.0/XGMI) GPU/0-ce000 (3/16.0/SYS) GPU/0-d1000 (0/5000.0/LOC) GPU/0-d6000 (1/144.0/XGMI) GPU/0-d9000 (1/36.0/XGMI) GPU/0-de000 (3/16.0/SYS) CPU/0-3 (2/16.0/SYS) CPU/0-1 (2/16.0/SYS) CPU/0-0 (1/24.0/PHB) CPU/0-2 (2/16.0/SYS) NET/0-0 (4/16.0/SYS) NET/0-1 (4/16.0/SYS) NET/0-2 (3/24.0/PHB) NET/0-3 (4/16.0/SYS) 
nid005202:79984:79984 [2] NCCL INFO GPU/DE000 :GPU/0-c1000 (3/16.0/SYS) GPU/0-c6000 (3/16.0/SYS) GPU/0-c9000 (3/16.0/SYS) GPU/0-ce000 (1/36.0/XGMI) GPU/0-d1000 (3/16.0/SYS) GPU/0-d6000 (1/36.0/XGMI) GPU/0-d9000 (1/144.0/XGMI) GPU/0-de000 (0/5000.0/LOC) CPU/0-3 (2/16.0/SYS) CPU/0-1 (2/16.0/SYS) CPU/0-0 (2/16.0/SYS) CPU/0-2 (1/24.0/PHB) NET/0-0 (4/16.0/SYS) NET/0-1 (4/16.0/SYS) NET/0-2 (4/16.0/SYS) NET/0-3 (3/24.0/PHB) 
nid005202:79984:79984 [2] NCCL INFO NET/0 :GPU/0-c1000 (3/24.0/PHB) GPU/0-c6000 (3/24.0/PHB) GPU/0-c9000 (4/16.0/SYS) GPU/0-ce000 (4/16.0/SYS) GPU/0-d1000 (4/16.0/SYS) GPU/0-d6000 (4/16.0/SYS) GPU/0-d9000 (4/16.0/SYS) GPU/0-de000 (4/16.0/SYS) CPU/0-3 (2/24.0/PHB) CPU/0-1 (3/16.0/SYS) CPU/0-0 (3/16.0/SYS) CPU/0-2 (3/16.0/SYS) NET/0-0 (0/5000.0/LOC) NET/0-1 (5/16.0/SYS) NET/0-2 (5/16.0/SYS) NET/0-3 (5/16.0/SYS) 
nid005203:74127:74127 [6] NCCL INFO GPU/D6000 :GPU/0-c1000 (3/16.0/SYS) GPU/0-c6000 (1/36.0/XGMI) GPU/0-c9000 (3/16.0/SYS) GPU/0-ce000 (3/16.0/SYS) GPU/0-d1000 (1/144.0/XGMI) GPU/0-d6000 (0/5000.0/LOC) GPU/0-d9000 (3/16.0/SYS) GPU/0-de000 (1/36.0/XGMI) CPU/0-3 (2/16.0/SYS) CPU/0-1 (2/16.0/SYS) CPU/0-0 (1/24.0/PHB) CPU/0-2 (2/16.0/SYS) NET/0-0 (4/16.0/SYS) NET/0-1 (4/16.0/SYS) NET/0-2 (3/24.0/PHB) NET/0-3 (4/16.0/SYS) 
nid005203:74127:74127 [6] NCCL INFO GPU/D9000 :GPU/0-c1000 (1/72.0/XGMI) GPU/0-c6000 (3/16.0/SYS) GPU/0-c9000 (3/16.0/SYS) GPU/0-ce000 (3/16.0/SYS) GPU/0-d1000 (1/36.0/XGMI) GPU/0-d6000 (3/16.0/SYS) GPU/0-d9000 (0/5000.0/LOC) GPU/0-de000 (1/144.0/XGMI) CPU/0-3 (2/16.0/SYS) CPU/0-1 (2/16.0/SYS) CPU/0-0 (2/16.0/SYS) CPU/0-2 (1/24.0/PHB) NET/0-0 (4/16.0/SYS) NET/0-1 (4/16.0/SYS) NET/0-2 (4/16.0/SYS) NET/0-3 (3/24.0/PHB) 
nid005202:79984:79984 [2] NCCL INFO NET/1 :GPU/0-c1000 (4/16.0/SYS) GPU/0-c6000 (4/16.0/SYS) GPU/0-c9000 (3/24.0/PHB) GPU/0-ce000 (3/24.0/PHB) GPU/0-d1000 (4/16.0/SYS) GPU/0-d6000 (4/16.0/SYS) GPU/0-d9000 (4/16.0/SYS) GPU/0-de000 (4/16.0/SYS) CPU/0-3 (3/16.0/SYS) CPU/0-1 (2/24.0/PHB) CPU/0-0 (3/16.0/SYS) CPU/0-2 (3/16.0/SYS) NET/0-0 (5/16.0/SYS) NET/0-1 (0/5000.0/LOC) NET/0-2 (5/16.0/SYS) NET/0-3 (5/16.0/SYS) 
nid005203:74127:74127 [6] NCCL INFO GPU/DE000 :GPU/0-c1000 (3/16.0/SYS) GPU/0-c6000 (3/16.0/SYS) GPU/0-c9000 (3/16.0/SYS) GPU/0-ce000 (1/36.0/XGMI) GPU/0-d1000 (3/16.0/SYS) GPU/0-d6000 (1/36.0/XGMI) GPU/0-d9000 (1/144.0/XGMI) GPU/0-de000 (0/5000.0/LOC) CPU/0-3 (2/16.0/SYS) CPU/0-1 (2/16.0/SYS) CPU/0-0 (2/16.0/SYS) CPU/0-2 (1/24.0/PHB) NET/0-0 (4/16.0/SYS) NET/0-1 (4/16.0/SYS) NET/0-2 (4/16.0/SYS) NET/0-3 (3/24.0/PHB) 
nid005203:74127:74127 [6] NCCL INFO NET/0 :GPU/0-c1000 (3/24.0/PHB) GPU/0-c6000 (3/24.0/PHB) GPU/0-c9000 (4/16.0/SYS) GPU/0-ce000 (4/16.0/SYS) GPU/0-d1000 (4/16.0/SYS) GPU/0-d6000 (4/16.0/SYS) GPU/0-d9000 (4/16.0/SYS) GPU/0-de000 (4/16.0/SYS) CPU/0-3 (2/24.0/PHB) CPU/0-1 (3/16.0/SYS) CPU/0-0 (3/16.0/SYS) CPU/0-2 (3/16.0/SYS) NET/0-0 (0/5000.0/LOC) NET/0-1 (5/16.0/SYS) NET/0-2 (5/16.0/SYS) NET/0-3 (5/16.0/SYS) 
nid005202:79985:79985 [3] NCCL INFO NET/2 :GPU/0-c1000 (4/16.0/SYS) GPU/0-c6000 (4/16.0/SYS) GPU/0-c9000 (4/16.0/SYS) GPU/0-ce000 (4/16.0/SYS) GPU/0-d1000 (3/24.0/PHB) GPU/0-d6000 (3/24.0/PHB) GPU/0-d9000 (4/16.0/SYS) GPU/0-de000 (4/16.0/SYS) CPU/0-3 (3/16.0/SYS) CPU/0-1 (3/16.0/SYS) CPU/0-0 (2/24.0/PHB) CPU/0-2 (3/16.0/SYS) NET/0-0 (5/16.0/SYS) NET/0-1 (5/16.0/SYS) NET/0-2 (0/5000.0/LOC) NET/0-3 (5/16.0/SYS) 
nid005203:74127:74127 [6] NCCL INFO NET/1 :GPU/0-c1000 (4/16.0/SYS) GPU/0-c6000 (4/16.0/SYS) GPU/0-c9000 (3/24.0/PHB) GPU/0-ce000 (3/24.0/PHB) GPU/0-d1000 (4/16.0/SYS) GPU/0-d6000 (4/16.0/SYS) GPU/0-d9000 (4/16.0/SYS) GPU/0-de000 (4/16.0/SYS) CPU/0-3 (3/16.0/SYS) CPU/0-1 (2/24.0/PHB) CPU/0-0 (3/16.0/SYS) CPU/0-2 (3/16.0/SYS) NET/0-0 (5/16.0/SYS) NET/0-1 (0/5000.0/LOC) NET/0-2 (5/16.0/SYS) NET/0-3 (5/16.0/SYS) 
nid005202:79986:79986 [4] NCCL INFO GPU/C6000 :GPU/0-c1000 (1/144.0/XGMI) GPU/0-c6000 (0/5000.0/LOC) GPU/0-c9000 (3/16.0/SYS) GPU/0-ce000 (1/36.0/XGMI) GPU/0-d1000 (3/16.0/SYS) GPU/0-d6000 (1/36.0/XGMI) GPU/0-d9000 (3/16.0/SYS) GPU/0-de000 (3/16.0/SYS) CPU/0-3 (1/24.0/PHB) CPU/0-1 (2/16.0/SYS) CPU/0-0 (2/16.0/SYS) CPU/0-2 (2/16.0/SYS) NET/0-0 (3/24.0/PHB) NET/0-1 (4/16.0/SYS) NET/0-2 (4/16.0/SYS) NET/0-3 (4/16.0/SYS) 
nid005202:79986:79986 [4] NCCL INFO GPU/C9000 :GPU/0-c1000 (1/36.0/XGMI) GPU/0-c6000 (3/16.0/SYS) GPU/0-c9000 (0/5000.0/LOC) GPU/0-ce000 (1/144.0/XGMI) GPU/0-d1000 (1/72.0/XGMI) GPU/0-d6000 (3/16.0/SYS) GPU/0-d9000 (3/16.0/SYS) GPU/0-de000 (3/16.0/SYS) CPU/0-3 (2/16.0/SYS) CPU/0-1 (1/24.0/PHB) CPU/0-0 (2/16.0/SYS) CPU/0-2 (2/16.0/SYS) NET/0-0 (4/16.0/SYS) NET/0-1 (3/24.0/PHB) NET/0-2 (4/16.0/SYS) NET/0-3 (4/16.0/SYS) 
nid005203:74128:74128 [7] NCCL INFO               + XGMI[144.0] - GPU/C1000
nid005203:74128:74128 [7] NCCL INFO               + XGMI[36.0] - GPU/CE000
nid005203:74128:74128 [7] NCCL INFO               + XGMI[36.0] - GPU/D6000
nid005203:74128:74128 [7] NCCL INFO + SYS[16.0] - CPU/1
nid005203:74128:74128 [7] NCCL INFO + SYS[16.0] - CPU/0
nid005203:74128:74128 [7] NCCL INFO + SYS[16.0] - CPU/2
nid005203:74128:74128 [7] NCCL INFO CPU/0-1 (1/2/4)
nid005203:74128:74128 [7] NCCL INFO + PCI[24.0] - GPU/0-c9000 (10)
nid005203:74128:74128 [7] NCCL INFO               + XGMI[144.0] - GPU/CE000
nid005203:74128:74128 [7] NCCL INFO               + XGMI[72.0] - GPU/D1000
nid005203:74128:74128 [7] NCCL INFO               + XGMI[36.0] - GPU/C1000
nid005203:74128:74128 [7] NCCL INFO + PCI[24.0] - NIC/0-cd000
nid005203:74128:74128 [7] NCCL INFO               + NET[25000.0] - NET/1 (1/1/25000.000000)
nid005203:74128:74128 [7] NCCL INFO + PCI[24.0] - GPU/0-ce000 (11)
nid005202:79986:79986 [4] NCCL INFO GPU/CE000 :GPU/0-c1000 (3/16.0/SYS) GPU/0-c6000 (1/36.0/XGMI) GPU/0-c9000 (1/144.0/XGMI) GPU/0-ce000 (0/5000.0/LOC) GPU/0-d1000 (3/16.0/SYS) GPU/0-d6000 (3/16.0/SYS) GPU/0-d9000 (3/16.0/SYS) GPU/0-de000 (1/36.0/XGMI) CPU/0-3 (2/16.0/SYS) CPU/0-1 (1/24.0/PHB) CPU/0-0 (2/16.0/SYS) CPU/0-2 (2/16.0/SYS) NET/0-0 (4/16.0/SYS) NET/0-1 (3/24.0/PHB) NET/0-2 (4/16.0/SYS) NET/0-3 (4/16.0/SYS) 
nid005202:79986:79986 [4] NCCL INFO GPU/D1000 :GPU/0-c1000 (3/16.0/SYS) GPU/0-c6000 (3/16.0/SYS) GPU/0-c9000 (1/72.0/XGMI) GPU/0-ce000 (3/16.0/SYS) GPU/0-d1000 (0/5000.0/LOC) GPU/0-d6000 (1/144.0/XGMI) GPU/0-d9000 (1/36.0/XGMI) GPU/0-de000 (3/16.0/SYS) CPU/0-3 (2/16.0/SYS) CPU/0-1 (2/16.0/SYS) CPU/0-0 (1/24.0/PHB) CPU/0-2 (2/16.0/SYS) NET/0-0 (4/16.0/SYS) NET/0-1 (4/16.0/SYS) NET/0-2 (3/24.0/PHB) NET/0-3 (4/16.0/SYS) 
nid005203:74128:74128 [7] NCCL INFO               + XGMI[144.0] - GPU/C9000
nid005203:74128:74128 [7] NCCL INFO               + XGMI[36.0] - GPU/C6000
nid005203:74128:74128 [7] NCCL INFO               + XGMI[36.0] - GPU/DE000
nid005203:74128:74128 [7] NCCL INFO + SYS[16.0] - CPU/3
nid005203:74128:74128 [7] NCCL INFO + SYS[16.0] - CPU/0
nid005203:74128:74128 [7] NCCL INFO + SYS[16.0] - CPU/2
nid005203:74128:74128 [7] NCCL INFO CPU/0-0 (1/2/4)
nid005203:74128:74128 [7] NCCL INFO + PCI[24.0] - GPU/0-d1000 (12)
nid005203:74128:74128 [7] NCCL INFO               + XGMI[144.0] - GPU/D6000
nid005203:74128:74128 [7] NCCL INFO               + XGMI[72.0] - GPU/C9000
nid005203:74128:74128 [7] NCCL INFO               + XGMI[36.0] - GPU/D9000
nid005203:74128:74128 [7] NCCL INFO + PCI[24.0] - NIC/0-d5000
nid005203:74128:74128 [7] NCCL INFO               + NET[25000.0] - NET/2 (2/1/25000.000000)
nid005203:74128:74128 [7] NCCL INFO + PCI[24.0] - GPU/0-d6000 (13)
nid005202:79986:79986 [4] NCCL INFO GPU/D6000 :GPU/0-c1000 (3/16.0/SYS) GPU/0-c6000 (1/36.0/XGMI) GPU/0-c9000 (3/16.0/SYS) GPU/0-ce000 (3/16.0/SYS) GPU/0-d1000 (1/144.0/XGMI) GPU/0-d6000 (0/5000.0/LOC) GPU/0-d9000 (3/16.0/SYS) GPU/0-de000 (1/36.0/XGMI) CPU/0-3 (2/16.0/SYS) CPU/0-1 (2/16.0/SYS) CPU/0-0 (1/24.0/PHB) CPU/0-2 (2/16.0/SYS) NET/0-0 (4/16.0/SYS) NET/0-1 (4/16.0/SYS) NET/0-2 (3/24.0/PHB) NET/0-3 (4/16.0/SYS) 
nid005202:79986:79986 [4] NCCL INFO GPU/D9000 :GPU/0-c1000 (1/72.0/XGMI) GPU/0-c6000 (3/16.0/SYS) GPU/0-c9000 (3/16.0/SYS) GPU/0-ce000 (3/16.0/SYS) GPU/0-d1000 (1/36.0/XGMI) GPU/0-d6000 (3/16.0/SYS) GPU/0-d9000 (0/5000.0/LOC) GPU/0-de000 (1/144.0/XGMI) CPU/0-3 (2/16.0/SYS) CPU/0-1 (2/16.0/SYS) CPU/0-0 (2/16.0/SYS) CPU/0-2 (1/24.0/PHB) NET/0-0 (4/16.0/SYS) NET/0-1 (4/16.0/SYS) NET/0-2 (4/16.0/SYS) NET/0-3 (3/24.0/PHB) 
nid005203:74128:74128 [7] NCCL INFO               + XGMI[144.0] - GPU/D1000
nid005203:74128:74128 [7] NCCL INFO               + XGMI[36.0] - GPU/C6000
nid005203:74128:74128 [7] NCCL INFO               + XGMI[36.0] - GPU/DE000
nid005203:74128:74128 [7] NCCL INFO + SYS[16.0] - CPU/3
nid005203:74128:74128 [7] NCCL INFO + SYS[16.0] - CPU/1
nid005203:74128:74128 [7] NCCL INFO + SYS[16.0] - CPU/2
nid005203:74128:74128 [7] NCCL INFO CPU/0-2 (1/2/4)
nid005203:74128:74128 [7] NCCL INFO + PCI[24.0] - GPU/0-d9000 (14)
nid005203:74128:74128 [7] NCCL INFO               + XGMI[144.0] - GPU/DE000
nid005203:74128:74128 [7] NCCL INFO               + XGMI[72.0] - GPU/C1000
nid005203:74128:74128 [7] NCCL INFO               + XGMI[36.0] - GPU/D1000
nid005203:74128:74128 [7] NCCL INFO + PCI[24.0] - NIC/0-dd000
nid005203:74128:74128 [7] NCCL INFO               + NET[25000.0] - NET/3 (3/1/25000.000000)
nid005203:74128:74128 [7] NCCL INFO + PCI[24.0] - GPU/0-de000 (15)
nid005202:79986:79986 [4] NCCL INFO GPU/DE000 :GPU/0-c1000 (3/16.0/SYS) GPU/0-c6000 (3/16.0/SYS) GPU/0-c9000 (3/16.0/SYS) GPU/0-ce000 (1/36.0/XGMI) GPU/0-d1000 (3/16.0/SYS) GPU/0-d6000 (1/36.0/XGMI) GPU/0-d9000 (1/144.0/XGMI) GPU/0-de000 (0/5000.0/LOC) CPU/0-3 (2/16.0/SYS) CPU/0-1 (2/16.0/SYS) CPU/0-0 (2/16.0/SYS) CPU/0-2 (1/24.0/PHB) NET/0-0 (4/16.0/SYS) NET/0-1 (4/16.0/SYS) NET/0-2 (4/16.0/SYS) NET/0-3 (3/24.0/PHB) 
nid005202:79986:79986 [4] NCCL INFO NET/0 :GPU/0-c1000 (3/24.0/PHB) GPU/0-c6000 (3/24.0/PHB) GPU/0-c9000 (4/16.0/SYS) GPU/0-ce000 (4/16.0/SYS) GPU/0-d1000 (4/16.0/SYS) GPU/0-d6000 (4/16.0/SYS) GPU/0-d9000 (4/16.0/SYS) GPU/0-de000 (4/16.0/SYS) CPU/0-3 (2/24.0/PHB) CPU/0-1 (3/16.0/SYS) CPU/0-0 (3/16.0/SYS) CPU/0-2 (3/16.0/SYS) NET/0-0 (0/5000.0/LOC) NET/0-1 (5/16.0/SYS) NET/0-2 (5/16.0/SYS) NET/0-3 (5/16.0/SYS) 
nid005203:74128:74128 [7] NCCL INFO               + XGMI[144.0] - GPU/D9000
nid005203:74128:74128 [7] NCCL INFO               + XGMI[36.0] - GPU/CE000
nid005203:74128:74128 [7] NCCL INFO               + XGMI[36.0] - GPU/D6000
nid005203:74128:74128 [7] NCCL INFO + SYS[16.0] - CPU/3
nid005203:74128:74128 [7] NCCL INFO + SYS[16.0] - CPU/1
nid005203:74128:74128 [7] NCCL INFO + SYS[16.0] - CPU/0
nid005203:74128:74128 [7] NCCL INFO ==========================================
nid005203:74128:74128 [7] NCCL INFO GPU/C1000 :GPU/0-c1000 (0/5000.0/LOC) GPU/0-c6000 (1/144.0/XGMI) GPU/0-c9000 (1/36.0/XGMI) GPU/0-ce000 (3/16.0/SYS) GPU/0-d1000 (3/16.0/SYS) GPU/0-d6000 (3/16.0/SYS) GPU/0-d9000 (1/72.0/XGMI) GPU/0-de000 (3/16.0/SYS) CPU/0-3 (1/24.0/PHB) CPU/0-1 (2/16.0/SYS) CPU/0-0 (2/16.0/SYS) CPU/0-2 (2/16.0/SYS) NET/0-0 (3/24.0/PHB) NET/0-1 (4/16.0/SYS) NET/0-2 (4/16.0/SYS) NET/0-3 (4/16.0/SYS) 
nid005202:79986:79986 [4] NCCL INFO NET/1 :GPU/0-c1000 (4/16.0/SYS) GPU/0-c6000 (4/16.0/SYS) GPU/0-c9000 (3/24.0/PHB) GPU/0-ce000 (3/24.0/PHB) GPU/0-d1000 (4/16.0/SYS) GPU/0-d6000 (4/16.0/SYS) GPU/0-d9000 (4/16.0/SYS) GPU/0-de000 (4/16.0/SYS) CPU/0-3 (3/16.0/SYS) CPU/0-1 (2/24.0/PHB) CPU/0-0 (3/16.0/SYS) CPU/0-2 (3/16.0/SYS) NET/0-0 (5/16.0/SYS) NET/0-1 (0/5000.0/LOC) NET/0-2 (5/16.0/SYS) NET/0-3 (5/16.0/SYS) 
nid005203:74121:74121 [0] NCCL INFO GPU/C6000 :GPU/0-c1000 (1/144.0/XGMI) GPU/0-c6000 (0/5000.0/LOC) GPU/0-c9000 (3/16.0/SYS) GPU/0-ce000 (1/36.0/XGMI) GPU/0-d1000 (3/16.0/SYS) GPU/0-d6000 (1/36.0/XGMI) GPU/0-d9000 (3/16.0/SYS) GPU/0-de000 (3/16.0/SYS) CPU/0-3 (1/24.0/PHB) CPU/0-1 (2/16.0/SYS) CPU/0-0 (2/16.0/SYS) CPU/0-2 (2/16.0/SYS) NET/0-0 (3/24.0/PHB) NET/0-1 (4/16.0/SYS) NET/0-2 (4/16.0/SYS) NET/0-3 (4/16.0/SYS) 
nid005203:74121:74121 [0] NCCL INFO GPU/C9000 :GPU/0-c1000 (1/36.0/XGMI) GPU/0-c6000 (3/16.0/SYS) GPU/0-c9000 (0/5000.0/LOC) GPU/0-ce000 (1/144.0/XGMI) GPU/0-d1000 (1/72.0/XGMI) GPU/0-d6000 (3/16.0/SYS) GPU/0-d9000 (3/16.0/SYS) GPU/0-de000 (3/16.0/SYS) CPU/0-3 (2/16.0/SYS) CPU/0-1 (1/24.0/PHB) CPU/0-0 (2/16.0/SYS) CPU/0-2 (2/16.0/SYS) NET/0-0 (4/16.0/SYS) NET/0-1 (3/24.0/PHB) NET/0-2 (4/16.0/SYS) NET/0-3 (4/16.0/SYS) 
nid005202:79987:79987 [5] NCCL INFO GPU/C6000 :GPU/0-c1000 (1/144.0/XGMI) GPU/0-c6000 (0/5000.0/LOC) GPU/0-c9000 (3/16.0/SYS) GPU/0-ce000 (1/36.0/XGMI) GPU/0-d1000 (3/16.0/SYS) GPU/0-d6000 (1/36.0/XGMI) GPU/0-d9000 (3/16.0/SYS) GPU/0-de000 (3/16.0/SYS) CPU/0-3 (1/24.0/PHB) CPU/0-1 (2/16.0/SYS) CPU/0-0 (2/16.0/SYS) CPU/0-2 (2/16.0/SYS) NET/0-0 (3/24.0/PHB) NET/0-1 (4/16.0/SYS) NET/0-2 (4/16.0/SYS) NET/0-3 (4/16.0/SYS) 
nid005202:79987:79987 [5] NCCL INFO GPU/C9000 :GPU/0-c1000 (1/36.0/XGMI) GPU/0-c6000 (3/16.0/SYS) GPU/0-c9000 (0/5000.0/LOC) GPU/0-ce000 (1/144.0/XGMI) GPU/0-d1000 (1/72.0/XGMI) GPU/0-d6000 (3/16.0/SYS) GPU/0-d9000 (3/16.0/SYS) GPU/0-de000 (3/16.0/SYS) CPU/0-3 (2/16.0/SYS) CPU/0-1 (1/24.0/PHB) CPU/0-0 (2/16.0/SYS) CPU/0-2 (2/16.0/SYS) NET/0-0 (4/16.0/SYS) NET/0-1 (3/24.0/PHB) NET/0-2 (4/16.0/SYS) NET/0-3 (4/16.0/SYS) 
nid005203:74121:74121 [0] NCCL INFO GPU/CE000 :GPU/0-c1000 (3/16.0/SYS) GPU/0-c6000 (1/36.0/XGMI) GPU/0-c9000 (1/144.0/XGMI) GPU/0-ce000 (0/5000.0/LOC) GPU/0-d1000 (3/16.0/SYS) GPU/0-d6000 (3/16.0/SYS) GPU/0-d9000 (3/16.0/SYS) GPU/0-de000 (1/36.0/XGMI) CPU/0-3 (2/16.0/SYS) CPU/0-1 (1/24.0/PHB) CPU/0-0 (2/16.0/SYS) CPU/0-2 (2/16.0/SYS) NET/0-0 (4/16.0/SYS) NET/0-1 (3/24.0/PHB) NET/0-2 (4/16.0/SYS) NET/0-3 (4/16.0/SYS) 
nid005203:74121:74121 [0] NCCL INFO GPU/D1000 :GPU/0-c1000 (3/16.0/SYS) GPU/0-c6000 (3/16.0/SYS) GPU/0-c9000 (1/72.0/XGMI) GPU/0-ce000 (3/16.0/SYS) GPU/0-d1000 (0/5000.0/LOC) GPU/0-d6000 (1/144.0/XGMI) GPU/0-d9000 (1/36.0/XGMI) GPU/0-de000 (3/16.0/SYS) CPU/0-3 (2/16.0/SYS) CPU/0-1 (2/16.0/SYS) CPU/0-0 (1/24.0/PHB) CPU/0-2 (2/16.0/SYS) NET/0-0 (4/16.0/SYS) NET/0-1 (4/16.0/SYS) NET/0-2 (3/24.0/PHB) NET/0-3 (4/16.0/SYS) 
nid005202:79987:79987 [5] NCCL INFO GPU/CE000 :GPU/0-c1000 (3/16.0/SYS) GPU/0-c6000 (1/36.0/XGMI) GPU/0-c9000 (1/144.0/XGMI) GPU/0-ce000 (0/5000.0/LOC) GPU/0-d1000 (3/16.0/SYS) GPU/0-d6000 (3/16.0/SYS) GPU/0-d9000 (3/16.0/SYS) GPU/0-de000 (1/36.0/XGMI) CPU/0-3 (2/16.0/SYS) CPU/0-1 (1/24.0/PHB) CPU/0-0 (2/16.0/SYS) CPU/0-2 (2/16.0/SYS) NET/0-0 (4/16.0/SYS) NET/0-1 (3/24.0/PHB) NET/0-2 (4/16.0/SYS) NET/0-3 (4/16.0/SYS) 
nid005202:79987:79987 [5] NCCL INFO GPU/D1000 :GPU/0-c1000 (3/16.0/SYS) GPU/0-c6000 (3/16.0/SYS) GPU/0-c9000 (1/72.0/XGMI) GPU/0-ce000 (3/16.0/SYS) GPU/0-d1000 (0/5000.0/LOC) GPU/0-d6000 (1/144.0/XGMI) GPU/0-d9000 (1/36.0/XGMI) GPU/0-de000 (3/16.0/SYS) CPU/0-3 (2/16.0/SYS) CPU/0-1 (2/16.0/SYS) CPU/0-0 (1/24.0/PHB) CPU/0-2 (2/16.0/SYS) NET/0-0 (4/16.0/SYS) NET/0-1 (4/16.0/SYS) NET/0-2 (3/24.0/PHB) NET/0-3 (4/16.0/SYS) 
nid005203:74121:74121 [0] NCCL INFO GPU/D6000 :GPU/0-c1000 (3/16.0/SYS) GPU/0-c6000 (1/36.0/XGMI) GPU/0-c9000 (3/16.0/SYS) GPU/0-ce000 (3/16.0/SYS) GPU/0-d1000 (1/144.0/XGMI) GPU/0-d6000 (0/5000.0/LOC) GPU/0-d9000 (3/16.0/SYS) GPU/0-de000 (1/36.0/XGMI) CPU/0-3 (2/16.0/SYS) CPU/0-1 (2/16.0/SYS) CPU/0-0 (1/24.0/PHB) CPU/0-2 (2/16.0/SYS) NET/0-0 (4/16.0/SYS) NET/0-1 (4/16.0/SYS) NET/0-2 (3/24.0/PHB) NET/0-3 (4/16.0/SYS) 
nid005203:74121:74121 [0] NCCL INFO GPU/D9000 :GPU/0-c1000 (1/72.0/XGMI) GPU/0-c6000 (3/16.0/SYS) GPU/0-c9000 (3/16.0/SYS) GPU/0-ce000 (3/16.0/SYS) GPU/0-d1000 (1/36.0/XGMI) GPU/0-d6000 (3/16.0/SYS) GPU/0-d9000 (0/5000.0/LOC) GPU/0-de000 (1/144.0/XGMI) CPU/0-3 (2/16.0/SYS) CPU/0-1 (2/16.0/SYS) CPU/0-0 (2/16.0/SYS) CPU/0-2 (1/24.0/PHB) NET/0-0 (4/16.0/SYS) NET/0-1 (4/16.0/SYS) NET/0-2 (4/16.0/SYS) NET/0-3 (3/24.0/PHB) 
nid005202:79987:79987 [5] NCCL INFO GPU/D6000 :GPU/0-c1000 (3/16.0/SYS) GPU/0-c6000 (1/36.0/XGMI) GPU/0-c9000 (3/16.0/SYS) GPU/0-ce000 (3/16.0/SYS) GPU/0-d1000 (1/144.0/XGMI) GPU/0-d6000 (0/5000.0/LOC) GPU/0-d9000 (3/16.0/SYS) GPU/0-de000 (1/36.0/XGMI) CPU/0-3 (2/16.0/SYS) CPU/0-1 (2/16.0/SYS) CPU/0-0 (1/24.0/PHB) CPU/0-2 (2/16.0/SYS) NET/0-0 (4/16.0/SYS) NET/0-1 (4/16.0/SYS) NET/0-2 (3/24.0/PHB) NET/0-3 (4/16.0/SYS) 
nid005202:79987:79987 [5] NCCL INFO GPU/D9000 :GPU/0-c1000 (1/72.0/XGMI) GPU/0-c6000 (3/16.0/SYS) GPU/0-c9000 (3/16.0/SYS) GPU/0-ce000 (3/16.0/SYS) GPU/0-d1000 (1/36.0/XGMI) GPU/0-d6000 (3/16.0/SYS) GPU/0-d9000 (0/5000.0/LOC) GPU/0-de000 (1/144.0/XGMI) CPU/0-3 (2/16.0/SYS) CPU/0-1 (2/16.0/SYS) CPU/0-0 (2/16.0/SYS) CPU/0-2 (1/24.0/PHB) NET/0-0 (4/16.0/SYS) NET/0-1 (4/16.0/SYS) NET/0-2 (4/16.0/SYS) NET/0-3 (3/24.0/PHB) 
nid005203:74121:74121 [0] NCCL INFO GPU/DE000 :GPU/0-c1000 (3/16.0/SYS) GPU/0-c6000 (3/16.0/SYS) GPU/0-c9000 (3/16.0/SYS) GPU/0-ce000 (1/36.0/XGMI) GPU/0-d1000 (3/16.0/SYS) GPU/0-d6000 (1/36.0/XGMI) GPU/0-d9000 (1/144.0/XGMI) GPU/0-de000 (0/5000.0/LOC) CPU/0-3 (2/16.0/SYS) CPU/0-1 (2/16.0/SYS) CPU/0-0 (2/16.0/SYS) CPU/0-2 (1/24.0/PHB) NET/0-0 (4/16.0/SYS) NET/0-1 (4/16.0/SYS) NET/0-2 (4/16.0/SYS) NET/0-3 (3/24.0/PHB) 
nid005203:74121:74121 [0] NCCL INFO NET/0 :GPU/0-c1000 (3/24.0/PHB) GPU/0-c6000 (3/24.0/PHB) GPU/0-c9000 (4/16.0/SYS) GPU/0-ce000 (4/16.0/SYS) GPU/0-d1000 (4/16.0/SYS) GPU/0-d6000 (4/16.0/SYS) GPU/0-d9000 (4/16.0/SYS) GPU/0-de000 (4/16.0/SYS) CPU/0-3 (2/24.0/PHB) CPU/0-1 (3/16.0/SYS) CPU/0-0 (3/16.0/SYS) CPU/0-2 (3/16.0/SYS) NET/0-0 (0/5000.0/LOC) NET/0-1 (5/16.0/SYS) NET/0-2 (5/16.0/SYS) NET/0-3 (5/16.0/SYS) 
nid005202:79987:79987 [5] NCCL INFO GPU/DE000 :GPU/0-c1000 (3/16.0/SYS) GPU/0-c6000 (3/16.0/SYS) GPU/0-c9000 (3/16.0/SYS) GPU/0-ce000 (1/36.0/XGMI) GPU/0-d1000 (3/16.0/SYS) GPU/0-d6000 (1/36.0/XGMI) GPU/0-d9000 (1/144.0/XGMI) GPU/0-de000 (0/5000.0/LOC) CPU/0-3 (2/16.0/SYS) CPU/0-1 (2/16.0/SYS) CPU/0-0 (2/16.0/SYS) CPU/0-2 (1/24.0/PHB) NET/0-0 (4/16.0/SYS) NET/0-1 (4/16.0/SYS) NET/0-2 (4/16.0/SYS) NET/0-3 (3/24.0/PHB) 
nid005202:79987:79987 [5] NCCL INFO NET/0 :GPU/0-c1000 (3/24.0/PHB) GPU/0-c6000 (3/24.0/PHB) GPU/0-c9000 (4/16.0/SYS) GPU/0-ce000 (4/16.0/SYS) GPU/0-d1000 (4/16.0/SYS) GPU/0-d6000 (4/16.0/SYS) GPU/0-d9000 (4/16.0/SYS) GPU/0-de000 (4/16.0/SYS) CPU/0-3 (2/24.0/PHB) CPU/0-1 (3/16.0/SYS) CPU/0-0 (3/16.0/SYS) CPU/0-2 (3/16.0/SYS) NET/0-0 (0/5000.0/LOC) NET/0-1 (5/16.0/SYS) NET/0-2 (5/16.0/SYS) NET/0-3 (5/16.0/SYS) 
nid005203:74121:74121 [0] NCCL INFO NET/1 :GPU/0-c1000 (4/16.0/SYS) GPU/0-c6000 (4/16.0/SYS) GPU/0-c9000 (3/24.0/PHB) GPU/0-ce000 (3/24.0/PHB) GPU/0-d1000 (4/16.0/SYS) GPU/0-d6000 (4/16.0/SYS) GPU/0-d9000 (4/16.0/SYS) GPU/0-de000 (4/16.0/SYS) CPU/0-3 (3/16.0/SYS) CPU/0-1 (2/24.0/PHB) CPU/0-0 (3/16.0/SYS) CPU/0-2 (3/16.0/SYS) NET/0-0 (5/16.0/SYS) NET/0-1 (0/5000.0/LOC) NET/0-2 (5/16.0/SYS) NET/0-3 (5/16.0/SYS) 
nid005202:79987:79987 [5] NCCL INFO NET/1 :GPU/0-c1000 (4/16.0/SYS) GPU/0-c6000 (4/16.0/SYS) GPU/0-c9000 (3/24.0/PHB) GPU/0-ce000 (3/24.0/PHB) GPU/0-d1000 (4/16.0/SYS) GPU/0-d6000 (4/16.0/SYS) GPU/0-d9000 (4/16.0/SYS) GPU/0-de000 (4/16.0/SYS) CPU/0-3 (3/16.0/SYS) CPU/0-1 (2/24.0/PHB) CPU/0-0 (3/16.0/SYS) CPU/0-2 (3/16.0/SYS) NET/0-0 (5/16.0/SYS) NET/0-1 (0/5000.0/LOC) NET/0-2 (5/16.0/SYS) NET/0-3 (5/16.0/SYS) 
nid005203:74122:74122 [1] NCCL INFO NET/2 :GPU/0-c1000 (4/16.0/SYS) GPU/0-c6000 (4/16.0/SYS) GPU/0-c9000 (4/16.0/SYS) GPU/0-ce000 (4/16.0/SYS) GPU/0-d1000 (3/24.0/PHB) GPU/0-d6000 (3/24.0/PHB) GPU/0-d9000 (4/16.0/SYS) GPU/0-de000 (4/16.0/SYS) CPU/0-3 (3/16.0/SYS) CPU/0-1 (3/16.0/SYS) CPU/0-0 (2/24.0/PHB) CPU/0-2 (3/16.0/SYS) NET/0-0 (5/16.0/SYS) NET/0-1 (5/16.0/SYS) NET/0-2 (0/5000.0/LOC) NET/0-3 (5/16.0/SYS) 
nid005202:79988:79988 [6] NCCL INFO GPU/C6000 :GPU/0-c1000 (1/144.0/XGMI) GPU/0-c6000 (0/5000.0/LOC) GPU/0-c9000 (3/16.0/SYS) GPU/0-ce000 (1/36.0/XGMI) GPU/0-d1000 (3/16.0/SYS) GPU/0-d6000 (1/36.0/XGMI) GPU/0-d9000 (3/16.0/SYS) GPU/0-de000 (3/16.0/SYS) CPU/0-3 (1/24.0/PHB) CPU/0-1 (2/16.0/SYS) CPU/0-0 (2/16.0/SYS) CPU/0-2 (2/16.0/SYS) NET/0-0 (3/24.0/PHB) NET/0-1 (4/16.0/SYS) NET/0-2 (4/16.0/SYS) NET/0-3 (4/16.0/SYS) 
nid005202:79988:79988 [6] NCCL INFO GPU/C9000 :GPU/0-c1000 (1/36.0/XGMI) GPU/0-c6000 (3/16.0/SYS) GPU/0-c9000 (0/5000.0/LOC) GPU/0-ce000 (1/144.0/XGMI) GPU/0-d1000 (1/72.0/XGMI) GPU/0-d6000 (3/16.0/SYS) GPU/0-d9000 (3/16.0/SYS) GPU/0-de000 (3/16.0/SYS) CPU/0-3 (2/16.0/SYS) CPU/0-1 (1/24.0/PHB) CPU/0-0 (2/16.0/SYS) CPU/0-2 (2/16.0/SYS) NET/0-0 (4/16.0/SYS) NET/0-1 (3/24.0/PHB) NET/0-2 (4/16.0/SYS) NET/0-3 (4/16.0/SYS) 
nid005203:74123:74123 [2] NCCL INFO NET/2 :GPU/0-c1000 (4/16.0/SYS) GPU/0-c6000 (4/16.0/SYS) GPU/0-c9000 (4/16.0/SYS) GPU/0-ce000 (4/16.0/SYS) GPU/0-d1000 (3/24.0/PHB) GPU/0-d6000 (3/24.0/PHB) GPU/0-d9000 (4/16.0/SYS) GPU/0-de000 (4/16.0/SYS) CPU/0-3 (3/16.0/SYS) CPU/0-1 (3/16.0/SYS) CPU/0-0 (2/24.0/PHB) CPU/0-2 (3/16.0/SYS) NET/0-0 (5/16.0/SYS) NET/0-1 (5/16.0/SYS) NET/0-2 (0/5000.0/LOC) NET/0-3 (5/16.0/SYS) 
nid005202:79988:79988 [6] NCCL INFO GPU/CE000 :GPU/0-c1000 (3/16.0/SYS) GPU/0-c6000 (1/36.0/XGMI) GPU/0-c9000 (1/144.0/XGMI) GPU/0-ce000 (0/5000.0/LOC) GPU/0-d1000 (3/16.0/SYS) GPU/0-d6000 (3/16.0/SYS) GPU/0-d9000 (3/16.0/SYS) GPU/0-de000 (1/36.0/XGMI) CPU/0-3 (2/16.0/SYS) CPU/0-1 (1/24.0/PHB) CPU/0-0 (2/16.0/SYS) CPU/0-2 (2/16.0/SYS) NET/0-0 (4/16.0/SYS) NET/0-1 (3/24.0/PHB) NET/0-2 (4/16.0/SYS) NET/0-3 (4/16.0/SYS) 
nid005202:79988:79988 [6] NCCL INFO GPU/D1000 :GPU/0-c1000 (3/16.0/SYS) GPU/0-c6000 (3/16.0/SYS) GPU/0-c9000 (1/72.0/XGMI) GPU/0-ce000 (3/16.0/SYS) GPU/0-d1000 (0/5000.0/LOC) GPU/0-d6000 (1/144.0/XGMI) GPU/0-d9000 (1/36.0/XGMI) GPU/0-de000 (3/16.0/SYS) CPU/0-3 (2/16.0/SYS) CPU/0-1 (2/16.0/SYS) CPU/0-0 (1/24.0/PHB) CPU/0-2 (2/16.0/SYS) NET/0-0 (4/16.0/SYS) NET/0-1 (4/16.0/SYS) NET/0-2 (3/24.0/PHB) NET/0-3 (4/16.0/SYS) 
nid005203:74124:74124 [3] NCCL INFO GPU/C6000 :GPU/0-c1000 (1/144.0/XGMI) GPU/0-c6000 (0/5000.0/LOC) GPU/0-c9000 (3/16.0/SYS) GPU/0-ce000 (1/36.0/XGMI) GPU/0-d1000 (3/16.0/SYS) GPU/0-d6000 (1/36.0/XGMI) GPU/0-d9000 (3/16.0/SYS) GPU/0-de000 (3/16.0/SYS) CPU/0-3 (1/24.0/PHB) CPU/0-1 (2/16.0/SYS) CPU/0-0 (2/16.0/SYS) CPU/0-2 (2/16.0/SYS) NET/0-0 (3/24.0/PHB) NET/0-1 (4/16.0/SYS) NET/0-2 (4/16.0/SYS) NET/0-3 (4/16.0/SYS) 
nid005203:74124:74124 [3] NCCL INFO GPU/C9000 :GPU/0-c1000 (1/36.0/XGMI) GPU/0-c6000 (3/16.0/SYS) GPU/0-c9000 (0/5000.0/LOC) GPU/0-ce000 (1/144.0/XGMI) GPU/0-d1000 (1/72.0/XGMI) GPU/0-d6000 (3/16.0/SYS) GPU/0-d9000 (3/16.0/SYS) GPU/0-de000 (3/16.0/SYS) CPU/0-3 (2/16.0/SYS) CPU/0-1 (1/24.0/PHB) CPU/0-0 (2/16.0/SYS) CPU/0-2 (2/16.0/SYS) NET/0-0 (4/16.0/SYS) NET/0-1 (3/24.0/PHB) NET/0-2 (4/16.0/SYS) NET/0-3 (4/16.0/SYS) 
nid005202:79988:79988 [6] NCCL INFO GPU/D6000 :GPU/0-c1000 (3/16.0/SYS) GPU/0-c6000 (1/36.0/XGMI) GPU/0-c9000 (3/16.0/SYS) GPU/0-ce000 (3/16.0/SYS) GPU/0-d1000 (1/144.0/XGMI) GPU/0-d6000 (0/5000.0/LOC) GPU/0-d9000 (3/16.0/SYS) GPU/0-de000 (1/36.0/XGMI) CPU/0-3 (2/16.0/SYS) CPU/0-1 (2/16.0/SYS) CPU/0-0 (1/24.0/PHB) CPU/0-2 (2/16.0/SYS) NET/0-0 (4/16.0/SYS) NET/0-1 (4/16.0/SYS) NET/0-2 (3/24.0/PHB) NET/0-3 (4/16.0/SYS) 
nid005202:79988:79988 [6] NCCL INFO GPU/D9000 :GPU/0-c1000 (1/72.0/XGMI) GPU/0-c6000 (3/16.0/SYS) GPU/0-c9000 (3/16.0/SYS) GPU/0-ce000 (3/16.0/SYS) GPU/0-d1000 (1/36.0/XGMI) GPU/0-d6000 (3/16.0/SYS) GPU/0-d9000 (0/5000.0/LOC) GPU/0-de000 (1/144.0/XGMI) CPU/0-3 (2/16.0/SYS) CPU/0-1 (2/16.0/SYS) CPU/0-0 (2/16.0/SYS) CPU/0-2 (1/24.0/PHB) NET/0-0 (4/16.0/SYS) NET/0-1 (4/16.0/SYS) NET/0-2 (4/16.0/SYS) NET/0-3 (3/24.0/PHB) 
nid005203:74124:74124 [3] NCCL INFO GPU/CE000 :GPU/0-c1000 (3/16.0/SYS) GPU/0-c6000 (1/36.0/XGMI) GPU/0-c9000 (1/144.0/XGMI) GPU/0-ce000 (0/5000.0/LOC) GPU/0-d1000 (3/16.0/SYS) GPU/0-d6000 (3/16.0/SYS) GPU/0-d9000 (3/16.0/SYS) GPU/0-de000 (1/36.0/XGMI) CPU/0-3 (2/16.0/SYS) CPU/0-1 (1/24.0/PHB) CPU/0-0 (2/16.0/SYS) CPU/0-2 (2/16.0/SYS) NET/0-0 (4/16.0/SYS) NET/0-1 (3/24.0/PHB) NET/0-2 (4/16.0/SYS) NET/0-3 (4/16.0/SYS) 
nid005203:74124:74124 [3] NCCL INFO GPU/D1000 :GPU/0-c1000 (3/16.0/SYS) GPU/0-c6000 (3/16.0/SYS) GPU/0-c9000 (1/72.0/XGMI) GPU/0-ce000 (3/16.0/SYS) GPU/0-d1000 (0/5000.0/LOC) GPU/0-d6000 (1/144.0/XGMI) GPU/0-d9000 (1/36.0/XGMI) GPU/0-de000 (3/16.0/SYS) CPU/0-3 (2/16.0/SYS) CPU/0-1 (2/16.0/SYS) CPU/0-0 (1/24.0/PHB) CPU/0-2 (2/16.0/SYS) NET/0-0 (4/16.0/SYS) NET/0-1 (4/16.0/SYS) NET/0-2 (3/24.0/PHB) NET/0-3 (4/16.0/SYS) 
nid005202:79988:79988 [6] NCCL INFO GPU/DE000 :GPU/0-c1000 (3/16.0/SYS) GPU/0-c6000 (3/16.0/SYS) GPU/0-c9000 (3/16.0/SYS) GPU/0-ce000 (1/36.0/XGMI) GPU/0-d1000 (3/16.0/SYS) GPU/0-d6000 (1/36.0/XGMI) GPU/0-d9000 (1/144.0/XGMI) GPU/0-de000 (0/5000.0/LOC) CPU/0-3 (2/16.0/SYS) CPU/0-1 (2/16.0/SYS) CPU/0-0 (2/16.0/SYS) CPU/0-2 (1/24.0/PHB) NET/0-0 (4/16.0/SYS) NET/0-1 (4/16.0/SYS) NET/0-2 (4/16.0/SYS) NET/0-3 (3/24.0/PHB) 
nid005202:79988:79988 [6] NCCL INFO NET/0 :GPU/0-c1000 (3/24.0/PHB) GPU/0-c6000 (3/24.0/PHB) GPU/0-c9000 (4/16.0/SYS) GPU/0-ce000 (4/16.0/SYS) GPU/0-d1000 (4/16.0/SYS) GPU/0-d6000 (4/16.0/SYS) GPU/0-d9000 (4/16.0/SYS) GPU/0-de000 (4/16.0/SYS) CPU/0-3 (2/24.0/PHB) CPU/0-1 (3/16.0/SYS) CPU/0-0 (3/16.0/SYS) CPU/0-2 (3/16.0/SYS) NET/0-0 (0/5000.0/LOC) NET/0-1 (5/16.0/SYS) NET/0-2 (5/16.0/SYS) NET/0-3 (5/16.0/SYS) 
nid005203:74124:74124 [3] NCCL INFO GPU/D6000 :GPU/0-c1000 (3/16.0/SYS) GPU/0-c6000 (1/36.0/XGMI) GPU/0-c9000 (3/16.0/SYS) GPU/0-ce000 (3/16.0/SYS) GPU/0-d1000 (1/144.0/XGMI) GPU/0-d6000 (0/5000.0/LOC) GPU/0-d9000 (3/16.0/SYS) GPU/0-de000 (1/36.0/XGMI) CPU/0-3 (2/16.0/SYS) CPU/0-1 (2/16.0/SYS) CPU/0-0 (1/24.0/PHB) CPU/0-2 (2/16.0/SYS) NET/0-0 (4/16.0/SYS) NET/0-1 (4/16.0/SYS) NET/0-2 (3/24.0/PHB) NET/0-3 (4/16.0/SYS) 
nid005203:74124:74124 [3] NCCL INFO GPU/D9000 :GPU/0-c1000 (1/72.0/XGMI) GPU/0-c6000 (3/16.0/SYS) GPU/0-c9000 (3/16.0/SYS) GPU/0-ce000 (3/16.0/SYS) GPU/0-d1000 (1/36.0/XGMI) GPU/0-d6000 (3/16.0/SYS) GPU/0-d9000 (0/5000.0/LOC) GPU/0-de000 (1/144.0/XGMI) CPU/0-3 (2/16.0/SYS) CPU/0-1 (2/16.0/SYS) CPU/0-0 (2/16.0/SYS) CPU/0-2 (1/24.0/PHB) NET/0-0 (4/16.0/SYS) NET/0-1 (4/16.0/SYS) NET/0-2 (4/16.0/SYS) NET/0-3 (3/24.0/PHB) 
nid005202:79988:79988 [6] NCCL INFO NET/1 :GPU/0-c1000 (4/16.0/SYS) GPU/0-c6000 (4/16.0/SYS) GPU/0-c9000 (3/24.0/PHB) GPU/0-ce000 (3/24.0/PHB) GPU/0-d1000 (4/16.0/SYS) GPU/0-d6000 (4/16.0/SYS) GPU/0-d9000 (4/16.0/SYS) GPU/0-de000 (4/16.0/SYS) CPU/0-3 (3/16.0/SYS) CPU/0-1 (2/24.0/PHB) CPU/0-0 (3/16.0/SYS) CPU/0-2 (3/16.0/SYS) NET/0-0 (5/16.0/SYS) NET/0-1 (0/5000.0/LOC) NET/0-2 (5/16.0/SYS) NET/0-3 (5/16.0/SYS) 
nid005203:74124:74124 [3] NCCL INFO GPU/DE000 :GPU/0-c1000 (3/16.0/SYS) GPU/0-c6000 (3/16.0/SYS) GPU/0-c9000 (3/16.0/SYS) GPU/0-ce000 (1/36.0/XGMI) GPU/0-d1000 (3/16.0/SYS) GPU/0-d6000 (1/36.0/XGMI) GPU/0-d9000 (1/144.0/XGMI) GPU/0-de000 (0/5000.0/LOC) CPU/0-3 (2/16.0/SYS) CPU/0-1 (2/16.0/SYS) CPU/0-0 (2/16.0/SYS) CPU/0-2 (1/24.0/PHB) NET/0-0 (4/16.0/SYS) NET/0-1 (4/16.0/SYS) NET/0-2 (4/16.0/SYS) NET/0-3 (3/24.0/PHB) 
nid005203:74124:74124 [3] NCCL INFO NET/0 :GPU/0-c1000 (3/24.0/PHB) GPU/0-c6000 (3/24.0/PHB) GPU/0-c9000 (4/16.0/SYS) GPU/0-ce000 (4/16.0/SYS) GPU/0-d1000 (4/16.0/SYS) GPU/0-d6000 (4/16.0/SYS) GPU/0-d9000 (4/16.0/SYS) GPU/0-de000 (4/16.0/SYS) CPU/0-3 (2/24.0/PHB) CPU/0-1 (3/16.0/SYS) CPU/0-0 (3/16.0/SYS) CPU/0-2 (3/16.0/SYS) NET/0-0 (0/5000.0/LOC) NET/0-1 (5/16.0/SYS) NET/0-2 (5/16.0/SYS) NET/0-3 (5/16.0/SYS) 
nid005202:79989:79989 [7] NCCL INFO NET/2 :GPU/0-c1000 (4/16.0/SYS) GPU/0-c6000 (4/16.0/SYS) GPU/0-c9000 (4/16.0/SYS) GPU/0-ce000 (4/16.0/SYS) GPU/0-d1000 (3/24.0/PHB) GPU/0-d6000 (3/24.0/PHB) GPU/0-d9000 (4/16.0/SYS) GPU/0-de000 (4/16.0/SYS) CPU/0-3 (3/16.0/SYS) CPU/0-1 (3/16.0/SYS) CPU/0-0 (2/24.0/PHB) CPU/0-2 (3/16.0/SYS) NET/0-0 (5/16.0/SYS) NET/0-1 (5/16.0/SYS) NET/0-2 (0/5000.0/LOC) NET/0-3 (5/16.0/SYS) 
nid005203:74124:74124 [3] NCCL INFO NET/1 :GPU/0-c1000 (4/16.0/SYS) GPU/0-c6000 (4/16.0/SYS) GPU/0-c9000 (3/24.0/PHB) GPU/0-ce000 (3/24.0/PHB) GPU/0-d1000 (4/16.0/SYS) GPU/0-d6000 (4/16.0/SYS) GPU/0-d9000 (4/16.0/SYS) GPU/0-de000 (4/16.0/SYS) CPU/0-3 (3/16.0/SYS) CPU/0-1 (2/24.0/PHB) CPU/0-0 (3/16.0/SYS) CPU/0-2 (3/16.0/SYS) NET/0-0 (5/16.0/SYS) NET/0-1 (0/5000.0/LOC) NET/0-2 (5/16.0/SYS) NET/0-3 (5/16.0/SYS) 
nid005202:79983:79983 [1] NCCL INFO NET/2 :GPU/0-c1000 (4/16.0/SYS) GPU/0-c6000 (4/16.0/SYS) GPU/0-c9000 (4/16.0/SYS) GPU/0-ce000 (4/16.0/SYS) GPU/0-d1000 (3/24.0/PHB) GPU/0-d6000 (3/24.0/PHB) GPU/0-d9000 (4/16.0/SYS) GPU/0-de000 (4/16.0/SYS) CPU/0-3 (3/16.0/SYS) CPU/0-1 (3/16.0/SYS) CPU/0-0 (2/24.0/PHB) CPU/0-2 (3/16.0/SYS) NET/0-0 (5/16.0/SYS) NET/0-1 (5/16.0/SYS) NET/0-2 (0/5000.0/LOC) NET/0-3 (5/16.0/SYS) 
nid005203:74125:74125 [4] NCCL INFO NET/2 :GPU/0-c1000 (4/16.0/SYS) GPU/0-c6000 (4/16.0/SYS) GPU/0-c9000 (4/16.0/SYS) GPU/0-ce000 (4/16.0/SYS) GPU/0-d1000 (3/24.0/PHB) GPU/0-d6000 (3/24.0/PHB) GPU/0-d9000 (4/16.0/SYS) GPU/0-de000 (4/16.0/SYS) CPU/0-3 (3/16.0/SYS) CPU/0-1 (3/16.0/SYS) CPU/0-0 (2/24.0/PHB) CPU/0-2 (3/16.0/SYS) NET/0-0 (5/16.0/SYS) NET/0-1 (5/16.0/SYS) NET/0-2 (0/5000.0/LOC) NET/0-3 (5/16.0/SYS) 
nid005202:79984:79984 [2] NCCL INFO NET/2 :GPU/0-c1000 (4/16.0/SYS) GPU/0-c6000 (4/16.0/SYS) GPU/0-c9000 (4/16.0/SYS) GPU/0-ce000 (4/16.0/SYS) GPU/0-d1000 (3/24.0/PHB) GPU/0-d6000 (3/24.0/PHB) GPU/0-d9000 (4/16.0/SYS) GPU/0-de000 (4/16.0/SYS) CPU/0-3 (3/16.0/SYS) CPU/0-1 (3/16.0/SYS) CPU/0-0 (2/24.0/PHB) CPU/0-2 (3/16.0/SYS) NET/0-0 (5/16.0/SYS) NET/0-1 (5/16.0/SYS) NET/0-2 (0/5000.0/LOC) NET/0-3 (5/16.0/SYS) 
nid005203:74126:74126 [5] NCCL INFO NET/2 :GPU/0-c1000 (4/16.0/SYS) GPU/0-c6000 (4/16.0/SYS) GPU/0-c9000 (4/16.0/SYS) GPU/0-ce000 (4/16.0/SYS) GPU/0-d1000 (3/24.0/PHB) GPU/0-d6000 (3/24.0/PHB) GPU/0-d9000 (4/16.0/SYS) GPU/0-de000 (4/16.0/SYS) CPU/0-3 (3/16.0/SYS) CPU/0-1 (3/16.0/SYS) CPU/0-0 (2/24.0/PHB) CPU/0-2 (3/16.0/SYS) NET/0-0 (5/16.0/SYS) NET/0-1 (5/16.0/SYS) NET/0-2 (0/5000.0/LOC) NET/0-3 (5/16.0/SYS) 
nid005202:79986:79986 [4] NCCL INFO NET/2 :GPU/0-c1000 (4/16.0/SYS) GPU/0-c6000 (4/16.0/SYS) GPU/0-c9000 (4/16.0/SYS) GPU/0-ce000 (4/16.0/SYS) GPU/0-d1000 (3/24.0/PHB) GPU/0-d6000 (3/24.0/PHB) GPU/0-d9000 (4/16.0/SYS) GPU/0-de000 (4/16.0/SYS) CPU/0-3 (3/16.0/SYS) CPU/0-1 (3/16.0/SYS) CPU/0-0 (2/24.0/PHB) CPU/0-2 (3/16.0/SYS) NET/0-0 (5/16.0/SYS) NET/0-1 (5/16.0/SYS) NET/0-2 (0/5000.0/LOC) NET/0-3 (5/16.0/SYS) 
nid005203:74127:74127 [6] NCCL INFO NET/2 :GPU/0-c1000 (4/16.0/SYS) GPU/0-c6000 (4/16.0/SYS) GPU/0-c9000 (4/16.0/SYS) GPU/0-ce000 (4/16.0/SYS) GPU/0-d1000 (3/24.0/PHB) GPU/0-d6000 (3/24.0/PHB) GPU/0-d9000 (4/16.0/SYS) GPU/0-de000 (4/16.0/SYS) CPU/0-3 (3/16.0/SYS) CPU/0-1 (3/16.0/SYS) CPU/0-0 (2/24.0/PHB) CPU/0-2 (3/16.0/SYS) NET/0-0 (5/16.0/SYS) NET/0-1 (5/16.0/SYS) NET/0-2 (0/5000.0/LOC) NET/0-3 (5/16.0/SYS) 
nid005202:79987:79987 [5] NCCL INFO NET/2 :GPU/0-c1000 (4/16.0/SYS) GPU/0-c6000 (4/16.0/SYS) GPU/0-c9000 (4/16.0/SYS) GPU/0-ce000 (4/16.0/SYS) GPU/0-d1000 (3/24.0/PHB) GPU/0-d6000 (3/24.0/PHB) GPU/0-d9000 (4/16.0/SYS) GPU/0-de000 (4/16.0/SYS) CPU/0-3 (3/16.0/SYS) CPU/0-1 (3/16.0/SYS) CPU/0-0 (2/24.0/PHB) CPU/0-2 (3/16.0/SYS) NET/0-0 (5/16.0/SYS) NET/0-1 (5/16.0/SYS) NET/0-2 (0/5000.0/LOC) NET/0-3 (5/16.0/SYS) 
nid005203:74128:74128 [7] NCCL INFO GPU/C6000 :GPU/0-c1000 (1/144.0/XGMI) GPU/0-c6000 (0/5000.0/LOC) GPU/0-c9000 (3/16.0/SYS) GPU/0-ce000 (1/36.0/XGMI) GPU/0-d1000 (3/16.0/SYS) GPU/0-d6000 (1/36.0/XGMI) GPU/0-d9000 (3/16.0/SYS) GPU/0-de000 (3/16.0/SYS) CPU/0-3 (1/24.0/PHB) CPU/0-1 (2/16.0/SYS) CPU/0-0 (2/16.0/SYS) CPU/0-2 (2/16.0/SYS) NET/0-0 (3/24.0/PHB) NET/0-1 (4/16.0/SYS) NET/0-2 (4/16.0/SYS) NET/0-3 (4/16.0/SYS) 
nid005203:74128:74128 [7] NCCL INFO GPU/C9000 :GPU/0-c1000 (1/36.0/XGMI) GPU/0-c6000 (3/16.0/SYS) GPU/0-c9000 (0/5000.0/LOC) GPU/0-ce000 (1/144.0/XGMI) GPU/0-d1000 (1/72.0/XGMI) GPU/0-d6000 (3/16.0/SYS) GPU/0-d9000 (3/16.0/SYS) GPU/0-de000 (3/16.0/SYS) CPU/0-3 (2/16.0/SYS) CPU/0-1 (1/24.0/PHB) CPU/0-0 (2/16.0/SYS) CPU/0-2 (2/16.0/SYS) NET/0-0 (4/16.0/SYS) NET/0-1 (3/24.0/PHB) NET/0-2 (4/16.0/SYS) NET/0-3 (4/16.0/SYS) 
nid005202:79988:79988 [6] NCCL INFO NET/2 :GPU/0-c1000 (4/16.0/SYS) GPU/0-c6000 (4/16.0/SYS) GPU/0-c9000 (4/16.0/SYS) GPU/0-ce000 (4/16.0/SYS) GPU/0-d1000 (3/24.0/PHB) GPU/0-d6000 (3/24.0/PHB) GPU/0-d9000 (4/16.0/SYS) GPU/0-de000 (4/16.0/SYS) CPU/0-3 (3/16.0/SYS) CPU/0-1 (3/16.0/SYS) CPU/0-0 (2/24.0/PHB) CPU/0-2 (3/16.0/SYS) NET/0-0 (5/16.0/SYS) NET/0-1 (5/16.0/SYS) NET/0-2 (0/5000.0/LOC) NET/0-3 (5/16.0/SYS) 
nid005203:74128:74128 [7] NCCL INFO GPU/CE000 :GPU/0-c1000 (3/16.0/SYS) GPU/0-c6000 (1/36.0/XGMI) GPU/0-c9000 (1/144.0/XGMI) GPU/0-ce000 (0/5000.0/LOC) GPU/0-d1000 (3/16.0/SYS) GPU/0-d6000 (3/16.0/SYS) GPU/0-d9000 (3/16.0/SYS) GPU/0-de000 (1/36.0/XGMI) CPU/0-3 (2/16.0/SYS) CPU/0-1 (1/24.0/PHB) CPU/0-0 (2/16.0/SYS) CPU/0-2 (2/16.0/SYS) NET/0-0 (4/16.0/SYS) NET/0-1 (3/24.0/PHB) NET/0-2 (4/16.0/SYS) NET/0-3 (4/16.0/SYS) 
nid005203:74128:74128 [7] NCCL INFO GPU/D1000 :GPU/0-c1000 (3/16.0/SYS) GPU/0-c6000 (3/16.0/SYS) GPU/0-c9000 (1/72.0/XGMI) GPU/0-ce000 (3/16.0/SYS) GPU/0-d1000 (0/5000.0/LOC) GPU/0-d6000 (1/144.0/XGMI) GPU/0-d9000 (1/36.0/XGMI) GPU/0-de000 (3/16.0/SYS) CPU/0-3 (2/16.0/SYS) CPU/0-1 (2/16.0/SYS) CPU/0-0 (1/24.0/PHB) CPU/0-2 (2/16.0/SYS) NET/0-0 (4/16.0/SYS) NET/0-1 (4/16.0/SYS) NET/0-2 (3/24.0/PHB) NET/0-3 (4/16.0/SYS) 
nid005202:79982:79982 [0] NCCL INFO GPU/CE000 :GPU/0-c1000 (3/16.0/SYS) GPU/0-c6000 (1/36.0/XGMI) GPU/0-c9000 (1/144.0/XGMI) GPU/0-ce000 (0/5000.0/LOC) GPU/0-d1000 (3/16.0/SYS) GPU/0-d6000 (3/16.0/SYS) GPU/0-d9000 (3/16.0/SYS) GPU/0-de000 (1/36.0/XGMI) CPU/0-3 (2/16.0/SYS) CPU/0-1 (1/24.0/PHB) CPU/0-0 (2/16.0/SYS) CPU/0-2 (2/16.0/SYS) NET/0-0 (4/16.0/SYS) NET/0-1 (3/24.0/PHB) NET/0-2 (4/16.0/SYS) NET/0-3 (4/16.0/SYS) 
nid005202:79982:79982 [0] NCCL INFO GPU/D1000 :GPU/0-c1000 (3/16.0/SYS) GPU/0-c6000 (3/16.0/SYS) GPU/0-c9000 (1/72.0/XGMI) GPU/0-ce000 (3/16.0/SYS) GPU/0-d1000 (0/5000.0/LOC) GPU/0-d6000 (1/144.0/XGMI) GPU/0-d9000 (1/36.0/XGMI) GPU/0-de000 (3/16.0/SYS) CPU/0-3 (2/16.0/SYS) CPU/0-1 (2/16.0/SYS) CPU/0-0 (1/24.0/PHB) CPU/0-2 (2/16.0/SYS) NET/0-0 (4/16.0/SYS) NET/0-1 (4/16.0/SYS) NET/0-2 (3/24.0/PHB) NET/0-3 (4/16.0/SYS) 
nid005203:74128:74128 [7] NCCL INFO GPU/D6000 :GPU/0-c1000 (3/16.0/SYS) GPU/0-c6000 (1/36.0/XGMI) GPU/0-c9000 (3/16.0/SYS) GPU/0-ce000 (3/16.0/SYS) GPU/0-d1000 (1/144.0/XGMI) GPU/0-d6000 (0/5000.0/LOC) GPU/0-d9000 (3/16.0/SYS) GPU/0-de000 (1/36.0/XGMI) CPU/0-3 (2/16.0/SYS) CPU/0-1 (2/16.0/SYS) CPU/0-0 (1/24.0/PHB) CPU/0-2 (2/16.0/SYS) NET/0-0 (4/16.0/SYS) NET/0-1 (4/16.0/SYS) NET/0-2 (3/24.0/PHB) NET/0-3 (4/16.0/SYS) 
nid005203:74128:74128 [7] NCCL INFO GPU/D9000 :GPU/0-c1000 (1/72.0/XGMI) GPU/0-c6000 (3/16.0/SYS) GPU/0-c9000 (3/16.0/SYS) GPU/0-ce000 (3/16.0/SYS) GPU/0-d1000 (1/36.0/XGMI) GPU/0-d6000 (3/16.0/SYS) GPU/0-d9000 (0/5000.0/LOC) GPU/0-de000 (1/144.0/XGMI) CPU/0-3 (2/16.0/SYS) CPU/0-1 (2/16.0/SYS) CPU/0-0 (2/16.0/SYS) CPU/0-2 (1/24.0/PHB) NET/0-0 (4/16.0/SYS) NET/0-1 (4/16.0/SYS) NET/0-2 (4/16.0/SYS) NET/0-3 (3/24.0/PHB) 
nid005202:79982:79982 [0] NCCL INFO GPU/D6000 :GPU/0-c1000 (3/16.0/SYS) GPU/0-c6000 (1/36.0/XGMI) GPU/0-c9000 (3/16.0/SYS) GPU/0-ce000 (3/16.0/SYS) GPU/0-d1000 (1/144.0/XGMI) GPU/0-d6000 (0/5000.0/LOC) GPU/0-d9000 (3/16.0/SYS) GPU/0-de000 (1/36.0/XGMI) CPU/0-3 (2/16.0/SYS) CPU/0-1 (2/16.0/SYS) CPU/0-0 (1/24.0/PHB) CPU/0-2 (2/16.0/SYS) NET/0-0 (4/16.0/SYS) NET/0-1 (4/16.0/SYS) NET/0-2 (3/24.0/PHB) NET/0-3 (4/16.0/SYS) 
nid005202:79982:79982 [0] NCCL INFO GPU/D9000 :GPU/0-c1000 (1/72.0/XGMI) GPU/0-c6000 (3/16.0/SYS) GPU/0-c9000 (3/16.0/SYS) GPU/0-ce000 (3/16.0/SYS) GPU/0-d1000 (1/36.0/XGMI) GPU/0-d6000 (3/16.0/SYS) GPU/0-d9000 (0/5000.0/LOC) GPU/0-de000 (1/144.0/XGMI) CPU/0-3 (2/16.0/SYS) CPU/0-1 (2/16.0/SYS) CPU/0-0 (2/16.0/SYS) CPU/0-2 (1/24.0/PHB) NET/0-0 (4/16.0/SYS) NET/0-1 (4/16.0/SYS) NET/0-2 (4/16.0/SYS) NET/0-3 (3/24.0/PHB) 
nid005203:74128:74128 [7] NCCL INFO GPU/DE000 :GPU/0-c1000 (3/16.0/SYS) GPU/0-c6000 (3/16.0/SYS) GPU/0-c9000 (3/16.0/SYS) GPU/0-ce000 (1/36.0/XGMI) GPU/0-d1000 (3/16.0/SYS) GPU/0-d6000 (1/36.0/XGMI) GPU/0-d9000 (1/144.0/XGMI) GPU/0-de000 (0/5000.0/LOC) CPU/0-3 (2/16.0/SYS) CPU/0-1 (2/16.0/SYS) CPU/0-0 (2/16.0/SYS) CPU/0-2 (1/24.0/PHB) NET/0-0 (4/16.0/SYS) NET/0-1 (4/16.0/SYS) NET/0-2 (4/16.0/SYS) NET/0-3 (3/24.0/PHB) 
nid005203:74128:74128 [7] NCCL INFO NET/0 :GPU/0-c1000 (3/24.0/PHB) GPU/0-c6000 (3/24.0/PHB) GPU/0-c9000 (4/16.0/SYS) GPU/0-ce000 (4/16.0/SYS) GPU/0-d1000 (4/16.0/SYS) GPU/0-d6000 (4/16.0/SYS) GPU/0-d9000 (4/16.0/SYS) GPU/0-de000 (4/16.0/SYS) CPU/0-3 (2/24.0/PHB) CPU/0-1 (3/16.0/SYS) CPU/0-0 (3/16.0/SYS) CPU/0-2 (3/16.0/SYS) NET/0-0 (0/5000.0/LOC) NET/0-1 (5/16.0/SYS) NET/0-2 (5/16.0/SYS) NET/0-3 (5/16.0/SYS) 
nid005202:79982:79982 [0] NCCL INFO GPU/DE000 :GPU/0-c1000 (3/16.0/SYS) GPU/0-c6000 (3/16.0/SYS) GPU/0-c9000 (3/16.0/SYS) GPU/0-ce000 (1/36.0/XGMI) GPU/0-d1000 (3/16.0/SYS) GPU/0-d6000 (1/36.0/XGMI) GPU/0-d9000 (1/144.0/XGMI) GPU/0-de000 (0/5000.0/LOC) CPU/0-3 (2/16.0/SYS) CPU/0-1 (2/16.0/SYS) CPU/0-0 (2/16.0/SYS) CPU/0-2 (1/24.0/PHB) NET/0-0 (4/16.0/SYS) NET/0-1 (4/16.0/SYS) NET/0-2 (4/16.0/SYS) NET/0-3 (3/24.0/PHB) 
nid005202:79982:79982 [0] NCCL INFO NET/0 :GPU/0-c1000 (3/24.0/PHB) GPU/0-c6000 (3/24.0/PHB) GPU/0-c9000 (4/16.0/SYS) GPU/0-ce000 (4/16.0/SYS) GPU/0-d1000 (4/16.0/SYS) GPU/0-d6000 (4/16.0/SYS) GPU/0-d9000 (4/16.0/SYS) GPU/0-de000 (4/16.0/SYS) CPU/0-3 (2/24.0/PHB) CPU/0-1 (3/16.0/SYS) CPU/0-0 (3/16.0/SYS) CPU/0-2 (3/16.0/SYS) NET/0-0 (0/5000.0/LOC) NET/0-1 (5/16.0/SYS) NET/0-2 (5/16.0/SYS) NET/0-3 (5/16.0/SYS) 
nid005203:74128:74128 [7] NCCL INFO NET/1 :GPU/0-c1000 (4/16.0/SYS) GPU/0-c6000 (4/16.0/SYS) GPU/0-c9000 (3/24.0/PHB) GPU/0-ce000 (3/24.0/PHB) GPU/0-d1000 (4/16.0/SYS) GPU/0-d6000 (4/16.0/SYS) GPU/0-d9000 (4/16.0/SYS) GPU/0-de000 (4/16.0/SYS) CPU/0-3 (3/16.0/SYS) CPU/0-1 (2/24.0/PHB) CPU/0-0 (3/16.0/SYS) CPU/0-2 (3/16.0/SYS) NET/0-0 (5/16.0/SYS) NET/0-1 (0/5000.0/LOC) NET/0-2 (5/16.0/SYS) NET/0-3 (5/16.0/SYS) 
nid005202:79982:79982 [0] NCCL INFO NET/1 :GPU/0-c1000 (4/16.0/SYS) GPU/0-c6000 (4/16.0/SYS) GPU/0-c9000 (3/24.0/PHB) GPU/0-ce000 (3/24.0/PHB) GPU/0-d1000 (4/16.0/SYS) GPU/0-d6000 (4/16.0/SYS) GPU/0-d9000 (4/16.0/SYS) GPU/0-de000 (4/16.0/SYS) CPU/0-3 (3/16.0/SYS) CPU/0-1 (2/24.0/PHB) CPU/0-0 (3/16.0/SYS) CPU/0-2 (3/16.0/SYS) NET/0-0 (5/16.0/SYS) NET/0-1 (0/5000.0/LOC) NET/0-2 (5/16.0/SYS) NET/0-3 (5/16.0/SYS) 
nid005202:79982:79982 [0] NCCL INFO NET/2 :GPU/0-c1000 (4/16.0/SYS) GPU/0-c6000 (4/16.0/SYS) GPU/0-c9000 (4/16.0/SYS) GPU/0-ce000 (4/16.0/SYS) GPU/0-d1000 (3/24.0/PHB) GPU/0-d6000 (3/24.0/PHB) GPU/0-d9000 (4/16.0/SYS) GPU/0-de000 (4/16.0/SYS) CPU/0-3 (3/16.0/SYS) CPU/0-1 (3/16.0/SYS) CPU/0-0 (2/24.0/PHB) CPU/0-2 (3/16.0/SYS) NET/0-0 (5/16.0/SYS) NET/0-1 (5/16.0/SYS) NET/0-2 (0/5000.0/LOC) NET/0-3 (5/16.0/SYS) 
nid005203:74121:74121 [0] NCCL INFO NET/2 :GPU/0-c1000 (4/16.0/SYS) GPU/0-c6000 (4/16.0/SYS) GPU/0-c9000 (4/16.0/SYS) GPU/0-ce000 (4/16.0/SYS) GPU/0-d1000 (3/24.0/PHB) GPU/0-d6000 (3/24.0/PHB) GPU/0-d9000 (4/16.0/SYS) GPU/0-de000 (4/16.0/SYS) CPU/0-3 (3/16.0/SYS) CPU/0-1 (3/16.0/SYS) CPU/0-0 (2/24.0/PHB) CPU/0-2 (3/16.0/SYS) NET/0-0 (5/16.0/SYS) NET/0-1 (5/16.0/SYS) NET/0-2 (0/5000.0/LOC) NET/0-3 (5/16.0/SYS) 
nid005202:79982:79982 [0] NCCL INFO NET/3 :GPU/0-c1000 (4/16.0/SYS) GPU/0-c6000 (4/16.0/SYS) GPU/0-c9000 (4/16.0/SYS) GPU/0-ce000 (4/16.0/SYS) GPU/0-d1000 (4/16.0/SYS) GPU/0-d6000 (4/16.0/SYS) GPU/0-d9000 (3/24.0/PHB) GPU/0-de000 (3/24.0/PHB) CPU/0-3 (3/16.0/SYS) CPU/0-1 (3/16.0/SYS) CPU/0-0 (3/16.0/SYS) CPU/0-2 (2/24.0/PHB) NET/0-0 (5/16.0/SYS) NET/0-1 (5/16.0/SYS) NET/0-2 (5/16.0/SYS) NET/0-3 (0/5000.0/LOC) 
nid005202:79982:79982 [0] NCCL INFO Setting affinity for GPU 0 to ffff0000,00000000,ffff0000,00000000
nid005202:79982:79982 [0] NCCL INFO Found matching Rome model index 36 with GPU mapping: 0 1 2 3 4 5 6 7 NET mapping: 0 1 2 3 
nid005203:74124:74124 [3] NCCL INFO NET/2 :GPU/0-c1000 (4/16.0/SYS) GPU/0-c6000 (4/16.0/SYS) GPU/0-c9000 (4/16.0/SYS) GPU/0-ce000 (4/16.0/SYS) GPU/0-d1000 (3/24.0/PHB) GPU/0-d6000 (3/24.0/PHB) GPU/0-d9000 (4/16.0/SYS) GPU/0-de000 (4/16.0/SYS) CPU/0-3 (3/16.0/SYS) CPU/0-1 (3/16.0/SYS) CPU/0-0 (2/24.0/PHB) CPU/0-2 (3/16.0/SYS) NET/0-0 (5/16.0/SYS) NET/0-1 (5/16.0/SYS) NET/0-2 (0/5000.0/LOC) NET/0-3 (5/16.0/SYS) 
nid005202:79982:79982 [0] NCCL INFO Pattern 4, crossNic 0, nChannels 8, bw 31.500000/31.500000, type XGMI/PIX, sameChannels 1
nid005202:79982:79982 [0] NCCL INFO  0 : NET/0 GPU/0 GPU/1 GPU/5 GPU/4 GPU/6 GPU/7 GPU/3 GPU/2 NET/1
nid005202:79982:79982 [0] NCCL INFO  1 : NET/1 GPU/2 GPU/3 GPU/7 GPU/6 GPU/4 GPU/5 GPU/1 GPU/0 NET/0
nid005203:74128:74128 [7] NCCL INFO NET/2 :GPU/0-c1000 (4/16.0/SYS) GPU/0-c6000 (4/16.0/SYS) GPU/0-c9000 (4/16.0/SYS) GPU/0-ce000 (4/16.0/SYS) GPU/0-d1000 (3/24.0/PHB) GPU/0-d6000 (3/24.0/PHB) GPU/0-d9000 (4/16.0/SYS) GPU/0-de000 (4/16.0/SYS) CPU/0-3 (3/16.0/SYS) CPU/0-1 (3/16.0/SYS) CPU/0-0 (2/24.0/PHB) CPU/0-2 (3/16.0/SYS) NET/0-0 (5/16.0/SYS) NET/0-1 (5/16.0/SYS) NET/0-2 (0/5000.0/LOC) NET/0-3 (5/16.0/SYS) 
nid005202:79987:79987 [5] NCCL INFO NET/3 :GPU/0-c1000 (4/16.0/SYS) GPU/0-c6000 (4/16.0/SYS) GPU/0-c9000 (4/16.0/SYS) GPU/0-ce000 (4/16.0/SYS) GPU/0-d1000 (4/16.0/SYS) GPU/0-d6000 (4/16.0/SYS) GPU/0-d9000 (3/24.0/PHB) GPU/0-de000 (3/24.0/PHB) CPU/0-3 (3/16.0/SYS) CPU/0-1 (3/16.0/SYS) CPU/0-0 (3/16.0/SYS) CPU/0-2 (2/24.0/PHB) NET/0-0 (5/16.0/SYS) NET/0-1 (5/16.0/SYS) NET/0-2 (5/16.0/SYS) NET/0-3 (0/5000.0/LOC) 
nid005202:79987:79987 [5] NCCL INFO Setting affinity for GPU 5 to ffff,00000000,0000ffff
nid005202:79987:79987 [5] NCCL INFO Found matching Rome model index 36 with GPU mapping: 0 1 2 3 4 5 6 7 NET mapping: 0 1 2 3 
nid005202:79987:79987 [5] NCCL INFO Pattern 4, crossNic 0, nChannels 8, bw 31.500000/31.500000, type XGMI/PIX, sameChannels 1
nid005202:79987:79987 [5] NCCL INFO  0 : NET/0 GPU/0 GPU/1 GPU/5 GPU/4 GPU/6 GPU/7 GPU/3 GPU/2 NET/1
nid005202:79987:79987 [5] NCCL INFO  1 : NET/1 GPU/2 GPU/3 GPU/7 GPU/6 GPU/4 GPU/5 GPU/1 GPU/0 NET/0
nid005202:79987:79987 [5] NCCL INFO  2 : NET/3 GPU/7 GPU/6 GPU/0 GPU/1 GPU/3 GPU/2 GPU/4 GPU/5 NET/2
nid005202:79987:79987 [5] NCCL INFO  3 : NET/2 GPU/5 GPU/4 GPU/2 GPU/3 GPU/1 GPU/0 GPU/6 GPU/7 NET/3
nid005202:79987:79987 [5] NCCL INFO  4 : NET/0 GPU/0 GPU/1 GPU/5 GPU/4 GPU/6 GPU/7 GPU/3 GPU/2 NET/1
nid005202:79987:79987 [5] NCCL INFO  5 : NET/1 GPU/2 GPU/3 GPU/7 GPU/6 GPU/4 GPU/5 GPU/1 GPU/0 NET/0
nid005202:79987:79987 [5] NCCL INFO  6 : NET/3 GPU/7 GPU/6 GPU/0 GPU/1 GPU/3 GPU/2 GPU/4 GPU/5 NET/2
nid005202:79987:79987 [5] NCCL INFO  7 : NET/2 GPU/5 GPU/4 GPU/2 GPU/3 GPU/1 GPU/0 GPU/6 GPU/7 NET/3
nid005202:79987:79987 [5] NCCL INFO Found matching Rome model index 36 with GPU mapping: 0 1 2 3 4 5 6 7 NET mapping: 0 1 2 3 
nid005202:79987:79987 [5] NCCL INFO Pattern 1, crossNic 0, nChannels 8, bw 31.500000/31.500000, type XGMI/PIX, sameChannels 1
nid005202:79987:79987 [5] NCCL INFO  0 : NET/0 GPU/0 GPU/1 GPU/5 GPU/4 GPU/6 GPU/7 GPU/3 GPU/2 NET/1
nid005202:79987:79987 [5] NCCL INFO  1 : NET/1 GPU/2 GPU/3 GPU/7 GPU/6 GPU/4 GPU/5 GPU/1 GPU/0 NET/0
nid005202:79987:79987 [5] NCCL INFO  2 : NET/3 GPU/7 GPU/6 GPU/0 GPU/1 GPU/3 GPU/2 GPU/4 GPU/5 NET/2
nid005202:79987:79987 [5] NCCL INFO  3 : NET/2 GPU/5 GPU/4 GPU/2 GPU/3 GPU/1 GPU/0 GPU/6 GPU/7 NET/3
nid005202:79987:79987 [5] NCCL INFO  4 : NET/0 GPU/0 GPU/1 GPU/5 GPU/4 GPU/6 GPU/7 GPU/3 GPU/2 NET/1
nid005202:79987:79987 [5] NCCL INFO  5 : NET/1 GPU/2 GPU/3 GPU/7 GPU/6 GPU/4 GPU/5 GPU/1 GPU/0 NET/0
nid005202:79987:79987 [5] NCCL INFO  6 : NET/3 GPU/7 GPU/6 GPU/0 GPU/1 GPU/3 GPU/2 GPU/4 GPU/5 NET/2
nid005202:79987:79987 [5] NCCL INFO  7 : NET/2 GPU/5 GPU/4 GPU/2 GPU/3 GPU/1 GPU/0 GPU/6 GPU/7 NET/3
nid005202:79987:79987 [5] NCCL INFO comm 0x6b488e0 rank 5 nRanks 16 nNodes 2 localRanks 8 localRank 5 MNNVL 0
nid005202:79987:79987 [5] NCCL INFO Tree 3 : -1 -> 5 -> 4/13/-1
nid005202:79987:79987 [5] NCCL INFO Tree 11 : 13 -> 5 -> 4/-1/-1
nid005202:79987:79987 [5] NCCL INFO Tree 7 : -1 -> 5 -> 4/13/-1
nid005202:79987:79987 [5] NCCL INFO Tree 15 : 13 -> 5 -> 4/-1/-1
nid005202:79987:79987 [5] NCCL INFO Ring 0 : 1 -> 5 -> 4 comm 0x6b488e0 nRanks 16 busId d6000
nid005202:79987:79987 [5] NCCL INFO Ring 1 : 4 -> 5 -> 1 comm 0x6b488e0 nRanks 16 busId d6000
nid005202:79987:79987 [5] NCCL INFO Ring 2 : 4 -> 5 -> 13 comm 0x6b488e0 nRanks 16 busId d6000
nid005202:79987:79987 [5] NCCL INFO Ring 3 : 13 -> 5 -> 4 comm 0x6b488e0 nRanks 16 busId d6000
nid005202:79987:79987 [5] NCCL INFO Ring 4 : 1 -> 5 -> 4 comm 0x6b488e0 nRanks 16 busId d6000
nid005202:79987:79987 [5] NCCL INFO Ring 5 : 4 -> 5 -> 1 comm 0x6b488e0 nRanks 16 busId d6000
nid005202:79987:79987 [5] NCCL INFO Ring 6 : 4 -> 5 -> 13 comm 0x6b488e0 nRanks 16 busId d6000
nid005202:79987:79987 [5] NCCL INFO Ring 7 : 13 -> 5 -> 4 comm 0x6b488e0 nRanks 16 busId d6000
nid005202:79987:79987 [5] NCCL INFO Ring 8 : 1 -> 5 -> 4 comm 0x6b488e0 nRanks 16 busId d6000
nid005202:79987:79987 [5] NCCL INFO Ring 9 : 4 -> 5 -> 1 comm 0x6b488e0 nRanks 16 busId d6000
nid005203:74123:74123 [2] NCCL INFO NET/3 :GPU/0-c1000 (4/16.0/SYS) GPU/0-c6000 (4/16.0/SYS) GPU/0-c9000 (4/16.0/SYS) GPU/0-ce000 (4/16.0/SYS) GPU/0-d1000 (4/16.0/SYS) GPU/0-d6000 (4/16.0/SYS) GPU/0-d9000 (3/24.0/PHB) GPU/0-de000 (3/24.0/PHB) CPU/0-3 (3/16.0/SYS) CPU/0-1 (3/16.0/SYS) CPU/0-0 (3/16.0/SYS) CPU/0-2 (2/24.0/PHB) NET/0-0 (5/16.0/SYS) NET/0-1 (5/16.0/SYS) NET/0-2 (5/16.0/SYS) NET/0-3 (0/5000.0/LOC) 
nid005203:74123:74123 [2] NCCL INFO Setting affinity for GPU 2 to ffff0000,00000000,ffff0000
nid005203:74123:74123 [2] NCCL INFO Found matching Rome model index 36 with GPU mapping: 0 1 2 3 4 5 6 7 NET mapping: 0 1 2 3 
nid005203:74123:74123 [2] NCCL INFO Pattern 4, crossNic 0, nChannels 8, bw 31.500000/31.500000, type XGMI/PIX, sameChannels 1
nid005203:74123:74123 [2] NCCL INFO  0 : NET/1 GPU/10 GPU/11 GPU/15 GPU/14 GPU/12 GPU/13 GPU/9 GPU/8 NET/0
nid005203:74123:74123 [2] NCCL INFO  1 : NET/0 GPU/8 GPU/9 GPU/13 GPU/12 GPU/14 GPU/15 GPU/11 GPU/10 NET/1
nid005202:79987:79987 [5] NCCL INFO Ring 10 : 4 -> 5 -> 13 comm 0x6b488e0 nRanks 16 busId d6000
nid005203:74123:74123 [2] NCCL INFO  2 : NET/2 GPU/13 GPU/12 GPU/10 GPU/11 GPU/9 GPU/8 GPU/14 GPU/15 NET/3
nid005203:74123:74123 [2] NCCL INFO  3 : NET/3 GPU/15 GPU/14 GPU/8 GPU/9 GPU/11 GPU/10 GPU/12 GPU/13 NET/2
nid005203:74123:74123 [2] NCCL INFO  4 : NET/1 GPU/10 GPU/11 GPU/15 GPU/14 GPU/12 GPU/13 GPU/9 GPU/8 NET/0
nid005203:74123:74123 [2] NCCL INFO  5 : NET/0 GPU/8 GPU/9 GPU/13 GPU/12 GPU/14 GPU/15 GPU/11 GPU/10 NET/1
nid005203:74123:74123 [2] NCCL INFO  6 : NET/2 GPU/13 GPU/12 GPU/10 GPU/11 GPU/9 GPU/8 GPU/14 GPU/15 NET/3
nid005203:74123:74123 [2] NCCL INFO  7 : NET/3 GPU/15 GPU/14 GPU/8 GPU/9 GPU/11 GPU/10 GPU/12 GPU/13 NET/2
nid005203:74123:74123 [2] NCCL INFO Found matching Rome model index 36 with GPU mapping: 0 1 2 3 4 5 6 7 NET mapping: 0 1 2 3 
nid005203:74123:74123 [2] NCCL INFO Pattern 1, crossNic 0, nChannels 8, bw 31.500000/31.500000, type XGMI/PIX, sameChannels 1
nid005203:74123:74123 [2] NCCL INFO  0 : NET/0 GPU/8 GPU/9 GPU/13 GPU/12 GPU/14 GPU/15 GPU/11 GPU/10 NET/1
nid005202:79988:79988 [6] NCCL INFO NET/3 :GPU/0-c1000 (4/16.0/SYS) GPU/0-c6000 (4/16.0/SYS) GPU/0-c9000 (4/16.0/SYS) GPU/0-ce000 (4/16.0/SYS) GPU/0-d1000 (4/16.0/SYS) GPU/0-d6000 (4/16.0/SYS) GPU/0-d9000 (3/24.0/PHB) GPU/0-de000 (3/24.0/PHB) CPU/0-3 (3/16.0/SYS) CPU/0-1 (3/16.0/SYS) CPU/0-0 (3/16.0/SYS) CPU/0-2 (2/24.0/PHB) NET/0-0 (5/16.0/SYS) NET/0-1 (5/16.0/SYS) NET/0-2 (5/16.0/SYS) NET/0-3 (0/5000.0/LOC) 
nid005202:79988:79988 [6] NCCL INFO Setting affinity for GPU 6 to ffff,00000000,0000ffff,00000000
nid005202:79988:79988 [6] NCCL INFO Found matching Rome model index 36 with GPU mapping: 0 1 2 3 4 5 6 7 NET mapping: 0 1 2 3 
nid005202:79988:79988 [6] NCCL INFO Pattern 4, crossNic 0, nChannels 8, bw 31.500000/31.500000, type XGMI/PIX, sameChannels 1
nid005202:79988:79988 [6] NCCL INFO  0 : NET/0 GPU/0 GPU/1 GPU/5 GPU/4 GPU/6 GPU/7 GPU/3 GPU/2 NET/1
nid005202:79988:79988 [6] NCCL INFO  1 : NET/1 GPU/2 GPU/3 GPU/7 GPU/6 GPU/4 GPU/5 GPU/1 GPU/0 NET/0
nid005203:74123:74123 [2] NCCL INFO  1 : NET/1 GPU/10 GPU/11 GPU/15 GPU/14 GPU/12 GPU/13 GPU/9 GPU/8 NET/0
nid005203:74123:74123 [2] NCCL INFO  2 : NET/3 GPU/15 GPU/14 GPU/8 GPU/9 GPU/11 GPU/10 GPU/12 GPU/13 NET/2
nid005203:74123:74123 [2] NCCL INFO  3 : NET/2 GPU/13 GPU/12 GPU/10 GPU/11 GPU/9 GPU/8 GPU/14 GPU/15 NET/3
nid005203:74123:74123 [2] NCCL INFO  4 : NET/0 GPU/8 GPU/9 GPU/13 GPU/12 GPU/14 GPU/15 GPU/11 GPU/10 NET/1
nid005203:74123:74123 [2] NCCL INFO  5 : NET/1 GPU/10 GPU/11 GPU/15 GPU/14 GPU/12 GPU/13 GPU/9 GPU/8 NET/0
nid005203:74123:74123 [2] NCCL INFO  6 : NET/3 GPU/15 GPU/14 GPU/8 GPU/9 GPU/11 GPU/10 GPU/12 GPU/13 NET/2
nid005203:74123:74123 [2] NCCL INFO  7 : NET/2 GPU/13 GPU/12 GPU/10 GPU/11 GPU/9 GPU/8 GPU/14 GPU/15 NET/3
nid005203:74123:74123 [2] NCCL INFO comm 0x638dc20 rank 10 nRanks 16 nNodes 2 localRanks 8 localRank 2 MNNVL 0
nid005203:74123:74123 [2] NCCL INFO Tree 1 : 2 -> 10 -> 11/-1/-1
nid005203:74123:74123 [2] NCCL INFO Tree 9 : -1 -> 10 -> 11/2/-1
nid005202:79988:79988 [6] NCCL INFO  2 : NET/3 GPU/7 GPU/6 GPU/0 GPU/1 GPU/3 GPU/2 GPU/4 GPU/5 NET/2
nid005202:79988:79988 [6] NCCL INFO  3 : NET/2 GPU/5 GPU/4 GPU/2 GPU/3 GPU/1 GPU/0 GPU/6 GPU/7 NET/3
nid005202:79988:79988 [6] NCCL INFO  4 : NET/0 GPU/0 GPU/1 GPU/5 GPU/4 GPU/6 GPU/7 GPU/3 GPU/2 NET/1
nid005202:79988:79988 [6] NCCL INFO  5 : NET/1 GPU/2 GPU/3 GPU/7 GPU/6 GPU/4 GPU/5 GPU/1 GPU/0 NET/0
nid005202:79988:79988 [6] NCCL INFO  6 : NET/3 GPU/7 GPU/6 GPU/0 GPU/1 GPU/3 GPU/2 GPU/4 GPU/5 NET/2
nid005202:79988:79988 [6] NCCL INFO  7 : NET/2 GPU/5 GPU/4 GPU/2 GPU/3 GPU/1 GPU/0 GPU/6 GPU/7 NET/3
nid005202:79988:79988 [6] NCCL INFO Found matching Rome model index 36 with GPU mapping: 0 1 2 3 4 5 6 7 NET mapping: 0 1 2 3 
nid005202:79988:79988 [6] NCCL INFO Pattern 1, crossNic 0, nChannels 8, bw 31.500000/31.500000, type XGMI/PIX, sameChannels 1
nid005202:79988:79988 [6] NCCL INFO  0 : NET/0 GPU/0 GPU/1 GPU/5 GPU/4 GPU/6 GPU/7 GPU/3 GPU/2 NET/1
nid005203:74123:74123 [2] NCCL INFO Tree 5 : 2 -> 10 -> 11/-1/-1
nid005203:74123:74123 [2] NCCL INFO Tree 13 : -1 -> 10 -> 11/2/-1
nid005203:74123:74123 [2] NCCL INFO Ring 0 : 2 -> 10 -> 11 comm 0x638dc20 nRanks 16 busId c9000
nid005203:74123:74123 [2] NCCL INFO Ring 1 : 11 -> 10 -> 2 comm 0x638dc20 nRanks 16 busId c9000
nid005203:74123:74123 [2] NCCL INFO Ring 2 : 12 -> 10 -> 11 comm 0x638dc20 nRanks 16 busId c9000
nid005203:74123:74123 [2] NCCL INFO Ring 3 : 11 -> 10 -> 12 comm 0x638dc20 nRanks 16 busId c9000
nid005203:74123:74123 [2] NCCL INFO Ring 4 : 2 -> 10 -> 11 comm 0x638dc20 nRanks 16 busId c9000
nid005203:74123:74123 [2] NCCL INFO Ring 5 : 11 -> 10 -> 2 comm 0x638dc20 nRanks 16 busId c9000
nid005203:74123:74123 [2] NCCL INFO Ring 6 : 12 -> 10 -> 11 comm 0x638dc20 nRanks 16 busId c9000
nid005203:74123:74123 [2] NCCL INFO Ring 7 : 11 -> 10 -> 12 comm 0x638dc20 nRanks 16 busId c9000
nid005203:74123:74123 [2] NCCL INFO Ring 8 : 2 -> 10 -> 11 comm 0x638dc20 nRanks 16 busId c9000
nid005202:79988:79988 [6] NCCL INFO  1 : NET/1 GPU/2 GPU/3 GPU/7 GPU/6 GPU/4 GPU/5 GPU/1 GPU/0 NET/0
nid005202:79988:79988 [6] NCCL INFO  2 : NET/3 GPU/7 GPU/6 GPU/0 GPU/1 GPU/3 GPU/2 GPU/4 GPU/5 NET/2
nid005202:79988:79988 [6] NCCL INFO  3 : NET/2 GPU/5 GPU/4 GPU/2 GPU/3 GPU/1 GPU/0 GPU/6 GPU/7 NET/3
nid005202:79988:79988 [6] NCCL INFO  4 : NET/0 GPU/0 GPU/1 GPU/5 GPU/4 GPU/6 GPU/7 GPU/3 GPU/2 NET/1
nid005202:79988:79988 [6] NCCL INFO  5 : NET/1 GPU/2 GPU/3 GPU/7 GPU/6 GPU/4 GPU/5 GPU/1 GPU/0 NET/0
nid005202:79988:79988 [6] NCCL INFO  6 : NET/3 GPU/7 GPU/6 GPU/0 GPU/1 GPU/3 GPU/2 GPU/4 GPU/5 NET/2
nid005202:79988:79988 [6] NCCL INFO  7 : NET/2 GPU/5 GPU/4 GPU/2 GPU/3 GPU/1 GPU/0 GPU/6 GPU/7 NET/3
nid005202:79988:79988 [6] NCCL INFO comm 0x7246ff0 rank 6 nRanks 16 nNodes 2 localRanks 8 localRank 6 MNNVL 0
nid005202:79988:79988 [6] NCCL INFO Tree 2 : 7 -> 6 -> 0/-1/-1
nid005202:79988:79988 [6] NCCL INFO Tree 10 : 7 -> 6 -> 0/-1/-1
nid005202:79988:79988 [6] NCCL INFO Tree 6 : 7 -> 6 -> 0/-1/-1
nid005203:74123:74123 [2] NCCL INFO Ring 9 : 11 -> 10 -> 2 comm 0x638dc20 nRanks 16 busId c9000
nid005202:79988:79988 [6] NCCL INFO Tree 14 : 7 -> 6 -> 0/-1/-1
nid005202:79988:79988 [6] NCCL INFO Ring 0 : 4 -> 6 -> 7 comm 0x7246ff0 nRanks 16 busId d9000
nid005202:79988:79988 [6] NCCL INFO Ring 1 : 7 -> 6 -> 4 comm 0x7246ff0 nRanks 16 busId d9000
nid005202:79988:79988 [6] NCCL INFO Ring 2 : 7 -> 6 -> 0 comm 0x7246ff0 nRanks 16 busId d9000
nid005202:79988:79988 [6] NCCL INFO Ring 3 : 0 -> 6 -> 7 comm 0x7246ff0 nRanks 16 busId d9000
nid005202:79988:79988 [6] NCCL INFO Ring 4 : 4 -> 6 -> 7 comm 0x7246ff0 nRanks 16 busId d9000
nid005202:79988:79988 [6] NCCL INFO Ring 5 : 7 -> 6 -> 4 comm 0x7246ff0 nRanks 16 busId d9000
nid005202:79988:79988 [6] NCCL INFO Ring 6 : 7 -> 6 -> 0 comm 0x7246ff0 nRanks 16 busId d9000
nid005202:79988:79988 [6] NCCL INFO Ring 7 : 0 -> 6 -> 7 comm 0x7246ff0 nRanks 16 busId d9000
nid005202:79988:79988 [6] NCCL INFO Ring 8 : 4 -> 6 -> 7 comm 0x7246ff0 nRanks 16 busId d9000
nid005202:79988:79988 [6] NCCL INFO Ring 9 : 7 -> 6 -> 4 comm 0x7246ff0 nRanks 16 busId d9000
nid005203:74124:74124 [3] NCCL INFO NET/3 :GPU/0-c1000 (4/16.0/SYS) GPU/0-c6000 (4/16.0/SYS) GPU/0-c9000 (4/16.0/SYS) GPU/0-ce000 (4/16.0/SYS) GPU/0-d1000 (4/16.0/SYS) GPU/0-d6000 (4/16.0/SYS) GPU/0-d9000 (3/24.0/PHB) GPU/0-de000 (3/24.0/PHB) CPU/0-3 (3/16.0/SYS) CPU/0-1 (3/16.0/SYS) CPU/0-0 (3/16.0/SYS) CPU/0-2 (2/24.0/PHB) NET/0-0 (5/16.0/SYS) NET/0-1 (5/16.0/SYS) NET/0-2 (5/16.0/SYS) NET/0-3 (0/5000.0/LOC) 
nid005203:74124:74124 [3] NCCL INFO Setting affinity for GPU 3 to ffff0000,00000000,ffff0000
nid005203:74124:74124 [3] NCCL INFO Found matching Rome model index 36 with GPU mapping: 0 1 2 3 4 5 6 7 NET mapping: 0 1 2 3 
nid005203:74124:74124 [3] NCCL INFO Pattern 4, crossNic 0, nChannels 8, bw 31.500000/31.500000, type XGMI/PIX, sameChannels 1
nid005203:74124:74124 [3] NCCL INFO  0 : NET/1 GPU/10 GPU/11 GPU/15 GPU/14 GPU/12 GPU/13 GPU/9 GPU/8 NET/0
nid005203:74124:74124 [3] NCCL INFO  1 : NET/0 GPU/8 GPU/9 GPU/13 GPU/12 GPU/14 GPU/15 GPU/11 GPU/10 NET/1
nid005202:79988:79988 [6] NCCL INFO Ring 10 : 7 -> 6 -> 0 comm 0x7246ff0 nRanks 16 busId d9000
nid005203:74124:74124 [3] NCCL INFO  2 : NET/2 GPU/13 GPU/12 GPU/10 GPU/11 GPU/9 GPU/8 GPU/14 GPU/15 NET/3
nid005203:74124:74124 [3] NCCL INFO  3 : NET/3 GPU/15 GPU/14 GPU/8 GPU/9 GPU/11 GPU/10 GPU/12 GPU/13 NET/2
nid005203:74124:74124 [3] NCCL INFO  4 : NET/1 GPU/10 GPU/11 GPU/15 GPU/14 GPU/12 GPU/13 GPU/9 GPU/8 NET/0
nid005203:74124:74124 [3] NCCL INFO  5 : NET/0 GPU/8 GPU/9 GPU/13 GPU/12 GPU/14 GPU/15 GPU/11 GPU/10 NET/1
nid005203:74124:74124 [3] NCCL INFO  6 : NET/2 GPU/13 GPU/12 GPU/10 GPU/11 GPU/9 GPU/8 GPU/14 GPU/15 NET/3
nid005203:74124:74124 [3] NCCL INFO  7 : NET/3 GPU/15 GPU/14 GPU/8 GPU/9 GPU/11 GPU/10 GPU/12 GPU/13 NET/2
nid005203:74124:74124 [3] NCCL INFO Found matching Rome model index 36 with GPU mapping: 0 1 2 3 4 5 6 7 NET mapping: 0 1 2 3 
nid005203:74124:74124 [3] NCCL INFO Pattern 1, crossNic 0, nChannels 8, bw 31.500000/31.500000, type XGMI/PIX, sameChannels 1
nid005203:74124:74124 [3] NCCL INFO  0 : NET/0 GPU/8 GPU/9 GPU/13 GPU/12 GPU/14 GPU/15 GPU/11 GPU/10 NET/1
nid005202:79989:79989 [7] NCCL INFO NET/3 :GPU/0-c1000 (4/16.0/SYS) GPU/0-c6000 (4/16.0/SYS) GPU/0-c9000 (4/16.0/SYS) GPU/0-ce000 (4/16.0/SYS) GPU/0-d1000 (4/16.0/SYS) GPU/0-d6000 (4/16.0/SYS) GPU/0-d9000 (3/24.0/PHB) GPU/0-de000 (3/24.0/PHB) CPU/0-3 (3/16.0/SYS) CPU/0-1 (3/16.0/SYS) CPU/0-0 (3/16.0/SYS) CPU/0-2 (2/24.0/PHB) NET/0-0 (5/16.0/SYS) NET/0-1 (5/16.0/SYS) NET/0-2 (5/16.0/SYS) NET/0-3 (0/5000.0/LOC) 
nid005202:79989:79989 [7] NCCL INFO Setting affinity for GPU 7 to ffff,00000000,0000ffff,00000000
nid005202:79989:79989 [7] NCCL INFO Found matching Rome model index 36 with GPU mapping: 0 1 2 3 4 5 6 7 NET mapping: 0 1 2 3 
nid005202:79989:79989 [7] NCCL INFO Pattern 4, crossNic 0, nChannels 8, bw 31.500000/31.500000, type XGMI/PIX, sameChannels 1
nid005202:79989:79989 [7] NCCL INFO  0 : NET/0 GPU/0 GPU/1 GPU/5 GPU/4 GPU/6 GPU/7 GPU/3 GPU/2 NET/1
nid005202:79989:79989 [7] NCCL INFO  1 : NET/1 GPU/2 GPU/3 GPU/7 GPU/6 GPU/4 GPU/5 GPU/1 GPU/0 NET/0
nid005203:74124:74124 [3] NCCL INFO  1 : NET/1 GPU/10 GPU/11 GPU/15 GPU/14 GPU/12 GPU/13 GPU/9 GPU/8 NET/0
nid005203:74124:74124 [3] NCCL INFO  2 : NET/3 GPU/15 GPU/14 GPU/8 GPU/9 GPU/11 GPU/10 GPU/12 GPU/13 NET/2
nid005203:74124:74124 [3] NCCL INFO  3 : NET/2 GPU/13 GPU/12 GPU/10 GPU/11 GPU/9 GPU/8 GPU/14 GPU/15 NET/3
nid005203:74124:74124 [3] NCCL INFO  4 : NET/0 GPU/8 GPU/9 GPU/13 GPU/12 GPU/14 GPU/15 GPU/11 GPU/10 NET/1
nid005203:74124:74124 [3] NCCL INFO  5 : NET/1 GPU/10 GPU/11 GPU/15 GPU/14 GPU/12 GPU/13 GPU/9 GPU/8 NET/0
nid005203:74124:74124 [3] NCCL INFO  6 : NET/3 GPU/15 GPU/14 GPU/8 GPU/9 GPU/11 GPU/10 GPU/12 GPU/13 NET/2
nid005203:74124:74124 [3] NCCL INFO  7 : NET/2 GPU/13 GPU/12 GPU/10 GPU/11 GPU/9 GPU/8 GPU/14 GPU/15 NET/3
nid005203:74124:74124 [3] NCCL INFO comm 0x30d87e0 rank 11 nRanks 16 nNodes 2 localRanks 8 localRank 3 MNNVL 0
nid005203:74124:74124 [3] NCCL INFO Tree 1 : 10 -> 11 -> 15/-1/-1
nid005203:74124:74124 [3] NCCL INFO Tree 9 : 10 -> 11 -> 15/-1/-1
nid005202:79989:79989 [7] NCCL INFO  2 : NET/3 GPU/7 GPU/6 GPU/0 GPU/1 GPU/3 GPU/2 GPU/4 GPU/5 NET/2
nid005202:79989:79989 [7] NCCL INFO  3 : NET/2 GPU/5 GPU/4 GPU/2 GPU/3 GPU/1 GPU/0 GPU/6 GPU/7 NET/3
nid005202:79989:79989 [7] NCCL INFO  4 : NET/0 GPU/0 GPU/1 GPU/5 GPU/4 GPU/6 GPU/7 GPU/3 GPU/2 NET/1
nid005202:79989:79989 [7] NCCL INFO  5 : NET/1 GPU/2 GPU/3 GPU/7 GPU/6 GPU/4 GPU/5 GPU/1 GPU/0 NET/0
nid005202:79989:79989 [7] NCCL INFO  6 : NET/3 GPU/7 GPU/6 GPU/0 GPU/1 GPU/3 GPU/2 GPU/4 GPU/5 NET/2
nid005202:79989:79989 [7] NCCL INFO  7 : NET/2 GPU/5 GPU/4 GPU/2 GPU/3 GPU/1 GPU/0 GPU/6 GPU/7 NET/3
nid005202:79989:79989 [7] NCCL INFO Found matching Rome model index 36 with GPU mapping: 0 1 2 3 4 5 6 7 NET mapping: 0 1 2 3 
nid005202:79989:79989 [7] NCCL INFO Pattern 1, crossNic 0, nChannels 8, bw 31.500000/31.500000, type XGMI/PIX, sameChannels 1
nid005202:79989:79989 [7] NCCL INFO  0 : NET/0 GPU/0 GPU/1 GPU/5 GPU/4 GPU/6 GPU/7 GPU/3 GPU/2 NET/1
nid005203:74124:74124 [3] NCCL INFO Tree 5 : 10 -> 11 -> 15/-1/-1
nid005203:74124:74124 [3] NCCL INFO Tree 13 : 10 -> 11 -> 15/-1/-1
nid005203:74124:74124 [3] NCCL INFO Ring 0 : 10 -> 11 -> 15 comm 0x30d87e0 nRanks 16 busId ce000
nid005203:74124:74124 [3] NCCL INFO Ring 1 : 15 -> 11 -> 10 comm 0x30d87e0 nRanks 16 busId ce000
nid005203:74124:74124 [3] NCCL INFO Ring 2 : 10 -> 11 -> 9 comm 0x30d87e0 nRanks 16 busId ce000
nid005203:74124:74124 [3] NCCL INFO Ring 3 : 9 -> 11 -> 10 comm 0x30d87e0 nRanks 16 busId ce000
nid005203:74124:74124 [3] NCCL INFO Ring 4 : 10 -> 11 -> 15 comm 0x30d87e0 nRanks 16 busId ce000
nid005203:74124:74124 [3] NCCL INFO Ring 5 : 15 -> 11 -> 10 comm 0x30d87e0 nRanks 16 busId ce000
nid005203:74124:74124 [3] NCCL INFO Ring 6 : 10 -> 11 -> 9 comm 0x30d87e0 nRanks 16 busId ce000
nid005203:74124:74124 [3] NCCL INFO Ring 7 : 9 -> 11 -> 10 comm 0x30d87e0 nRanks 16 busId ce000
nid005203:74124:74124 [3] NCCL INFO Ring 8 : 10 -> 11 -> 15 comm 0x30d87e0 nRanks 16 busId ce000
nid005202:79989:79989 [7] NCCL INFO  1 : NET/1 GPU/2 GPU/3 GPU/7 GPU/6 GPU/4 GPU/5 GPU/1 GPU/0 NET/0
nid005202:79989:79989 [7] NCCL INFO  2 : NET/3 GPU/7 GPU/6 GPU/0 GPU/1 GPU/3 GPU/2 GPU/4 GPU/5 NET/2
nid005202:79989:79989 [7] NCCL INFO  3 : NET/2 GPU/5 GPU/4 GPU/2 GPU/3 GPU/1 GPU/0 GPU/6 GPU/7 NET/3
nid005202:79989:79989 [7] NCCL INFO  4 : NET/0 GPU/0 GPU/1 GPU/5 GPU/4 GPU/6 GPU/7 GPU/3 GPU/2 NET/1
nid005202:79989:79989 [7] NCCL INFO  5 : NET/1 GPU/2 GPU/3 GPU/7 GPU/6 GPU/4 GPU/5 GPU/1 GPU/0 NET/0
nid005202:79989:79989 [7] NCCL INFO  6 : NET/3 GPU/7 GPU/6 GPU/0 GPU/1 GPU/3 GPU/2 GPU/4 GPU/5 NET/2
nid005202:79989:79989 [7] NCCL INFO  7 : NET/2 GPU/5 GPU/4 GPU/2 GPU/3 GPU/1 GPU/0 GPU/6 GPU/7 NET/3
nid005202:79989:79989 [7] NCCL INFO comm 0x6bb4f40 rank 7 nRanks 16 nNodes 2 localRanks 8 localRank 7 MNNVL 0
nid005202:79989:79989 [7] NCCL INFO Tree 2 : -1 -> 7 -> 6/15/-1
nid005202:79989:79989 [7] NCCL INFO Tree 10 : 15 -> 7 -> 6/-1/-1
nid005202:79989:79989 [7] NCCL INFO Tree 6 : -1 -> 7 -> 6/15/-1
nid005203:74124:74124 [3] NCCL INFO Ring 9 : 15 -> 11 -> 10 comm 0x30d87e0 nRanks 16 busId ce000
nid005202:79989:79989 [7] NCCL INFO Tree 14 : 15 -> 7 -> 6/-1/-1
nid005202:79989:79989 [7] NCCL INFO Ring 0 : 6 -> 7 -> 3 comm 0x6bb4f40 nRanks 16 busId de000
nid005202:79989:79989 [7] NCCL INFO Ring 1 : 3 -> 7 -> 6 comm 0x6bb4f40 nRanks 16 busId de000
nid005202:79989:79989 [7] NCCL INFO Ring 2 : 15 -> 7 -> 6 comm 0x6bb4f40 nRanks 16 busId de000
nid005202:79989:79989 [7] NCCL INFO Ring 3 : 6 -> 7 -> 15 comm 0x6bb4f40 nRanks 16 busId de000
nid005202:79989:79989 [7] NCCL INFO Ring 4 : 6 -> 7 -> 3 comm 0x6bb4f40 nRanks 16 busId de000
nid005202:79989:79989 [7] NCCL INFO Ring 5 : 3 -> 7 -> 6 comm 0x6bb4f40 nRanks 16 busId de000
nid005202:79989:79989 [7] NCCL INFO Ring 6 : 15 -> 7 -> 6 comm 0x6bb4f40 nRanks 16 busId de000
nid005202:79989:79989 [7] NCCL INFO Ring 7 : 6 -> 7 -> 15 comm 0x6bb4f40 nRanks 16 busId de000
nid005202:79989:79989 [7] NCCL INFO Ring 8 : 6 -> 7 -> 3 comm 0x6bb4f40 nRanks 16 busId de000
nid005202:79989:79989 [7] NCCL INFO Ring 9 : 3 -> 7 -> 6 comm 0x6bb4f40 nRanks 16 busId de000
nid005203:74125:74125 [4] NCCL INFO NET/3 :GPU/0-c1000 (4/16.0/SYS) GPU/0-c6000 (4/16.0/SYS) GPU/0-c9000 (4/16.0/SYS) GPU/0-ce000 (4/16.0/SYS) GPU/0-d1000 (4/16.0/SYS) GPU/0-d6000 (4/16.0/SYS) GPU/0-d9000 (3/24.0/PHB) GPU/0-de000 (3/24.0/PHB) CPU/0-3 (3/16.0/SYS) CPU/0-1 (3/16.0/SYS) CPU/0-0 (3/16.0/SYS) CPU/0-2 (2/24.0/PHB) NET/0-0 (5/16.0/SYS) NET/0-1 (5/16.0/SYS) NET/0-2 (5/16.0/SYS) NET/0-3 (0/5000.0/LOC) 
nid005203:74125:74125 [4] NCCL INFO Setting affinity for GPU 4 to ffff,00000000,0000ffff
nid005203:74125:74125 [4] NCCL INFO Found matching Rome model index 36 with GPU mapping: 0 1 2 3 4 5 6 7 NET mapping: 0 1 2 3 
nid005203:74125:74125 [4] NCCL INFO Pattern 4, crossNic 0, nChannels 8, bw 31.500000/31.500000, type XGMI/PIX, sameChannels 1
nid005203:74125:74125 [4] NCCL INFO  0 : NET/1 GPU/10 GPU/11 GPU/15 GPU/14 GPU/12 GPU/13 GPU/9 GPU/8 NET/0
nid005203:74125:74125 [4] NCCL INFO  1 : NET/0 GPU/8 GPU/9 GPU/13 GPU/12 GPU/14 GPU/15 GPU/11 GPU/10 NET/1
nid005202:79989:79989 [7] NCCL INFO Ring 10 : 15 -> 7 -> 6 comm 0x6bb4f40 nRanks 16 busId de000
nid005203:74125:74125 [4] NCCL INFO  2 : NET/2 GPU/13 GPU/12 GPU/10 GPU/11 GPU/9 GPU/8 GPU/14 GPU/15 NET/3
nid005203:74125:74125 [4] NCCL INFO  3 : NET/3 GPU/15 GPU/14 GPU/8 GPU/9 GPU/11 GPU/10 GPU/12 GPU/13 NET/2
nid005203:74125:74125 [4] NCCL INFO  4 : NET/1 GPU/10 GPU/11 GPU/15 GPU/14 GPU/12 GPU/13 GPU/9 GPU/8 NET/0
nid005203:74125:74125 [4] NCCL INFO  5 : NET/0 GPU/8 GPU/9 GPU/13 GPU/12 GPU/14 GPU/15 GPU/11 GPU/10 NET/1
nid005203:74125:74125 [4] NCCL INFO  6 : NET/2 GPU/13 GPU/12 GPU/10 GPU/11 GPU/9 GPU/8 GPU/14 GPU/15 NET/3
nid005203:74125:74125 [4] NCCL INFO  7 : NET/3 GPU/15 GPU/14 GPU/8 GPU/9 GPU/11 GPU/10 GPU/12 GPU/13 NET/2
nid005203:74125:74125 [4] NCCL INFO Found matching Rome model index 36 with GPU mapping: 0 1 2 3 4 5 6 7 NET mapping: 0 1 2 3 
nid005203:74125:74125 [4] NCCL INFO Pattern 1, crossNic 0, nChannels 8, bw 31.500000/31.500000, type XGMI/PIX, sameChannels 1
nid005203:74125:74125 [4] NCCL INFO  0 : NET/0 GPU/8 GPU/9 GPU/13 GPU/12 GPU/14 GPU/15 GPU/11 GPU/10 NET/1
nid005202:79982:79982 [0] NCCL INFO  2 : NET/3 GPU/7 GPU/6 GPU/0 GPU/1 GPU/3 GPU/2 GPU/4 GPU/5 NET/2
nid005202:79982:79982 [0] NCCL INFO  3 : NET/2 GPU/5 GPU/4 GPU/2 GPU/3 GPU/1 GPU/0 GPU/6 GPU/7 NET/3
nid005202:79982:79982 [0] NCCL INFO  4 : NET/0 GPU/0 GPU/1 GPU/5 GPU/4 GPU/6 GPU/7 GPU/3 GPU/2 NET/1
nid005202:79982:79982 [0] NCCL INFO  5 : NET/1 GPU/2 GPU/3 GPU/7 GPU/6 GPU/4 GPU/5 GPU/1 GPU/0 NET/0
nid005202:79982:79982 [0] NCCL INFO  6 : NET/3 GPU/7 GPU/6 GPU/0 GPU/1 GPU/3 GPU/2 GPU/4 GPU/5 NET/2
nid005202:79982:79982 [0] NCCL INFO  7 : NET/2 GPU/5 GPU/4 GPU/2 GPU/3 GPU/1 GPU/0 GPU/6 GPU/7 NET/3
nid005202:79982:79982 [0] NCCL INFO Found matching Rome model index 36 with GPU mapping: 0 1 2 3 4 5 6 7 NET mapping: 0 1 2 3 
nid005202:79982:79982 [0] NCCL INFO Pattern 1, crossNic 0, nChannels 8, bw 31.500000/31.500000, type XGMI/PIX, sameChannels 1
nid005202:79982:79982 [0] NCCL INFO  0 : NET/0 GPU/0 GPU/1 GPU/5 GPU/4 GPU/6 GPU/7 GPU/3 GPU/2 NET/1
nid005203:74125:74125 [4] NCCL INFO  1 : NET/1 GPU/10 GPU/11 GPU/15 GPU/14 GPU/12 GPU/13 GPU/9 GPU/8 NET/0
nid005203:74125:74125 [4] NCCL INFO  2 : NET/3 GPU/15 GPU/14 GPU/8 GPU/9 GPU/11 GPU/10 GPU/12 GPU/13 NET/2
nid005203:74125:74125 [4] NCCL INFO  3 : NET/2 GPU/13 GPU/12 GPU/10 GPU/11 GPU/9 GPU/8 GPU/14 GPU/15 NET/3
nid005203:74125:74125 [4] NCCL INFO  4 : NET/0 GPU/8 GPU/9 GPU/13 GPU/12 GPU/14 GPU/15 GPU/11 GPU/10 NET/1
nid005203:74125:74125 [4] NCCL INFO  5 : NET/1 GPU/10 GPU/11 GPU/15 GPU/14 GPU/12 GPU/13 GPU/9 GPU/8 NET/0
nid005203:74125:74125 [4] NCCL INFO  6 : NET/3 GPU/15 GPU/14 GPU/8 GPU/9 GPU/11 GPU/10 GPU/12 GPU/13 NET/2
nid005203:74125:74125 [4] NCCL INFO  7 : NET/2 GPU/13 GPU/12 GPU/10 GPU/11 GPU/9 GPU/8 GPU/14 GPU/15 NET/3
nid005203:74125:74125 [4] NCCL INFO comm 0x63b44d0 rank 12 nRanks 16 nNodes 2 localRanks 8 localRank 4 MNNVL 0
nid005203:74125:74125 [4] NCCL INFO Tree 3 : 13 -> 12 -> 10/-1/-1
nid005203:74125:74125 [4] NCCL INFO Tree 11 : 13 -> 12 -> 10/-1/-1
nid005202:79982:79982 [0] NCCL INFO  1 : NET/1 GPU/2 GPU/3 GPU/7 GPU/6 GPU/4 GPU/5 GPU/1 GPU/0 NET/0
nid005202:79982:79982 [0] NCCL INFO  2 : NET/3 GPU/7 GPU/6 GPU/0 GPU/1 GPU/3 GPU/2 GPU/4 GPU/5 NET/2
nid005202:79982:79982 [0] NCCL INFO  3 : NET/2 GPU/5 GPU/4 GPU/2 GPU/3 GPU/1 GPU/0 GPU/6 GPU/7 NET/3
nid005202:79982:79982 [0] NCCL INFO  4 : NET/0 GPU/0 GPU/1 GPU/5 GPU/4 GPU/6 GPU/7 GPU/3 GPU/2 NET/1
nid005202:79982:79982 [0] NCCL INFO  5 : NET/1 GPU/2 GPU/3 GPU/7 GPU/6 GPU/4 GPU/5 GPU/1 GPU/0 NET/0
nid005202:79982:79982 [0] NCCL INFO  6 : NET/3 GPU/7 GPU/6 GPU/0 GPU/1 GPU/3 GPU/2 GPU/4 GPU/5 NET/2
nid005202:79982:79982 [0] NCCL INFO  7 : NET/2 GPU/5 GPU/4 GPU/2 GPU/3 GPU/1 GPU/0 GPU/6 GPU/7 NET/3
nid005202:79982:79982 [0] NCCL INFO comm 0x7143770 rank 0 nRanks 16 nNodes 2 localRanks 8 localRank 0 MNNVL 0
nid005202:79982:79982 [0] NCCL INFO [RINGS]      00     01     02     03     04     05     06     07
nid005202:79982:79982 [0] NCCL INFO [RINGS]  00->02 02->00 07->05 05->07 00->02 02->00 07->05 05->07
nid005203:74125:74125 [4] NCCL INFO Tree 7 : 13 -> 12 -> 10/-1/-1
nid005203:74125:74125 [4] NCCL INFO Tree 15 : 13 -> 12 -> 10/-1/-1
nid005203:74125:74125 [4] NCCL INFO Ring 0 : 14 -> 12 -> 13 comm 0x63b44d0 nRanks 16 busId d1000
nid005203:74125:74125 [4] NCCL INFO Ring 1 : 13 -> 12 -> 14 comm 0x63b44d0 nRanks 16 busId d1000
nid005203:74125:74125 [4] NCCL INFO Ring 2 : 13 -> 12 -> 10 comm 0x63b44d0 nRanks 16 busId d1000
nid005203:74125:74125 [4] NCCL INFO Ring 3 : 10 -> 12 -> 13 comm 0x63b44d0 nRanks 16 busId d1000
nid005203:74125:74125 [4] NCCL INFO Ring 4 : 14 -> 12 -> 13 comm 0x63b44d0 nRanks 16 busId d1000
nid005203:74125:74125 [4] NCCL INFO Ring 5 : 13 -> 12 -> 14 comm 0x63b44d0 nRanks 16 busId d1000
nid005203:74125:74125 [4] NCCL INFO Ring 6 : 13 -> 12 -> 10 comm 0x63b44d0 nRanks 16 busId d1000
nid005203:74125:74125 [4] NCCL INFO Ring 7 : 10 -> 12 -> 13 comm 0x63b44d0 nRanks 16 busId d1000
nid005203:74125:74125 [4] NCCL INFO Ring 8 : 14 -> 12 -> 13 comm 0x63b44d0 nRanks 16 busId d1000
nid005202:79982:79982 [0] NCCL INFO [RINGS]  02->00 00->02 05->07 07->05 02->00 00->02 05->07 07->05
nid005202:79982:79982 [0] NCCL INFO Tree 0 : -1 -> 0 -> 1/8/-1
nid005202:79982:79982 [0] NCCL INFO Tree 8 : 8 -> 0 -> 1/-1/-1
nid005202:79982:79982 [0] NCCL INFO Tree 4 : -1 -> 0 -> 1/8/-1
nid005202:79982:79982 [0] NCCL INFO Tree 12 : 8 -> 0 -> 1/-1/-1
nid005202:79982:79982 [0] NCCL INFO Channel 00/16 :    0   1   5   4   6   7   3   2  10  11  15  14  12  13   9   8
nid005202:79982:79982 [0] NCCL INFO Channel 01/16 :    0   8   9  13  12  14  15  11  10   2   3   7   6   4   5   1
nid005202:79982:79982 [0] NCCL INFO Channel 02/16 :    0   1   3   2   4   5  13  12  10  11   9   8  14  15   7   6
nid005202:79982:79982 [0] NCCL INFO Channel 03/16 :    0   6   7  15  14   8   9  11  10  12  13   5   4   2   3   1
nid005202:79982:79982 [0] NCCL INFO Channel 04/16 :    0   1   5   4   6   7   3   2  10  11  15  14  12  13   9   8
nid005203:74125:74125 [4] NCCL INFO Ring 9 : 13 -> 12 -> 14 comm 0x63b44d0 nRanks 16 busId d1000
nid005202:79982:79982 [0] NCCL INFO Channel 05/16 :    0   8   9  13  12  14  15  11  10   2   3   7   6   4   5   1
nid005202:79982:79982 [0] NCCL INFO Channel 06/16 :    0   1   3   2   4   5  13  12  10  11   9   8  14  15   7   6
nid005202:79982:79982 [0] NCCL INFO Channel 07/16 :    0   6   7  15  14   8   9  11  10  12  13   5   4   2   3   1
nid005202:79982:79982 [0] NCCL INFO Channel 08/16 :    0   1   5   4   6   7   3   2  10  11  15  14  12  13   9   8
nid005202:79982:79982 [0] NCCL INFO Channel 09/16 :    0   8   9  13  12  14  15  11  10   2   3   7   6   4   5   1
nid005202:79982:79982 [0] NCCL INFO Channel 10/16 :    0   1   3   2   4   5  13  12  10  11   9   8  14  15   7   6
nid005202:79982:79982 [0] NCCL INFO Channel 11/16 :    0   6   7  15  14   8   9  11  10  12  13   5   4   2   3   1
nid005202:79982:79982 [0] NCCL INFO Channel 12/16 :    0   1   5   4   6   7   3   2  10  11  15  14  12  13   9   8
nid005203:74126:74126 [5] NCCL INFO NET/3 :GPU/0-c1000 (4/16.0/SYS) GPU/0-c6000 (4/16.0/SYS) GPU/0-c9000 (4/16.0/SYS) GPU/0-ce000 (4/16.0/SYS) GPU/0-d1000 (4/16.0/SYS) GPU/0-d6000 (4/16.0/SYS) GPU/0-d9000 (3/24.0/PHB) GPU/0-de000 (3/24.0/PHB) CPU/0-3 (3/16.0/SYS) CPU/0-1 (3/16.0/SYS) CPU/0-0 (3/16.0/SYS) CPU/0-2 (2/24.0/PHB) NET/0-0 (5/16.0/SYS) NET/0-1 (5/16.0/SYS) NET/0-2 (5/16.0/SYS) NET/0-3 (0/5000.0/LOC) 
nid005203:74126:74126 [5] NCCL INFO Setting affinity for GPU 5 to ffff,00000000,0000ffff
nid005203:74126:74126 [5] NCCL INFO Found matching Rome model index 36 with GPU mapping: 0 1 2 3 4 5 6 7 NET mapping: 0 1 2 3 
nid005203:74126:74126 [5] NCCL INFO Pattern 4, crossNic 0, nChannels 8, bw 31.500000/31.500000, type XGMI/PIX, sameChannels 1
nid005203:74126:74126 [5] NCCL INFO  0 : NET/1 GPU/10 GPU/11 GPU/15 GPU/14 GPU/12 GPU/13 GPU/9 GPU/8 NET/0
nid005203:74126:74126 [5] NCCL INFO  1 : NET/0 GPU/8 GPU/9 GPU/13 GPU/12 GPU/14 GPU/15 GPU/11 GPU/10 NET/1
nid005202:79982:79982 [0] NCCL INFO Channel 13/16 :    0   8   9  13  12  14  15  11  10   2   3   7   6   4   5   1
nid005202:79982:79982 [0] NCCL INFO Channel 14/16 :    0   1   3   2   4   5  13  12  10  11   9   8  14  15   7   6
nid005203:74126:74126 [5] NCCL INFO  2 : NET/2 GPU/13 GPU/12 GPU/10 GPU/11 GPU/9 GPU/8 GPU/14 GPU/15 NET/3
nid005203:74126:74126 [5] NCCL INFO  3 : NET/3 GPU/15 GPU/14 GPU/8 GPU/9 GPU/11 GPU/10 GPU/12 GPU/13 NET/2
nid005203:74126:74126 [5] NCCL INFO  4 : NET/1 GPU/10 GPU/11 GPU/15 GPU/14 GPU/12 GPU/13 GPU/9 GPU/8 NET/0
nid005203:74126:74126 [5] NCCL INFO  5 : NET/0 GPU/8 GPU/9 GPU/13 GPU/12 GPU/14 GPU/15 GPU/11 GPU/10 NET/1
nid005203:74126:74126 [5] NCCL INFO  6 : NET/2 GPU/13 GPU/12 GPU/10 GPU/11 GPU/9 GPU/8 GPU/14 GPU/15 NET/3
nid005203:74126:74126 [5] NCCL INFO  7 : NET/3 GPU/15 GPU/14 GPU/8 GPU/9 GPU/11 GPU/10 GPU/12 GPU/13 NET/2
nid005203:74126:74126 [5] NCCL INFO Found matching Rome model index 36 with GPU mapping: 0 1 2 3 4 5 6 7 NET mapping: 0 1 2 3 
nid005203:74126:74126 [5] NCCL INFO Pattern 1, crossNic 0, nChannels 8, bw 31.500000/31.500000, type XGMI/PIX, sameChannels 1
nid005203:74126:74126 [5] NCCL INFO  0 : NET/0 GPU/8 GPU/9 GPU/13 GPU/12 GPU/14 GPU/15 GPU/11 GPU/10 NET/1
nid005202:79983:79983 [1] NCCL INFO NET/3 :GPU/0-c1000 (4/16.0/SYS) GPU/0-c6000 (4/16.0/SYS) GPU/0-c9000 (4/16.0/SYS) GPU/0-ce000 (4/16.0/SYS) GPU/0-d1000 (4/16.0/SYS) GPU/0-d6000 (4/16.0/SYS) GPU/0-d9000 (3/24.0/PHB) GPU/0-de000 (3/24.0/PHB) CPU/0-3 (3/16.0/SYS) CPU/0-1 (3/16.0/SYS) CPU/0-0 (3/16.0/SYS) CPU/0-2 (2/24.0/PHB) NET/0-0 (5/16.0/SYS) NET/0-1 (5/16.0/SYS) NET/0-2 (5/16.0/SYS) NET/0-3 (0/5000.0/LOC) 
nid005202:79983:79983 [1] NCCL INFO Setting affinity for GPU 1 to ffff0000,00000000,ffff0000,00000000
nid005202:79983:79983 [1] NCCL INFO Found matching Rome model index 36 with GPU mapping: 0 1 2 3 4 5 6 7 NET mapping: 0 1 2 3 
nid005202:79983:79983 [1] NCCL INFO Pattern 4, crossNic 0, nChannels 8, bw 31.500000/31.500000, type XGMI/PIX, sameChannels 1
nid005202:79983:79983 [1] NCCL INFO  0 : NET/0 GPU/0 GPU/1 GPU/5 GPU/4 GPU/6 GPU/7 GPU/3 GPU/2 NET/1
nid005202:79983:79983 [1] NCCL INFO  1 : NET/1 GPU/2 GPU/3 GPU/7 GPU/6 GPU/4 GPU/5 GPU/1 GPU/0 NET/0
nid005203:74126:74126 [5] NCCL INFO  1 : NET/1 GPU/10 GPU/11 GPU/15 GPU/14 GPU/12 GPU/13 GPU/9 GPU/8 NET/0
nid005203:74126:74126 [5] NCCL INFO  2 : NET/3 GPU/15 GPU/14 GPU/8 GPU/9 GPU/11 GPU/10 GPU/12 GPU/13 NET/2
nid005203:74126:74126 [5] NCCL INFO  3 : NET/2 GPU/13 GPU/12 GPU/10 GPU/11 GPU/9 GPU/8 GPU/14 GPU/15 NET/3
nid005203:74126:74126 [5] NCCL INFO  4 : NET/0 GPU/8 GPU/9 GPU/13 GPU/12 GPU/14 GPU/15 GPU/11 GPU/10 NET/1
nid005203:74126:74126 [5] NCCL INFO  5 : NET/1 GPU/10 GPU/11 GPU/15 GPU/14 GPU/12 GPU/13 GPU/9 GPU/8 NET/0
nid005203:74126:74126 [5] NCCL INFO  6 : NET/3 GPU/15 GPU/14 GPU/8 GPU/9 GPU/11 GPU/10 GPU/12 GPU/13 NET/2
nid005203:74126:74126 [5] NCCL INFO  7 : NET/2 GPU/13 GPU/12 GPU/10 GPU/11 GPU/9 GPU/8 GPU/14 GPU/15 NET/3
nid005203:74126:74126 [5] NCCL INFO comm 0x723b040 rank 13 nRanks 16 nNodes 2 localRanks 8 localRank 5 MNNVL 0
nid005203:74126:74126 [5] NCCL INFO Tree 3 : 5 -> 13 -> 12/-1/-1
nid005203:74126:74126 [5] NCCL INFO Tree 11 : -1 -> 13 -> 12/5/-1
nid005202:79983:79983 [1] NCCL INFO  2 : NET/3 GPU/7 GPU/6 GPU/0 GPU/1 GPU/3 GPU/2 GPU/4 GPU/5 NET/2
nid005202:79983:79983 [1] NCCL INFO  3 : NET/2 GPU/5 GPU/4 GPU/2 GPU/3 GPU/1 GPU/0 GPU/6 GPU/7 NET/3
nid005202:79983:79983 [1] NCCL INFO  4 : NET/0 GPU/0 GPU/1 GPU/5 GPU/4 GPU/6 GPU/7 GPU/3 GPU/2 NET/1
nid005202:79983:79983 [1] NCCL INFO  5 : NET/1 GPU/2 GPU/3 GPU/7 GPU/6 GPU/4 GPU/5 GPU/1 GPU/0 NET/0
nid005202:79983:79983 [1] NCCL INFO  6 : NET/3 GPU/7 GPU/6 GPU/0 GPU/1 GPU/3 GPU/2 GPU/4 GPU/5 NET/2
nid005202:79983:79983 [1] NCCL INFO  7 : NET/2 GPU/5 GPU/4 GPU/2 GPU/3 GPU/1 GPU/0 GPU/6 GPU/7 NET/3
nid005202:79983:79983 [1] NCCL INFO Found matching Rome model index 36 with GPU mapping: 0 1 2 3 4 5 6 7 NET mapping: 0 1 2 3 
nid005202:79983:79983 [1] NCCL INFO Pattern 1, crossNic 0, nChannels 8, bw 31.500000/31.500000, type XGMI/PIX, sameChannels 1
nid005202:79983:79983 [1] NCCL INFO  0 : NET/0 GPU/0 GPU/1 GPU/5 GPU/4 GPU/6 GPU/7 GPU/3 GPU/2 NET/1
nid005203:74126:74126 [5] NCCL INFO Tree 7 : 5 -> 13 -> 12/-1/-1
nid005203:74126:74126 [5] NCCL INFO Tree 15 : -1 -> 13 -> 12/5/-1
nid005203:74126:74126 [5] NCCL INFO Ring 0 : 12 -> 13 -> 9 comm 0x723b040 nRanks 16 busId d6000
nid005203:74126:74126 [5] NCCL INFO Ring 1 : 9 -> 13 -> 12 comm 0x723b040 nRanks 16 busId d6000
nid005203:74126:74126 [5] NCCL INFO Ring 2 : 5 -> 13 -> 12 comm 0x723b040 nRanks 16 busId d6000
nid005203:74126:74126 [5] NCCL INFO Ring 3 : 12 -> 13 -> 5 comm 0x723b040 nRanks 16 busId d6000
nid005203:74126:74126 [5] NCCL INFO Ring 4 : 12 -> 13 -> 9 comm 0x723b040 nRanks 16 busId d6000
nid005203:74126:74126 [5] NCCL INFO Ring 5 : 9 -> 13 -> 12 comm 0x723b040 nRanks 16 busId d6000
nid005203:74126:74126 [5] NCCL INFO Ring 6 : 5 -> 13 -> 12 comm 0x723b040 nRanks 16 busId d6000
nid005203:74126:74126 [5] NCCL INFO Ring 7 : 12 -> 13 -> 5 comm 0x723b040 nRanks 16 busId d6000
nid005203:74126:74126 [5] NCCL INFO Ring 8 : 12 -> 13 -> 9 comm 0x723b040 nRanks 16 busId d6000
nid005202:79983:79983 [1] NCCL INFO  1 : NET/1 GPU/2 GPU/3 GPU/7 GPU/6 GPU/4 GPU/5 GPU/1 GPU/0 NET/0
nid005202:79983:79983 [1] NCCL INFO  2 : NET/3 GPU/7 GPU/6 GPU/0 GPU/1 GPU/3 GPU/2 GPU/4 GPU/5 NET/2
nid005202:79983:79983 [1] NCCL INFO  3 : NET/2 GPU/5 GPU/4 GPU/2 GPU/3 GPU/1 GPU/0 GPU/6 GPU/7 NET/3
nid005202:79983:79983 [1] NCCL INFO  4 : NET/0 GPU/0 GPU/1 GPU/5 GPU/4 GPU/6 GPU/7 GPU/3 GPU/2 NET/1
nid005202:79983:79983 [1] NCCL INFO  5 : NET/1 GPU/2 GPU/3 GPU/7 GPU/6 GPU/4 GPU/5 GPU/1 GPU/0 NET/0
nid005202:79983:79983 [1] NCCL INFO  6 : NET/3 GPU/7 GPU/6 GPU/0 GPU/1 GPU/3 GPU/2 GPU/4 GPU/5 NET/2
nid005202:79983:79983 [1] NCCL INFO  7 : NET/2 GPU/5 GPU/4 GPU/2 GPU/3 GPU/1 GPU/0 GPU/6 GPU/7 NET/3
nid005202:79983:79983 [1] NCCL INFO comm 0x6b33520 rank 1 nRanks 16 nNodes 2 localRanks 8 localRank 1 MNNVL 0
nid005202:79983:79983 [1] NCCL INFO Tree 0 : 0 -> 1 -> 5/-1/-1
nid005202:79983:79983 [1] NCCL INFO Tree 8 : 0 -> 1 -> 5/-1/-1
nid005202:79983:79983 [1] NCCL INFO Tree 4 : 0 -> 1 -> 5/-1/-1
nid005203:74126:74126 [5] NCCL INFO Ring 9 : 9 -> 13 -> 12 comm 0x723b040 nRanks 16 busId d6000
nid005202:79983:79983 [1] NCCL INFO Tree 12 : 0 -> 1 -> 5/-1/-1
nid005202:79983:79983 [1] NCCL INFO Ring 0 : 0 -> 1 -> 5 comm 0x6b33520 nRanks 16 busId c6000
nid005202:79983:79983 [1] NCCL INFO Ring 1 : 5 -> 1 -> 0 comm 0x6b33520 nRanks 16 busId c6000
nid005202:79983:79983 [1] NCCL INFO Ring 2 : 0 -> 1 -> 3 comm 0x6b33520 nRanks 16 busId c6000
nid005202:79983:79983 [1] NCCL INFO Ring 3 : 3 -> 1 -> 0 comm 0x6b33520 nRanks 16 busId c6000
nid005202:79983:79983 [1] NCCL INFO Ring 4 : 0 -> 1 -> 5 comm 0x6b33520 nRanks 16 busId c6000
nid005202:79983:79983 [1] NCCL INFO Ring 5 : 5 -> 1 -> 0 comm 0x6b33520 nRanks 16 busId c6000
nid005202:79983:79983 [1] NCCL INFO Ring 6 : 0 -> 1 -> 3 comm 0x6b33520 nRanks 16 busId c6000
nid005202:79983:79983 [1] NCCL INFO Ring 7 : 3 -> 1 -> 0 comm 0x6b33520 nRanks 16 busId c6000
nid005202:79983:79983 [1] NCCL INFO Ring 8 : 0 -> 1 -> 5 comm 0x6b33520 nRanks 16 busId c6000
nid005202:79983:79983 [1] NCCL INFO Ring 9 : 5 -> 1 -> 0 comm 0x6b33520 nRanks 16 busId c6000
nid005203:74127:74127 [6] NCCL INFO NET/3 :GPU/0-c1000 (4/16.0/SYS) GPU/0-c6000 (4/16.0/SYS) GPU/0-c9000 (4/16.0/SYS) GPU/0-ce000 (4/16.0/SYS) GPU/0-d1000 (4/16.0/SYS) GPU/0-d6000 (4/16.0/SYS) GPU/0-d9000 (3/24.0/PHB) GPU/0-de000 (3/24.0/PHB) CPU/0-3 (3/16.0/SYS) CPU/0-1 (3/16.0/SYS) CPU/0-0 (3/16.0/SYS) CPU/0-2 (2/24.0/PHB) NET/0-0 (5/16.0/SYS) NET/0-1 (5/16.0/SYS) NET/0-2 (5/16.0/SYS) NET/0-3 (0/5000.0/LOC) 
nid005203:74127:74127 [6] NCCL INFO Setting affinity for GPU 6 to ffff,00000000,0000ffff,00000000
nid005203:74127:74127 [6] NCCL INFO Found matching Rome model index 36 with GPU mapping: 0 1 2 3 4 5 6 7 NET mapping: 0 1 2 3 
nid005203:74127:74127 [6] NCCL INFO Pattern 4, crossNic 0, nChannels 8, bw 31.500000/31.500000, type XGMI/PIX, sameChannels 1
nid005203:74127:74127 [6] NCCL INFO  0 : NET/1 GPU/10 GPU/11 GPU/15 GPU/14 GPU/12 GPU/13 GPU/9 GPU/8 NET/0
nid005203:74127:74127 [6] NCCL INFO  1 : NET/0 GPU/8 GPU/9 GPU/13 GPU/12 GPU/14 GPU/15 GPU/11 GPU/10 NET/1
nid005202:79983:79983 [1] NCCL INFO Ring 10 : 0 -> 1 -> 3 comm 0x6b33520 nRanks 16 busId c6000
nid005203:74127:74127 [6] NCCL INFO  2 : NET/2 GPU/13 GPU/12 GPU/10 GPU/11 GPU/9 GPU/8 GPU/14 GPU/15 NET/3
nid005203:74127:74127 [6] NCCL INFO  3 : NET/3 GPU/15 GPU/14 GPU/8 GPU/9 GPU/11 GPU/10 GPU/12 GPU/13 NET/2
nid005203:74127:74127 [6] NCCL INFO  4 : NET/1 GPU/10 GPU/11 GPU/15 GPU/14 GPU/12 GPU/13 GPU/9 GPU/8 NET/0
nid005203:74127:74127 [6] NCCL INFO  5 : NET/0 GPU/8 GPU/9 GPU/13 GPU/12 GPU/14 GPU/15 GPU/11 GPU/10 NET/1
nid005203:74127:74127 [6] NCCL INFO  6 : NET/2 GPU/13 GPU/12 GPU/10 GPU/11 GPU/9 GPU/8 GPU/14 GPU/15 NET/3
nid005203:74127:74127 [6] NCCL INFO  7 : NET/3 GPU/15 GPU/14 GPU/8 GPU/9 GPU/11 GPU/10 GPU/12 GPU/13 NET/2
nid005203:74127:74127 [6] NCCL INFO Found matching Rome model index 36 with GPU mapping: 0 1 2 3 4 5 6 7 NET mapping: 0 1 2 3 
nid005203:74127:74127 [6] NCCL INFO Pattern 1, crossNic 0, nChannels 8, bw 31.500000/31.500000, type XGMI/PIX, sameChannels 1
nid005203:74127:74127 [6] NCCL INFO  0 : NET/0 GPU/8 GPU/9 GPU/13 GPU/12 GPU/14 GPU/15 GPU/11 GPU/10 NET/1
nid005202:79984:79984 [2] NCCL INFO NET/3 :GPU/0-c1000 (4/16.0/SYS) GPU/0-c6000 (4/16.0/SYS) GPU/0-c9000 (4/16.0/SYS) GPU/0-ce000 (4/16.0/SYS) GPU/0-d1000 (4/16.0/SYS) GPU/0-d6000 (4/16.0/SYS) GPU/0-d9000 (3/24.0/PHB) GPU/0-de000 (3/24.0/PHB) CPU/0-3 (3/16.0/SYS) CPU/0-1 (3/16.0/SYS) CPU/0-0 (3/16.0/SYS) CPU/0-2 (2/24.0/PHB) NET/0-0 (5/16.0/SYS) NET/0-1 (5/16.0/SYS) NET/0-2 (5/16.0/SYS) NET/0-3 (0/5000.0/LOC) 
nid005202:79984:79984 [2] NCCL INFO Setting affinity for GPU 2 to ffff0000,00000000,ffff0000
nid005202:79984:79984 [2] NCCL INFO Found matching Rome model index 36 with GPU mapping: 0 1 2 3 4 5 6 7 NET mapping: 0 1 2 3 
nid005202:79984:79984 [2] NCCL INFO Pattern 4, crossNic 0, nChannels 8, bw 31.500000/31.500000, type XGMI/PIX, sameChannels 1
nid005202:79984:79984 [2] NCCL INFO  0 : NET/0 GPU/0 GPU/1 GPU/5 GPU/4 GPU/6 GPU/7 GPU/3 GPU/2 NET/1
nid005202:79984:79984 [2] NCCL INFO  1 : NET/1 GPU/2 GPU/3 GPU/7 GPU/6 GPU/4 GPU/5 GPU/1 GPU/0 NET/0
nid005203:74127:74127 [6] NCCL INFO  1 : NET/1 GPU/10 GPU/11 GPU/15 GPU/14 GPU/12 GPU/13 GPU/9 GPU/8 NET/0
nid005203:74127:74127 [6] NCCL INFO  2 : NET/3 GPU/15 GPU/14 GPU/8 GPU/9 GPU/11 GPU/10 GPU/12 GPU/13 NET/2
nid005203:74127:74127 [6] NCCL INFO  3 : NET/2 GPU/13 GPU/12 GPU/10 GPU/11 GPU/9 GPU/8 GPU/14 GPU/15 NET/3
nid005203:74127:74127 [6] NCCL INFO  4 : NET/0 GPU/8 GPU/9 GPU/13 GPU/12 GPU/14 GPU/15 GPU/11 GPU/10 NET/1
nid005203:74127:74127 [6] NCCL INFO  5 : NET/1 GPU/10 GPU/11 GPU/15 GPU/14 GPU/12 GPU/13 GPU/9 GPU/8 NET/0
nid005203:74127:74127 [6] NCCL INFO  6 : NET/3 GPU/15 GPU/14 GPU/8 GPU/9 GPU/11 GPU/10 GPU/12 GPU/13 NET/2
nid005203:74127:74127 [6] NCCL INFO  7 : NET/2 GPU/13 GPU/12 GPU/10 GPU/11 GPU/9 GPU/8 GPU/14 GPU/15 NET/3
nid005203:74127:74127 [6] NCCL INFO comm 0x5231240 rank 14 nRanks 16 nNodes 2 localRanks 8 localRank 6 MNNVL 0
nid005203:74127:74127 [6] NCCL INFO Tree 2 : 15 -> 14 -> 8/-1/-1
nid005203:74127:74127 [6] NCCL INFO Tree 10 : 15 -> 14 -> 8/-1/-1
nid005202:79984:79984 [2] NCCL INFO  2 : NET/3 GPU/7 GPU/6 GPU/0 GPU/1 GPU/3 GPU/2 GPU/4 GPU/5 NET/2
nid005202:79984:79984 [2] NCCL INFO  3 : NET/2 GPU/5 GPU/4 GPU/2 GPU/3 GPU/1 GPU/0 GPU/6 GPU/7 NET/3
nid005202:79984:79984 [2] NCCL INFO  4 : NET/0 GPU/0 GPU/1 GPU/5 GPU/4 GPU/6 GPU/7 GPU/3 GPU/2 NET/1
nid005202:79984:79984 [2] NCCL INFO  5 : NET/1 GPU/2 GPU/3 GPU/7 GPU/6 GPU/4 GPU/5 GPU/1 GPU/0 NET/0
nid005202:79984:79984 [2] NCCL INFO  6 : NET/3 GPU/7 GPU/6 GPU/0 GPU/1 GPU/3 GPU/2 GPU/4 GPU/5 NET/2
nid005202:79984:79984 [2] NCCL INFO  7 : NET/2 GPU/5 GPU/4 GPU/2 GPU/3 GPU/1 GPU/0 GPU/6 GPU/7 NET/3
nid005202:79984:79984 [2] NCCL INFO Found matching Rome model index 36 with GPU mapping: 0 1 2 3 4 5 6 7 NET mapping: 0 1 2 3 
nid005202:79984:79984 [2] NCCL INFO Pattern 1, crossNic 0, nChannels 8, bw 31.500000/31.500000, type XGMI/PIX, sameChannels 1
nid005202:79984:79984 [2] NCCL INFO  0 : NET/0 GPU/0 GPU/1 GPU/5 GPU/4 GPU/6 GPU/7 GPU/3 GPU/2 NET/1
nid005203:74127:74127 [6] NCCL INFO Tree 6 : 15 -> 14 -> 8/-1/-1
nid005203:74127:74127 [6] NCCL INFO Tree 14 : 15 -> 14 -> 8/-1/-1
nid005203:74127:74127 [6] NCCL INFO Ring 0 : 15 -> 14 -> 12 comm 0x5231240 nRanks 16 busId d9000
nid005203:74127:74127 [6] NCCL INFO Ring 1 : 12 -> 14 -> 15 comm 0x5231240 nRanks 16 busId d9000
nid005203:74127:74127 [6] NCCL INFO Ring 2 : 8 -> 14 -> 15 comm 0x5231240 nRanks 16 busId d9000
nid005203:74127:74127 [6] NCCL INFO Ring 3 : 15 -> 14 -> 8 comm 0x5231240 nRanks 16 busId d9000
nid005203:74127:74127 [6] NCCL INFO Ring 4 : 15 -> 14 -> 12 comm 0x5231240 nRanks 16 busId d9000
nid005203:74127:74127 [6] NCCL INFO Ring 5 : 12 -> 14 -> 15 comm 0x5231240 nRanks 16 busId d9000
nid005203:74127:74127 [6] NCCL INFO Ring 6 : 8 -> 14 -> 15 comm 0x5231240 nRanks 16 busId d9000
nid005203:74127:74127 [6] NCCL INFO Ring 7 : 15 -> 14 -> 8 comm 0x5231240 nRanks 16 busId d9000
nid005203:74127:74127 [6] NCCL INFO Ring 8 : 15 -> 14 -> 12 comm 0x5231240 nRanks 16 busId d9000
nid005202:79984:79984 [2] NCCL INFO  1 : NET/1 GPU/2 GPU/3 GPU/7 GPU/6 GPU/4 GPU/5 GPU/1 GPU/0 NET/0
nid005202:79984:79984 [2] NCCL INFO  2 : NET/3 GPU/7 GPU/6 GPU/0 GPU/1 GPU/3 GPU/2 GPU/4 GPU/5 NET/2
nid005202:79984:79984 [2] NCCL INFO  3 : NET/2 GPU/5 GPU/4 GPU/2 GPU/3 GPU/1 GPU/0 GPU/6 GPU/7 NET/3
nid005202:79984:79984 [2] NCCL INFO  4 : NET/0 GPU/0 GPU/1 GPU/5 GPU/4 GPU/6 GPU/7 GPU/3 GPU/2 NET/1
nid005202:79984:79984 [2] NCCL INFO  5 : NET/1 GPU/2 GPU/3 GPU/7 GPU/6 GPU/4 GPU/5 GPU/1 GPU/0 NET/0
nid005202:79984:79984 [2] NCCL INFO  6 : NET/3 GPU/7 GPU/6 GPU/0 GPU/1 GPU/3 GPU/2 GPU/4 GPU/5 NET/2
nid005202:79984:79984 [2] NCCL INFO  7 : NET/2 GPU/5 GPU/4 GPU/2 GPU/3 GPU/1 GPU/0 GPU/6 GPU/7 NET/3
nid005202:79984:79984 [2] NCCL INFO comm 0xcae8c0 rank 2 nRanks 16 nNodes 2 localRanks 8 localRank 2 MNNVL 0
nid005202:79984:79984 [2] NCCL INFO Tree 1 : -1 -> 2 -> 3/10/-1
nid005202:79984:79984 [2] NCCL INFO Tree 9 : 10 -> 2 -> 3/-1/-1
nid005202:79984:79984 [2] NCCL INFO Tree 5 : -1 -> 2 -> 3/10/-1
nid005203:74127:74127 [6] NCCL INFO Ring 9 : 12 -> 14 -> 15 comm 0x5231240 nRanks 16 busId d9000
nid005202:79984:79984 [2] NCCL INFO Tree 13 : 10 -> 2 -> 3/-1/-1
nid005202:79984:79984 [2] NCCL INFO Ring 0 : 3 -> 2 -> 10 comm 0xcae8c0 nRanks 16 busId c9000
nid005202:79984:79984 [2] NCCL INFO Ring 1 : 10 -> 2 -> 3 comm 0xcae8c0 nRanks 16 busId c9000
nid005202:79984:79984 [2] NCCL INFO Ring 2 : 3 -> 2 -> 4 comm 0xcae8c0 nRanks 16 busId c9000
nid005202:79984:79984 [2] NCCL INFO Ring 3 : 4 -> 2 -> 3 comm 0xcae8c0 nRanks 16 busId c9000
nid005202:79984:79984 [2] NCCL INFO Ring 4 : 3 -> 2 -> 10 comm 0xcae8c0 nRanks 16 busId c9000
nid005202:79984:79984 [2] NCCL INFO Ring 5 : 10 -> 2 -> 3 comm 0xcae8c0 nRanks 16 busId c9000
nid005202:79984:79984 [2] NCCL INFO Ring 6 : 3 -> 2 -> 4 comm 0xcae8c0 nRanks 16 busId c9000
nid005202:79984:79984 [2] NCCL INFO Ring 7 : 4 -> 2 -> 3 comm 0xcae8c0 nRanks 16 busId c9000
nid005202:79984:79984 [2] NCCL INFO Ring 8 : 3 -> 2 -> 10 comm 0xcae8c0 nRanks 16 busId c9000
nid005202:79984:79984 [2] NCCL INFO Ring 9 : 10 -> 2 -> 3 comm 0xcae8c0 nRanks 16 busId c9000
nid005203:74128:74128 [7] NCCL INFO NET/3 :GPU/0-c1000 (4/16.0/SYS) GPU/0-c6000 (4/16.0/SYS) GPU/0-c9000 (4/16.0/SYS) GPU/0-ce000 (4/16.0/SYS) GPU/0-d1000 (4/16.0/SYS) GPU/0-d6000 (4/16.0/SYS) GPU/0-d9000 (3/24.0/PHB) GPU/0-de000 (3/24.0/PHB) CPU/0-3 (3/16.0/SYS) CPU/0-1 (3/16.0/SYS) CPU/0-0 (3/16.0/SYS) CPU/0-2 (2/24.0/PHB) NET/0-0 (5/16.0/SYS) NET/0-1 (5/16.0/SYS) NET/0-2 (5/16.0/SYS) NET/0-3 (0/5000.0/LOC) 
nid005203:74128:74128 [7] NCCL INFO Setting affinity for GPU 7 to ffff,00000000,0000ffff,00000000
nid005203:74128:74128 [7] NCCL INFO Found matching Rome model index 36 with GPU mapping: 0 1 2 3 4 5 6 7 NET mapping: 0 1 2 3 
nid005203:74128:74128 [7] NCCL INFO Pattern 4, crossNic 0, nChannels 8, bw 31.500000/31.500000, type XGMI/PIX, sameChannels 1
nid005203:74128:74128 [7] NCCL INFO  0 : NET/1 GPU/10 GPU/11 GPU/15 GPU/14 GPU/12 GPU/13 GPU/9 GPU/8 NET/0
nid005203:74128:74128 [7] NCCL INFO  1 : NET/0 GPU/8 GPU/9 GPU/13 GPU/12 GPU/14 GPU/15 GPU/11 GPU/10 NET/1
nid005202:79984:79984 [2] NCCL INFO Ring 10 : 3 -> 2 -> 4 comm 0xcae8c0 nRanks 16 busId c9000
nid005203:74128:74128 [7] NCCL INFO  2 : NET/2 GPU/13 GPU/12 GPU/10 GPU/11 GPU/9 GPU/8 GPU/14 GPU/15 NET/3
nid005203:74128:74128 [7] NCCL INFO  3 : NET/3 GPU/15 GPU/14 GPU/8 GPU/9 GPU/11 GPU/10 GPU/12 GPU/13 NET/2
nid005203:74128:74128 [7] NCCL INFO  4 : NET/1 GPU/10 GPU/11 GPU/15 GPU/14 GPU/12 GPU/13 GPU/9 GPU/8 NET/0
nid005203:74128:74128 [7] NCCL INFO  5 : NET/0 GPU/8 GPU/9 GPU/13 GPU/12 GPU/14 GPU/15 GPU/11 GPU/10 NET/1
nid005203:74128:74128 [7] NCCL INFO  6 : NET/2 GPU/13 GPU/12 GPU/10 GPU/11 GPU/9 GPU/8 GPU/14 GPU/15 NET/3
nid005203:74128:74128 [7] NCCL INFO  7 : NET/3 GPU/15 GPU/14 GPU/8 GPU/9 GPU/11 GPU/10 GPU/12 GPU/13 NET/2
nid005203:74128:74128 [7] NCCL INFO Found matching Rome model index 36 with GPU mapping: 0 1 2 3 4 5 6 7 NET mapping: 0 1 2 3 
nid005203:74128:74128 [7] NCCL INFO Pattern 1, crossNic 0, nChannels 8, bw 31.500000/31.500000, type XGMI/PIX, sameChannels 1
nid005203:74128:74128 [7] NCCL INFO  0 : NET/0 GPU/8 GPU/9 GPU/13 GPU/12 GPU/14 GPU/15 GPU/11 GPU/10 NET/1
nid005202:79985:79985 [3] NCCL INFO NET/3 :GPU/0-c1000 (4/16.0/SYS) GPU/0-c6000 (4/16.0/SYS) GPU/0-c9000 (4/16.0/SYS) GPU/0-ce000 (4/16.0/SYS) GPU/0-d1000 (4/16.0/SYS) GPU/0-d6000 (4/16.0/SYS) GPU/0-d9000 (3/24.0/PHB) GPU/0-de000 (3/24.0/PHB) CPU/0-3 (3/16.0/SYS) CPU/0-1 (3/16.0/SYS) CPU/0-0 (3/16.0/SYS) CPU/0-2 (2/24.0/PHB) NET/0-0 (5/16.0/SYS) NET/0-1 (5/16.0/SYS) NET/0-2 (5/16.0/SYS) NET/0-3 (0/5000.0/LOC) 
nid005202:79985:79985 [3] NCCL INFO Setting affinity for GPU 3 to ffff0000,00000000,ffff0000
nid005202:79985:79985 [3] NCCL INFO Found matching Rome model index 36 with GPU mapping: 0 1 2 3 4 5 6 7 NET mapping: 0 1 2 3 
nid005202:79985:79985 [3] NCCL INFO Pattern 4, crossNic 0, nChannels 8, bw 31.500000/31.500000, type XGMI/PIX, sameChannels 1
nid005202:79985:79985 [3] NCCL INFO  0 : NET/0 GPU/0 GPU/1 GPU/5 GPU/4 GPU/6 GPU/7 GPU/3 GPU/2 NET/1
nid005202:79985:79985 [3] NCCL INFO  1 : NET/1 GPU/2 GPU/3 GPU/7 GPU/6 GPU/4 GPU/5 GPU/1 GPU/0 NET/0
nid005203:74128:74128 [7] NCCL INFO  1 : NET/1 GPU/10 GPU/11 GPU/15 GPU/14 GPU/12 GPU/13 GPU/9 GPU/8 NET/0
nid005203:74128:74128 [7] NCCL INFO  2 : NET/3 GPU/15 GPU/14 GPU/8 GPU/9 GPU/11 GPU/10 GPU/12 GPU/13 NET/2
nid005203:74128:74128 [7] NCCL INFO  3 : NET/2 GPU/13 GPU/12 GPU/10 GPU/11 GPU/9 GPU/8 GPU/14 GPU/15 NET/3
nid005203:74128:74128 [7] NCCL INFO  4 : NET/0 GPU/8 GPU/9 GPU/13 GPU/12 GPU/14 GPU/15 GPU/11 GPU/10 NET/1
nid005203:74128:74128 [7] NCCL INFO  5 : NET/1 GPU/10 GPU/11 GPU/15 GPU/14 GPU/12 GPU/13 GPU/9 GPU/8 NET/0
nid005203:74128:74128 [7] NCCL INFO  6 : NET/3 GPU/15 GPU/14 GPU/8 GPU/9 GPU/11 GPU/10 GPU/12 GPU/13 NET/2
nid005203:74128:74128 [7] NCCL INFO  7 : NET/2 GPU/13 GPU/12 GPU/10 GPU/11 GPU/9 GPU/8 GPU/14 GPU/15 NET/3
nid005203:74128:74128 [7] NCCL INFO comm 0x5bc1b10 rank 15 nRanks 16 nNodes 2 localRanks 8 localRank 7 MNNVL 0
nid005203:74128:74128 [7] NCCL INFO Tree 2 : 7 -> 15 -> 14/-1/-1
nid005203:74128:74128 [7] NCCL INFO Tree 10 : -1 -> 15 -> 14/7/-1
nid005202:79985:79985 [3] NCCL INFO  2 : NET/3 GPU/7 GPU/6 GPU/0 GPU/1 GPU/3 GPU/2 GPU/4 GPU/5 NET/2
nid005202:79985:79985 [3] NCCL INFO  3 : NET/2 GPU/5 GPU/4 GPU/2 GPU/3 GPU/1 GPU/0 GPU/6 GPU/7 NET/3
nid005202:79985:79985 [3] NCCL INFO  4 : NET/0 GPU/0 GPU/1 GPU/5 GPU/4 GPU/6 GPU/7 GPU/3 GPU/2 NET/1
nid005202:79985:79985 [3] NCCL INFO  5 : NET/1 GPU/2 GPU/3 GPU/7 GPU/6 GPU/4 GPU/5 GPU/1 GPU/0 NET/0
nid005202:79985:79985 [3] NCCL INFO  6 : NET/3 GPU/7 GPU/6 GPU/0 GPU/1 GPU/3 GPU/2 GPU/4 GPU/5 NET/2
nid005202:79985:79985 [3] NCCL INFO  7 : NET/2 GPU/5 GPU/4 GPU/2 GPU/3 GPU/1 GPU/0 GPU/6 GPU/7 NET/3
nid005202:79985:79985 [3] NCCL INFO Found matching Rome model index 36 with GPU mapping: 0 1 2 3 4 5 6 7 NET mapping: 0 1 2 3 
nid005202:79985:79985 [3] NCCL INFO Pattern 1, crossNic 0, nChannels 8, bw 31.500000/31.500000, type XGMI/PIX, sameChannels 1
nid005202:79985:79985 [3] NCCL INFO  0 : NET/0 GPU/0 GPU/1 GPU/5 GPU/4 GPU/6 GPU/7 GPU/3 GPU/2 NET/1
nid005203:74128:74128 [7] NCCL INFO Tree 6 : 7 -> 15 -> 14/-1/-1
nid005203:74128:74128 [7] NCCL INFO Tree 14 : -1 -> 15 -> 14/7/-1
nid005203:74128:74128 [7] NCCL INFO Ring 0 : 11 -> 15 -> 14 comm 0x5bc1b10 nRanks 16 busId de000
nid005203:74128:74128 [7] NCCL INFO Ring 1 : 14 -> 15 -> 11 comm 0x5bc1b10 nRanks 16 busId de000
nid005203:74128:74128 [7] NCCL INFO Ring 2 : 14 -> 15 -> 7 comm 0x5bc1b10 nRanks 16 busId de000
nid005203:74128:74128 [7] NCCL INFO Ring 3 : 7 -> 15 -> 14 comm 0x5bc1b10 nRanks 16 busId de000
nid005203:74128:74128 [7] NCCL INFO Ring 4 : 11 -> 15 -> 14 comm 0x5bc1b10 nRanks 16 busId de000
nid005203:74128:74128 [7] NCCL INFO Ring 5 : 14 -> 15 -> 11 comm 0x5bc1b10 nRanks 16 busId de000
nid005203:74128:74128 [7] NCCL INFO Ring 6 : 14 -> 15 -> 7 comm 0x5bc1b10 nRanks 16 busId de000
nid005203:74128:74128 [7] NCCL INFO Ring 7 : 7 -> 15 -> 14 comm 0x5bc1b10 nRanks 16 busId de000
nid005203:74128:74128 [7] NCCL INFO Ring 8 : 11 -> 15 -> 14 comm 0x5bc1b10 nRanks 16 busId de000
nid005202:79985:79985 [3] NCCL INFO  1 : NET/1 GPU/2 GPU/3 GPU/7 GPU/6 GPU/4 GPU/5 GPU/1 GPU/0 NET/0
nid005202:79985:79985 [3] NCCL INFO  2 : NET/3 GPU/7 GPU/6 GPU/0 GPU/1 GPU/3 GPU/2 GPU/4 GPU/5 NET/2
nid005202:79985:79985 [3] NCCL INFO  3 : NET/2 GPU/5 GPU/4 GPU/2 GPU/3 GPU/1 GPU/0 GPU/6 GPU/7 NET/3
nid005202:79985:79985 [3] NCCL INFO  4 : NET/0 GPU/0 GPU/1 GPU/5 GPU/4 GPU/6 GPU/7 GPU/3 GPU/2 NET/1
nid005202:79985:79985 [3] NCCL INFO  5 : NET/1 GPU/2 GPU/3 GPU/7 GPU/6 GPU/4 GPU/5 GPU/1 GPU/0 NET/0
nid005202:79985:79985 [3] NCCL INFO  6 : NET/3 GPU/7 GPU/6 GPU/0 GPU/1 GPU/3 GPU/2 GPU/4 GPU/5 NET/2
nid005202:79985:79985 [3] NCCL INFO  7 : NET/2 GPU/5 GPU/4 GPU/2 GPU/3 GPU/1 GPU/0 GPU/6 GPU/7 NET/3
nid005202:79985:79985 [3] NCCL INFO comm 0x72be4a0 rank 3 nRanks 16 nNodes 2 localRanks 8 localRank 3 MNNVL 0
nid005202:79985:79985 [3] NCCL INFO Tree 1 : 2 -> 3 -> 7/-1/-1
nid005202:79985:79985 [3] NCCL INFO Tree 9 : 2 -> 3 -> 7/-1/-1
nid005202:79985:79985 [3] NCCL INFO Tree 5 : 2 -> 3 -> 7/-1/-1
nid005203:74128:74128 [7] NCCL INFO Ring 9 : 14 -> 15 -> 11 comm 0x5bc1b10 nRanks 16 busId de000
nid005202:79985:79985 [3] NCCL INFO Tree 13 : 2 -> 3 -> 7/-1/-1
nid005202:79985:79985 [3] NCCL INFO Ring 0 : 7 -> 3 -> 2 comm 0x72be4a0 nRanks 16 busId ce000
nid005202:79985:79985 [3] NCCL INFO Ring 1 : 2 -> 3 -> 7 comm 0x72be4a0 nRanks 16 busId ce000
nid005202:79985:79985 [3] NCCL INFO Ring 2 : 1 -> 3 -> 2 comm 0x72be4a0 nRanks 16 busId ce000
nid005202:79985:79985 [3] NCCL INFO Ring 3 : 2 -> 3 -> 1 comm 0x72be4a0 nRanks 16 busId ce000
nid005202:79985:79985 [3] NCCL INFO Ring 4 : 7 -> 3 -> 2 comm 0x72be4a0 nRanks 16 busId ce000
nid005202:79985:79985 [3] NCCL INFO Ring 5 : 2 -> 3 -> 7 comm 0x72be4a0 nRanks 16 busId ce000
nid005202:79985:79985 [3] NCCL INFO Ring 6 : 1 -> 3 -> 2 comm 0x72be4a0 nRanks 16 busId ce000
nid005202:79985:79985 [3] NCCL INFO Ring 7 : 2 -> 3 -> 1 comm 0x72be4a0 nRanks 16 busId ce000
nid005202:79985:79985 [3] NCCL INFO Ring 8 : 7 -> 3 -> 2 comm 0x72be4a0 nRanks 16 busId ce000
nid005202:79985:79985 [3] NCCL INFO Ring 9 : 2 -> 3 -> 7 comm 0x72be4a0 nRanks 16 busId ce000
nid005203:74121:74121 [0] NCCL INFO NET/3 :GPU/0-c1000 (4/16.0/SYS) GPU/0-c6000 (4/16.0/SYS) GPU/0-c9000 (4/16.0/SYS) GPU/0-ce000 (4/16.0/SYS) GPU/0-d1000 (4/16.0/SYS) GPU/0-d6000 (4/16.0/SYS) GPU/0-d9000 (3/24.0/PHB) GPU/0-de000 (3/24.0/PHB) CPU/0-3 (3/16.0/SYS) CPU/0-1 (3/16.0/SYS) CPU/0-0 (3/16.0/SYS) CPU/0-2 (2/24.0/PHB) NET/0-0 (5/16.0/SYS) NET/0-1 (5/16.0/SYS) NET/0-2 (5/16.0/SYS) NET/0-3 (0/5000.0/LOC) 
nid005203:74121:74121 [0] NCCL INFO Setting affinity for GPU 0 to ffff0000,00000000,ffff0000,00000000
nid005203:74121:74121 [0] NCCL INFO Found matching Rome model index 36 with GPU mapping: 0 1 2 3 4 5 6 7 NET mapping: 0 1 2 3 
nid005203:74121:74121 [0] NCCL INFO Pattern 4, crossNic 0, nChannels 8, bw 31.500000/31.500000, type XGMI/PIX, sameChannels 1
nid005203:74121:74121 [0] NCCL INFO  0 : NET/1 GPU/10 GPU/11 GPU/15 GPU/14 GPU/12 GPU/13 GPU/9 GPU/8 NET/0
nid005203:74121:74121 [0] NCCL INFO  1 : NET/0 GPU/8 GPU/9 GPU/13 GPU/12 GPU/14 GPU/15 GPU/11 GPU/10 NET/1
nid005202:79985:79985 [3] NCCL INFO Ring 10 : 1 -> 3 -> 2 comm 0x72be4a0 nRanks 16 busId ce000
nid005203:74121:74121 [0] NCCL INFO  2 : NET/2 GPU/13 GPU/12 GPU/10 GPU/11 GPU/9 GPU/8 GPU/14 GPU/15 NET/3
nid005203:74121:74121 [0] NCCL INFO  3 : NET/3 GPU/15 GPU/14 GPU/8 GPU/9 GPU/11 GPU/10 GPU/12 GPU/13 NET/2
nid005203:74121:74121 [0] NCCL INFO  4 : NET/1 GPU/10 GPU/11 GPU/15 GPU/14 GPU/12 GPU/13 GPU/9 GPU/8 NET/0
nid005203:74121:74121 [0] NCCL INFO  5 : NET/0 GPU/8 GPU/9 GPU/13 GPU/12 GPU/14 GPU/15 GPU/11 GPU/10 NET/1
nid005203:74121:74121 [0] NCCL INFO  6 : NET/2 GPU/13 GPU/12 GPU/10 GPU/11 GPU/9 GPU/8 GPU/14 GPU/15 NET/3
nid005203:74121:74121 [0] NCCL INFO  7 : NET/3 GPU/15 GPU/14 GPU/8 GPU/9 GPU/11 GPU/10 GPU/12 GPU/13 NET/2
nid005203:74121:74121 [0] NCCL INFO Found matching Rome model index 36 with GPU mapping: 0 1 2 3 4 5 6 7 NET mapping: 0 1 2 3 
nid005203:74121:74121 [0] NCCL INFO Pattern 1, crossNic 0, nChannels 8, bw 31.500000/31.500000, type XGMI/PIX, sameChannels 1
nid005203:74121:74121 [0] NCCL INFO  0 : NET/0 GPU/8 GPU/9 GPU/13 GPU/12 GPU/14 GPU/15 GPU/11 GPU/10 NET/1
nid005202:79986:79986 [4] NCCL INFO NET/3 :GPU/0-c1000 (4/16.0/SYS) GPU/0-c6000 (4/16.0/SYS) GPU/0-c9000 (4/16.0/SYS) GPU/0-ce000 (4/16.0/SYS) GPU/0-d1000 (4/16.0/SYS) GPU/0-d6000 (4/16.0/SYS) GPU/0-d9000 (3/24.0/PHB) GPU/0-de000 (3/24.0/PHB) CPU/0-3 (3/16.0/SYS) CPU/0-1 (3/16.0/SYS) CPU/0-0 (3/16.0/SYS) CPU/0-2 (2/24.0/PHB) NET/0-0 (5/16.0/SYS) NET/0-1 (5/16.0/SYS) NET/0-2 (5/16.0/SYS) NET/0-3 (0/5000.0/LOC) 
nid005202:79986:79986 [4] NCCL INFO Setting affinity for GPU 4 to ffff,00000000,0000ffff
nid005202:79986:79986 [4] NCCL INFO Found matching Rome model index 36 with GPU mapping: 0 1 2 3 4 5 6 7 NET mapping: 0 1 2 3 
nid005202:79986:79986 [4] NCCL INFO Pattern 4, crossNic 0, nChannels 8, bw 31.500000/31.500000, type XGMI/PIX, sameChannels 1
nid005202:79986:79986 [4] NCCL INFO  0 : NET/0 GPU/0 GPU/1 GPU/5 GPU/4 GPU/6 GPU/7 GPU/3 GPU/2 NET/1
nid005202:79986:79986 [4] NCCL INFO  1 : NET/1 GPU/2 GPU/3 GPU/7 GPU/6 GPU/4 GPU/5 GPU/1 GPU/0 NET/0
nid005203:74121:74121 [0] NCCL INFO  1 : NET/1 GPU/10 GPU/11 GPU/15 GPU/14 GPU/12 GPU/13 GPU/9 GPU/8 NET/0
nid005203:74121:74121 [0] NCCL INFO  2 : NET/3 GPU/15 GPU/14 GPU/8 GPU/9 GPU/11 GPU/10 GPU/12 GPU/13 NET/2
nid005203:74121:74121 [0] NCCL INFO  3 : NET/2 GPU/13 GPU/12 GPU/10 GPU/11 GPU/9 GPU/8 GPU/14 GPU/15 NET/3
nid005203:74121:74121 [0] NCCL INFO  4 : NET/0 GPU/8 GPU/9 GPU/13 GPU/12 GPU/14 GPU/15 GPU/11 GPU/10 NET/1
nid005203:74121:74121 [0] NCCL INFO  5 : NET/1 GPU/10 GPU/11 GPU/15 GPU/14 GPU/12 GPU/13 GPU/9 GPU/8 NET/0
nid005203:74121:74121 [0] NCCL INFO  6 : NET/3 GPU/15 GPU/14 GPU/8 GPU/9 GPU/11 GPU/10 GPU/12 GPU/13 NET/2
nid005203:74121:74121 [0] NCCL INFO  7 : NET/2 GPU/13 GPU/12 GPU/10 GPU/11 GPU/9 GPU/8 GPU/14 GPU/15 NET/3
nid005203:74121:74121 [0] NCCL INFO comm 0x72b3a30 rank 8 nRanks 16 nNodes 2 localRanks 8 localRank 0 MNNVL 0
nid005203:74121:74121 [0] NCCL INFO Tree 0 : 0 -> 8 -> 9/-1/-1
nid005203:74121:74121 [0] NCCL INFO Tree 8 : -1 -> 8 -> 9/0/-1
nid005202:79986:79986 [4] NCCL INFO  2 : NET/3 GPU/7 GPU/6 GPU/0 GPU/1 GPU/3 GPU/2 GPU/4 GPU/5 NET/2
nid005202:79986:79986 [4] NCCL INFO  3 : NET/2 GPU/5 GPU/4 GPU/2 GPU/3 GPU/1 GPU/0 GPU/6 GPU/7 NET/3
nid005202:79986:79986 [4] NCCL INFO  4 : NET/0 GPU/0 GPU/1 GPU/5 GPU/4 GPU/6 GPU/7 GPU/3 GPU/2 NET/1
nid005202:79986:79986 [4] NCCL INFO  5 : NET/1 GPU/2 GPU/3 GPU/7 GPU/6 GPU/4 GPU/5 GPU/1 GPU/0 NET/0
nid005202:79986:79986 [4] NCCL INFO  6 : NET/3 GPU/7 GPU/6 GPU/0 GPU/1 GPU/3 GPU/2 GPU/4 GPU/5 NET/2
nid005202:79986:79986 [4] NCCL INFO  7 : NET/2 GPU/5 GPU/4 GPU/2 GPU/3 GPU/1 GPU/0 GPU/6 GPU/7 NET/3
nid005202:79986:79986 [4] NCCL INFO Found matching Rome model index 36 with GPU mapping: 0 1 2 3 4 5 6 7 NET mapping: 0 1 2 3 
nid005202:79986:79986 [4] NCCL INFO Pattern 1, crossNic 0, nChannels 8, bw 31.500000/31.500000, type XGMI/PIX, sameChannels 1
nid005202:79986:79986 [4] NCCL INFO  0 : NET/0 GPU/0 GPU/1 GPU/5 GPU/4 GPU/6 GPU/7 GPU/3 GPU/2 NET/1
nid005203:74121:74121 [0] NCCL INFO Tree 4 : 0 -> 8 -> 9/-1/-1
nid005203:74121:74121 [0] NCCL INFO Tree 12 : -1 -> 8 -> 9/0/-1
nid005203:74121:74121 [0] NCCL INFO Ring 0 : 9 -> 8 -> 0 comm 0x72b3a30 nRanks 16 busId c1000
nid005203:74121:74121 [0] NCCL INFO Ring 1 : 0 -> 8 -> 9 comm 0x72b3a30 nRanks 16 busId c1000
nid005203:74121:74121 [0] NCCL INFO Ring 2 : 9 -> 8 -> 14 comm 0x72b3a30 nRanks 16 busId c1000
nid005203:74121:74121 [0] NCCL INFO Ring 3 : 14 -> 8 -> 9 comm 0x72b3a30 nRanks 16 busId c1000
nid005203:74121:74121 [0] NCCL INFO Ring 4 : 9 -> 8 -> 0 comm 0x72b3a30 nRanks 16 busId c1000
nid005203:74121:74121 [0] NCCL INFO Ring 5 : 0 -> 8 -> 9 comm 0x72b3a30 nRanks 16 busId c1000
nid005203:74121:74121 [0] NCCL INFO Ring 6 : 9 -> 8 -> 14 comm 0x72b3a30 nRanks 16 busId c1000
nid005203:74121:74121 [0] NCCL INFO Ring 7 : 14 -> 8 -> 9 comm 0x72b3a30 nRanks 16 busId c1000
nid005203:74121:74121 [0] NCCL INFO Ring 8 : 9 -> 8 -> 0 comm 0x72b3a30 nRanks 16 busId c1000
nid005202:79986:79986 [4] NCCL INFO  1 : NET/1 GPU/2 GPU/3 GPU/7 GPU/6 GPU/4 GPU/5 GPU/1 GPU/0 NET/0
nid005202:79986:79986 [4] NCCL INFO  2 : NET/3 GPU/7 GPU/6 GPU/0 GPU/1 GPU/3 GPU/2 GPU/4 GPU/5 NET/2
nid005202:79986:79986 [4] NCCL INFO  3 : NET/2 GPU/5 GPU/4 GPU/2 GPU/3 GPU/1 GPU/0 GPU/6 GPU/7 NET/3
nid005202:79986:79986 [4] NCCL INFO  4 : NET/0 GPU/0 GPU/1 GPU/5 GPU/4 GPU/6 GPU/7 GPU/3 GPU/2 NET/1
nid005202:79986:79986 [4] NCCL INFO  5 : NET/1 GPU/2 GPU/3 GPU/7 GPU/6 GPU/4 GPU/5 GPU/1 GPU/0 NET/0
nid005202:79986:79986 [4] NCCL INFO  6 : NET/3 GPU/7 GPU/6 GPU/0 GPU/1 GPU/3 GPU/2 GPU/4 GPU/5 NET/2
nid005202:79986:79986 [4] NCCL INFO  7 : NET/2 GPU/5 GPU/4 GPU/2 GPU/3 GPU/1 GPU/0 GPU/6 GPU/7 NET/3
nid005202:79986:79986 [4] NCCL INFO comm 0x6f71560 rank 4 nRanks 16 nNodes 2 localRanks 8 localRank 4 MNNVL 0
nid005202:79986:79986 [4] NCCL INFO Tree 3 : 5 -> 4 -> 2/-1/-1
nid005202:79986:79986 [4] NCCL INFO Tree 11 : 5 -> 4 -> 2/-1/-1
nid005202:79986:79986 [4] NCCL INFO Tree 7 : 5 -> 4 -> 2/-1/-1
nid005203:74121:74121 [0] NCCL INFO Ring 9 : 0 -> 8 -> 9 comm 0x72b3a30 nRanks 16 busId c1000
nid005202:79986:79986 [4] NCCL INFO Tree 15 : 5 -> 4 -> 2/-1/-1
nid005202:79986:79986 [4] NCCL INFO Ring 0 : 5 -> 4 -> 6 comm 0x6f71560 nRanks 16 busId d1000
nid005202:79986:79986 [4] NCCL INFO Ring 1 : 6 -> 4 -> 5 comm 0x6f71560 nRanks 16 busId d1000
nid005202:79986:79986 [4] NCCL INFO Ring 2 : 2 -> 4 -> 5 comm 0x6f71560 nRanks 16 busId d1000
nid005202:79986:79986 [4] NCCL INFO Ring 3 : 5 -> 4 -> 2 comm 0x6f71560 nRanks 16 busId d1000
nid005202:79986:79986 [4] NCCL INFO Ring 4 : 5 -> 4 -> 6 comm 0x6f71560 nRanks 16 busId d1000
nid005202:79986:79986 [4] NCCL INFO Ring 5 : 6 -> 4 -> 5 comm 0x6f71560 nRanks 16 busId d1000
nid005202:79986:79986 [4] NCCL INFO Ring 6 : 2 -> 4 -> 5 comm 0x6f71560 nRanks 16 busId d1000
nid005202:79986:79986 [4] NCCL INFO Ring 7 : 5 -> 4 -> 2 comm 0x6f71560 nRanks 16 busId d1000
nid005202:79986:79986 [4] NCCL INFO Ring 8 : 5 -> 4 -> 6 comm 0x6f71560 nRanks 16 busId d1000
nid005202:79986:79986 [4] NCCL INFO Ring 9 : 6 -> 4 -> 5 comm 0x6f71560 nRanks 16 busId d1000
nid005203:74122:74122 [1] NCCL INFO NET/3 :GPU/0-c1000 (4/16.0/SYS) GPU/0-c6000 (4/16.0/SYS) GPU/0-c9000 (4/16.0/SYS) GPU/0-ce000 (4/16.0/SYS) GPU/0-d1000 (4/16.0/SYS) GPU/0-d6000 (4/16.0/SYS) GPU/0-d9000 (3/24.0/PHB) GPU/0-de000 (3/24.0/PHB) CPU/0-3 (3/16.0/SYS) CPU/0-1 (3/16.0/SYS) CPU/0-0 (3/16.0/SYS) CPU/0-2 (2/24.0/PHB) NET/0-0 (5/16.0/SYS) NET/0-1 (5/16.0/SYS) NET/0-2 (5/16.0/SYS) NET/0-3 (0/5000.0/LOC) 
nid005203:74122:74122 [1] NCCL INFO Setting affinity for GPU 1 to ffff0000,00000000,ffff0000,00000000
nid005203:74122:74122 [1] NCCL INFO Found matching Rome model index 36 with GPU mapping: 0 1 2 3 4 5 6 7 NET mapping: 0 1 2 3 
nid005203:74122:74122 [1] NCCL INFO Pattern 4, crossNic 0, nChannels 8, bw 31.500000/31.500000, type XGMI/PIX, sameChannels 1
nid005203:74122:74122 [1] NCCL INFO  0 : NET/1 GPU/10 GPU/11 GPU/15 GPU/14 GPU/12 GPU/13 GPU/9 GPU/8 NET/0
nid005203:74122:74122 [1] NCCL INFO  1 : NET/0 GPU/8 GPU/9 GPU/13 GPU/12 GPU/14 GPU/15 GPU/11 GPU/10 NET/1
nid005202:79986:79986 [4] NCCL INFO Ring 10 : 2 -> 4 -> 5 comm 0x6f71560 nRanks 16 busId d1000
nid005203:74122:74122 [1] NCCL INFO  2 : NET/2 GPU/13 GPU/12 GPU/10 GPU/11 GPU/9 GPU/8 GPU/14 GPU/15 NET/3
nid005203:74122:74122 [1] NCCL INFO  3 : NET/3 GPU/15 GPU/14 GPU/8 GPU/9 GPU/11 GPU/10 GPU/12 GPU/13 NET/2
nid005203:74122:74122 [1] NCCL INFO  4 : NET/1 GPU/10 GPU/11 GPU/15 GPU/14 GPU/12 GPU/13 GPU/9 GPU/8 NET/0
nid005203:74122:74122 [1] NCCL INFO  5 : NET/0 GPU/8 GPU/9 GPU/13 GPU/12 GPU/14 GPU/15 GPU/11 GPU/10 NET/1
nid005203:74122:74122 [1] NCCL INFO  6 : NET/2 GPU/13 GPU/12 GPU/10 GPU/11 GPU/9 GPU/8 GPU/14 GPU/15 NET/3
nid005203:74122:74122 [1] NCCL INFO  7 : NET/3 GPU/15 GPU/14 GPU/8 GPU/9 GPU/11 GPU/10 GPU/12 GPU/13 NET/2
nid005203:74122:74122 [1] NCCL INFO Found matching Rome model index 36 with GPU mapping: 0 1 2 3 4 5 6 7 NET mapping: 0 1 2 3 
nid005203:74122:74122 [1] NCCL INFO Pattern 1, crossNic 0, nChannels 8, bw 31.500000/31.500000, type XGMI/PIX, sameChannels 1
nid005203:74122:74122 [1] NCCL INFO  0 : NET/0 GPU/8 GPU/9 GPU/13 GPU/12 GPU/14 GPU/15 GPU/11 GPU/10 NET/1
nid005202:79987:79987 [5] NCCL INFO Ring 11 : 13 -> 5 -> 4 comm 0x6b488e0 nRanks 16 busId d6000
nid005202:79987:79987 [5] NCCL INFO Ring 12 : 1 -> 5 -> 4 comm 0x6b488e0 nRanks 16 busId d6000
nid005202:79987:79987 [5] NCCL INFO Ring 13 : 4 -> 5 -> 1 comm 0x6b488e0 nRanks 16 busId d6000
nid005203:74122:74122 [1] NCCL INFO  1 : NET/1 GPU/10 GPU/11 GPU/15 GPU/14 GPU/12 GPU/13 GPU/9 GPU/8 NET/0
nid005203:74122:74122 [1] NCCL INFO  2 : NET/3 GPU/15 GPU/14 GPU/8 GPU/9 GPU/11 GPU/10 GPU/12 GPU/13 NET/2
nid005203:74122:74122 [1] NCCL INFO  3 : NET/2 GPU/13 GPU/12 GPU/10 GPU/11 GPU/9 GPU/8 GPU/14 GPU/15 NET/3
nid005203:74122:74122 [1] NCCL INFO  4 : NET/0 GPU/8 GPU/9 GPU/13 GPU/12 GPU/14 GPU/15 GPU/11 GPU/10 NET/1
nid005203:74122:74122 [1] NCCL INFO  5 : NET/1 GPU/10 GPU/11 GPU/15 GPU/14 GPU/12 GPU/13 GPU/9 GPU/8 NET/0
nid005203:74122:74122 [1] NCCL INFO  6 : NET/3 GPU/15 GPU/14 GPU/8 GPU/9 GPU/11 GPU/10 GPU/12 GPU/13 NET/2
nid005203:74122:74122 [1] NCCL INFO  7 : NET/2 GPU/13 GPU/12 GPU/10 GPU/11 GPU/9 GPU/8 GPU/14 GPU/15 NET/3
nid005203:74122:74122 [1] NCCL INFO comm 0x722fc50 rank 9 nRanks 16 nNodes 2 localRanks 8 localRank 1 MNNVL 0
nid005203:74122:74122 [1] NCCL INFO Tree 0 : 8 -> 9 -> 13/-1/-1
nid005203:74122:74122 [1] NCCL INFO Tree 8 : 8 -> 9 -> 13/-1/-1
nid005202:79988:79988 [6] NCCL INFO Ring 11 : 0 -> 6 -> 7 comm 0x7246ff0 nRanks 16 busId d9000
nid005202:79988:79988 [6] NCCL INFO Ring 12 : 4 -> 6 -> 7 comm 0x7246ff0 nRanks 16 busId d9000
nid005202:79988:79988 [6] NCCL INFO Ring 13 : 7 -> 6 -> 4 comm 0x7246ff0 nRanks 16 busId d9000
nid005203:74122:74122 [1] NCCL INFO Tree 4 : 8 -> 9 -> 13/-1/-1
nid005203:74122:74122 [1] NCCL INFO Tree 12 : 8 -> 9 -> 13/-1/-1
nid005203:74122:74122 [1] NCCL INFO Ring 0 : 13 -> 9 -> 8 comm 0x722fc50 nRanks 16 busId c6000
nid005203:74122:74122 [1] NCCL INFO Ring 1 : 8 -> 9 -> 13 comm 0x722fc50 nRanks 16 busId c6000
nid005203:74122:74122 [1] NCCL INFO Ring 2 : 11 -> 9 -> 8 comm 0x722fc50 nRanks 16 busId c6000
nid005203:74122:74122 [1] NCCL INFO Ring 3 : 8 -> 9 -> 11 comm 0x722fc50 nRanks 16 busId c6000
nid005203:74122:74122 [1] NCCL INFO Ring 4 : 13 -> 9 -> 8 comm 0x722fc50 nRanks 16 busId c6000
nid005203:74122:74122 [1] NCCL INFO Ring 5 : 8 -> 9 -> 13 comm 0x722fc50 nRanks 16 busId c6000
nid005203:74122:74122 [1] NCCL INFO Ring 6 : 11 -> 9 -> 8 comm 0x722fc50 nRanks 16 busId c6000
nid005203:74122:74122 [1] NCCL INFO Ring 7 : 8 -> 9 -> 11 comm 0x722fc50 nRanks 16 busId c6000
nid005203:74122:74122 [1] NCCL INFO Ring 8 : 13 -> 9 -> 8 comm 0x722fc50 nRanks 16 busId c6000
nid005202:79989:79989 [7] NCCL INFO Ring 11 : 6 -> 7 -> 15 comm 0x6bb4f40 nRanks 16 busId de000
nid005202:79989:79989 [7] NCCL INFO Ring 12 : 6 -> 7 -> 3 comm 0x6bb4f40 nRanks 16 busId de000
nid005202:79989:79989 [7] NCCL INFO Ring 13 : 3 -> 7 -> 6 comm 0x6bb4f40 nRanks 16 busId de000
nid005203:74122:74122 [1] NCCL INFO Ring 9 : 8 -> 9 -> 13 comm 0x722fc50 nRanks 16 busId c6000
nid005202:79983:79983 [1] NCCL INFO Ring 11 : 3 -> 1 -> 0 comm 0x6b33520 nRanks 16 busId c6000
nid005202:79983:79983 [1] NCCL INFO Ring 12 : 0 -> 1 -> 5 comm 0x6b33520 nRanks 16 busId c6000
nid005202:79983:79983 [1] NCCL INFO Ring 13 : 5 -> 1 -> 0 comm 0x6b33520 nRanks 16 busId c6000
nid005203:74123:74123 [2] NCCL INFO Ring 10 : 12 -> 10 -> 11 comm 0x638dc20 nRanks 16 busId c9000
nid005203:74123:74123 [2] NCCL INFO Ring 11 : 11 -> 10 -> 12 comm 0x638dc20 nRanks 16 busId c9000
nid005202:79984:79984 [2] NCCL INFO Ring 11 : 4 -> 2 -> 3 comm 0xcae8c0 nRanks 16 busId c9000
nid005202:79984:79984 [2] NCCL INFO Ring 12 : 3 -> 2 -> 10 comm 0xcae8c0 nRanks 16 busId c9000
nid005202:79984:79984 [2] NCCL INFO Ring 13 : 10 -> 2 -> 3 comm 0xcae8c0 nRanks 16 busId c9000
nid005203:74124:74124 [3] NCCL INFO Ring 10 : 10 -> 11 -> 9 comm 0x30d87e0 nRanks 16 busId ce000
nid005203:74124:74124 [3] NCCL INFO Ring 11 : 9 -> 11 -> 10 comm 0x30d87e0 nRanks 16 busId ce000
nid005202:79985:79985 [3] NCCL INFO Ring 11 : 2 -> 3 -> 1 comm 0x72be4a0 nRanks 16 busId ce000
nid005202:79985:79985 [3] NCCL INFO Ring 12 : 7 -> 3 -> 2 comm 0x72be4a0 nRanks 16 busId ce000
nid005202:79985:79985 [3] NCCL INFO Ring 13 : 2 -> 3 -> 7 comm 0x72be4a0 nRanks 16 busId ce000
nid005203:74125:74125 [4] NCCL INFO Ring 10 : 13 -> 12 -> 10 comm 0x63b44d0 nRanks 16 busId d1000
nid005203:74125:74125 [4] NCCL INFO Ring 11 : 10 -> 12 -> 13 comm 0x63b44d0 nRanks 16 busId d1000
nid005202:79986:79986 [4] NCCL INFO Ring 11 : 5 -> 4 -> 2 comm 0x6f71560 nRanks 16 busId d1000
nid005202:79986:79986 [4] NCCL INFO Ring 12 : 5 -> 4 -> 6 comm 0x6f71560 nRanks 16 busId d1000
nid005202:79986:79986 [4] NCCL INFO Ring 13 : 6 -> 4 -> 5 comm 0x6f71560 nRanks 16 busId d1000
nid005203:74126:74126 [5] NCCL INFO Ring 10 : 5 -> 13 -> 12 comm 0x723b040 nRanks 16 busId d6000
nid005203:74126:74126 [5] NCCL INFO Ring 11 : 12 -> 13 -> 5 comm 0x723b040 nRanks 16 busId d6000
nid005203:74127:74127 [6] NCCL INFO Ring 10 : 8 -> 14 -> 15 comm 0x5231240 nRanks 16 busId d9000
nid005203:74127:74127 [6] NCCL INFO Ring 11 : 15 -> 14 -> 8 comm 0x5231240 nRanks 16 busId d9000
nid005203:74128:74128 [7] NCCL INFO Ring 10 : 14 -> 15 -> 7 comm 0x5bc1b10 nRanks 16 busId de000
nid005203:74128:74128 [7] NCCL INFO Ring 11 : 7 -> 15 -> 14 comm 0x5bc1b10 nRanks 16 busId de000
nid005203:74121:74121 [0] NCCL INFO Ring 10 : 9 -> 8 -> 14 comm 0x72b3a30 nRanks 16 busId c1000
nid005203:74121:74121 [0] NCCL INFO Ring 11 : 14 -> 8 -> 9 comm 0x72b3a30 nRanks 16 busId c1000
nid005203:74121:74121 [0] NCCL INFO Ring 12 : 9 -> 8 -> 0 comm 0x72b3a30 nRanks 16 busId c1000
nid005203:74122:74122 [1] NCCL INFO Ring 10 : 11 -> 9 -> 8 comm 0x722fc50 nRanks 16 busId c6000
nid005203:74122:74122 [1] NCCL INFO Ring 11 : 8 -> 9 -> 11 comm 0x722fc50 nRanks 16 busId c6000
nid005202:79982:79982 [0] NCCL INFO Channel 15/16 :    0   6   7  15  14   8   9  11  10  12  13   5   4   2   3   1
nid005202:79982:79982 [0] NCCL INFO Ring 0 : 8 -> 0 -> 1 comm 0x7143770 nRanks 16 busId c1000
nid005202:79982:79982 [0] NCCL INFO Ring 1 : 1 -> 0 -> 8 comm 0x7143770 nRanks 16 busId c1000
nid005202:79982:79982 [0] NCCL INFO Ring 2 : 6 -> 0 -> 1 comm 0x7143770 nRanks 16 busId c1000
nid005202:79982:79982 [0] NCCL INFO Ring 3 : 1 -> 0 -> 6 comm 0x7143770 nRanks 16 busId c1000
nid005202:79982:79982 [0] NCCL INFO Ring 4 : 8 -> 0 -> 1 comm 0x7143770 nRanks 16 busId c1000
nid005202:79982:79982 [0] NCCL INFO Ring 5 : 1 -> 0 -> 8 comm 0x7143770 nRanks 16 busId c1000
nid005202:79982:79982 [0] NCCL INFO Ring 6 : 6 -> 0 -> 1 comm 0x7143770 nRanks 16 busId c1000
nid005202:79982:79982 [0] NCCL INFO Ring 7 : 1 -> 0 -> 6 comm 0x7143770 nRanks 16 busId c1000
nid005202:79982:79982 [0] NCCL INFO Ring 8 : 8 -> 0 -> 1 comm 0x7143770 nRanks 16 busId c1000
nid005202:79982:79982 [0] NCCL INFO Ring 9 : 1 -> 0 -> 8 comm 0x7143770 nRanks 16 busId c1000
nid005202:79982:79982 [0] NCCL INFO Ring 10 : 6 -> 0 -> 1 comm 0x7143770 nRanks 16 busId c1000
nid005202:79982:79982 [0] NCCL INFO Ring 11 : 1 -> 0 -> 6 comm 0x7143770 nRanks 16 busId c1000
nid005202:79982:79982 [0] NCCL INFO Ring 12 : 8 -> 0 -> 1 comm 0x7143770 nRanks 16 busId c1000
nid005202:79982:79982 [0] NCCL INFO Ring 13 : 1 -> 0 -> 8 comm 0x7143770 nRanks 16 busId c1000
nid005202:79982:79982 [0] NCCL INFO Ring 14 : 6 -> 0 -> 1 comm 0x7143770 nRanks 16 busId c1000
nid005202:79982:79982 [0] NCCL INFO Ring 15 : 1 -> 0 -> 6 comm 0x7143770 nRanks 16 busId c1000
nid005202:79982:79982 [0] NCCL INFO Trees [0] 1/8/-1->0->-1 [1] -1/-1/-1->0->1 [2] 1/-1/-1->0->6 [3] 6/-1/-1->0->1 [4] 1/8/-1->0->-1 [5] -1/-1/-1->0->1 [6] 1/-1/-1->0->6 [7] 6/-1/-1->0->1 [8] 1/-1/-1->0->8 [9] -1/-1/-1->0->1 [10] 1/-1/-1->0->6 [11] 6/-1/-1->0->1 [12] 1/-1/-1->0->8 [13] -1/-1/-1->0->1 [14] 1/-1/-1->0->6 [15] 6/-1/-1->0->1 comm 0x7143770 nRanks 16 busId c1000
nid005202:79982:79982 [0] NCCL INFO P2P Chunksize set to 131072
nid005202:79982:79982 [0] NCCL INFO Channel 00/0 : 0[c1000] -> 1[c6000] via P2P/IPC comm 0x7143770 nRanks 16
nid005202:79982:79982 [0] NCCL INFO Channel 02/0 : 0[c1000] -> 1[c6000] via P2P/IPC comm 0x7143770 nRanks 16
nid005202:79982:79982 [0] NCCL INFO Channel 04/0 : 0[c1000] -> 1[c6000] via P2P/IPC comm 0x7143770 nRanks 16
nid005202:79982:79982 [0] NCCL INFO Channel 06/0 : 0[c1000] -> 1[c6000] via P2P/IPC comm 0x7143770 nRanks 16
nid005202:79982:79982 [0] NCCL INFO Channel 08/0 : 0[c1000] -> 1[c6000] via P2P/IPC comm 0x7143770 nRanks 16
nid005202:79982:79982 [0] NCCL INFO Channel 10/0 : 0[c1000] -> 1[c6000] via P2P/IPC comm 0x7143770 nRanks 16
nid005202:79982:79982 [0] NCCL INFO Channel 12/0 : 0[c1000] -> 1[c6000] via P2P/IPC comm 0x7143770 nRanks 16
nid005202:79982:79982 [0] NCCL INFO Channel 14/0 : 0[c1000] -> 1[c6000] via P2P/IPC comm 0x7143770 nRanks 16
nid005202:79982:79982 [0] NCCL INFO Channel 03/0 : 0[c1000] -> 6[d9000] via P2P/IPC comm 0x7143770 nRanks 16
nid005202:79982:79982 [0] NCCL INFO Channel 07/0 : 0[c1000] -> 6[d9000] via P2P/IPC comm 0x7143770 nRanks 16
nid005202:79982:79982 [0] NCCL INFO Channel 11/0 : 0[c1000] -> 6[d9000] via P2P/IPC comm 0x7143770 nRanks 16
nid005202:79982:79982 [0] NCCL INFO Channel 15/0 : 0[c1000] -> 6[d9000] via P2P/IPC comm 0x7143770 nRanks 16
nid005202:79982:79982 [0] NCCL INFO Channel 00/0 : 8[c1000] -> 0[c1000] [receive] via NET/AWS Libfabric/0 comm 0x7143770 nRanks 16
nid005202:79982:79982 [0] NCCL INFO Channel 04/0 : 8[c1000] -> 0[c1000] [receive] via NET/AWS Libfabric/0 comm 0x7143770 nRanks 16
nid005202:79982:79982 [0] NCCL INFO Channel 08/0 : 8[c1000] -> 0[c1000] [receive] via NET/AWS Libfabric/0 comm 0x7143770 nRanks 16
nid005202:79982:79982 [0] NCCL INFO Channel 12/0 : 8[c1000] -> 0[c1000] [receive] via NET/AWS Libfabric/0 comm 0x7143770 nRanks 16
nid005202:79982:79982 [0] NCCL INFO Channel 01/0 : 0[c1000] -> 8[c1000] [send] via NET/AWS Libfabric/0 comm 0x7143770 nRanks 16
nid005203:74123:74123 [2] NCCL INFO Ring 12 : 2 -> 10 -> 11 comm 0x638dc20 nRanks 16 busId c9000
nid005203:74123:74123 [2] NCCL INFO Ring 13 : 11 -> 10 -> 2 comm 0x638dc20 nRanks 16 busId c9000
nid005203:74123:74123 [2] NCCL INFO Ring 14 : 12 -> 10 -> 11 comm 0x638dc20 nRanks 16 busId c9000
nid005203:74123:74123 [2] NCCL INFO Ring 15 : 11 -> 10 -> 12 comm 0x638dc20 nRanks 16 busId c9000
nid005203:74123:74123 [2] NCCL INFO Trees [0] -1/-1/-1->10->11 [1] 11/-1/-1->10->2 [2] 12/-1/-1->10->11 [3] 11/-1/-1->10->12 [4] -1/-1/-1->10->11 [5] 11/-1/-1->10->2 [6] 12/-1/-1->10->11 [7] 11/-1/-1->10->12 [8] -1/-1/-1->10->11 [9] 11/2/-1->10->-1 [10] 12/-1/-1->10->11 [11] 11/-1/-1->10->12 [12] -1/-1/-1->10->11 [13] 11/2/-1->10->-1 [14] 12/-1/-1->10->11 [15] 11/-1/-1->10->12 comm 0x638dc20 nRanks 16 busId c9000
nid005203:74123:74123 [2] NCCL INFO P2P Chunksize set to 131072
nid005203:74123:74123 [2] NCCL INFO Channel 00/0 : 10[c9000] -> 11[ce000] via P2P/IPC comm 0x638dc20 nRanks 16
nid005203:74123:74123 [2] NCCL INFO Channel 02/0 : 10[c9000] -> 11[ce000] via P2P/IPC comm 0x638dc20 nRanks 16
nid005203:74123:74123 [2] NCCL INFO Channel 04/0 : 10[c9000] -> 11[ce000] via P2P/IPC comm 0x638dc20 nRanks 16
nid005203:74123:74123 [2] NCCL INFO Channel 06/0 : 10[c9000] -> 11[ce000] via P2P/IPC comm 0x638dc20 nRanks 16
nid005203:74123:74123 [2] NCCL INFO Channel 08/0 : 10[c9000] -> 11[ce000] via P2P/IPC comm 0x638dc20 nRanks 16
nid005203:74123:74123 [2] NCCL INFO Channel 10/0 : 10[c9000] -> 11[ce000] via P2P/IPC comm 0x638dc20 nRanks 16
nid005203:74123:74123 [2] NCCL INFO Channel 12/0 : 10[c9000] -> 11[ce000] via P2P/IPC comm 0x638dc20 nRanks 16
nid005203:74123:74123 [2] NCCL INFO Channel 14/0 : 10[c9000] -> 11[ce000] via P2P/IPC comm 0x638dc20 nRanks 16
nid005203:74123:74123 [2] NCCL INFO Channel 03/0 : 10[c9000] -> 12[d1000] via P2P/IPC comm 0x638dc20 nRanks 16
nid005203:74123:74123 [2] NCCL INFO Channel 07/0 : 10[c9000] -> 12[d1000] via P2P/IPC comm 0x638dc20 nRanks 16
nid005203:74123:74123 [2] NCCL INFO Channel 11/0 : 10[c9000] -> 12[d1000] via P2P/IPC comm 0x638dc20 nRanks 16
nid005203:74123:74123 [2] NCCL INFO Channel 15/0 : 10[c9000] -> 12[d1000] via P2P/IPC comm 0x638dc20 nRanks 16
nid005203:74123:74123 [2] NCCL INFO Channel 00/0 : 2[c9000] -> 10[c9000] [receive] via NET/AWS Libfabric/1 comm 0x638dc20 nRanks 16
nid005203:74123:74123 [2] NCCL INFO Channel 04/0 : 2[c9000] -> 10[c9000] [receive] via NET/AWS Libfabric/1 comm 0x638dc20 nRanks 16
nid005203:74123:74123 [2] NCCL INFO Channel 08/0 : 2[c9000] -> 10[c9000] [receive] via NET/AWS Libfabric/1 comm 0x638dc20 nRanks 16
nid005203:74123:74123 [2] NCCL INFO Channel 12/0 : 2[c9000] -> 10[c9000] [receive] via NET/AWS Libfabric/1 comm 0x638dc20 nRanks 16
nid005203:74123:74123 [2] NCCL INFO Channel 01/0 : 10[c9000] -> 2[c9000] [send] via NET/AWS Libfabric/1 comm 0x638dc20 nRanks 16
nid005203:74123:74123 [2] NCCL INFO Channel 05/0 : 10[c9000] -> 2[c9000] [send] via NET/AWS Libfabric/1 comm 0x638dc20 nRanks 16
nid005203:74123:74123 [2] NCCL INFO Channel 09/0 : 10[c9000] -> 2[c9000] [send] via NET/AWS Libfabric/1 comm 0x638dc20 nRanks 16
nid005203:74123:74123 [2] NCCL INFO Channel 13/0 : 10[c9000] -> 2[c9000] [send] via NET/AWS Libfabric/1 comm 0x638dc20 nRanks 16
nid005203:74123:74123 [2] NCCL INFO Channel 00/2 : 10[c9000] -> 11[ce000] via P2P/IPC comm 0x638dc20 nRanks 16
nid005203:74123:74123 [2] NCCL INFO Channel 02/2 : 10[c9000] -> 11[ce000] via P2P/IPC comm 0x638dc20 nRanks 16
nid005203:74123:74123 [2] NCCL INFO Channel 04/2 : 10[c9000] -> 11[ce000] via P2P/IPC comm 0x638dc20 nRanks 16
nid005203:74123:74123 [2] NCCL INFO Channel 06/2 : 10[c9000] -> 11[ce000] via P2P/IPC comm 0x638dc20 nRanks 16
nid005203:74123:74123 [2] NCCL INFO Channel 08/2 : 10[c9000] -> 11[ce000] via P2P/IPC comm 0x638dc20 nRanks 16
nid005203:74123:74123 [2] NCCL INFO Channel 10/2 : 10[c9000] -> 11[ce000] via P2P/IPC comm 0x638dc20 nRanks 16
nid005203:74123:74123 [2] NCCL INFO Channel 12/2 : 10[c9000] -> 11[ce000] via P2P/IPC comm 0x638dc20 nRanks 16
nid005203:74123:74123 [2] NCCL INFO Channel 14/2 : 10[c9000] -> 11[ce000] via P2P/IPC comm 0x638dc20 nRanks 16
nid005203:74121:74121 [0] NCCL INFO Ring 13 : 0 -> 8 -> 9 comm 0x72b3a30 nRanks 16 busId c1000
nid005203:74121:74121 [0] NCCL INFO Ring 14 : 9 -> 8 -> 14 comm 0x72b3a30 nRanks 16 busId c1000
nid005203:74121:74121 [0] NCCL INFO Ring 15 : 14 -> 8 -> 9 comm 0x72b3a30 nRanks 16 busId c1000
nid005203:74121:74121 [0] NCCL INFO Trees [0] 9/-1/-1->8->0 [1] -1/-1/-1->8->9 [2] 9/-1/-1->8->14 [3] 14/-1/-1->8->9 [4] 9/-1/-1->8->0 [5] -1/-1/-1->8->9 [6] 9/-1/-1->8->14 [7] 14/-1/-1->8->9 [8] 9/0/-1->8->-1 [9] -1/-1/-1->8->9 [10] 9/-1/-1->8->14 [11] 14/-1/-1->8->9 [12] 9/0/-1->8->-1 [13] -1/-1/-1->8->9 [14] 9/-1/-1->8->14 [15] 14/-1/-1->8->9 comm 0x72b3a30 nRanks 16 busId c1000
nid005203:74121:74121 [0] NCCL INFO P2P Chunksize set to 131072
nid005203:74121:74121 [0] NCCL INFO Channel 01/0 : 8[c1000] -> 9[c6000] via P2P/IPC comm 0x72b3a30 nRanks 16
nid005203:74121:74121 [0] NCCL INFO Channel 03/0 : 8[c1000] -> 9[c6000] via P2P/IPC comm 0x72b3a30 nRanks 16
nid005203:74121:74121 [0] NCCL INFO Channel 05/0 : 8[c1000] -> 9[c6000] via P2P/IPC comm 0x72b3a30 nRanks 16
nid005203:74121:74121 [0] NCCL INFO Channel 07/0 : 8[c1000] -> 9[c6000] via P2P/IPC comm 0x72b3a30 nRanks 16
nid005203:74121:74121 [0] NCCL INFO Channel 09/0 : 8[c1000] -> 9[c6000] via P2P/IPC comm 0x72b3a30 nRanks 16
nid005203:74121:74121 [0] NCCL INFO Channel 11/0 : 8[c1000] -> 9[c6000] via P2P/IPC comm 0x72b3a30 nRanks 16
nid005203:74121:74121 [0] NCCL INFO Channel 13/0 : 8[c1000] -> 9[c6000] via P2P/IPC comm 0x72b3a30 nRanks 16
nid005203:74121:74121 [0] NCCL INFO Channel 15/0 : 8[c1000] -> 9[c6000] via P2P/IPC comm 0x72b3a30 nRanks 16
nid005203:74121:74121 [0] NCCL INFO Channel 02/0 : 8[c1000] -> 14[d9000] via P2P/IPC comm 0x72b3a30 nRanks 16
nid005203:74121:74121 [0] NCCL INFO Channel 06/0 : 8[c1000] -> 14[d9000] via P2P/IPC comm 0x72b3a30 nRanks 16
nid005203:74121:74121 [0] NCCL INFO Channel 10/0 : 8[c1000] -> 14[d9000] via P2P/IPC comm 0x72b3a30 nRanks 16
nid005203:74121:74121 [0] NCCL INFO Channel 14/0 : 8[c1000] -> 14[d9000] via P2P/IPC comm 0x72b3a30 nRanks 16
nid005203:74121:74121 [0] NCCL INFO Channel 01/0 : 0[c1000] -> 8[c1000] [receive] via NET/AWS Libfabric/0 comm 0x72b3a30 nRanks 16
nid005203:74121:74121 [0] NCCL INFO Channel 05/0 : 0[c1000] -> 8[c1000] [receive] via NET/AWS Libfabric/0 comm 0x72b3a30 nRanks 16
nid005203:74121:74121 [0] NCCL INFO Channel 09/0 : 0[c1000] -> 8[c1000] [receive] via NET/AWS Libfabric/0 comm 0x72b3a30 nRanks 16
nid005203:74121:74121 [0] NCCL INFO Channel 13/0 : 0[c1000] -> 8[c1000] [receive] via NET/AWS Libfabric/0 comm 0x72b3a30 nRanks 16
nid005203:74121:74121 [0] NCCL INFO Channel 00/0 : 8[c1000] -> 0[c1000] [send] via NET/AWS Libfabric/0 comm 0x72b3a30 nRanks 16
nid005203:74121:74121 [0] NCCL INFO Channel 04/0 : 8[c1000] -> 0[c1000] [send] via NET/AWS Libfabric/0 comm 0x72b3a30 nRanks 16
nid005203:74121:74121 [0] NCCL INFO Channel 08/0 : 8[c1000] -> 0[c1000] [send] via NET/AWS Libfabric/0 comm 0x72b3a30 nRanks 16
nid005203:74121:74121 [0] NCCL INFO Channel 12/0 : 8[c1000] -> 0[c1000] [send] via NET/AWS Libfabric/0 comm 0x72b3a30 nRanks 16
nid005203:74121:74121 [0] NCCL INFO Channel 01/2 : 8[c1000] -> 9[c6000] via P2P/IPC comm 0x72b3a30 nRanks 16
nid005203:74121:74121 [0] NCCL INFO Channel 03/2 : 8[c1000] -> 9[c6000] via P2P/IPC comm 0x72b3a30 nRanks 16
nid005203:74121:74121 [0] NCCL INFO Channel 05/2 : 8[c1000] -> 9[c6000] via P2P/IPC comm 0x72b3a30 nRanks 16
nid005203:74121:74121 [0] NCCL INFO Channel 07/2 : 8[c1000] -> 9[c6000] via P2P/IPC comm 0x72b3a30 nRanks 16
nid005203:74121:74121 [0] NCCL INFO Channel 09/2 : 8[c1000] -> 9[c6000] via P2P/IPC comm 0x72b3a30 nRanks 16
nid005203:74121:74121 [0] NCCL INFO Channel 11/2 : 8[c1000] -> 9[c6000] via P2P/IPC comm 0x72b3a30 nRanks 16
nid005203:74121:74121 [0] NCCL INFO Channel 13/2 : 8[c1000] -> 9[c6000] via P2P/IPC comm 0x72b3a30 nRanks 16
nid005203:74121:74121 [0] NCCL INFO Channel 15/2 : 8[c1000] -> 9[c6000] via P2P/IPC comm 0x72b3a30 nRanks 16
nid005202:79984:79984 [2] NCCL INFO Ring 14 : 3 -> 2 -> 4 comm 0xcae8c0 nRanks 16 busId c9000
nid005202:79984:79984 [2] NCCL INFO Ring 15 : 4 -> 2 -> 3 comm 0xcae8c0 nRanks 16 busId c9000
nid005202:79984:79984 [2] NCCL INFO Trees [0] -1/-1/-1->2->3 [1] 3/10/-1->2->-1 [2] 4/-1/-1->2->3 [3] 3/-1/-1->2->4 [4] -1/-1/-1->2->3 [5] 3/10/-1->2->-1 [6] 4/-1/-1->2->3 [7] 3/-1/-1->2->4 [8] -1/-1/-1->2->3 [9] 3/-1/-1->2->10 [10] 4/-1/-1->2->3 [11] 3/-1/-1->2->4 [12] -1/-1/-1->2->3 [13] 3/-1/-1->2->10 [14] 4/-1/-1->2->3 [15] 3/-1/-1->2->4 comm 0xcae8c0 nRanks 16 busId c9000
nid005202:79984:79984 [2] NCCL INFO P2P Chunksize set to 131072
nid005202:79984:79984 [2] NCCL INFO Channel 01/0 : 2[c9000] -> 3[ce000] via P2P/IPC comm 0xcae8c0 nRanks 16
nid005202:79984:79984 [2] NCCL INFO Channel 03/0 : 2[c9000] -> 3[ce000] via P2P/IPC comm 0xcae8c0 nRanks 16
nid005202:79984:79984 [2] NCCL INFO Channel 05/0 : 2[c9000] -> 3[ce000] via P2P/IPC comm 0xcae8c0 nRanks 16
nid005203:74121:74121 [0] NCCL INFO Channel 02/2 : 8[c1000] -> 14[d9000] via P2P/IPC comm 0x72b3a30 nRanks 16
nid005202:79984:79984 [2] NCCL INFO Channel 07/0 : 2[c9000] -> 3[ce000] via P2P/IPC comm 0xcae8c0 nRanks 16
nid005202:79984:79984 [2] NCCL INFO Channel 09/0 : 2[c9000] -> 3[ce000] via P2P/IPC comm 0xcae8c0 nRanks 16
nid005202:79984:79984 [2] NCCL INFO Channel 11/0 : 2[c9000] -> 3[ce000] via P2P/IPC comm 0xcae8c0 nRanks 16
nid005202:79984:79984 [2] NCCL INFO Channel 13/0 : 2[c9000] -> 3[ce000] via P2P/IPC comm 0xcae8c0 nRanks 16
nid005202:79984:79984 [2] NCCL INFO Channel 15/0 : 2[c9000] -> 3[ce000] via P2P/IPC comm 0xcae8c0 nRanks 16
nid005202:79984:79984 [2] NCCL INFO Channel 02/0 : 2[c9000] -> 4[d1000] via P2P/IPC comm 0xcae8c0 nRanks 16
nid005202:79984:79984 [2] NCCL INFO Channel 06/0 : 2[c9000] -> 4[d1000] via P2P/IPC comm 0xcae8c0 nRanks 16
nid005202:79984:79984 [2] NCCL INFO Channel 10/0 : 2[c9000] -> 4[d1000] via P2P/IPC comm 0xcae8c0 nRanks 16
nid005202:79984:79984 [2] NCCL INFO Channel 14/0 : 2[c9000] -> 4[d1000] via P2P/IPC comm 0xcae8c0 nRanks 16
nid005202:79984:79984 [2] NCCL INFO Channel 01/0 : 10[c9000] -> 2[c9000] [receive] via NET/AWS Libfabric/1 comm 0xcae8c0 nRanks 16
nid005202:79984:79984 [2] NCCL INFO Channel 05/0 : 10[c9000] -> 2[c9000] [receive] via NET/AWS Libfabric/1 comm 0xcae8c0 nRanks 16
nid005202:79984:79984 [2] NCCL INFO Channel 09/0 : 10[c9000] -> 2[c9000] [receive] via NET/AWS Libfabric/1 comm 0xcae8c0 nRanks 16
nid005202:79984:79984 [2] NCCL INFO Channel 13/0 : 10[c9000] -> 2[c9000] [receive] via NET/AWS Libfabric/1 comm 0xcae8c0 nRanks 16
nid005202:79984:79984 [2] NCCL INFO Channel 00/0 : 2[c9000] -> 10[c9000] [send] via NET/AWS Libfabric/1 comm 0xcae8c0 nRanks 16
nid005202:79984:79984 [2] NCCL INFO Channel 04/0 : 2[c9000] -> 10[c9000] [send] via NET/AWS Libfabric/1 comm 0xcae8c0 nRanks 16
nid005202:79984:79984 [2] NCCL INFO Channel 08/0 : 2[c9000] -> 10[c9000] [send] via NET/AWS Libfabric/1 comm 0xcae8c0 nRanks 16
nid005202:79984:79984 [2] NCCL INFO Channel 12/0 : 2[c9000] -> 10[c9000] [send] via NET/AWS Libfabric/1 comm 0xcae8c0 nRanks 16
nid005202:79984:79984 [2] NCCL INFO Channel 01/2 : 2[c9000] -> 3[ce000] via P2P/IPC comm 0xcae8c0 nRanks 16
nid005202:79984:79984 [2] NCCL INFO Channel 03/2 : 2[c9000] -> 3[ce000] via P2P/IPC comm 0xcae8c0 nRanks 16
nid005202:79984:79984 [2] NCCL INFO Channel 05/2 : 2[c9000] -> 3[ce000] via P2P/IPC comm 0xcae8c0 nRanks 16
nid005202:79984:79984 [2] NCCL INFO Channel 07/2 : 2[c9000] -> 3[ce000] via P2P/IPC comm 0xcae8c0 nRanks 16
nid005202:79984:79984 [2] NCCL INFO Channel 09/2 : 2[c9000] -> 3[ce000] via P2P/IPC comm 0xcae8c0 nRanks 16
nid005202:79984:79984 [2] NCCL INFO Channel 11/2 : 2[c9000] -> 3[ce000] via P2P/IPC comm 0xcae8c0 nRanks 16
nid005202:79984:79984 [2] NCCL INFO Channel 13/2 : 2[c9000] -> 3[ce000] via P2P/IPC comm 0xcae8c0 nRanks 16
nid005202:79984:79984 [2] NCCL INFO Channel 15/2 : 2[c9000] -> 3[ce000] via P2P/IPC comm 0xcae8c0 nRanks 16
nid005202:79984:79984 [2] NCCL INFO Channel 02/2 : 2[c9000] -> 4[d1000] via P2P/IPC comm 0xcae8c0 nRanks 16
nid005202:79984:79984 [2] NCCL INFO Channel 06/2 : 2[c9000] -> 4[d1000] via P2P/IPC comm 0xcae8c0 nRanks 16
nid005203:74128:74128 [7] NCCL INFO Ring 12 : 11 -> 15 -> 14 comm 0x5bc1b10 nRanks 16 busId de000
nid005203:74128:74128 [7] NCCL INFO Ring 13 : 14 -> 15 -> 11 comm 0x5bc1b10 nRanks 16 busId de000
nid005203:74128:74128 [7] NCCL INFO Ring 14 : 14 -> 15 -> 7 comm 0x5bc1b10 nRanks 16 busId de000
nid005203:74128:74128 [7] NCCL INFO Ring 15 : 7 -> 15 -> 14 comm 0x5bc1b10 nRanks 16 busId de000
nid005203:74128:74128 [7] NCCL INFO Trees [0] 11/-1/-1->15->14 [1] 14/-1/-1->15->11 [2] 14/-1/-1->15->7 [3] -1/-1/-1->15->14 [4] 11/-1/-1->15->14 [5] 14/-1/-1->15->11 [6] 14/-1/-1->15->7 [7] -1/-1/-1->15->14 [8] 11/-1/-1->15->14 [9] 14/-1/-1->15->11 [10] 14/7/-1->15->-1 [11] -1/-1/-1->15->14 [12] 11/-1/-1->15->14 [13] 14/-1/-1->15->11 [14] 14/7/-1->15->-1 [15] -1/-1/-1->15->14 comm 0x5bc1b10 nRanks 16 busId de000
nid005203:74128:74128 [7] NCCL INFO P2P Chunksize set to 131072
nid005203:74128:74128 [7] NCCL INFO Channel 03/0 : 7[de000] -> 15[de000] [receive] via NET/AWS Libfabric/3 comm 0x5bc1b10 nRanks 16
nid005203:74128:74128 [7] NCCL INFO Channel 07/0 : 7[de000] -> 15[de000] [receive] via NET/AWS Libfabric/3 comm 0x5bc1b10 nRanks 16
nid005203:74128:74128 [7] NCCL INFO Channel 11/0 : 7[de000] -> 15[de000] [receive] via NET/AWS Libfabric/3 comm 0x5bc1b10 nRanks 16
nid005203:74128:74128 [7] NCCL INFO Channel 15/0 : 7[de000] -> 15[de000] [receive] via NET/AWS Libfabric/3 comm 0x5bc1b10 nRanks 16
nid005203:74128:74128 [7] NCCL INFO Channel 02/0 : 15[de000] -> 7[de000] [send] via NET/AWS Libfabric/3 comm 0x5bc1b10 nRanks 16
nid005203:74128:74128 [7] NCCL INFO Channel 06/0 : 15[de000] -> 7[de000] [send] via NET/AWS Libfabric/3 comm 0x5bc1b10 nRanks 16
nid005203:74128:74128 [7] NCCL INFO Channel 10/0 : 15[de000] -> 7[de000] [send] via NET/AWS Libfabric/3 comm 0x5bc1b10 nRanks 16
nid005203:74128:74128 [7] NCCL INFO Channel 14/0 : 15[de000] -> 7[de000] [send] via NET/AWS Libfabric/3 comm 0x5bc1b10 nRanks 16
nid005203:74128:74128 [7] NCCL INFO Channel 01/0 : 15[de000] -> 11[ce000] via P2P/IPC comm 0x5bc1b10 nRanks 16
nid005203:74128:74128 [7] NCCL INFO Channel 05/0 : 15[de000] -> 11[ce000] via P2P/IPC comm 0x5bc1b10 nRanks 16
nid005203:74128:74128 [7] NCCL INFO Channel 09/0 : 15[de000] -> 11[ce000] via P2P/IPC comm 0x5bc1b10 nRanks 16
nid005203:74128:74128 [7] NCCL INFO Channel 13/0 : 15[de000] -> 11[ce000] via P2P/IPC comm 0x5bc1b10 nRanks 16
nid005203:74128:74128 [7] NCCL INFO Channel 00/0 : 15[de000] -> 14[d9000] via P2P/IPC comm 0x5bc1b10 nRanks 16
nid005203:74128:74128 [7] NCCL INFO Channel 03/0 : 15[de000] -> 14[d9000] via P2P/IPC comm 0x5bc1b10 nRanks 16
nid005203:74128:74128 [7] NCCL INFO Channel 04/0 : 15[de000] -> 14[d9000] via P2P/IPC comm 0x5bc1b10 nRanks 16
nid005203:74128:74128 [7] NCCL INFO Channel 07/0 : 15[de000] -> 14[d9000] via P2P/IPC comm 0x5bc1b10 nRanks 16
nid005203:74128:74128 [7] NCCL INFO Channel 08/0 : 15[de000] -> 14[d9000] via P2P/IPC comm 0x5bc1b10 nRanks 16
nid005203:74128:74128 [7] NCCL INFO Channel 11/0 : 15[de000] -> 14[d9000] via P2P/IPC comm 0x5bc1b10 nRanks 16
nid005203:74128:74128 [7] NCCL INFO Channel 12/0 : 15[de000] -> 14[d9000] via P2P/IPC comm 0x5bc1b10 nRanks 16
nid005203:74128:74128 [7] NCCL INFO Channel 15/0 : 15[de000] -> 14[d9000] via P2P/IPC comm 0x5bc1b10 nRanks 16
nid005203:74128:74128 [7] NCCL INFO Channel 03/2 : 7[de000] -> 15[de000] [receive] via NET/AWS Libfabric/3 comm 0x5bc1b10 nRanks 16
nid005203:74128:74128 [7] NCCL INFO Channel 07/2 : 7[de000] -> 15[de000] [receive] via NET/AWS Libfabric/3 comm 0x5bc1b10 nRanks 16
nid005203:74128:74128 [7] NCCL INFO Channel 11/2 : 7[de000] -> 15[de000] [receive] via NET/AWS Libfabric/3 comm 0x5bc1b10 nRanks 16
nid005203:74128:74128 [7] NCCL INFO Channel 15/2 : 7[de000] -> 15[de000] [receive] via NET/AWS Libfabric/3 comm 0x5bc1b10 nRanks 16
nid005203:74128:74128 [7] NCCL INFO Channel 02/2 : 15[de000] -> 7[de000] [send] via NET/AWS Libfabric/3 comm 0x5bc1b10 nRanks 16
nid005203:74128:74128 [7] NCCL INFO Channel 06/2 : 15[de000] -> 7[de000] [send] via NET/AWS Libfabric/3 comm 0x5bc1b10 nRanks 16
nid005203:74128:74128 [7] NCCL INFO Channel 10/2 : 15[de000] -> 7[de000] [send] via NET/AWS Libfabric/3 comm 0x5bc1b10 nRanks 16
nid005202:79989:79989 [7] NCCL INFO Ring 14 : 15 -> 7 -> 6 comm 0x6bb4f40 nRanks 16 busId de000
nid005202:79989:79989 [7] NCCL INFO Ring 15 : 6 -> 7 -> 15 comm 0x6bb4f40 nRanks 16 busId de000
nid005202:79989:79989 [7] NCCL INFO Trees [0] 3/-1/-1->7->6 [1] 6/-1/-1->7->3 [2] 6/15/-1->7->-1 [3] -1/-1/-1->7->6 [4] 3/-1/-1->7->6 [5] 6/-1/-1->7->3 [6] 6/15/-1->7->-1 [7] -1/-1/-1->7->6 [8] 3/-1/-1->7->6 [9] 6/-1/-1->7->3 [10] 6/-1/-1->7->15 [11] -1/-1/-1->7->6 [12] 3/-1/-1->7->6 [13] 6/-1/-1->7->3 [14] 6/-1/-1->7->15 [15] -1/-1/-1->7->6 comm 0x6bb4f40 nRanks 16 busId de000
nid005202:79989:79989 [7] NCCL INFO P2P Chunksize set to 131072
nid005202:79989:79989 [7] NCCL INFO Channel 02/0 : 15[de000] -> 7[de000] [receive] via NET/AWS Libfabric/3 comm 0x6bb4f40 nRanks 16
nid005202:79989:79989 [7] NCCL INFO Channel 06/0 : 15[de000] -> 7[de000] [receive] via NET/AWS Libfabric/3 comm 0x6bb4f40 nRanks 16
nid005202:79989:79989 [7] NCCL INFO Channel 10/0 : 15[de000] -> 7[de000] [receive] via NET/AWS Libfabric/3 comm 0x6bb4f40 nRanks 16
nid005202:79989:79989 [7] NCCL INFO Channel 14/0 : 15[de000] -> 7[de000] [receive] via NET/AWS Libfabric/3 comm 0x6bb4f40 nRanks 16
nid005202:79989:79989 [7] NCCL INFO Channel 03/0 : 7[de000] -> 15[de000] [send] via NET/AWS Libfabric/3 comm 0x6bb4f40 nRanks 16
nid005202:79989:79989 [7] NCCL INFO Channel 07/0 : 7[de000] -> 15[de000] [send] via NET/AWS Libfabric/3 comm 0x6bb4f40 nRanks 16
nid005202:79989:79989 [7] NCCL INFO Channel 11/0 : 7[de000] -> 15[de000] [send] via NET/AWS Libfabric/3 comm 0x6bb4f40 nRanks 16
nid005202:79989:79989 [7] NCCL INFO Channel 15/0 : 7[de000] -> 15[de000] [send] via NET/AWS Libfabric/3 comm 0x6bb4f40 nRanks 16
nid005202:79989:79989 [7] NCCL INFO Channel 00/0 : 7[de000] -> 3[ce000] via P2P/IPC comm 0x6bb4f40 nRanks 16
nid005202:79989:79989 [7] NCCL INFO Channel 04/0 : 7[de000] -> 3[ce000] via P2P/IPC comm 0x6bb4f40 nRanks 16
nid005202:79989:79989 [7] NCCL INFO Channel 08/0 : 7[de000] -> 3[ce000] via P2P/IPC comm 0x6bb4f40 nRanks 16
nid005202:79989:79989 [7] NCCL INFO Channel 12/0 : 7[de000] -> 3[ce000] via P2P/IPC comm 0x6bb4f40 nRanks 16
nid005202:79989:79989 [7] NCCL INFO Channel 01/0 : 7[de000] -> 6[d9000] via P2P/IPC comm 0x6bb4f40 nRanks 16
nid005202:79989:79989 [7] NCCL INFO Channel 02/0 : 7[de000] -> 6[d9000] via P2P/IPC comm 0x6bb4f40 nRanks 16
nid005202:79989:79989 [7] NCCL INFO Channel 05/0 : 7[de000] -> 6[d9000] via P2P/IPC comm 0x6bb4f40 nRanks 16
nid005202:79989:79989 [7] NCCL INFO Channel 06/0 : 7[de000] -> 6[d9000] via P2P/IPC comm 0x6bb4f40 nRanks 16
nid005202:79989:79989 [7] NCCL INFO Channel 09/0 : 7[de000] -> 6[d9000] via P2P/IPC comm 0x6bb4f40 nRanks 16
nid005202:79989:79989 [7] NCCL INFO Channel 10/0 : 7[de000] -> 6[d9000] via P2P/IPC comm 0x6bb4f40 nRanks 16
nid005202:79989:79989 [7] NCCL INFO Channel 13/0 : 7[de000] -> 6[d9000] via P2P/IPC comm 0x6bb4f40 nRanks 16
nid005202:79989:79989 [7] NCCL INFO Channel 14/0 : 7[de000] -> 6[d9000] via P2P/IPC comm 0x6bb4f40 nRanks 16
nid005202:79989:79989 [7] NCCL INFO Channel 02/2 : 15[de000] -> 7[de000] [receive] via NET/AWS Libfabric/3 comm 0x6bb4f40 nRanks 16
nid005202:79989:79989 [7] NCCL INFO Channel 06/2 : 15[de000] -> 7[de000] [receive] via NET/AWS Libfabric/3 comm 0x6bb4f40 nRanks 16
nid005202:79989:79989 [7] NCCL INFO Channel 10/2 : 15[de000] -> 7[de000] [receive] via NET/AWS Libfabric/3 comm 0x6bb4f40 nRanks 16
nid005202:79989:79989 [7] NCCL INFO Channel 14/2 : 15[de000] -> 7[de000] [receive] via NET/AWS Libfabric/3 comm 0x6bb4f40 nRanks 16
nid005202:79989:79989 [7] NCCL INFO Channel 03/2 : 7[de000] -> 15[de000] [send] via NET/AWS Libfabric/3 comm 0x6bb4f40 nRanks 16
nid005202:79989:79989 [7] NCCL INFO Channel 07/2 : 7[de000] -> 15[de000] [send] via NET/AWS Libfabric/3 comm 0x6bb4f40 nRanks 16
nid005203:74126:74126 [5] NCCL INFO Ring 12 : 12 -> 13 -> 9 comm 0x723b040 nRanks 16 busId d6000
nid005203:74126:74126 [5] NCCL INFO Ring 13 : 9 -> 13 -> 12 comm 0x723b040 nRanks 16 busId d6000
nid005203:74126:74126 [5] NCCL INFO Ring 14 : 5 -> 13 -> 12 comm 0x723b040 nRanks 16 busId d6000
nid005203:74126:74126 [5] NCCL INFO Ring 15 : 12 -> 13 -> 5 comm 0x723b040 nRanks 16 busId d6000
nid005203:74126:74126 [5] NCCL INFO Trees [0] 12/-1/-1->13->9 [1] 9/-1/-1->13->12 [2] -1/-1/-1->13->12 [3] 12/-1/-1->13->5 [4] 12/-1/-1->13->9 [5] 9/-1/-1->13->12 [6] -1/-1/-1->13->12 [7] 12/-1/-1->13->5 [8] 12/-1/-1->13->9 [9] 9/-1/-1->13->12 [10] -1/-1/-1->13->12 [11] 12/5/-1->13->-1 [12] 12/-1/-1->13->9 [13] 9/-1/-1->13->12 [14] -1/-1/-1->13->12 [15] 12/5/-1->13->-1 comm 0x723b040 nRanks 16 busId d6000
nid005203:74126:74126 [5] NCCL INFO P2P Chunksize set to 131072
nid005203:74126:74126 [5] NCCL INFO Channel 02/0 : 5[d6000] -> 13[d6000] [receive] via NET/AWS Libfabric/2 comm 0x723b040 nRanks 16
nid005202:79989:79989 [7] NCCL INFO Channel 11/2 : 7[de000] -> 15[de000] [send] via NET/AWS Libfabric/3 comm 0x6bb4f40 nRanks 16
nid005202:79989:79989 [7] NCCL INFO Channel 15/2 : 7[de000] -> 15[de000] [send] via NET/AWS Libfabric/3 comm 0x6bb4f40 nRanks 16
nid005203:74126:74126 [5] NCCL INFO Channel 06/0 : 5[d6000] -> 13[d6000] [receive] via NET/AWS Libfabric/2 comm 0x723b040 nRanks 16
nid005203:74126:74126 [5] NCCL INFO Channel 10/0 : 5[d6000] -> 13[d6000] [receive] via NET/AWS Libfabric/2 comm 0x723b040 nRanks 16
nid005203:74126:74126 [5] NCCL INFO Channel 14/0 : 5[d6000] -> 13[d6000] [receive] via NET/AWS Libfabric/2 comm 0x723b040 nRanks 16
nid005203:74126:74126 [5] NCCL INFO Channel 03/0 : 13[d6000] -> 5[d6000] [send] via NET/AWS Libfabric/2 comm 0x723b040 nRanks 16
nid005203:74126:74126 [5] NCCL INFO Channel 07/0 : 13[d6000] -> 5[d6000] [send] via NET/AWS Libfabric/2 comm 0x723b040 nRanks 16
nid005203:74126:74126 [5] NCCL INFO Channel 11/0 : 13[d6000] -> 5[d6000] [send] via NET/AWS Libfabric/2 comm 0x723b040 nRanks 16
nid005203:74126:74126 [5] NCCL INFO Channel 15/0 : 13[d6000] -> 5[d6000] [send] via NET/AWS Libfabric/2 comm 0x723b040 nRanks 16
nid005203:74126:74126 [5] NCCL INFO Channel 00/0 : 13[d6000] -> 9[c6000] via P2P/IPC comm 0x723b040 nRanks 16
nid005203:74126:74126 [5] NCCL INFO Channel 04/0 : 13[d6000] -> 9[c6000] via P2P/IPC comm 0x723b040 nRanks 16
nid005203:74126:74126 [5] NCCL INFO Channel 08/0 : 13[d6000] -> 9[c6000] via P2P/IPC comm 0x723b040 nRanks 16
nid005203:74126:74126 [5] NCCL INFO Channel 12/0 : 13[d6000] -> 9[c6000] via P2P/IPC comm 0x723b040 nRanks 16
nid005203:74126:74126 [5] NCCL INFO Channel 01/0 : 13[d6000] -> 12[d1000] via P2P/IPC comm 0x723b040 nRanks 16
nid005203:74126:74126 [5] NCCL INFO Channel 02/0 : 13[d6000] -> 12[d1000] via P2P/IPC comm 0x723b040 nRanks 16
nid005203:74126:74126 [5] NCCL INFO Channel 05/0 : 13[d6000] -> 12[d1000] via P2P/IPC comm 0x723b040 nRanks 16
nid005203:74126:74126 [5] NCCL INFO Channel 06/0 : 13[d6000] -> 12[d1000] via P2P/IPC comm 0x723b040 nRanks 16
nid005203:74126:74126 [5] NCCL INFO Channel 09/0 : 13[d6000] -> 12[d1000] via P2P/IPC comm 0x723b040 nRanks 16
nid005203:74126:74126 [5] NCCL INFO Channel 10/0 : 13[d6000] -> 12[d1000] via P2P/IPC comm 0x723b040 nRanks 16
nid005203:74126:74126 [5] NCCL INFO Channel 13/0 : 13[d6000] -> 12[d1000] via P2P/IPC comm 0x723b040 nRanks 16
nid005203:74126:74126 [5] NCCL INFO Channel 14/0 : 13[d6000] -> 12[d1000] via P2P/IPC comm 0x723b040 nRanks 16
nid005203:74126:74126 [5] NCCL INFO Channel 02/2 : 5[d6000] -> 13[d6000] [receive] via NET/AWS Libfabric/2 comm 0x723b040 nRanks 16
nid005203:74126:74126 [5] NCCL INFO Channel 06/2 : 5[d6000] -> 13[d6000] [receive] via NET/AWS Libfabric/2 comm 0x723b040 nRanks 16
nid005203:74126:74126 [5] NCCL INFO Channel 10/2 : 5[d6000] -> 13[d6000] [receive] via NET/AWS Libfabric/2 comm 0x723b040 nRanks 16
nid005203:74126:74126 [5] NCCL INFO Channel 14/2 : 5[d6000] -> 13[d6000] [receive] via NET/AWS Libfabric/2 comm 0x723b040 nRanks 16
nid005203:74126:74126 [5] NCCL INFO Channel 03/2 : 13[d6000] -> 5[d6000] [send] via NET/AWS Libfabric/2 comm 0x723b040 nRanks 16
nid005203:74126:74126 [5] NCCL INFO Channel 07/2 : 13[d6000] -> 5[d6000] [send] via NET/AWS Libfabric/2 comm 0x723b040 nRanks 16
nid005203:74126:74126 [5] NCCL INFO Channel 11/2 : 13[d6000] -> 5[d6000] [send] via NET/AWS Libfabric/2 comm 0x723b040 nRanks 16
nid005202:79987:79987 [5] NCCL INFO Ring 14 : 4 -> 5 -> 13 comm 0x6b488e0 nRanks 16 busId d6000
nid005202:79987:79987 [5] NCCL INFO Ring 15 : 13 -> 5 -> 4 comm 0x6b488e0 nRanks 16 busId d6000
nid005202:79987:79987 [5] NCCL INFO Trees [0] 4/-1/-1->5->1 [1] 1/-1/-1->5->4 [2] -1/-1/-1->5->4 [3] 4/13/-1->5->-1 [4] 4/-1/-1->5->1 [5] 1/-1/-1->5->4 [6] -1/-1/-1->5->4 [7] 4/13/-1->5->-1 [8] 4/-1/-1->5->1 [9] 1/-1/-1->5->4 [10] -1/-1/-1->5->4 [11] 4/-1/-1->5->13 [12] 4/-1/-1->5->1 [13] 1/-1/-1->5->4 [14] -1/-1/-1->5->4 [15] 4/-1/-1->5->13 comm 0x6b488e0 nRanks 16 busId d6000
nid005202:79987:79987 [5] NCCL INFO P2P Chunksize set to 131072
nid005202:79987:79987 [5] NCCL INFO Channel 03/0 : 13[d6000] -> 5[d6000] [receive] via NET/AWS Libfabric/2 comm 0x6b488e0 nRanks 16
nid005202:79987:79987 [5] NCCL INFO Channel 07/0 : 13[d6000] -> 5[d6000] [receive] via NET/AWS Libfabric/2 comm 0x6b488e0 nRanks 16
nid005202:79987:79987 [5] NCCL INFO Channel 11/0 : 13[d6000] -> 5[d6000] [receive] via NET/AWS Libfabric/2 comm 0x6b488e0 nRanks 16
nid005202:79987:79987 [5] NCCL INFO Channel 15/0 : 13[d6000] -> 5[d6000] [receive] via NET/AWS Libfabric/2 comm 0x6b488e0 nRanks 16
nid005202:79987:79987 [5] NCCL INFO Channel 02/0 : 5[d6000] -> 13[d6000] [send] via NET/AWS Libfabric/2 comm 0x6b488e0 nRanks 16
nid005202:79987:79987 [5] NCCL INFO Channel 06/0 : 5[d6000] -> 13[d6000] [send] via NET/AWS Libfabric/2 comm 0x6b488e0 nRanks 16
nid005202:79987:79987 [5] NCCL INFO Channel 10/0 : 5[d6000] -> 13[d6000] [send] via NET/AWS Libfabric/2 comm 0x6b488e0 nRanks 16
nid005202:79987:79987 [5] NCCL INFO Channel 14/0 : 5[d6000] -> 13[d6000] [send] via NET/AWS Libfabric/2 comm 0x6b488e0 nRanks 16
nid005202:79987:79987 [5] NCCL INFO Channel 01/0 : 5[d6000] -> 1[c6000] via P2P/IPC comm 0x6b488e0 nRanks 16
nid005202:79987:79987 [5] NCCL INFO Channel 05/0 : 5[d6000] -> 1[c6000] via P2P/IPC comm 0x6b488e0 nRanks 16
nid005202:79987:79987 [5] NCCL INFO Channel 09/0 : 5[d6000] -> 1[c6000] via P2P/IPC comm 0x6b488e0 nRanks 16
nid005202:79987:79987 [5] NCCL INFO Channel 13/0 : 5[d6000] -> 1[c6000] via P2P/IPC comm 0x6b488e0 nRanks 16
nid005202:79987:79987 [5] NCCL INFO Channel 00/0 : 5[d6000] -> 4[d1000] via P2P/IPC comm 0x6b488e0 nRanks 16
nid005202:79987:79987 [5] NCCL INFO Channel 03/0 : 5[d6000] -> 4[d1000] via P2P/IPC comm 0x6b488e0 nRanks 16
nid005202:79987:79987 [5] NCCL INFO Channel 04/0 : 5[d6000] -> 4[d1000] via P2P/IPC comm 0x6b488e0 nRanks 16
nid005202:79987:79987 [5] NCCL INFO Channel 07/0 : 5[d6000] -> 4[d1000] via P2P/IPC comm 0x6b488e0 nRanks 16
nid005202:79987:79987 [5] NCCL INFO Channel 08/0 : 5[d6000] -> 4[d1000] via P2P/IPC comm 0x6b488e0 nRanks 16
nid005202:79987:79987 [5] NCCL INFO Channel 11/0 : 5[d6000] -> 4[d1000] via P2P/IPC comm 0x6b488e0 nRanks 16
nid005202:79987:79987 [5] NCCL INFO Channel 12/0 : 5[d6000] -> 4[d1000] via P2P/IPC comm 0x6b488e0 nRanks 16
nid005202:79987:79987 [5] NCCL INFO Channel 15/0 : 5[d6000] -> 4[d1000] via P2P/IPC comm 0x6b488e0 nRanks 16
nid005202:79987:79987 [5] NCCL INFO Channel 03/2 : 13[d6000] -> 5[d6000] [receive] via NET/AWS Libfabric/2 comm 0x6b488e0 nRanks 16
nid005202:79987:79987 [5] NCCL INFO Channel 07/2 : 13[d6000] -> 5[d6000] [receive] via NET/AWS Libfabric/2 comm 0x6b488e0 nRanks 16
nid005202:79987:79987 [5] NCCL INFO Channel 11/2 : 13[d6000] -> 5[d6000] [receive] via NET/AWS Libfabric/2 comm 0x6b488e0 nRanks 16
nid005202:79987:79987 [5] NCCL INFO Channel 15/2 : 13[d6000] -> 5[d6000] [receive] via NET/AWS Libfabric/2 comm 0x6b488e0 nRanks 16
nid005202:79987:79987 [5] NCCL INFO Channel 02/2 : 5[d6000] -> 13[d6000] [send] via NET/AWS Libfabric/2 comm 0x6b488e0 nRanks 16
nid005202:79987:79987 [5] NCCL INFO Channel 06/2 : 5[d6000] -> 13[d6000] [send] via NET/AWS Libfabric/2 comm 0x6b488e0 nRanks 16
nid005202:79987:79987 [5] NCCL INFO Channel 10/2 : 5[d6000] -> 13[d6000] [send] via NET/AWS Libfabric/2 comm 0x6b488e0 nRanks 16
nid005202:79987:79987 [5] NCCL INFO Channel 14/2 : 5[d6000] -> 13[d6000] [send] via NET/AWS Libfabric/2 comm 0x6b488e0 nRanks 16
nid005203:74125:74125 [4] NCCL INFO Ring 12 : 14 -> 12 -> 13 comm 0x63b44d0 nRanks 16 busId d1000
nid005203:74125:74125 [4] NCCL INFO Ring 13 : 13 -> 12 -> 14 comm 0x63b44d0 nRanks 16 busId d1000
nid005203:74125:74125 [4] NCCL INFO Ring 14 : 13 -> 12 -> 10 comm 0x63b44d0 nRanks 16 busId d1000
nid005203:74125:74125 [4] NCCL INFO Ring 15 : 10 -> 12 -> 13 comm 0x63b44d0 nRanks 16 busId d1000
nid005203:74125:74125 [4] NCCL INFO Trees [0] 14/-1/-1->12->13 [1] 13/-1/-1->12->14 [2] 13/-1/-1->12->10 [3] 10/-1/-1->12->13 [4] 14/-1/-1->12->13 [5] 13/-1/-1->12->14 [6] 13/-1/-1->12->10 [7] 10/-1/-1->12->13 [8] 14/-1/-1->12->13 [9] 13/-1/-1->12->14 [10] 13/-1/-1->12->10 [11] 10/-1/-1->12->13 [12] 14/-1/-1->12->13 [13] 13/-1/-1->12->14 [14] 13/-1/-1->12->10 [15] 10/-1/-1->12->13 comm 0x63b44d0 nRanks 16 busId d1000
nid005203:74125:74125 [4] NCCL INFO P2P Chunksize set to 131072
nid005203:74125:74125 [4] NCCL INFO Channel 00/0 : 12[d1000] -> 13[d6000] via P2P/IPC comm 0x63b44d0 nRanks 16
nid005203:74125:74125 [4] NCCL INFO Channel 03/0 : 12[d1000] -> 13[d6000] via P2P/IPC comm 0x63b44d0 nRanks 16
nid005203:74125:74125 [4] NCCL INFO Channel 04/0 : 12[d1000] -> 13[d6000] via P2P/IPC comm 0x63b44d0 nRanks 16
nid005203:74125:74125 [4] NCCL INFO Channel 07/0 : 12[d1000] -> 13[d6000] via P2P/IPC comm 0x63b44d0 nRanks 16
nid005203:74125:74125 [4] NCCL INFO Channel 08/0 : 12[d1000] -> 13[d6000] via P2P/IPC comm 0x63b44d0 nRanks 16
nid005203:74125:74125 [4] NCCL INFO Channel 11/0 : 12[d1000] -> 13[d6000] via P2P/IPC comm 0x63b44d0 nRanks 16
nid005203:74125:74125 [4] NCCL INFO Channel 12/0 : 12[d1000] -> 13[d6000] via P2P/IPC comm 0x63b44d0 nRanks 16
nid005203:74125:74125 [4] NCCL INFO Channel 15/0 : 12[d1000] -> 13[d6000] via P2P/IPC comm 0x63b44d0 nRanks 16
nid005203:74125:74125 [4] NCCL INFO Channel 01/0 : 12[d1000] -> 14[d9000] via P2P/IPC comm 0x63b44d0 nRanks 16
nid005203:74125:74125 [4] NCCL INFO Channel 05/0 : 12[d1000] -> 14[d9000] via P2P/IPC comm 0x63b44d0 nRanks 16
nid005203:74125:74125 [4] NCCL INFO Channel 09/0 : 12[d1000] -> 14[d9000] via P2P/IPC comm 0x63b44d0 nRanks 16
nid005203:74125:74125 [4] NCCL INFO Channel 13/0 : 12[d1000] -> 14[d9000] via P2P/IPC comm 0x63b44d0 nRanks 16
nid005203:74125:74125 [4] NCCL INFO Channel 02/0 : 12[d1000] -> 10[c9000] via P2P/IPC comm 0x63b44d0 nRanks 16
nid005203:74125:74125 [4] NCCL INFO Channel 06/0 : 12[d1000] -> 10[c9000] via P2P/IPC comm 0x63b44d0 nRanks 16
nid005203:74125:74125 [4] NCCL INFO Channel 10/0 : 12[d1000] -> 10[c9000] via P2P/IPC comm 0x63b44d0 nRanks 16
nid005203:74125:74125 [4] NCCL INFO Channel 14/0 : 12[d1000] -> 10[c9000] via P2P/IPC comm 0x63b44d0 nRanks 16
nid005203:74125:74125 [4] NCCL INFO Channel 00/2 : 12[d1000] -> 13[d6000] via P2P/IPC comm 0x63b44d0 nRanks 16
nid005203:74125:74125 [4] NCCL INFO Channel 03/2 : 12[d1000] -> 13[d6000] via P2P/IPC comm 0x63b44d0 nRanks 16
nid005203:74125:74125 [4] NCCL INFO Channel 04/2 : 12[d1000] -> 13[d6000] via P2P/IPC comm 0x63b44d0 nRanks 16
nid005203:74125:74125 [4] NCCL INFO Channel 07/2 : 12[d1000] -> 13[d6000] via P2P/IPC comm 0x63b44d0 nRanks 16
nid005203:74125:74125 [4] NCCL INFO Channel 08/2 : 12[d1000] -> 13[d6000] via P2P/IPC comm 0x63b44d0 nRanks 16
nid005203:74125:74125 [4] NCCL INFO Channel 11/2 : 12[d1000] -> 13[d6000] via P2P/IPC comm 0x63b44d0 nRanks 16
nid005203:74125:74125 [4] NCCL INFO Channel 12/2 : 12[d1000] -> 13[d6000] via P2P/IPC comm 0x63b44d0 nRanks 16
nid005203:74125:74125 [4] NCCL INFO Channel 15/2 : 12[d1000] -> 13[d6000] via P2P/IPC comm 0x63b44d0 nRanks 16
nid005203:74125:74125 [4] NCCL INFO Channel 01/2 : 12[d1000] -> 14[d9000] via P2P/IPC comm 0x63b44d0 nRanks 16
nid005203:74125:74125 [4] NCCL INFO Channel 05/2 : 12[d1000] -> 14[d9000] via P2P/IPC comm 0x63b44d0 nRanks 16
nid005203:74125:74125 [4] NCCL INFO Channel 09/2 : 12[d1000] -> 14[d9000] via P2P/IPC comm 0x63b44d0 nRanks 16
nid005203:74125:74125 [4] NCCL INFO Channel 13/2 : 12[d1000] -> 14[d9000] via P2P/IPC comm 0x63b44d0 nRanks 16
nid005203:74125:74125 [4] NCCL INFO Channel 02/2 : 12[d1000] -> 10[c9000] via P2P/IPC comm 0x63b44d0 nRanks 16
nid005203:74127:74127 [6] NCCL INFO Ring 12 : 15 -> 14 -> 12 comm 0x5231240 nRanks 16 busId d9000
nid005203:74127:74127 [6] NCCL INFO Ring 13 : 12 -> 14 -> 15 comm 0x5231240 nRanks 16 busId d9000
nid005203:74127:74127 [6] NCCL INFO Ring 14 : 8 -> 14 -> 15 comm 0x5231240 nRanks 16 busId d9000
nid005203:74127:74127 [6] NCCL INFO Ring 15 : 15 -> 14 -> 8 comm 0x5231240 nRanks 16 busId d9000
nid005203:74127:74127 [6] NCCL INFO Trees [0] 15/-1/-1->14->12 [1] 12/-1/-1->14->15 [2] 8/-1/-1->14->15 [3] 15/-1/-1->14->8 [4] 15/-1/-1->14->12 [5] 12/-1/-1->14->15 [6] 8/-1/-1->14->15 [7] 15/-1/-1->14->8 [8] 15/-1/-1->14->12 [9] 12/-1/-1->14->15 [10] 8/-1/-1->14->15 [11] 15/-1/-1->14->8 [12] 15/-1/-1->14->12 [13] 12/-1/-1->14->15 [14] 8/-1/-1->14->15 [15] 15/-1/-1->14->8 comm 0x5231240 nRanks 16 busId d9000
nid005203:74127:74127 [6] NCCL INFO P2P Chunksize set to 131072
nid005203:74127:74127 [6] NCCL INFO Channel 01/0 : 14[d9000] -> 15[de000] via P2P/IPC comm 0x5231240 nRanks 16
nid005203:74127:74127 [6] NCCL INFO Channel 02/0 : 14[d9000] -> 15[de000] via P2P/IPC comm 0x5231240 nRanks 16
nid005203:74127:74127 [6] NCCL INFO Channel 05/0 : 14[d9000] -> 15[de000] via P2P/IPC comm 0x5231240 nRanks 16
nid005203:74127:74127 [6] NCCL INFO Channel 06/0 : 14[d9000] -> 15[de000] via P2P/IPC comm 0x5231240 nRanks 16
nid005203:74127:74127 [6] NCCL INFO Channel 09/0 : 14[d9000] -> 15[de000] via P2P/IPC comm 0x5231240 nRanks 16
nid005203:74127:74127 [6] NCCL INFO Channel 10/0 : 14[d9000] -> 15[de000] via P2P/IPC comm 0x5231240 nRanks 16
nid005203:74127:74127 [6] NCCL INFO Channel 13/0 : 14[d9000] -> 15[de000] via P2P/IPC comm 0x5231240 nRanks 16
nid005203:74127:74127 [6] NCCL INFO Channel 14/0 : 14[d9000] -> 15[de000] via P2P/IPC comm 0x5231240 nRanks 16
nid005203:74127:74127 [6] NCCL INFO Channel 03/0 : 14[d9000] -> 8[c1000] via P2P/IPC comm 0x5231240 nRanks 16
nid005203:74127:74127 [6] NCCL INFO Channel 07/0 : 14[d9000] -> 8[c1000] via P2P/IPC comm 0x5231240 nRanks 16
nid005203:74127:74127 [6] NCCL INFO Channel 11/0 : 14[d9000] -> 8[c1000] via P2P/IPC comm 0x5231240 nRanks 16
nid005203:74127:74127 [6] NCCL INFO Channel 15/0 : 14[d9000] -> 8[c1000] via P2P/IPC comm 0x5231240 nRanks 16
nid005203:74127:74127 [6] NCCL INFO Channel 00/0 : 14[d9000] -> 12[d1000] via P2P/IPC comm 0x5231240 nRanks 16
nid005203:74127:74127 [6] NCCL INFO Channel 04/0 : 14[d9000] -> 12[d1000] via P2P/IPC comm 0x5231240 nRanks 16
nid005203:74127:74127 [6] NCCL INFO Channel 08/0 : 14[d9000] -> 12[d1000] via P2P/IPC comm 0x5231240 nRanks 16
nid005203:74127:74127 [6] NCCL INFO Channel 12/0 : 14[d9000] -> 12[d1000] via P2P/IPC comm 0x5231240 nRanks 16
nid005203:74127:74127 [6] NCCL INFO Channel 01/2 : 14[d9000] -> 15[de000] via P2P/IPC comm 0x5231240 nRanks 16
nid005203:74127:74127 [6] NCCL INFO Channel 02/2 : 14[d9000] -> 15[de000] via P2P/IPC comm 0x5231240 nRanks 16
nid005203:74127:74127 [6] NCCL INFO Channel 05/2 : 14[d9000] -> 15[de000] via P2P/IPC comm 0x5231240 nRanks 16
nid005203:74127:74127 [6] NCCL INFO Channel 06/2 : 14[d9000] -> 15[de000] via P2P/IPC comm 0x5231240 nRanks 16
nid005203:74127:74127 [6] NCCL INFO Channel 09/2 : 14[d9000] -> 15[de000] via P2P/IPC comm 0x5231240 nRanks 16
nid005203:74127:74127 [6] NCCL INFO Channel 10/2 : 14[d9000] -> 15[de000] via P2P/IPC comm 0x5231240 nRanks 16
nid005203:74127:74127 [6] NCCL INFO Channel 13/2 : 14[d9000] -> 15[de000] via P2P/IPC comm 0x5231240 nRanks 16
nid005203:74127:74127 [6] NCCL INFO Channel 14/2 : 14[d9000] -> 15[de000] via P2P/IPC comm 0x5231240 nRanks 16
nid005203:74127:74127 [6] NCCL INFO Channel 03/2 : 14[d9000] -> 8[c1000] via P2P/IPC comm 0x5231240 nRanks 16
nid005203:74127:74127 [6] NCCL INFO Channel 07/2 : 14[d9000] -> 8[c1000] via P2P/IPC comm 0x5231240 nRanks 16
nid005203:74127:74127 [6] NCCL INFO Channel 11/2 : 14[d9000] -> 8[c1000] via P2P/IPC comm 0x5231240 nRanks 16
nid005203:74127:74127 [6] NCCL INFO Channel 15/2 : 14[d9000] -> 8[c1000] via P2P/IPC comm 0x5231240 nRanks 16
nid005203:74127:74127 [6] NCCL INFO Channel 00/2 : 14[d9000] -> 12[d1000] via P2P/IPC comm 0x5231240 nRanks 16
nid005203:74124:74124 [3] NCCL INFO Ring 12 : 10 -> 11 -> 15 comm 0x30d87e0 nRanks 16 busId ce000
nid005203:74124:74124 [3] NCCL INFO Ring 13 : 15 -> 11 -> 10 comm 0x30d87e0 nRanks 16 busId ce000
nid005203:74124:74124 [3] NCCL INFO Ring 14 : 10 -> 11 -> 9 comm 0x30d87e0 nRanks 16 busId ce000
nid005203:74124:74124 [3] NCCL INFO Ring 15 : 9 -> 11 -> 10 comm 0x30d87e0 nRanks 16 busId ce000
nid005203:74124:74124 [3] NCCL INFO Trees [0] 10/-1/-1->11->15 [1] 15/-1/-1->11->10 [2] 10/-1/-1->11->9 [3] 9/-1/-1->11->10 [4] 10/-1/-1->11->15 [5] 15/-1/-1->11->10 [6] 10/-1/-1->11->9 [7] 9/-1/-1->11->10 [8] 10/-1/-1->11->15 [9] 15/-1/-1->11->10 [10] 10/-1/-1->11->9 [11] 9/-1/-1->11->10 [12] 10/-1/-1->11->15 [13] 15/-1/-1->11->10 [14] 10/-1/-1->11->9 [15] 9/-1/-1->11->10 comm 0x30d87e0 nRanks 16 busId ce000
nid005203:74124:74124 [3] NCCL INFO P2P Chunksize set to 131072
nid005203:74124:74124 [3] NCCL INFO Channel 00/0 : 11[ce000] -> 15[de000] via P2P/IPC comm 0x30d87e0 nRanks 16
nid005203:74124:74124 [3] NCCL INFO Channel 04/0 : 11[ce000] -> 15[de000] via P2P/IPC comm 0x30d87e0 nRanks 16
nid005203:74124:74124 [3] NCCL INFO Channel 08/0 : 11[ce000] -> 15[de000] via P2P/IPC comm 0x30d87e0 nRanks 16
nid005203:74124:74124 [3] NCCL INFO Channel 12/0 : 11[ce000] -> 15[de000] via P2P/IPC comm 0x30d87e0 nRanks 16
nid005203:74124:74124 [3] NCCL INFO Channel 02/0 : 11[ce000] -> 9[c6000] via P2P/IPC comm 0x30d87e0 nRanks 16
nid005203:74124:74124 [3] NCCL INFO Channel 06/0 : 11[ce000] -> 9[c6000] via P2P/IPC comm 0x30d87e0 nRanks 16
nid005203:74124:74124 [3] NCCL INFO Channel 10/0 : 11[ce000] -> 9[c6000] via P2P/IPC comm 0x30d87e0 nRanks 16
nid005203:74124:74124 [3] NCCL INFO Channel 14/0 : 11[ce000] -> 9[c6000] via P2P/IPC comm 0x30d87e0 nRanks 16
nid005203:74124:74124 [3] NCCL INFO Channel 01/0 : 11[ce000] -> 10[c9000] via P2P/IPC comm 0x30d87e0 nRanks 16
nid005203:74124:74124 [3] NCCL INFO Channel 03/0 : 11[ce000] -> 10[c9000] via P2P/IPC comm 0x30d87e0 nRanks 16
nid005203:74124:74124 [3] NCCL INFO Channel 05/0 : 11[ce000] -> 10[c9000] via P2P/IPC comm 0x30d87e0 nRanks 16
nid005203:74124:74124 [3] NCCL INFO Channel 07/0 : 11[ce000] -> 10[c9000] via P2P/IPC comm 0x30d87e0 nRanks 16
nid005203:74124:74124 [3] NCCL INFO Channel 09/0 : 11[ce000] -> 10[c9000] via P2P/IPC comm 0x30d87e0 nRanks 16
nid005203:74124:74124 [3] NCCL INFO Channel 11/0 : 11[ce000] -> 10[c9000] via P2P/IPC comm 0x30d87e0 nRanks 16
nid005203:74124:74124 [3] NCCL INFO Channel 13/0 : 11[ce000] -> 10[c9000] via P2P/IPC comm 0x30d87e0 nRanks 16
nid005203:74124:74124 [3] NCCL INFO Channel 15/0 : 11[ce000] -> 10[c9000] via P2P/IPC comm 0x30d87e0 nRanks 16
nid005203:74124:74124 [3] NCCL INFO Channel 00/2 : 11[ce000] -> 15[de000] via P2P/IPC comm 0x30d87e0 nRanks 16
nid005203:74124:74124 [3] NCCL INFO Channel 04/2 : 11[ce000] -> 15[de000] via P2P/IPC comm 0x30d87e0 nRanks 16
nid005203:74124:74124 [3] NCCL INFO Channel 08/2 : 11[ce000] -> 15[de000] via P2P/IPC comm 0x30d87e0 nRanks 16
nid005203:74124:74124 [3] NCCL INFO Channel 12/2 : 11[ce000] -> 15[de000] via P2P/IPC comm 0x30d87e0 nRanks 16
nid005203:74124:74124 [3] NCCL INFO Channel 02/2 : 11[ce000] -> 9[c6000] via P2P/IPC comm 0x30d87e0 nRanks 16
nid005203:74124:74124 [3] NCCL INFO Channel 06/2 : 11[ce000] -> 9[c6000] via P2P/IPC comm 0x30d87e0 nRanks 16
nid005203:74124:74124 [3] NCCL INFO Channel 10/2 : 11[ce000] -> 9[c6000] via P2P/IPC comm 0x30d87e0 nRanks 16
nid005203:74124:74124 [3] NCCL INFO Channel 14/2 : 11[ce000] -> 9[c6000] via P2P/IPC comm 0x30d87e0 nRanks 16
nid005203:74124:74124 [3] NCCL INFO Channel 01/2 : 11[ce000] -> 10[c9000] via P2P/IPC comm 0x30d87e0 nRanks 16
nid005203:74124:74124 [3] NCCL INFO Channel 03/2 : 11[ce000] -> 10[c9000] via P2P/IPC comm 0x30d87e0 nRanks 16
nid005203:74124:74124 [3] NCCL INFO Channel 05/2 : 11[ce000] -> 10[c9000] via P2P/IPC comm 0x30d87e0 nRanks 16
nid005203:74124:74124 [3] NCCL INFO Channel 07/2 : 11[ce000] -> 10[c9000] via P2P/IPC comm 0x30d87e0 nRanks 16
nid005203:74124:74124 [3] NCCL INFO Channel 09/2 : 11[ce000] -> 10[c9000] via P2P/IPC comm 0x30d87e0 nRanks 16
nid005203:74122:74122 [1] NCCL INFO Ring 12 : 13 -> 9 -> 8 comm 0x722fc50 nRanks 16 busId c6000
nid005203:74122:74122 [1] NCCL INFO Ring 13 : 8 -> 9 -> 13 comm 0x722fc50 nRanks 16 busId c6000
nid005203:74122:74122 [1] NCCL INFO Ring 14 : 11 -> 9 -> 8 comm 0x722fc50 nRanks 16 busId c6000
nid005203:74122:74122 [1] NCCL INFO Ring 15 : 8 -> 9 -> 11 comm 0x722fc50 nRanks 16 busId c6000
nid005203:74122:74122 [1] NCCL INFO Trees [0] 13/-1/-1->9->8 [1] 8/-1/-1->9->13 [2] 11/-1/-1->9->8 [3] 8/-1/-1->9->11 [4] 13/-1/-1->9->8 [5] 8/-1/-1->9->13 [6] 11/-1/-1->9->8 [7] 8/-1/-1->9->11 [8] 13/-1/-1->9->8 [9] 8/-1/-1->9->13 [10] 11/-1/-1->9->8 [11] 8/-1/-1->9->11 [12] 13/-1/-1->9->8 [13] 8/-1/-1->9->13 [14] 11/-1/-1->9->8 [15] 8/-1/-1->9->11 comm 0x722fc50 nRanks 16 busId c6000
nid005203:74122:74122 [1] NCCL INFO P2P Chunksize set to 131072
nid005203:74122:74122 [1] NCCL INFO Channel 03/0 : 9[c6000] -> 11[ce000] via P2P/IPC comm 0x722fc50 nRanks 16
nid005203:74122:74122 [1] NCCL INFO Channel 07/0 : 9[c6000] -> 11[ce000] via P2P/IPC comm 0x722fc50 nRanks 16
nid005203:74122:74122 [1] NCCL INFO Channel 11/0 : 9[c6000] -> 11[ce000] via P2P/IPC comm 0x722fc50 nRanks 16
nid005203:74122:74122 [1] NCCL INFO Channel 15/0 : 9[c6000] -> 11[ce000] via P2P/IPC comm 0x722fc50 nRanks 16
nid005203:74122:74122 [1] NCCL INFO Channel 01/0 : 9[c6000] -> 13[d6000] via P2P/IPC comm 0x722fc50 nRanks 16
nid005203:74122:74122 [1] NCCL INFO Channel 05/0 : 9[c6000] -> 13[d6000] via P2P/IPC comm 0x722fc50 nRanks 16
nid005203:74122:74122 [1] NCCL INFO Channel 09/0 : 9[c6000] -> 13[d6000] via P2P/IPC comm 0x722fc50 nRanks 16
nid005203:74122:74122 [1] NCCL INFO Channel 13/0 : 9[c6000] -> 13[d6000] via P2P/IPC comm 0x722fc50 nRanks 16
nid005203:74122:74122 [1] NCCL INFO Channel 00/0 : 9[c6000] -> 8[c1000] via P2P/IPC comm 0x722fc50 nRanks 16
nid005203:74122:74122 [1] NCCL INFO Channel 02/0 : 9[c6000] -> 8[c1000] via P2P/IPC comm 0x722fc50 nRanks 16
nid005203:74122:74122 [1] NCCL INFO Channel 04/0 : 9[c6000] -> 8[c1000] via P2P/IPC comm 0x722fc50 nRanks 16
nid005203:74122:74122 [1] NCCL INFO Channel 06/0 : 9[c6000] -> 8[c1000] via P2P/IPC comm 0x722fc50 nRanks 16
nid005203:74122:74122 [1] NCCL INFO Channel 08/0 : 9[c6000] -> 8[c1000] via P2P/IPC comm 0x722fc50 nRanks 16
nid005203:74122:74122 [1] NCCL INFO Channel 10/0 : 9[c6000] -> 8[c1000] via P2P/IPC comm 0x722fc50 nRanks 16
nid005203:74122:74122 [1] NCCL INFO Channel 12/0 : 9[c6000] -> 8[c1000] via P2P/IPC comm 0x722fc50 nRanks 16
nid005203:74122:74122 [1] NCCL INFO Channel 14/0 : 9[c6000] -> 8[c1000] via P2P/IPC comm 0x722fc50 nRanks 16
nid005203:74122:74122 [1] NCCL INFO Channel 03/2 : 9[c6000] -> 11[ce000] via P2P/IPC comm 0x722fc50 nRanks 16
nid005203:74122:74122 [1] NCCL INFO Channel 07/2 : 9[c6000] -> 11[ce000] via P2P/IPC comm 0x722fc50 nRanks 16
nid005203:74122:74122 [1] NCCL INFO Channel 11/2 : 9[c6000] -> 11[ce000] via P2P/IPC comm 0x722fc50 nRanks 16
nid005203:74122:74122 [1] NCCL INFO Channel 15/2 : 9[c6000] -> 11[ce000] via P2P/IPC comm 0x722fc50 nRanks 16
nid005203:74122:74122 [1] NCCL INFO Channel 01/2 : 9[c6000] -> 13[d6000] via P2P/IPC comm 0x722fc50 nRanks 16
nid005203:74122:74122 [1] NCCL INFO Channel 05/2 : 9[c6000] -> 13[d6000] via P2P/IPC comm 0x722fc50 nRanks 16
nid005203:74122:74122 [1] NCCL INFO Channel 09/2 : 9[c6000] -> 13[d6000] via P2P/IPC comm 0x722fc50 nRanks 16
nid005203:74122:74122 [1] NCCL INFO Channel 13/2 : 9[c6000] -> 13[d6000] via P2P/IPC comm 0x722fc50 nRanks 16
nid005203:74122:74122 [1] NCCL INFO Channel 00/2 : 9[c6000] -> 8[c1000] via P2P/IPC comm 0x722fc50 nRanks 16
nid005203:74122:74122 [1] NCCL INFO Channel 02/2 : 9[c6000] -> 8[c1000] via P2P/IPC comm 0x722fc50 nRanks 16
nid005203:74122:74122 [1] NCCL INFO Channel 04/2 : 9[c6000] -> 8[c1000] via P2P/IPC comm 0x722fc50 nRanks 16
nid005203:74122:74122 [1] NCCL INFO Channel 06/2 : 9[c6000] -> 8[c1000] via P2P/IPC comm 0x722fc50 nRanks 16
nid005203:74122:74122 [1] NCCL INFO Channel 08/2 : 9[c6000] -> 8[c1000] via P2P/IPC comm 0x722fc50 nRanks 16
nid005203:74122:74122 [1] NCCL INFO Channel 10/2 : 9[c6000] -> 8[c1000] via P2P/IPC comm 0x722fc50 nRanks 16
nid005202:79985:79985 [3] NCCL INFO Ring 14 : 1 -> 3 -> 2 comm 0x72be4a0 nRanks 16 busId ce000
nid005202:79985:79985 [3] NCCL INFO Ring 15 : 2 -> 3 -> 1 comm 0x72be4a0 nRanks 16 busId ce000
nid005202:79985:79985 [3] NCCL INFO Trees [0] 2/-1/-1->3->7 [1] 7/-1/-1->3->2 [2] 2/-1/-1->3->1 [3] 1/-1/-1->3->2 [4] 2/-1/-1->3->7 [5] 7/-1/-1->3->2 [6] 2/-1/-1->3->1 [7] 1/-1/-1->3->2 [8] 2/-1/-1->3->7 [9] 7/-1/-1->3->2 [10] 2/-1/-1->3->1 [11] 1/-1/-1->3->2 [12] 2/-1/-1->3->7 [13] 7/-1/-1->3->2 [14] 2/-1/-1->3->1 [15] 1/-1/-1->3->2 comm 0x72be4a0 nRanks 16 busId ce000
nid005202:79985:79985 [3] NCCL INFO P2P Chunksize set to 131072
nid005202:79985:79985 [3] NCCL INFO Channel 01/0 : 3[ce000] -> 7[de000] via P2P/IPC comm 0x72be4a0 nRanks 16
nid005202:79985:79985 [3] NCCL INFO Channel 05/0 : 3[ce000] -> 7[de000] via P2P/IPC comm 0x72be4a0 nRanks 16
nid005202:79985:79985 [3] NCCL INFO Channel 09/0 : 3[ce000] -> 7[de000] via P2P/IPC comm 0x72be4a0 nRanks 16
nid005202:79985:79985 [3] NCCL INFO Channel 13/0 : 3[ce000] -> 7[de000] via P2P/IPC comm 0x72be4a0 nRanks 16
nid005202:79985:79985 [3] NCCL INFO Channel 03/0 : 3[ce000] -> 1[c6000] via P2P/IPC comm 0x72be4a0 nRanks 16
nid005202:79985:79985 [3] NCCL INFO Channel 07/0 : 3[ce000] -> 1[c6000] via P2P/IPC comm 0x72be4a0 nRanks 16
nid005202:79985:79985 [3] NCCL INFO Channel 11/0 : 3[ce000] -> 1[c6000] via P2P/IPC comm 0x72be4a0 nRanks 16
nid005202:79985:79985 [3] NCCL INFO Channel 15/0 : 3[ce000] -> 1[c6000] via P2P/IPC comm 0x72be4a0 nRanks 16
nid005202:79985:79985 [3] NCCL INFO Channel 00/0 : 3[ce000] -> 2[c9000] via P2P/IPC comm 0x72be4a0 nRanks 16
nid005202:79985:79985 [3] NCCL INFO Channel 02/0 : 3[ce000] -> 2[c9000] via P2P/IPC comm 0x72be4a0 nRanks 16
nid005202:79985:79985 [3] NCCL INFO Channel 04/0 : 3[ce000] -> 2[c9000] via P2P/IPC comm 0x72be4a0 nRanks 16
nid005202:79985:79985 [3] NCCL INFO Channel 06/0 : 3[ce000] -> 2[c9000] via P2P/IPC comm 0x72be4a0 nRanks 16
nid005202:79985:79985 [3] NCCL INFO Channel 08/0 : 3[ce000] -> 2[c9000] via P2P/IPC comm 0x72be4a0 nRanks 16
nid005202:79985:79985 [3] NCCL INFO Channel 10/0 : 3[ce000] -> 2[c9000] via P2P/IPC comm 0x72be4a0 nRanks 16
nid005202:79985:79985 [3] NCCL INFO Channel 12/0 : 3[ce000] -> 2[c9000] via P2P/IPC comm 0x72be4a0 nRanks 16
nid005202:79985:79985 [3] NCCL INFO Channel 14/0 : 3[ce000] -> 2[c9000] via P2P/IPC comm 0x72be4a0 nRanks 16
nid005202:79985:79985 [3] NCCL INFO Channel 01/2 : 3[ce000] -> 7[de000] via P2P/IPC comm 0x72be4a0 nRanks 16
nid005202:79985:79985 [3] NCCL INFO Channel 05/2 : 3[ce000] -> 7[de000] via P2P/IPC comm 0x72be4a0 nRanks 16
nid005202:79985:79985 [3] NCCL INFO Channel 09/2 : 3[ce000] -> 7[de000] via P2P/IPC comm 0x72be4a0 nRanks 16
nid005202:79985:79985 [3] NCCL INFO Channel 13/2 : 3[ce000] -> 7[de000] via P2P/IPC comm 0x72be4a0 nRanks 16
nid005202:79985:79985 [3] NCCL INFO Channel 03/2 : 3[ce000] -> 1[c6000] via P2P/IPC comm 0x72be4a0 nRanks 16
nid005202:79985:79985 [3] NCCL INFO Channel 07/2 : 3[ce000] -> 1[c6000] via P2P/IPC comm 0x72be4a0 nRanks 16
nid005202:79985:79985 [3] NCCL INFO Channel 11/2 : 3[ce000] -> 1[c6000] via P2P/IPC comm 0x72be4a0 nRanks 16
nid005202:79985:79985 [3] NCCL INFO Channel 15/2 : 3[ce000] -> 1[c6000] via P2P/IPC comm 0x72be4a0 nRanks 16
nid005202:79985:79985 [3] NCCL INFO Channel 00/2 : 3[ce000] -> 2[c9000] via P2P/IPC comm 0x72be4a0 nRanks 16
nid005202:79985:79985 [3] NCCL INFO Channel 02/2 : 3[ce000] -> 2[c9000] via P2P/IPC comm 0x72be4a0 nRanks 16
nid005202:79985:79985 [3] NCCL INFO Channel 04/2 : 3[ce000] -> 2[c9000] via P2P/IPC comm 0x72be4a0 nRanks 16
nid005202:79985:79985 [3] NCCL INFO Channel 06/2 : 3[ce000] -> 2[c9000] via P2P/IPC comm 0x72be4a0 nRanks 16
nid005202:79985:79985 [3] NCCL INFO Channel 08/2 : 3[ce000] -> 2[c9000] via P2P/IPC comm 0x72be4a0 nRanks 16
nid005202:79985:79985 [3] NCCL INFO Channel 10/2 : 3[ce000] -> 2[c9000] via P2P/IPC comm 0x72be4a0 nRanks 16
nid005202:79985:79985 [3] NCCL INFO Channel 12/2 : 3[ce000] -> 2[c9000] via P2P/IPC comm 0x72be4a0 nRanks 16
nid005202:79985:79985 [3] NCCL INFO Channel 14/2 : 3[ce000] -> 2[c9000] via P2P/IPC comm 0x72be4a0 nRanks 16
nid005202:79983:79983 [1] NCCL INFO Ring 14 : 0 -> 1 -> 3 comm 0x6b33520 nRanks 16 busId c6000
nid005202:79983:79983 [1] NCCL INFO Ring 15 : 3 -> 1 -> 0 comm 0x6b33520 nRanks 16 busId c6000
nid005202:79983:79983 [1] NCCL INFO Trees [0] 5/-1/-1->1->0 [1] 0/-1/-1->1->5 [2] 3/-1/-1->1->0 [3] 0/-1/-1->1->3 [4] 5/-1/-1->1->0 [5] 0/-1/-1->1->5 [6] 3/-1/-1->1->0 [7] 0/-1/-1->1->3 [8] 5/-1/-1->1->0 [9] 0/-1/-1->1->5 [10] 3/-1/-1->1->0 [11] 0/-1/-1->1->3 [12] 5/-1/-1->1->0 [13] 0/-1/-1->1->5 [14] 3/-1/-1->1->0 [15] 0/-1/-1->1->3 comm 0x6b33520 nRanks 16 busId c6000
nid005202:79983:79983 [1] NCCL INFO P2P Chunksize set to 131072
nid005202:79983:79983 [1] NCCL INFO Channel 02/0 : 1[c6000] -> 3[ce000] via P2P/IPC comm 0x6b33520 nRanks 16
nid005202:79983:79983 [1] NCCL INFO Channel 06/0 : 1[c6000] -> 3[ce000] via P2P/IPC comm 0x6b33520 nRanks 16
nid005202:79983:79983 [1] NCCL INFO Channel 10/0 : 1[c6000] -> 3[ce000] via P2P/IPC comm 0x6b33520 nRanks 16
nid005202:79983:79983 [1] NCCL INFO Channel 14/0 : 1[c6000] -> 3[ce000] via P2P/IPC comm 0x6b33520 nRanks 16
nid005202:79983:79983 [1] NCCL INFO Channel 00/0 : 1[c6000] -> 5[d6000] via P2P/IPC comm 0x6b33520 nRanks 16
nid005202:79983:79983 [1] NCCL INFO Channel 04/0 : 1[c6000] -> 5[d6000] via P2P/IPC comm 0x6b33520 nRanks 16
nid005202:79983:79983 [1] NCCL INFO Channel 08/0 : 1[c6000] -> 5[d6000] via P2P/IPC comm 0x6b33520 nRanks 16
nid005202:79983:79983 [1] NCCL INFO Channel 12/0 : 1[c6000] -> 5[d6000] via P2P/IPC comm 0x6b33520 nRanks 16
nid005202:79983:79983 [1] NCCL INFO Channel 01/0 : 1[c6000] -> 0[c1000] via P2P/IPC comm 0x6b33520 nRanks 16
nid005202:79983:79983 [1] NCCL INFO Channel 03/0 : 1[c6000] -> 0[c1000] via P2P/IPC comm 0x6b33520 nRanks 16
nid005202:79983:79983 [1] NCCL INFO Channel 05/0 : 1[c6000] -> 0[c1000] via P2P/IPC comm 0x6b33520 nRanks 16
nid005202:79983:79983 [1] NCCL INFO Channel 07/0 : 1[c6000] -> 0[c1000] via P2P/IPC comm 0x6b33520 nRanks 16
nid005202:79983:79983 [1] NCCL INFO Channel 09/0 : 1[c6000] -> 0[c1000] via P2P/IPC comm 0x6b33520 nRanks 16
nid005202:79983:79983 [1] NCCL INFO Channel 11/0 : 1[c6000] -> 0[c1000] via P2P/IPC comm 0x6b33520 nRanks 16
nid005202:79983:79983 [1] NCCL INFO Channel 13/0 : 1[c6000] -> 0[c1000] via P2P/IPC comm 0x6b33520 nRanks 16
nid005202:79983:79983 [1] NCCL INFO Channel 15/0 : 1[c6000] -> 0[c1000] via P2P/IPC comm 0x6b33520 nRanks 16
nid005202:79983:79983 [1] NCCL INFO Channel 02/2 : 1[c6000] -> 3[ce000] via P2P/IPC comm 0x6b33520 nRanks 16
nid005202:79983:79983 [1] NCCL INFO Channel 06/2 : 1[c6000] -> 3[ce000] via P2P/IPC comm 0x6b33520 nRanks 16
nid005202:79983:79983 [1] NCCL INFO Channel 10/2 : 1[c6000] -> 3[ce000] via P2P/IPC comm 0x6b33520 nRanks 16
nid005202:79983:79983 [1] NCCL INFO Channel 14/2 : 1[c6000] -> 3[ce000] via P2P/IPC comm 0x6b33520 nRanks 16
nid005202:79983:79983 [1] NCCL INFO Channel 00/2 : 1[c6000] -> 5[d6000] via P2P/IPC comm 0x6b33520 nRanks 16
nid005202:79983:79983 [1] NCCL INFO Channel 04/2 : 1[c6000] -> 5[d6000] via P2P/IPC comm 0x6b33520 nRanks 16
nid005202:79983:79983 [1] NCCL INFO Channel 08/2 : 1[c6000] -> 5[d6000] via P2P/IPC comm 0x6b33520 nRanks 16
nid005202:79983:79983 [1] NCCL INFO Channel 12/2 : 1[c6000] -> 5[d6000] via P2P/IPC comm 0x6b33520 nRanks 16
nid005202:79983:79983 [1] NCCL INFO Channel 01/2 : 1[c6000] -> 0[c1000] via P2P/IPC comm 0x6b33520 nRanks 16
nid005202:79983:79983 [1] NCCL INFO Channel 03/2 : 1[c6000] -> 0[c1000] via P2P/IPC comm 0x6b33520 nRanks 16
nid005202:79983:79983 [1] NCCL INFO Channel 05/2 : 1[c6000] -> 0[c1000] via P2P/IPC comm 0x6b33520 nRanks 16
nid005202:79983:79983 [1] NCCL INFO Channel 07/2 : 1[c6000] -> 0[c1000] via P2P/IPC comm 0x6b33520 nRanks 16
nid005202:79983:79983 [1] NCCL INFO Channel 09/2 : 1[c6000] -> 0[c1000] via P2P/IPC comm 0x6b33520 nRanks 16
nid005202:79983:79983 [1] NCCL INFO Channel 11/2 : 1[c6000] -> 0[c1000] via P2P/IPC comm 0x6b33520 nRanks 16
nid005202:79983:79983 [1] NCCL INFO Channel 13/2 : 1[c6000] -> 0[c1000] via P2P/IPC comm 0x6b33520 nRanks 16
nid005202:79983:79983 [1] NCCL INFO Channel 15/2 : 1[c6000] -> 0[c1000] via P2P/IPC comm 0x6b33520 nRanks 16
nid005202:79986:79986 [4] NCCL INFO Ring 14 : 2 -> 4 -> 5 comm 0x6f71560 nRanks 16 busId d1000
nid005202:79986:79986 [4] NCCL INFO Ring 15 : 5 -> 4 -> 2 comm 0x6f71560 nRanks 16 busId d1000
nid005202:79986:79986 [4] NCCL INFO Trees [0] 6/-1/-1->4->5 [1] 5/-1/-1->4->6 [2] 5/-1/-1->4->2 [3] 2/-1/-1->4->5 [4] 6/-1/-1->4->5 [5] 5/-1/-1->4->6 [6] 5/-1/-1->4->2 [7] 2/-1/-1->4->5 [8] 6/-1/-1->4->5 [9] 5/-1/-1->4->6 [10] 5/-1/-1->4->2 [11] 2/-1/-1->4->5 [12] 6/-1/-1->4->5 [13] 5/-1/-1->4->6 [14] 5/-1/-1->4->2 [15] 2/-1/-1->4->5 comm 0x6f71560 nRanks 16 busId d1000
nid005202:79986:79986 [4] NCCL INFO P2P Chunksize set to 131072
nid005202:79986:79986 [4] NCCL INFO Channel 01/0 : 4[d1000] -> 5[d6000] via P2P/IPC comm 0x6f71560 nRanks 16
nid005202:79986:79986 [4] NCCL INFO Channel 02/0 : 4[d1000] -> 5[d6000] via P2P/IPC comm 0x6f71560 nRanks 16
nid005202:79986:79986 [4] NCCL INFO Channel 05/0 : 4[d1000] -> 5[d6000] via P2P/IPC comm 0x6f71560 nRanks 16
nid005202:79986:79986 [4] NCCL INFO Channel 06/0 : 4[d1000] -> 5[d6000] via P2P/IPC comm 0x6f71560 nRanks 16
nid005202:79986:79986 [4] NCCL INFO Channel 09/0 : 4[d1000] -> 5[d6000] via P2P/IPC comm 0x6f71560 nRanks 16
nid005202:79986:79986 [4] NCCL INFO Channel 10/0 : 4[d1000] -> 5[d6000] via P2P/IPC comm 0x6f71560 nRanks 16
nid005202:79986:79986 [4] NCCL INFO Channel 13/0 : 4[d1000] -> 5[d6000] via P2P/IPC comm 0x6f71560 nRanks 16
nid005202:79986:79986 [4] NCCL INFO Channel 14/0 : 4[d1000] -> 5[d6000] via P2P/IPC comm 0x6f71560 nRanks 16
nid005202:79986:79986 [4] NCCL INFO Channel 00/0 : 4[d1000] -> 6[d9000] via P2P/IPC comm 0x6f71560 nRanks 16
nid005202:79986:79986 [4] NCCL INFO Channel 04/0 : 4[d1000] -> 6[d9000] via P2P/IPC comm 0x6f71560 nRanks 16
nid005202:79986:79986 [4] NCCL INFO Channel 08/0 : 4[d1000] -> 6[d9000] via P2P/IPC comm 0x6f71560 nRanks 16
nid005202:79986:79986 [4] NCCL INFO Channel 12/0 : 4[d1000] -> 6[d9000] via P2P/IPC comm 0x6f71560 nRanks 16
nid005202:79986:79986 [4] NCCL INFO Channel 03/0 : 4[d1000] -> 2[c9000] via P2P/IPC comm 0x6f71560 nRanks 16
nid005202:79986:79986 [4] NCCL INFO Channel 07/0 : 4[d1000] -> 2[c9000] via P2P/IPC comm 0x6f71560 nRanks 16
nid005202:79986:79986 [4] NCCL INFO Channel 11/0 : 4[d1000] -> 2[c9000] via P2P/IPC comm 0x6f71560 nRanks 16
nid005202:79986:79986 [4] NCCL INFO Channel 15/0 : 4[d1000] -> 2[c9000] via P2P/IPC comm 0x6f71560 nRanks 16
nid005202:79986:79986 [4] NCCL INFO Channel 01/2 : 4[d1000] -> 5[d6000] via P2P/IPC comm 0x6f71560 nRanks 16
nid005202:79986:79986 [4] NCCL INFO Channel 02/2 : 4[d1000] -> 5[d6000] via P2P/IPC comm 0x6f71560 nRanks 16
nid005202:79986:79986 [4] NCCL INFO Channel 05/2 : 4[d1000] -> 5[d6000] via P2P/IPC comm 0x6f71560 nRanks 16
nid005202:79986:79986 [4] NCCL INFO Channel 06/2 : 4[d1000] -> 5[d6000] via P2P/IPC comm 0x6f71560 nRanks 16
nid005202:79986:79986 [4] NCCL INFO Channel 09/2 : 4[d1000] -> 5[d6000] via P2P/IPC comm 0x6f71560 nRanks 16
nid005202:79986:79986 [4] NCCL INFO Channel 10/2 : 4[d1000] -> 5[d6000] via P2P/IPC comm 0x6f71560 nRanks 16
nid005202:79986:79986 [4] NCCL INFO Channel 13/2 : 4[d1000] -> 5[d6000] via P2P/IPC comm 0x6f71560 nRanks 16
nid005202:79986:79986 [4] NCCL INFO Channel 14/2 : 4[d1000] -> 5[d6000] via P2P/IPC comm 0x6f71560 nRanks 16
nid005202:79986:79986 [4] NCCL INFO Channel 00/2 : 4[d1000] -> 6[d9000] via P2P/IPC comm 0x6f71560 nRanks 16
nid005202:79986:79986 [4] NCCL INFO Channel 04/2 : 4[d1000] -> 6[d9000] via P2P/IPC comm 0x6f71560 nRanks 16
nid005202:79986:79986 [4] NCCL INFO Channel 08/2 : 4[d1000] -> 6[d9000] via P2P/IPC comm 0x6f71560 nRanks 16
nid005202:79986:79986 [4] NCCL INFO Channel 12/2 : 4[d1000] -> 6[d9000] via P2P/IPC comm 0x6f71560 nRanks 16
nid005202:79986:79986 [4] NCCL INFO Channel 03/2 : 4[d1000] -> 2[c9000] via P2P/IPC comm 0x6f71560 nRanks 16
nid005202:79986:79986 [4] NCCL INFO Channel 07/2 : 4[d1000] -> 2[c9000] via P2P/IPC comm 0x6f71560 nRanks 16
nid005202:79986:79986 [4] NCCL INFO Channel 11/2 : 4[d1000] -> 2[c9000] via P2P/IPC comm 0x6f71560 nRanks 16
nid005202:79986:79986 [4] NCCL INFO Channel 15/2 : 4[d1000] -> 2[c9000] via P2P/IPC comm 0x6f71560 nRanks 16
nid005202:79988:79988 [6] NCCL INFO Ring 14 : 7 -> 6 -> 0 comm 0x7246ff0 nRanks 16 busId d9000
nid005202:79988:79988 [6] NCCL INFO Ring 15 : 0 -> 6 -> 7 comm 0x7246ff0 nRanks 16 busId d9000
nid005202:79988:79988 [6] NCCL INFO Trees [0] 7/-1/-1->6->4 [1] 4/-1/-1->6->7 [2] 0/-1/-1->6->7 [3] 7/-1/-1->6->0 [4] 7/-1/-1->6->4 [5] 4/-1/-1->6->7 [6] 0/-1/-1->6->7 [7] 7/-1/-1->6->0 [8] 7/-1/-1->6->4 [9] 4/-1/-1->6->7 [10] 0/-1/-1->6->7 [11] 7/-1/-1->6->0 [12] 7/-1/-1->6->4 [13] 4/-1/-1->6->7 [14] 0/-1/-1->6->7 [15] 7/-1/-1->6->0 comm 0x7246ff0 nRanks 16 busId d9000
nid005202:79988:79988 [6] NCCL INFO P2P Chunksize set to 131072
nid005202:79988:79988 [6] NCCL INFO Channel 00/0 : 6[d9000] -> 7[de000] via P2P/IPC comm 0x7246ff0 nRanks 16
nid005202:79988:79988 [6] NCCL INFO Channel 03/0 : 6[d9000] -> 7[de000] via P2P/IPC comm 0x7246ff0 nRanks 16
nid005202:79988:79988 [6] NCCL INFO Channel 04/0 : 6[d9000] -> 7[de000] via P2P/IPC comm 0x7246ff0 nRanks 16
nid005202:79988:79988 [6] NCCL INFO Channel 07/0 : 6[d9000] -> 7[de000] via P2P/IPC comm 0x7246ff0 nRanks 16
nid005202:79988:79988 [6] NCCL INFO Channel 08/0 : 6[d9000] -> 7[de000] via P2P/IPC comm 0x7246ff0 nRanks 16
nid005202:79988:79988 [6] NCCL INFO Channel 11/0 : 6[d9000] -> 7[de000] via P2P/IPC comm 0x7246ff0 nRanks 16
nid005202:79988:79988 [6] NCCL INFO Channel 12/0 : 6[d9000] -> 7[de000] via P2P/IPC comm 0x7246ff0 nRanks 16
nid005202:79988:79988 [6] NCCL INFO Channel 15/0 : 6[d9000] -> 7[de000] via P2P/IPC comm 0x7246ff0 nRanks 16
nid005202:79988:79988 [6] NCCL INFO Channel 02/0 : 6[d9000] -> 0[c1000] via P2P/IPC comm 0x7246ff0 nRanks 16
nid005202:79988:79988 [6] NCCL INFO Channel 06/0 : 6[d9000] -> 0[c1000] via P2P/IPC comm 0x7246ff0 nRanks 16
nid005202:79988:79988 [6] NCCL INFO Channel 10/0 : 6[d9000] -> 0[c1000] via P2P/IPC comm 0x7246ff0 nRanks 16
nid005202:79988:79988 [6] NCCL INFO Channel 14/0 : 6[d9000] -> 0[c1000] via P2P/IPC comm 0x7246ff0 nRanks 16
nid005202:79988:79988 [6] NCCL INFO Channel 01/0 : 6[d9000] -> 4[d1000] via P2P/IPC comm 0x7246ff0 nRanks 16
nid005202:79988:79988 [6] NCCL INFO Channel 05/0 : 6[d9000] -> 4[d1000] via P2P/IPC comm 0x7246ff0 nRanks 16
nid005202:79988:79988 [6] NCCL INFO Channel 09/0 : 6[d9000] -> 4[d1000] via P2P/IPC comm 0x7246ff0 nRanks 16
nid005202:79988:79988 [6] NCCL INFO Channel 13/0 : 6[d9000] -> 4[d1000] via P2P/IPC comm 0x7246ff0 nRanks 16
nid005202:79988:79988 [6] NCCL INFO Channel 00/2 : 6[d9000] -> 7[de000] via P2P/IPC comm 0x7246ff0 nRanks 16
nid005202:79988:79988 [6] NCCL INFO Channel 03/2 : 6[d9000] -> 7[de000] via P2P/IPC comm 0x7246ff0 nRanks 16
nid005202:79988:79988 [6] NCCL INFO Channel 04/2 : 6[d9000] -> 7[de000] via P2P/IPC comm 0x7246ff0 nRanks 16
nid005202:79988:79988 [6] NCCL INFO Channel 07/2 : 6[d9000] -> 7[de000] via P2P/IPC comm 0x7246ff0 nRanks 16
nid005202:79988:79988 [6] NCCL INFO Channel 08/2 : 6[d9000] -> 7[de000] via P2P/IPC comm 0x7246ff0 nRanks 16
nid005202:79988:79988 [6] NCCL INFO Channel 11/2 : 6[d9000] -> 7[de000] via P2P/IPC comm 0x7246ff0 nRanks 16
nid005202:79988:79988 [6] NCCL INFO Channel 12/2 : 6[d9000] -> 7[de000] via P2P/IPC comm 0x7246ff0 nRanks 16
nid005202:79988:79988 [6] NCCL INFO Channel 15/2 : 6[d9000] -> 7[de000] via P2P/IPC comm 0x7246ff0 nRanks 16
nid005202:79988:79988 [6] NCCL INFO Channel 02/2 : 6[d9000] -> 0[c1000] via P2P/IPC comm 0x7246ff0 nRanks 16
nid005202:79988:79988 [6] NCCL INFO Channel 06/2 : 6[d9000] -> 0[c1000] via P2P/IPC comm 0x7246ff0 nRanks 16
nid005202:79988:79988 [6] NCCL INFO Channel 10/2 : 6[d9000] -> 0[c1000] via P2P/IPC comm 0x7246ff0 nRanks 16
nid005202:79988:79988 [6] NCCL INFO Channel 14/2 : 6[d9000] -> 0[c1000] via P2P/IPC comm 0x7246ff0 nRanks 16
nid005202:79988:79988 [6] NCCL INFO Channel 01/2 : 6[d9000] -> 4[d1000] via P2P/IPC comm 0x7246ff0 nRanks 16
nid005202:79988:79988 [6] NCCL INFO Channel 05/2 : 6[d9000] -> 4[d1000] via P2P/IPC comm 0x7246ff0 nRanks 16
nid005202:79988:79988 [6] NCCL INFO Channel 09/2 : 6[d9000] -> 4[d1000] via P2P/IPC comm 0x7246ff0 nRanks 16
nid005202:79988:79988 [6] NCCL INFO Channel 13/2 : 6[d9000] -> 4[d1000] via P2P/IPC comm 0x7246ff0 nRanks 16
nid005202:79982:79982 [0] NCCL INFO Channel 05/0 : 0[c1000] -> 8[c1000] [send] via NET/AWS Libfabric/0 comm 0x7143770 nRanks 16
nid005202:79982:79982 [0] NCCL INFO Channel 09/0 : 0[c1000] -> 8[c1000] [send] via NET/AWS Libfabric/0 comm 0x7143770 nRanks 16
nid005202:79982:79982 [0] NCCL INFO Channel 13/0 : 0[c1000] -> 8[c1000] [send] via NET/AWS Libfabric/0 comm 0x7143770 nRanks 16
nid005202:79982:79982 [0] NCCL INFO Channel 00/2 : 0[c1000] -> 1[c6000] via P2P/IPC comm 0x7143770 nRanks 16
nid005202:79982:79982 [0] NCCL INFO Channel 02/2 : 0[c1000] -> 1[c6000] via P2P/IPC comm 0x7143770 nRanks 16
nid005202:79982:79982 [0] NCCL INFO Channel 04/2 : 0[c1000] -> 1[c6000] via P2P/IPC comm 0x7143770 nRanks 16
nid005202:79982:79982 [0] NCCL INFO Channel 06/2 : 0[c1000] -> 1[c6000] via P2P/IPC comm 0x7143770 nRanks 16
nid005202:79982:79982 [0] NCCL INFO Channel 08/2 : 0[c1000] -> 1[c6000] via P2P/IPC comm 0x7143770 nRanks 16
nid005202:79982:79982 [0] NCCL INFO Channel 10/2 : 0[c1000] -> 1[c6000] via P2P/IPC comm 0x7143770 nRanks 16
nid005202:79982:79982 [0] NCCL INFO Channel 12/2 : 0[c1000] -> 1[c6000] via P2P/IPC comm 0x7143770 nRanks 16
nid005202:79982:79982 [0] NCCL INFO Channel 14/2 : 0[c1000] -> 1[c6000] via P2P/IPC comm 0x7143770 nRanks 16
nid005202:79982:79982 [0] NCCL INFO Channel 03/2 : 0[c1000] -> 6[d9000] via P2P/IPC comm 0x7143770 nRanks 16
nid005202:79982:79982 [0] NCCL INFO Channel 07/2 : 0[c1000] -> 6[d9000] via P2P/IPC comm 0x7143770 nRanks 16
nid005202:79982:79982 [0] NCCL INFO Channel 11/2 : 0[c1000] -> 6[d9000] via P2P/IPC comm 0x7143770 nRanks 16
nid005202:79982:79982 [0] NCCL INFO Channel 15/2 : 0[c1000] -> 6[d9000] via P2P/IPC comm 0x7143770 nRanks 16
nid005202:79982:79982 [0] NCCL INFO Channel 00/2 : 8[c1000] -> 0[c1000] [receive] via NET/AWS Libfabric/0 comm 0x7143770 nRanks 16
nid005202:79982:79982 [0] NCCL INFO Channel 04/2 : 8[c1000] -> 0[c1000] [receive] via NET/AWS Libfabric/0 comm 0x7143770 nRanks 16
nid005202:79982:79982 [0] NCCL INFO Channel 08/2 : 8[c1000] -> 0[c1000] [receive] via NET/AWS Libfabric/0 comm 0x7143770 nRanks 16
nid005202:79982:79982 [0] NCCL INFO Channel 12/2 : 8[c1000] -> 0[c1000] [receive] via NET/AWS Libfabric/0 comm 0x7143770 nRanks 16
nid005202:79982:79982 [0] NCCL INFO Channel 01/2 : 0[c1000] -> 8[c1000] [send] via NET/AWS Libfabric/0 comm 0x7143770 nRanks 16
nid005202:79982:79982 [0] NCCL INFO Channel 05/2 : 0[c1000] -> 8[c1000] [send] via NET/AWS Libfabric/0 comm 0x7143770 nRanks 16
nid005202:79982:79982 [0] NCCL INFO Channel 09/2 : 0[c1000] -> 8[c1000] [send] via NET/AWS Libfabric/0 comm 0x7143770 nRanks 16
nid005202:79982:79982 [0] NCCL INFO Channel 13/2 : 0[c1000] -> 8[c1000] [send] via NET/AWS Libfabric/0 comm 0x7143770 nRanks 16
nid005202:79982:79982 [0] NCCL INFO Connected all rings comm 0x7143770 nRanks 16 busId c1000
nid005202:79982:79982 [0] NCCL INFO Channel 01/0 : 0[c1000] -> 1[c6000] via P2P/IPC comm 0x7143770 nRanks 16
nid005202:79982:79982 [0] NCCL INFO Channel 03/0 : 0[c1000] -> 1[c6000] via P2P/IPC comm 0x7143770 nRanks 16
nid005202:79982:79982 [0] NCCL INFO Channel 05/0 : 0[c1000] -> 1[c6000] via P2P/IPC comm 0x7143770 nRanks 16
nid005202:79982:79982 [0] NCCL INFO Channel 07/0 : 0[c1000] -> 1[c6000] via P2P/IPC comm 0x7143770 nRanks 16
nid005202:79982:79982 [0] NCCL INFO Channel 09/0 : 0[c1000] -> 1[c6000] via P2P/IPC comm 0x7143770 nRanks 16
nid005202:79982:79982 [0] NCCL INFO Channel 11/0 : 0[c1000] -> 1[c6000] via P2P/IPC comm 0x7143770 nRanks 16
nid005202:79982:79982 [0] NCCL INFO Channel 13/0 : 0[c1000] -> 1[c6000] via P2P/IPC comm 0x7143770 nRanks 16
nid005202:79982:79982 [0] NCCL INFO Channel 15/0 : 0[c1000] -> 1[c6000] via P2P/IPC comm 0x7143770 nRanks 16
nid005202:79982:79982 [0] NCCL INFO Channel 02/0 : 0[c1000] -> 6[d9000] via P2P/IPC comm 0x7143770 nRanks 16
nid005202:79982:79982 [0] NCCL INFO Channel 06/0 : 0[c1000] -> 6[d9000] via P2P/IPC comm 0x7143770 nRanks 16
nid005202:79982:79982 [0] NCCL INFO Channel 10/0 : 0[c1000] -> 6[d9000] via P2P/IPC comm 0x7143770 nRanks 16
nid005202:79982:79982 [0] NCCL INFO Channel 14/0 : 0[c1000] -> 6[d9000] via P2P/IPC comm 0x7143770 nRanks 16
nid005202:79982:79982 [0] NCCL INFO Channel 00/0 : 0[c1000] -> 8[c1000] [send] via NET/AWS Libfabric/0 comm 0x7143770 nRanks 16
nid005202:79982:79982 [0] NCCL INFO Channel 04/0 : 0[c1000] -> 8[c1000] [send] via NET/AWS Libfabric/0 comm 0x7143770 nRanks 16
nid005202:79982:79982 [0] NCCL INFO Channel 08/0 : 0[c1000] -> 8[c1000] [send] via NET/AWS Libfabric/0 comm 0x7143770 nRanks 16
nid005202:79982:79982 [0] NCCL INFO Channel 12/0 : 0[c1000] -> 8[c1000] [send] via NET/AWS Libfabric/0 comm 0x7143770 nRanks 16
nid005202:79982:79982 [0] NCCL INFO Connected all trees
nid005202:79982:79982 [0] NCCL INFO threadThresholds 8/8/64 | 128/8/64 | 256 | 256
nid005202:79982:79982 [0] NCCL INFO 16 coll channels, 16 collnet channels, 0 nvls channels, 16 p2p channels, 2 p2p channels per peer

nid005202:79982:79982 [0] /long_pathname_so_that_rpms_can_package_the_debug_info/src/rccl/build/hipify/src/init.cc:2065 NCCL WARN MSCCL++: Cannot enable MSCCL++; environment is not MSCCL compatible
nid005202:79982:79982 [0] NCCL INFO ncclCommInitRank comm 0x7143770 rank 0 nranks 16 cudaDev 0 nvmlDev 0 busId c1000 commId 0x1b9730ce07259768 localSize 296 used 260358368 bytes on core 54 - Init COMPLETE
CUDA Init finished
nid005203:74123:74123 [2] NCCL INFO Channel 03/2 : 10[c9000] -> 12[d1000] via P2P/IPC comm 0x638dc20 nRanks 16
nid005203:74123:74123 [2] NCCL INFO Channel 07/2 : 10[c9000] -> 12[d1000] via P2P/IPC comm 0x638dc20 nRanks 16
nid005203:74123:74123 [2] NCCL INFO Channel 11/2 : 10[c9000] -> 12[d1000] via P2P/IPC comm 0x638dc20 nRanks 16
nid005203:74123:74123 [2] NCCL INFO Channel 15/2 : 10[c9000] -> 12[d1000] via P2P/IPC comm 0x638dc20 nRanks 16
nid005203:74123:74123 [2] NCCL INFO Channel 00/2 : 2[c9000] -> 10[c9000] [receive] via NET/AWS Libfabric/1 comm 0x638dc20 nRanks 16
nid005203:74123:74123 [2] NCCL INFO Channel 04/2 : 2[c9000] -> 10[c9000] [receive] via NET/AWS Libfabric/1 comm 0x638dc20 nRanks 16
nid005203:74123:74123 [2] NCCL INFO Channel 08/2 : 2[c9000] -> 10[c9000] [receive] via NET/AWS Libfabric/1 comm 0x638dc20 nRanks 16
nid005203:74123:74123 [2] NCCL INFO Channel 12/2 : 2[c9000] -> 10[c9000] [receive] via NET/AWS Libfabric/1 comm 0x638dc20 nRanks 16
nid005203:74123:74123 [2] NCCL INFO Channel 01/2 : 10[c9000] -> 2[c9000] [send] via NET/AWS Libfabric/1 comm 0x638dc20 nRanks 16
nid005203:74123:74123 [2] NCCL INFO Channel 05/2 : 10[c9000] -> 2[c9000] [send] via NET/AWS Libfabric/1 comm 0x638dc20 nRanks 16
nid005203:74123:74123 [2] NCCL INFO Channel 09/2 : 10[c9000] -> 2[c9000] [send] via NET/AWS Libfabric/1 comm 0x638dc20 nRanks 16
nid005203:74123:74123 [2] NCCL INFO Channel 13/2 : 10[c9000] -> 2[c9000] [send] via NET/AWS Libfabric/1 comm 0x638dc20 nRanks 16
nid005203:74123:74123 [2] NCCL INFO Connected all rings comm 0x638dc20 nRanks 16 busId c9000
nid005203:74123:74123 [2] NCCL INFO Channel 01/0 : 10[c9000] -> 11[ce000] via P2P/IPC comm 0x638dc20 nRanks 16
nid005203:74123:74123 [2] NCCL INFO Channel 03/0 : 10[c9000] -> 11[ce000] via P2P/IPC comm 0x638dc20 nRanks 16
nid005203:74123:74123 [2] NCCL INFO Channel 05/0 : 10[c9000] -> 11[ce000] via P2P/IPC comm 0x638dc20 nRanks 16
nid005203:74123:74123 [2] NCCL INFO Channel 07/0 : 10[c9000] -> 11[ce000] via P2P/IPC comm 0x638dc20 nRanks 16
nid005203:74123:74123 [2] NCCL INFO Channel 09/0 : 10[c9000] -> 11[ce000] via P2P/IPC comm 0x638dc20 nRanks 16
nid005203:74123:74123 [2] NCCL INFO Channel 11/0 : 10[c9000] -> 11[ce000] via P2P/IPC comm 0x638dc20 nRanks 16
nid005203:74123:74123 [2] NCCL INFO Channel 13/0 : 10[c9000] -> 11[ce000] via P2P/IPC comm 0x638dc20 nRanks 16
nid005203:74123:74123 [2] NCCL INFO Channel 15/0 : 10[c9000] -> 11[ce000] via P2P/IPC comm 0x638dc20 nRanks 16
nid005203:74123:74123 [2] NCCL INFO Channel 02/0 : 10[c9000] -> 12[d1000] via P2P/IPC comm 0x638dc20 nRanks 16
nid005203:74123:74123 [2] NCCL INFO Channel 06/0 : 10[c9000] -> 12[d1000] via P2P/IPC comm 0x638dc20 nRanks 16
nid005203:74123:74123 [2] NCCL INFO Channel 10/0 : 10[c9000] -> 12[d1000] via P2P/IPC comm 0x638dc20 nRanks 16
nid005203:74123:74123 [2] NCCL INFO Channel 14/0 : 10[c9000] -> 12[d1000] via P2P/IPC comm 0x638dc20 nRanks 16
nid005203:74123:74123 [2] NCCL INFO Channel 01/0 : 2[c9000] -> 10[c9000] [receive] via NET/AWS Libfabric/1 comm 0x638dc20 nRanks 16
nid005203:74123:74123 [2] NCCL INFO Channel 05/0 : 2[c9000] -> 10[c9000] [receive] via NET/AWS Libfabric/1 comm 0x638dc20 nRanks 16
nid005203:74123:74123 [2] NCCL INFO Channel 09/0 : 2[c9000] -> 10[c9000] [receive] via NET/AWS Libfabric/1 comm 0x638dc20 nRanks 16
nid005203:74123:74123 [2] NCCL INFO Channel 13/0 : 2[c9000] -> 10[c9000] [receive] via NET/AWS Libfabric/1 comm 0x638dc20 nRanks 16
nid005203:74123:74123 [2] NCCL INFO Connected all trees
nid005203:74123:74123 [2] NCCL INFO threadThresholds 8/8/64 | 128/8/64 | 256 | 256
nid005203:74123:74123 [2] NCCL INFO 16 coll channels, 16 collnet channels, 0 nvls channels, 16 p2p channels, 2 p2p channels per peer

nid005203:74123:74123 [2] /long_pathname_so_that_rpms_can_package_the_debug_info/src/rccl/build/hipify/src/init.cc:2065 NCCL WARN MSCCL++: Cannot enable MSCCL++; environment is not MSCCL compatible
nid005203:74123:74123 [2] NCCL INFO ncclCommInitRank comm 0x638dc20 rank 10 nranks 16 cudaDev 2 nvmlDev 2 busId c9000 commId 0x1b9730ce07259768 localSize 296 used 260358368 bytes on core 22 - Init COMPLETE
nid005203:74121:74121 [0] NCCL INFO Channel 06/2 : 8[c1000] -> 14[d9000] via P2P/IPC comm 0x72b3a30 nRanks 16
nid005203:74121:74121 [0] NCCL INFO Channel 10/2 : 8[c1000] -> 14[d9000] via P2P/IPC comm 0x72b3a30 nRanks 16
nid005203:74121:74121 [0] NCCL INFO Channel 14/2 : 8[c1000] -> 14[d9000] via P2P/IPC comm 0x72b3a30 nRanks 16
nid005203:74121:74121 [0] NCCL INFO Channel 01/2 : 0[c1000] -> 8[c1000] [receive] via NET/AWS Libfabric/0 comm 0x72b3a30 nRanks 16
nid005203:74121:74121 [0] NCCL INFO Channel 05/2 : 0[c1000] -> 8[c1000] [receive] via NET/AWS Libfabric/0 comm 0x72b3a30 nRanks 16
nid005203:74121:74121 [0] NCCL INFO Channel 09/2 : 0[c1000] -> 8[c1000] [receive] via NET/AWS Libfabric/0 comm 0x72b3a30 nRanks 16
nid005203:74121:74121 [0] NCCL INFO Channel 13/2 : 0[c1000] -> 8[c1000] [receive] via NET/AWS Libfabric/0 comm 0x72b3a30 nRanks 16
nid005203:74121:74121 [0] NCCL INFO Channel 00/2 : 8[c1000] -> 0[c1000] [send] via NET/AWS Libfabric/0 comm 0x72b3a30 nRanks 16
nid005203:74121:74121 [0] NCCL INFO Channel 04/2 : 8[c1000] -> 0[c1000] [send] via NET/AWS Libfabric/0 comm 0x72b3a30 nRanks 16
nid005203:74121:74121 [0] NCCL INFO Channel 08/2 : 8[c1000] -> 0[c1000] [send] via NET/AWS Libfabric/0 comm 0x72b3a30 nRanks 16
nid005203:74121:74121 [0] NCCL INFO Channel 12/2 : 8[c1000] -> 0[c1000] [send] via NET/AWS Libfabric/0 comm 0x72b3a30 nRanks 16
nid005203:74121:74121 [0] NCCL INFO Connected all rings comm 0x72b3a30 nRanks 16 busId c1000
nid005203:74121:74121 [0] NCCL INFO Channel 00/0 : 8[c1000] -> 9[c6000] via P2P/IPC comm 0x72b3a30 nRanks 16
nid005203:74121:74121 [0] NCCL INFO Channel 02/0 : 8[c1000] -> 9[c6000] via P2P/IPC comm 0x72b3a30 nRanks 16
nid005203:74121:74121 [0] NCCL INFO Channel 04/0 : 8[c1000] -> 9[c6000] via P2P/IPC comm 0x72b3a30 nRanks 16
nid005203:74121:74121 [0] NCCL INFO Channel 06/0 : 8[c1000] -> 9[c6000] via P2P/IPC comm 0x72b3a30 nRanks 16
nid005203:74121:74121 [0] NCCL INFO Channel 08/0 : 8[c1000] -> 9[c6000] via P2P/IPC comm 0x72b3a30 nRanks 16
nid005203:74121:74121 [0] NCCL INFO Channel 10/0 : 8[c1000] -> 9[c6000] via P2P/IPC comm 0x72b3a30 nRanks 16
nid005203:74121:74121 [0] NCCL INFO Channel 12/0 : 8[c1000] -> 9[c6000] via P2P/IPC comm 0x72b3a30 nRanks 16
nid005203:74121:74121 [0] NCCL INFO Channel 14/0 : 8[c1000] -> 9[c6000] via P2P/IPC comm 0x72b3a30 nRanks 16
nid005203:74121:74121 [0] NCCL INFO Channel 03/0 : 8[c1000] -> 14[d9000] via P2P/IPC comm 0x72b3a30 nRanks 16
nid005203:74121:74121 [0] NCCL INFO Channel 07/0 : 8[c1000] -> 14[d9000] via P2P/IPC comm 0x72b3a30 nRanks 16
nid005203:74121:74121 [0] NCCL INFO Channel 11/0 : 8[c1000] -> 14[d9000] via P2P/IPC comm 0x72b3a30 nRanks 16
nid005203:74121:74121 [0] NCCL INFO Channel 15/0 : 8[c1000] -> 14[d9000] via P2P/IPC comm 0x72b3a30 nRanks 16
nid005203:74121:74121 [0] NCCL INFO Channel 00/0 : 0[c1000] -> 8[c1000] [receive] via NET/AWS Libfabric/0 comm 0x72b3a30 nRanks 16
nid005203:74121:74121 [0] NCCL INFO Channel 04/0 : 0[c1000] -> 8[c1000] [receive] via NET/AWS Libfabric/0 comm 0x72b3a30 nRanks 16
nid005203:74121:74121 [0] NCCL INFO Channel 08/0 : 0[c1000] -> 8[c1000] [receive] via NET/AWS Libfabric/0 comm 0x72b3a30 nRanks 16
nid005203:74121:74121 [0] NCCL INFO Channel 12/0 : 0[c1000] -> 8[c1000] [receive] via NET/AWS Libfabric/0 comm 0x72b3a30 nRanks 16
nid005203:74121:74121 [0] NCCL INFO Connected all trees
nid005203:74121:74121 [0] NCCL INFO threadThresholds 8/8/64 | 128/8/64 | 256 | 256
nid005203:74121:74121 [0] NCCL INFO 16 coll channels, 16 collnet channels, 0 nvls channels, 16 p2p channels, 2 p2p channels per peer

nid005203:74121:74121 [0] /long_pathname_so_that_rpms_can_package_the_debug_info/src/rccl/build/hipify/src/init.cc:2065 NCCL WARN MSCCL++: Cannot enable MSCCL++; environment is not MSCCL compatible
nid005203:74121:74121 [0] NCCL INFO ncclCommInitRank comm 0x72b3a30 rank 8 nranks 16 cudaDev 0 nvmlDev 0 busId c1000 commId 0x1b9730ce07259768 localSize 296 used 260358368 bytes on core 54 - Init COMPLETE
nid005203:74121:74303 [0] NCCL INFO Channel 08/1 : 8[c1000] -> 9[c6000] via P2P/IPC comm 0x72b3a30 nRanks 16
nid005203:74126:74126 [5] NCCL INFO Channel 15/2 : 13[d6000] -> 5[d6000] [send] via NET/AWS Libfabric/2 comm 0x723b040 nRanks 16
nid005203:74126:74126 [5] NCCL INFO Channel 00/2 : 13[d6000] -> 9[c6000] via P2P/IPC comm 0x723b040 nRanks 16
nid005203:74126:74126 [5] NCCL INFO Channel 04/2 : 13[d6000] -> 9[c6000] via P2P/IPC comm 0x723b040 nRanks 16
nid005203:74126:74126 [5] NCCL INFO Channel 08/2 : 13[d6000] -> 9[c6000] via P2P/IPC comm 0x723b040 nRanks 16
nid005203:74126:74126 [5] NCCL INFO Channel 12/2 : 13[d6000] -> 9[c6000] via P2P/IPC comm 0x723b040 nRanks 16
nid005203:74126:74126 [5] NCCL INFO Channel 01/2 : 13[d6000] -> 12[d1000] via P2P/IPC comm 0x723b040 nRanks 16
nid005203:74126:74126 [5] NCCL INFO Channel 02/2 : 13[d6000] -> 12[d1000] via P2P/IPC comm 0x723b040 nRanks 16
nid005203:74126:74126 [5] NCCL INFO Channel 05/2 : 13[d6000] -> 12[d1000] via P2P/IPC comm 0x723b040 nRanks 16
nid005203:74126:74126 [5] NCCL INFO Channel 06/2 : 13[d6000] -> 12[d1000] via P2P/IPC comm 0x723b040 nRanks 16
nid005203:74126:74126 [5] NCCL INFO Channel 09/2 : 13[d6000] -> 12[d1000] via P2P/IPC comm 0x723b040 nRanks 16
nid005203:74126:74126 [5] NCCL INFO Channel 10/2 : 13[d6000] -> 12[d1000] via P2P/IPC comm 0x723b040 nRanks 16
nid005203:74126:74126 [5] NCCL INFO Channel 13/2 : 13[d6000] -> 12[d1000] via P2P/IPC comm 0x723b040 nRanks 16
nid005203:74126:74126 [5] NCCL INFO Channel 14/2 : 13[d6000] -> 12[d1000] via P2P/IPC comm 0x723b040 nRanks 16
nid005203:74126:74126 [5] NCCL INFO Connected all rings comm 0x723b040 nRanks 16 busId d6000
nid005203:74126:74126 [5] NCCL INFO Channel 03/0 : 5[d6000] -> 13[d6000] [receive] via NET/AWS Libfabric/2 comm 0x723b040 nRanks 16
nid005203:74126:74126 [5] NCCL INFO Channel 07/0 : 5[d6000] -> 13[d6000] [receive] via NET/AWS Libfabric/2 comm 0x723b040 nRanks 16
nid005203:74126:74126 [5] NCCL INFO Channel 11/0 : 5[d6000] -> 13[d6000] [receive] via NET/AWS Libfabric/2 comm 0x723b040 nRanks 16
nid005203:74126:74126 [5] NCCL INFO Channel 15/0 : 5[d6000] -> 13[d6000] [receive] via NET/AWS Libfabric/2 comm 0x723b040 nRanks 16
nid005203:74126:74126 [5] NCCL INFO Channel 01/0 : 13[d6000] -> 9[c6000] via P2P/IPC comm 0x723b040 nRanks 16
nid005203:74126:74126 [5] NCCL INFO Channel 05/0 : 13[d6000] -> 9[c6000] via P2P/IPC comm 0x723b040 nRanks 16
nid005203:74126:74126 [5] NCCL INFO Channel 09/0 : 13[d6000] -> 9[c6000] via P2P/IPC comm 0x723b040 nRanks 16
nid005203:74126:74126 [5] NCCL INFO Channel 13/0 : 13[d6000] -> 9[c6000] via P2P/IPC comm 0x723b040 nRanks 16
nid005203:74126:74126 [5] NCCL INFO Channel 00/0 : 13[d6000] -> 12[d1000] via P2P/IPC comm 0x723b040 nRanks 16
nid005203:74126:74126 [5] NCCL INFO Channel 03/0 : 13[d6000] -> 12[d1000] via P2P/IPC comm 0x723b040 nRanks 16
nid005203:74126:74126 [5] NCCL INFO Channel 04/0 : 13[d6000] -> 12[d1000] via P2P/IPC comm 0x723b040 nRanks 16
nid005203:74126:74126 [5] NCCL INFO Channel 07/0 : 13[d6000] -> 12[d1000] via P2P/IPC comm 0x723b040 nRanks 16
nid005203:74126:74126 [5] NCCL INFO Channel 08/0 : 13[d6000] -> 12[d1000] via P2P/IPC comm 0x723b040 nRanks 16
nid005203:74126:74126 [5] NCCL INFO Channel 11/0 : 13[d6000] -> 12[d1000] via P2P/IPC comm 0x723b040 nRanks 16
nid005203:74126:74126 [5] NCCL INFO Channel 12/0 : 13[d6000] -> 12[d1000] via P2P/IPC comm 0x723b040 nRanks 16
nid005203:74126:74126 [5] NCCL INFO Channel 15/0 : 13[d6000] -> 12[d1000] via P2P/IPC comm 0x723b040 nRanks 16
nid005203:74126:74126 [5] NCCL INFO Connected all trees
nid005203:74126:74126 [5] NCCL INFO threadThresholds 8/8/64 | 128/8/64 | 256 | 256
nid005203:74126:74126 [5] NCCL INFO 16 coll channels, 16 collnet channels, 0 nvls channels, 16 p2p channels, 2 p2p channels per peer

nid005203:74126:74126 [5] /long_pathname_so_that_rpms_can_package_the_debug_info/src/rccl/build/hipify/src/init.cc:2065 NCCL WARN MSCCL++: Cannot enable MSCCL++; environment is not MSCCL compatible
nid005203:74126:74126 [5] NCCL INFO ncclCommInitRank comm 0x723b040 rank 13 nranks 16 cudaDev 5 nvmlDev 5 busId d6000 commId 0x1b9730ce07259768 localSize 296 used 260358368 bytes on core 14 - Init COMPLETE
nid005202:79984:79984 [2] NCCL INFO Channel 10/2 : 2[c9000] -> 4[d1000] via P2P/IPC comm 0xcae8c0 nRanks 16
nid005202:79984:79984 [2] NCCL INFO Channel 14/2 : 2[c9000] -> 4[d1000] via P2P/IPC comm 0xcae8c0 nRanks 16
nid005202:79984:79984 [2] NCCL INFO Channel 01/2 : 10[c9000] -> 2[c9000] [receive] via NET/AWS Libfabric/1 comm 0xcae8c0 nRanks 16
nid005202:79984:79984 [2] NCCL INFO Channel 05/2 : 10[c9000] -> 2[c9000] [receive] via NET/AWS Libfabric/1 comm 0xcae8c0 nRanks 16
nid005202:79984:79984 [2] NCCL INFO Channel 09/2 : 10[c9000] -> 2[c9000] [receive] via NET/AWS Libfabric/1 comm 0xcae8c0 nRanks 16
nid005202:79984:79984 [2] NCCL INFO Channel 13/2 : 10[c9000] -> 2[c9000] [receive] via NET/AWS Libfabric/1 comm 0xcae8c0 nRanks 16
nid005202:79984:79984 [2] NCCL INFO Channel 00/2 : 2[c9000] -> 10[c9000] [send] via NET/AWS Libfabric/1 comm 0xcae8c0 nRanks 16
nid005202:79984:79984 [2] NCCL INFO Channel 04/2 : 2[c9000] -> 10[c9000] [send] via NET/AWS Libfabric/1 comm 0xcae8c0 nRanks 16
nid005202:79984:79984 [2] NCCL INFO Channel 08/2 : 2[c9000] -> 10[c9000] [send] via NET/AWS Libfabric/1 comm 0xcae8c0 nRanks 16
nid005202:79984:79984 [2] NCCL INFO Channel 12/2 : 2[c9000] -> 10[c9000] [send] via NET/AWS Libfabric/1 comm 0xcae8c0 nRanks 16
nid005202:79984:79984 [2] NCCL INFO Connected all rings comm 0xcae8c0 nRanks 16 busId c9000
nid005202:79984:79984 [2] NCCL INFO Channel 00/0 : 2[c9000] -> 3[ce000] via P2P/IPC comm 0xcae8c0 nRanks 16
nid005202:79984:79984 [2] NCCL INFO Channel 02/0 : 2[c9000] -> 3[ce000] via P2P/IPC comm 0xcae8c0 nRanks 16
nid005202:79984:79984 [2] NCCL INFO Channel 04/0 : 2[c9000] -> 3[ce000] via P2P/IPC comm 0xcae8c0 nRanks 16
nid005202:79984:79984 [2] NCCL INFO Channel 06/0 : 2[c9000] -> 3[ce000] via P2P/IPC comm 0xcae8c0 nRanks 16
nid005202:79984:79984 [2] NCCL INFO Channel 08/0 : 2[c9000] -> 3[ce000] via P2P/IPC comm 0xcae8c0 nRanks 16
nid005202:79984:79984 [2] NCCL INFO Channel 10/0 : 2[c9000] -> 3[ce000] via P2P/IPC comm 0xcae8c0 nRanks 16
nid005202:79984:79984 [2] NCCL INFO Channel 12/0 : 2[c9000] -> 3[ce000] via P2P/IPC comm 0xcae8c0 nRanks 16
nid005202:79984:79984 [2] NCCL INFO Channel 14/0 : 2[c9000] -> 3[ce000] via P2P/IPC comm 0xcae8c0 nRanks 16
nid005202:79984:79984 [2] NCCL INFO Channel 03/0 : 2[c9000] -> 4[d1000] via P2P/IPC comm 0xcae8c0 nRanks 16
nid005202:79984:79984 [2] NCCL INFO Channel 07/0 : 2[c9000] -> 4[d1000] via P2P/IPC comm 0xcae8c0 nRanks 16
nid005202:79984:79984 [2] NCCL INFO Channel 11/0 : 2[c9000] -> 4[d1000] via P2P/IPC comm 0xcae8c0 nRanks 16
nid005202:79984:79984 [2] NCCL INFO Channel 15/0 : 2[c9000] -> 4[d1000] via P2P/IPC comm 0xcae8c0 nRanks 16
nid005202:79984:79984 [2] NCCL INFO Channel 01/0 : 2[c9000] -> 10[c9000] [send] via NET/AWS Libfabric/1 comm 0xcae8c0 nRanks 16
nid005202:79984:79984 [2] NCCL INFO Channel 05/0 : 2[c9000] -> 10[c9000] [send] via NET/AWS Libfabric/1 comm 0xcae8c0 nRanks 16
nid005202:79984:79984 [2] NCCL INFO Channel 09/0 : 2[c9000] -> 10[c9000] [send] via NET/AWS Libfabric/1 comm 0xcae8c0 nRanks 16
nid005202:79984:79984 [2] NCCL INFO Channel 13/0 : 2[c9000] -> 10[c9000] [send] via NET/AWS Libfabric/1 comm 0xcae8c0 nRanks 16
nid005202:79984:79984 [2] NCCL INFO Connected all trees
nid005202:79984:79984 [2] NCCL INFO threadThresholds 8/8/64 | 128/8/64 | 256 | 256
nid005202:79984:79984 [2] NCCL INFO 16 coll channels, 16 collnet channels, 0 nvls channels, 16 p2p channels, 2 p2p channels per peer

nid005202:79984:79984 [2] /long_pathname_so_that_rpms_can_package_the_debug_info/src/rccl/build/hipify/src/init.cc:2065 NCCL WARN MSCCL++: Cannot enable MSCCL++; environment is not MSCCL compatible
nid005202:79984:79984 [2] NCCL INFO ncclCommInitRank comm 0xcae8c0 rank 2 nranks 16 cudaDev 2 nvmlDev 2 busId c9000 commId 0x1b9730ce07259768 localSize 296 used 260358368 bytes on core 22 - Init COMPLETE
nid005202:79984:80167 [2] NCCL INFO Channel 08/1 : 2[c9000] -> 3[ce000] via P2P/IPC comm 0xcae8c0 nRanks 16
nid005202:79984:80167 [2] NCCL INFO Channel 09/1 : 2[c9000] -> 3[ce000] via P2P/IPC comm 0xcae8c0 nRanks 16
nid005202:79984:80167 [2] NCCL INFO Channel 10/1 : 14[d9000] -> 2[c9000] [receive] via NET/AWS Libfabric/1/Shared comm 0xcae8c0 nRanks 16
nid005203:74128:74128 [7] NCCL INFO Channel 14/2 : 15[de000] -> 7[de000] [send] via NET/AWS Libfabric/3 comm 0x5bc1b10 nRanks 16
nid005203:74128:74128 [7] NCCL INFO Channel 01/2 : 15[de000] -> 11[ce000] via P2P/IPC comm 0x5bc1b10 nRanks 16
nid005203:74128:74128 [7] NCCL INFO Channel 05/2 : 15[de000] -> 11[ce000] via P2P/IPC comm 0x5bc1b10 nRanks 16
nid005203:74128:74128 [7] NCCL INFO Channel 09/2 : 15[de000] -> 11[ce000] via P2P/IPC comm 0x5bc1b10 nRanks 16
nid005203:74128:74128 [7] NCCL INFO Channel 13/2 : 15[de000] -> 11[ce000] via P2P/IPC comm 0x5bc1b10 nRanks 16
nid005203:74128:74128 [7] NCCL INFO Channel 00/2 : 15[de000] -> 14[d9000] via P2P/IPC comm 0x5bc1b10 nRanks 16
nid005203:74128:74128 [7] NCCL INFO Channel 03/2 : 15[de000] -> 14[d9000] via P2P/IPC comm 0x5bc1b10 nRanks 16
nid005203:74128:74128 [7] NCCL INFO Channel 04/2 : 15[de000] -> 14[d9000] via P2P/IPC comm 0x5bc1b10 nRanks 16
nid005203:74128:74128 [7] NCCL INFO Channel 07/2 : 15[de000] -> 14[d9000] via P2P/IPC comm 0x5bc1b10 nRanks 16
nid005203:74128:74128 [7] NCCL INFO Channel 08/2 : 15[de000] -> 14[d9000] via P2P/IPC comm 0x5bc1b10 nRanks 16
nid005203:74128:74128 [7] NCCL INFO Channel 11/2 : 15[de000] -> 14[d9000] via P2P/IPC comm 0x5bc1b10 nRanks 16
nid005203:74128:74128 [7] NCCL INFO Channel 12/2 : 15[de000] -> 14[d9000] via P2P/IPC comm 0x5bc1b10 nRanks 16
nid005203:74128:74128 [7] NCCL INFO Channel 15/2 : 15[de000] -> 14[d9000] via P2P/IPC comm 0x5bc1b10 nRanks 16
nid005203:74128:74128 [7] NCCL INFO Connected all rings comm 0x5bc1b10 nRanks 16 busId de000
nid005203:74128:74128 [7] NCCL INFO Channel 02/0 : 7[de000] -> 15[de000] [receive] via NET/AWS Libfabric/3 comm 0x5bc1b10 nRanks 16
nid005203:74128:74128 [7] NCCL INFO Channel 06/0 : 7[de000] -> 15[de000] [receive] via NET/AWS Libfabric/3 comm 0x5bc1b10 nRanks 16
nid005203:74128:74128 [7] NCCL INFO Channel 10/0 : 7[de000] -> 15[de000] [receive] via NET/AWS Libfabric/3 comm 0x5bc1b10 nRanks 16
nid005203:74128:74128 [7] NCCL INFO Channel 14/0 : 7[de000] -> 15[de000] [receive] via NET/AWS Libfabric/3 comm 0x5bc1b10 nRanks 16
nid005203:74128:74128 [7] NCCL INFO Channel 00/0 : 15[de000] -> 11[ce000] via P2P/IPC comm 0x5bc1b10 nRanks 16
nid005203:74128:74128 [7] NCCL INFO Channel 04/0 : 15[de000] -> 11[ce000] via P2P/IPC comm 0x5bc1b10 nRanks 16
nid005203:74128:74128 [7] NCCL INFO Channel 08/0 : 15[de000] -> 11[ce000] via P2P/IPC comm 0x5bc1b10 nRanks 16
nid005203:74128:74128 [7] NCCL INFO Channel 12/0 : 15[de000] -> 11[ce000] via P2P/IPC comm 0x5bc1b10 nRanks 16
nid005203:74128:74128 [7] NCCL INFO Channel 01/0 : 15[de000] -> 14[d9000] via P2P/IPC comm 0x5bc1b10 nRanks 16
nid005203:74128:74128 [7] NCCL INFO Channel 02/0 : 15[de000] -> 14[d9000] via P2P/IPC comm 0x5bc1b10 nRanks 16
nid005203:74128:74128 [7] NCCL INFO Channel 05/0 : 15[de000] -> 14[d9000] via P2P/IPC comm 0x5bc1b10 nRanks 16
nid005203:74128:74128 [7] NCCL INFO Channel 06/0 : 15[de000] -> 14[d9000] via P2P/IPC comm 0x5bc1b10 nRanks 16
nid005203:74128:74128 [7] NCCL INFO Channel 09/0 : 15[de000] -> 14[d9000] via P2P/IPC comm 0x5bc1b10 nRanks 16
nid005203:74128:74128 [7] NCCL INFO Channel 10/0 : 15[de000] -> 14[d9000] via P2P/IPC comm 0x5bc1b10 nRanks 16
nid005203:74128:74128 [7] NCCL INFO Channel 13/0 : 15[de000] -> 14[d9000] via P2P/IPC comm 0x5bc1b10 nRanks 16
nid005203:74128:74128 [7] NCCL INFO Channel 14/0 : 15[de000] -> 14[d9000] via P2P/IPC comm 0x5bc1b10 nRanks 16
nid005203:74128:74128 [7] NCCL INFO Connected all trees
nid005203:74128:74128 [7] NCCL INFO threadThresholds 8/8/64 | 128/8/64 | 256 | 256
nid005203:74128:74128 [7] NCCL INFO 16 coll channels, 16 collnet channels, 0 nvls channels, 16 p2p channels, 2 p2p channels per peer

nid005203:74128:74128 [7] /long_pathname_so_that_rpms_can_package_the_debug_info/src/rccl/build/hipify/src/init.cc:2065 NCCL WARN MSCCL++: Cannot enable MSCCL++; environment is not MSCCL compatible
nid005203:74128:74128 [7] NCCL INFO ncclCommInitRank comm 0x5bc1b10 rank 15 nranks 16 cudaDev 7 nvmlDev 7 busId de000 commId 0x1b9730ce07259768 localSize 296 used 260358368 bytes on core 46 - Init COMPLETE
nid005202:79987:79987 [5] NCCL INFO Channel 01/2 : 5[d6000] -> 1[c6000] via P2P/IPC comm 0x6b488e0 nRanks 16
nid005202:79987:79987 [5] NCCL INFO Channel 05/2 : 5[d6000] -> 1[c6000] via P2P/IPC comm 0x6b488e0 nRanks 16
nid005202:79987:79987 [5] NCCL INFO Channel 09/2 : 5[d6000] -> 1[c6000] via P2P/IPC comm 0x6b488e0 nRanks 16
nid005202:79987:79987 [5] NCCL INFO Channel 13/2 : 5[d6000] -> 1[c6000] via P2P/IPC comm 0x6b488e0 nRanks 16
nid005202:79987:79987 [5] NCCL INFO Channel 00/2 : 5[d6000] -> 4[d1000] via P2P/IPC comm 0x6b488e0 nRanks 16
nid005202:79987:79987 [5] NCCL INFO Channel 03/2 : 5[d6000] -> 4[d1000] via P2P/IPC comm 0x6b488e0 nRanks 16
nid005202:79987:79987 [5] NCCL INFO Channel 04/2 : 5[d6000] -> 4[d1000] via P2P/IPC comm 0x6b488e0 nRanks 16
nid005202:79987:79987 [5] NCCL INFO Channel 07/2 : 5[d6000] -> 4[d1000] via P2P/IPC comm 0x6b488e0 nRanks 16
nid005202:79987:79987 [5] NCCL INFO Channel 08/2 : 5[d6000] -> 4[d1000] via P2P/IPC comm 0x6b488e0 nRanks 16
nid005202:79987:79987 [5] NCCL INFO Channel 11/2 : 5[d6000] -> 4[d1000] via P2P/IPC comm 0x6b488e0 nRanks 16
nid005202:79987:79987 [5] NCCL INFO Channel 12/2 : 5[d6000] -> 4[d1000] via P2P/IPC comm 0x6b488e0 nRanks 16
nid005202:79987:79987 [5] NCCL INFO Channel 15/2 : 5[d6000] -> 4[d1000] via P2P/IPC comm 0x6b488e0 nRanks 16
nid005202:79987:79987 [5] NCCL INFO Connected all rings comm 0x6b488e0 nRanks 16 busId d6000
nid005202:79987:79987 [5] NCCL INFO Channel 03/0 : 5[d6000] -> 13[d6000] [send] via NET/AWS Libfabric/2 comm 0x6b488e0 nRanks 16
nid005202:79987:79987 [5] NCCL INFO Channel 07/0 : 5[d6000] -> 13[d6000] [send] via NET/AWS Libfabric/2 comm 0x6b488e0 nRanks 16
nid005202:79987:79987 [5] NCCL INFO Channel 11/0 : 5[d6000] -> 13[d6000] [send] via NET/AWS Libfabric/2 comm 0x6b488e0 nRanks 16
nid005202:79987:79987 [5] NCCL INFO Channel 15/0 : 5[d6000] -> 13[d6000] [send] via NET/AWS Libfabric/2 comm 0x6b488e0 nRanks 16
nid005202:79987:79987 [5] NCCL INFO Channel 00/0 : 5[d6000] -> 1[c6000] via P2P/IPC comm 0x6b488e0 nRanks 16
nid005202:79987:79987 [5] NCCL INFO Channel 04/0 : 5[d6000] -> 1[c6000] via P2P/IPC comm 0x6b488e0 nRanks 16
nid005202:79987:79987 [5] NCCL INFO Channel 08/0 : 5[d6000] -> 1[c6000] via P2P/IPC comm 0x6b488e0 nRanks 16
nid005202:79987:79987 [5] NCCL INFO Channel 12/0 : 5[d6000] -> 1[c6000] via P2P/IPC comm 0x6b488e0 nRanks 16
nid005202:79987:79987 [5] NCCL INFO Channel 01/0 : 5[d6000] -> 4[d1000] via P2P/IPC comm 0x6b488e0 nRanks 16
nid005202:79987:79987 [5] NCCL INFO Channel 02/0 : 5[d6000] -> 4[d1000] via P2P/IPC comm 0x6b488e0 nRanks 16
nid005202:79987:79987 [5] NCCL INFO Channel 05/0 : 5[d6000] -> 4[d1000] via P2P/IPC comm 0x6b488e0 nRanks 16
nid005202:79987:79987 [5] NCCL INFO Channel 06/0 : 5[d6000] -> 4[d1000] via P2P/IPC comm 0x6b488e0 nRanks 16
nid005202:79987:79987 [5] NCCL INFO Channel 09/0 : 5[d6000] -> 4[d1000] via P2P/IPC comm 0x6b488e0 nRanks 16
nid005202:79987:79987 [5] NCCL INFO Channel 10/0 : 5[d6000] -> 4[d1000] via P2P/IPC comm 0x6b488e0 nRanks 16
nid005202:79987:79987 [5] NCCL INFO Channel 13/0 : 5[d6000] -> 4[d1000] via P2P/IPC comm 0x6b488e0 nRanks 16
nid005202:79987:79987 [5] NCCL INFO Channel 14/0 : 5[d6000] -> 4[d1000] via P2P/IPC comm 0x6b488e0 nRanks 16
nid005202:79987:79987 [5] NCCL INFO Connected all trees
nid005202:79987:79987 [5] NCCL INFO threadThresholds 8/8/64 | 128/8/64 | 256 | 256
nid005202:79987:79987 [5] NCCL INFO 16 coll channels, 16 collnet channels, 0 nvls channels, 16 p2p channels, 2 p2p channels per peer

nid005202:79987:79987 [5] /long_pathname_so_that_rpms_can_package_the_debug_info/src/rccl/build/hipify/src/init.cc:2065 NCCL WARN MSCCL++: Cannot enable MSCCL++; environment is not MSCCL compatible
nid005202:79987:79987 [5] NCCL INFO ncclCommInitRank comm 0x6b488e0 rank 5 nranks 16 cudaDev 5 nvmlDev 5 busId d6000 commId 0x1b9730ce07259768 localSize 296 used 260358368 bytes on core 14 - Init COMPLETE
nid005202:79987:80160 [5] NCCL INFO Channel 04/1 : 5[d6000] -> 7[de000] via P2P/IPC comm 0x6b488e0 nRanks 16
nid005202:79987:80160 [5] NCCL INFO Channel 05/1 : 5[d6000] -> 7[de000] via P2P/IPC comm 0x6b488e0 nRanks 16
nid005202:79989:79989 [7] NCCL INFO Channel 00/2 : 7[de000] -> 3[ce000] via P2P/IPC comm 0x6bb4f40 nRanks 16
nid005202:79989:79989 [7] NCCL INFO Channel 04/2 : 7[de000] -> 3[ce000] via P2P/IPC comm 0x6bb4f40 nRanks 16
nid005202:79989:79989 [7] NCCL INFO Channel 08/2 : 7[de000] -> 3[ce000] via P2P/IPC comm 0x6bb4f40 nRanks 16
nid005202:79989:79989 [7] NCCL INFO Channel 12/2 : 7[de000] -> 3[ce000] via P2P/IPC comm 0x6bb4f40 nRanks 16
nid005202:79989:79989 [7] NCCL INFO Channel 01/2 : 7[de000] -> 6[d9000] via P2P/IPC comm 0x6bb4f40 nRanks 16
nid005202:79989:79989 [7] NCCL INFO Channel 02/2 : 7[de000] -> 6[d9000] via P2P/IPC comm 0x6bb4f40 nRanks 16
nid005202:79989:79989 [7] NCCL INFO Channel 05/2 : 7[de000] -> 6[d9000] via P2P/IPC comm 0x6bb4f40 nRanks 16
nid005202:79989:79989 [7] NCCL INFO Channel 06/2 : 7[de000] -> 6[d9000] via P2P/IPC comm 0x6bb4f40 nRanks 16
nid005202:79989:79989 [7] NCCL INFO Channel 09/2 : 7[de000] -> 6[d9000] via P2P/IPC comm 0x6bb4f40 nRanks 16
nid005202:79989:79989 [7] NCCL INFO Channel 10/2 : 7[de000] -> 6[d9000] via P2P/IPC comm 0x6bb4f40 nRanks 16
nid005202:79989:79989 [7] NCCL INFO Channel 13/2 : 7[de000] -> 6[d9000] via P2P/IPC comm 0x6bb4f40 nRanks 16
nid005202:79989:79989 [7] NCCL INFO Channel 14/2 : 7[de000] -> 6[d9000] via P2P/IPC comm 0x6bb4f40 nRanks 16
nid005202:79989:79989 [7] NCCL INFO Connected all rings comm 0x6bb4f40 nRanks 16 busId de000
nid005202:79989:79989 [7] NCCL INFO Channel 02/0 : 7[de000] -> 15[de000] [send] via NET/AWS Libfabric/3 comm 0x6bb4f40 nRanks 16
nid005202:79989:79989 [7] NCCL INFO Channel 06/0 : 7[de000] -> 15[de000] [send] via NET/AWS Libfabric/3 comm 0x6bb4f40 nRanks 16
nid005202:79989:79989 [7] NCCL INFO Channel 10/0 : 7[de000] -> 15[de000] [send] via NET/AWS Libfabric/3 comm 0x6bb4f40 nRanks 16
nid005202:79989:79989 [7] NCCL INFO Channel 14/0 : 7[de000] -> 15[de000] [send] via NET/AWS Libfabric/3 comm 0x6bb4f40 nRanks 16
nid005202:79989:79989 [7] NCCL INFO Channel 01/0 : 7[de000] -> 3[ce000] via P2P/IPC comm 0x6bb4f40 nRanks 16
nid005202:79989:79989 [7] NCCL INFO Channel 05/0 : 7[de000] -> 3[ce000] via P2P/IPC comm 0x6bb4f40 nRanks 16
nid005202:79989:79989 [7] NCCL INFO Channel 09/0 : 7[de000] -> 3[ce000] via P2P/IPC comm 0x6bb4f40 nRanks 16
nid005202:79989:79989 [7] NCCL INFO Channel 13/0 : 7[de000] -> 3[ce000] via P2P/IPC comm 0x6bb4f40 nRanks 16
nid005202:79989:79989 [7] NCCL INFO Channel 00/0 : 7[de000] -> 6[d9000] via P2P/IPC comm 0x6bb4f40 nRanks 16
nid005202:79989:79989 [7] NCCL INFO Channel 03/0 : 7[de000] -> 6[d9000] via P2P/IPC comm 0x6bb4f40 nRanks 16
nid005202:79989:79989 [7] NCCL INFO Channel 04/0 : 7[de000] -> 6[d9000] via P2P/IPC comm 0x6bb4f40 nRanks 16
nid005202:79989:79989 [7] NCCL INFO Channel 07/0 : 7[de000] -> 6[d9000] via P2P/IPC comm 0x6bb4f40 nRanks 16
nid005202:79989:79989 [7] NCCL INFO Channel 08/0 : 7[de000] -> 6[d9000] via P2P/IPC comm 0x6bb4f40 nRanks 16
nid005202:79989:79989 [7] NCCL INFO Channel 11/0 : 7[de000] -> 6[d9000] via P2P/IPC comm 0x6bb4f40 nRanks 16
nid005202:79989:79989 [7] NCCL INFO Channel 12/0 : 7[de000] -> 6[d9000] via P2P/IPC comm 0x6bb4f40 nRanks 16
nid005202:79989:79989 [7] NCCL INFO Channel 15/0 : 7[de000] -> 6[d9000] via P2P/IPC comm 0x6bb4f40 nRanks 16
nid005202:79989:79989 [7] NCCL INFO Connected all trees
nid005202:79989:79989 [7] NCCL INFO threadThresholds 8/8/64 | 128/8/64 | 256 | 256
nid005202:79989:79989 [7] NCCL INFO 16 coll channels, 16 collnet channels, 0 nvls channels, 16 p2p channels, 2 p2p channels per peer

nid005202:79989:79989 [7] /long_pathname_so_that_rpms_can_package_the_debug_info/src/rccl/build/hipify/src/init.cc:2065 NCCL WARN MSCCL++: Cannot enable MSCCL++; environment is not MSCCL compatible
nid005202:79989:79989 [7] NCCL INFO ncclCommInitRank comm 0x6bb4f40 rank 7 nranks 16 cudaDev 7 nvmlDev 7 busId de000 commId 0x1b9730ce07259768 localSize 296 used 260358368 bytes on core 46 - Init COMPLETE
nid005202:79989:80161 [7] NCCL INFO Channel 10/1 : 7[de000] -> 11[ce000] [send] via NET/AWS Libfabric/3/Shared comm 0x6bb4f40 nRanks 16
nid005202:79989:80161 [7] NCCL INFO Channel 11/1 : 7[de000] -> 11[ce000] [send] via NET/AWS Libfabric/3/Shared comm 0x6bb4f40 nRanks 16
nid005202:79982:80163 [0] NCCL INFO Channel 08/1 : 0[c1000] -> 1[c6000] via P2P/IPC comm 0x7143770 nRanks 16
nid005202:79982:80163 [0] NCCL INFO Channel 09/1 : 0[c1000] -> 1[c6000] via P2P/IPC comm 0x7143770 nRanks 16
nid005202:79982:80163 [0] NCCL INFO Channel 04/1 : 0[c1000] -> 2[c9000] via P2P/IPC comm 0x7143770 nRanks 16
nid005202:79982:80163 [0] NCCL INFO Channel 05/1 : 0[c1000] -> 2[c9000] via P2P/IPC comm 0x7143770 nRanks 16
nid005202:79982:80163 [0] NCCL INFO Channel 10/1 : 12[d1000] -> 0[c1000] [receive] via NET/AWS Libfabric/0/Shared comm 0x7143770 nRanks 16
nid005202:79982:80163 [0] NCCL INFO Channel 11/1 : 12[d1000] -> 0[c1000] [receive] via NET/AWS Libfabric/0/Shared comm 0x7143770 nRanks 16
nid005202:79982:80163 [0] NCCL INFO Channel 02/1 : 0[c1000] -> 4[d1000] via P2P/IPC comm 0x7143770 nRanks 16
nid005202:79982:80163 [0] NCCL INFO Channel 03/1 : 0[c1000] -> 4[d1000] via P2P/IPC comm 0x7143770 nRanks 16
nid005202:79982:80163 [0] NCCL INFO Channel 10/1 : 0[c1000] -> 12[d1000] [send] via NET/AWS Libfabric/0/Shared comm 0x7143770 nRanks 16
nid005202:79982:80163 [0] NCCL INFO Channel 11/1 : 0[c1000] -> 12[d1000] [send] via NET/AWS Libfabric/0/Shared comm 0x7143770 nRanks 16
 ======= Cycle 0 ======= 
*** E CALCULATION [GPU] ***
*** MAXWELL SOLVER [GPU] ***
