
Number of processes = 40
-------------------------
Number of threads = 6
-------------------------

Virtual Cartesian Processors Topology
-------------------------------------
Processors grid: 5x4x2
Periodicity X: 1
Periodicity Y: 0
Periodicity Z: 1


Simulation Parameters
---------------------
Number of species    = 4
qom[0] = -64
qom[1] = 1
qom[2] = -64
qom[3] = 1
x-Length                 = 12.5
y-Length                 = 13.3333
z-Length                 = 10
Number of cells (x)      = 320
Number of cells (y)      = 256
Number of cells (z)      = 128
Time step                = 0.15
Number of cycles         = 400
Results saved in  : data
Case type         : GEM
Simulation name   : weakGEM3D_N5
Smoothing         : on (alpha=0.2, Niter=6)
---------------------
EM Field Boundary Conditions
---------------------
Xleft  : 0 (perfect conductor)
Xright : 0 (perfect conductor)
Yleft  : 0 (perfect conductor)
Yright : 0 (perfect conductor)
Zleft  : 0 (perfect conductor)
Zright : 0 (perfect conductor)
SAL (absorbing layer): no
---------------------
Particle Boundary Conditions
---------------------
Xleft  : 1 (perfect mirror)
Xright : 1 (perfect mirror)
Yleft  : 1 (perfect mirror)
Yright : 1 (perfect mirror)
Zleft  : 1 (perfect mirror)
Zright : 1 (perfect mirror)
E inflow BCs in GMRes : yes (applied per-face where bcPface == 2)
---------------------
Field Corrections
---------------------
Poisson div(E) correction  : no
div(B) cleaning            : no
---------------------
Planet Boundary
---------------------
Reflection type            : 0 (specular)
---------------------
Exosphere Ionization
---------------------
Status                     : disabled
---------------------
Check Simulation Constraints
---------------------
Accuracy Constraint:  
u_th < dx/dt species 0.....OK
v_th < dy/dt species 0......OK
u_th < dx/dt species 1.....OK
v_th < dy/dt species 1......OK
u_th < dx/dt species 2.....OK
v_th < dy/dt species 2......OK
u_th < dx/dt species 3.....OK
v_th < dy/dt species 3......OK

Finite Grid Stability Constraint:  
OK u_th*dt/dx (species 0) = 0.1728 > .1
OK v_th*dt/dy (species 0) = 0.1296 > .1
WARNING. u_th*dt/dx (species 1) = 0.048384 < .1
WARNING. v_th*dt/dy (species 1) = 0.036288 < .1
OK u_th*dt/dx (species 2) = 0.1728 > .1
OK v_th*dt/dy (species 2) = 0.1296 > .1
WARNING. u_th*dt/dx (species 3) = 0.048384 < .1
WARNING. v_th*dt/dy (species 3) = 0.036288 < .1

CFL Condition (c*dt/dx < 1):  
---------------------
Speed of light c     = 1
Time step dt         = 0.15
Grid spacing dx      = 0.0390625
Grid spacing dy      = 0.0520833
Grid spacing dz      = 0.078125
c*dt/dx              = 3.84  WARNING: CFL VIOLATED!
c*dt/dy              = 2.88  WARNING: CFL VIOLATED!
c*dt/dz              = 1.92  WARNING: CFL VIOLATED!
c*dt*|1/dx|          = 5.16976  WARNING: multi-dim CFL VIOLATED!

Numerical Resolution Parameters:  
---------------------
Larmor radius / dx (species 0) = 0.923077  (rL = 0.0360577, Omega_c*dt = 0.1872)
Larmor radius / dx (species 1) = 16.5415  (rL = 0.646154, Omega_c*dt = 0.002925)
Larmor radius / dx (species 2) = 0.923077  (rL = 0.0360577, Omega_c*dt = 0.1872)
Larmor radius / dx (species 3) = 16.5415  (rL = 0.646154, Omega_c*dt = 0.002925)
Species 0 (qom=-64): omega_p = 8, d_s/dx = 3.2, omega_p*dt = 1.2  OK
Species 1 (qom=1): omega_p = 1, d_s/dx = 25.6, omega_p*dt = 0.15  OK
Species 2 (qom=-64): omega_p = 2.52982, d_s/dx = 10.1193, omega_p*dt = 0.379473  OK
Species 3 (qom=1): omega_p = 0.316228, d_s/dx = 80.9543, omega_p*dt = 0.0474342  OK

Estimated Memory Per Rank
---------------------
Local grid (with ghosts): 66x66x66 cells, 67x67x67 nodes
HOST:   EMfields = 307.853 MB, particles = 4096 MB, comm = 409.6 MB, field buf = 53.4397 MB
        TOTAL = 4866.89 MB (4.75283 GB)
DEVICE: particles = 5734.4 MB, buffers = 1561.6 MB, moments = 91.7856 MB, field = 53.4397 MB, sort = 1088.36 MB
        TOTAL = 8529.59 MB (8.32967 GB)  (+ 500 MB CUDA context)
COMBINED = 13396.5 MB (13.0825 GB)
---------------------
------------------------------------------
Initialize GEM Challenge with Perturbation
------------------------------------------
B0x                              = 0.0195
B0y                              = 0
B0z                              = 0
Delta (current sheet thickness) = 0.5
rho species 0 = 1 DRIFTING 
rho species 1 = 1 DRIFTING 
rho species 2 = 0.1 BACKGROUND 
rho species 3 = 0.1 BACKGROUND 
-------------------------
(34.0) WARNING init(), IOManager.cpp:128: Selected particle backend requires HDF5 (compile with USE_HDF5=ON). Particle output disabled.
(34.0) WARNING init(), IOManager.cpp:133: Selected restart backend requires HDF5 (compile with USE_HDF5=ON). Restart output disabled.
(35.0) WARNING init(), IOManager.cpp:128: Selected particle backend requires HDF5 (compile with USE_HDF5=ON). Particle output disabled.
(35.0) WARNING init(), IOManager.cpp:133: Selected restart backend requires HDF5 (compile with USE_HDF5=ON). Restart output disabled.
(10.0) WARNING init(), IOManager.cpp:128: Selected particle backend requires HDF5 (compile with USE_HDF5=ON). Particle output disabled.
(10.0) WARNING init(), IOManager.cpp:133: Selected restart backend requires HDF5 (compile with USE_HDF5=ON). Restart output disabled.
(18.0) WARNING init(), IOManager.cpp:128: Selected particle backend requires HDF5 (compile with USE_HDF5=ON). Particle output disabled.
(18.0) WARNING init(), IOManager.cpp:133: Selected restart backend requires HDF5 (compile with USE_HDF5=ON). Restart output disabled.
(11.0) WARNING init(), IOManager.cpp:128: Selected particle backend requires HDF5 (compile with USE_HDF5=ON). Particle output disabled.
(11.0) WARNING init(), IOManager.cpp:133: Selected restart backend requires HDF5 (compile with USE_HDF5=ON). Restart output disabled.
(19.0) WARNING init(), IOManager.cpp:128: Selected particle backend requires HDF5 (compile with USE_HDF5=ON). Particle output disabled.
(19.0) WARNING init(), IOManager.cpp:133: Selected restart backend requires HDF5 (compile with USE_HDF5=ON). Restart output disabled.
(2.0) WARNING init(), IOManager.cpp:128: Selected particle backend requires HDF5 (compile with USE_HDF5=ON). Particle output disabled.
(2.0) WARNING init(), IOManager.cpp:133: Selected restart backend requires HDF5 (compile with USE_HDF5=ON). Restart output disabled.
(3.0) WARNING init(), IOManager.cpp:128: Selected particle backend requires HDF5 (compile with USE_HDF5=ON). Particle output disabled.
(3.0) WARNING init(), IOManager.cpp:133: Selected restart backend requires HDF5 (compile with USE_HDF5=ON). Restart output disabled.
(33.0) WARNING init(), IOManager.cpp:128: Selected particle backend requires HDF5 (compile with USE_HDF5=ON). Particle output disabled.
(33.0) WARNING init(), IOManager.cpp:133: Selected restart backend requires HDF5 (compile with USE_HDF5=ON). Restart output disabled.
(38.0) WARNING init(), IOManager.cpp:128: Selected particle backend requires HDF5 (compile with USE_HDF5=ON). Particle output disabled.
(38.0) WARNING init(), IOManager.cpp:133: Selected restart backend requires HDF5 (compile with USE_HDF5=ON). Restart output disabled.
(16.0) WARNING init(), IOManager.cpp:128: Selected particle backend requires HDF5 (compile with USE_HDF5=ON). Particle output disabled.
(16.0) WARNING init(), IOManager.cpp:133: Selected restart backend requires HDF5 (compile with USE_HDF5=ON). Restart output disabled.
(22.0) WARNING init(), IOManager.cpp:128: Selected particle backend requires HDF5 (compile with USE_HDF5=ON). Particle output disabled.
(22.0) WARNING init(), IOManager.cpp:133: Selected restart backend requires HDF5 (compile with USE_HDF5=ON). Restart output disabled.
(39.0) WARNING init(), IOManager.cpp:128: Selected particle backend requires HDF5 (compile with USE_HDF5=ON). Particle output disabled.
(39.0) WARNING init(), IOManager.cpp:133: Selected restart backend requires HDF5 (compile with USE_HDF5=ON). Restart output disabled.
(23.0) WARNING init(), IOManager.cpp:128: Selected particle backend requires HDF5 (compile with USE_HDF5=ON). Particle output disabled.
(23.0) WARNING init(), IOManager.cpp:133: Selected restart backend requires HDF5 (compile with USE_HDF5=ON). Restart output disabled.
(17.0) WARNING init(), IOManager.cpp:128: Selected particle backend requires HDF5 (compile with USE_HDF5=ON). Particle output disabled.
(17.0) WARNING init(), IOManager.cpp:133: Selected restart backend requires HDF5 (compile with USE_HDF5=ON). Restart output disabled.
(21.0) WARNING init(), IOManager.cpp:128: Selected particle backend requires HDF5 (compile with USE_HDF5=ON). Particle output disabled.
(21.0) WARNING init(), IOManager.cpp:133: Selected restart backend requires HDF5 (compile with USE_HDF5=ON). Restart output disabled.
(20.0) WARNING init(), IOManager.cpp:128: Selected particle backend requires HDF5 (compile with USE_HDF5=ON). Particle output disabled.
(20.0) WARNING init(), IOManager.cpp:133: Selected restart backend requires HDF5 (compile with USE_HDF5=ON). Restart output disabled.
(36.0) WARNING init(), IOManager.cpp:128: Selected particle backend requires HDF5 (compile with USE_HDF5=ON). Particle output disabled.
(36.0) WARNING init(), IOManager.cpp:133: Selected restart backend requires HDF5 (compile with USE_HDF5=ON). Restart output disabled.
(37.0) WARNING init(), IOManager.cpp:128: Selected particle backend requires HDF5 (compile with USE_HDF5=ON). Particle output disabled.
(37.0) WARNING init(), IOManager.cpp:133: Selected restart backend requires HDF5 (compile with USE_HDF5=ON). Restart output disabled.
(32.0) WARNING init(), IOManager.cpp:128: Selected particle backend requires HDF5 (compile with USE_HDF5=ON). Particle output disabled.
(32.0) WARNING init(), IOManager.cpp:133: Selected restart backend requires HDF5 (compile with USE_HDF5=ON). Restart output disabled.
(6.0) WARNING init(), IOManager.cpp:128: Selected particle backend requires HDF5 (compile with USE_HDF5=ON). Particle output disabled.
(6.0) WARNING init(), IOManager.cpp:133: Selected restart backend requires HDF5 (compile with USE_HDF5=ON). Restart output disabled.
(7.0) WARNING init(), IOManager.cpp:128: Selected particle backend requires HDF5 (compile with USE_HDF5=ON). Particle output disabled.
(7.0) WARNING init(), IOManager.cpp:133: Selected restart backend requires HDF5 (compile with USE_HDF5=ON). Restart output disabled.
(0.0) WARNING init(), IOManager.cpp:128: Selected particle backend requires HDF5 (compile with USE_HDF5=ON). Particle output disabled.
(0.0) WARNING init(), IOManager.cpp:133: Selected restart backend requires HDF5 (compile with USE_HDF5=ON). Restart output disabled.
(1.0) WARNING init(), IOManager.cpp:128: Selected particle backend requires HDF5 (compile with USE_HDF5=ON). Particle output disabled.
(1.0) WARNING init(), IOManager.cpp:133: Selected restart backend requires HDF5 (compile with USE_HDF5=ON). Restart output disabled.
(4.0) WARNING init(), IOManager.cpp:128: Selected particle backend requires HDF5 (compile with USE_HDF5=ON). Particle output disabled.
(4.0) WARNING init(), IOManager.cpp:133: Selected restart backend requires HDF5 (compile with USE_HDF5=ON). Restart output disabled.
(5.0) WARNING init(), IOManager.cpp:128: Selected particle backend requires HDF5 (compile with USE_HDF5=ON). Particle output disabled.
(5.0) WARNING init(), IOManager.cpp:133: Selected restart backend requires HDF5 (compile with USE_HDF5=ON). Restart output disabled.
(8.0) WARNING init(), IOManager.cpp:128: Selected particle backend requires HDF5 (compile with USE_HDF5=ON). Particle output disabled.
(8.0) WARNING init(), IOManager.cpp:133: Selected restart backend requires HDF5 (compile with USE_HDF5=ON). Restart output disabled.
(9.0) WARNING init(), IOManager.cpp:128: Selected particle backend requires HDF5 (compile with USE_HDF5=ON). Particle output disabled.
(9.0) WARNING init(), IOManager.cpp:133: Selected restart backend requires HDF5 (compile with USE_HDF5=ON). Restart output disabled.
(12.0) WARNING init(), IOManager.cpp:128: Selected particle backend requires HDF5 (compile with USE_HDF5=ON). Particle output disabled.
(12.0) WARNING init(), IOManager.cpp:133: Selected restart backend requires HDF5 (compile with USE_HDF5=ON). Restart output disabled.
(13.0) WARNING init(), IOManager.cpp:128: Selected particle backend requires HDF5 (compile with USE_HDF5=ON). Particle output disabled.
(13.0) WARNING init(), IOManager.cpp:133: Selected restart backend requires HDF5 (compile with USE_HDF5=ON). Restart output disabled.
(14.0) WARNING init(), IOManager.cpp:128: Selected particle backend requires HDF5 (compile with USE_HDF5=ON). Particle output disabled.
(14.0) WARNING init(), IOManager.cpp:133: Selected restart backend requires HDF5 (compile with USE_HDF5=ON). Restart output disabled.
(15.0) WARNING init(), IOManager.cpp:128: Selected particle backend requires HDF5 (compile with USE_HDF5=ON). Particle output disabled.
(15.0) WARNING init(), IOManager.cpp:133: Selected restart backend requires HDF5 (compile with USE_HDF5=ON). Restart output disabled.
(27.0) WARNING init(), IOManager.cpp:128: Selected particle backend requires HDF5 (compile with USE_HDF5=ON). Particle output disabled.
(27.0) WARNING init(), IOManager.cpp:133: Selected restart backend requires HDF5 (compile with USE_HDF5=ON). Restart output disabled.
(30.0) WARNING init(), IOManager.cpp:128: Selected particle backend requires HDF5 (compile with USE_HDF5=ON). Particle output disabled.
(30.0) WARNING init(), IOManager.cpp:133: Selected restart backend requires HDF5 (compile with USE_HDF5=ON). Restart output disabled.
(31.0) WARNING init(), IOManager.cpp:128: Selected particle backend requires HDF5 (compile with USE_HDF5=ON). Particle output disabled.
(31.0) WARNING init(), IOManager.cpp:133: Selected restart backend requires HDF5 (compile with USE_HDF5=ON). Restart output disabled.
(24.0) WARNING init(), IOManager.cpp:128: Selected particle backend requires HDF5 (compile with USE_HDF5=ON). Particle output disabled.
(24.0) WARNING init(), IOManager.cpp:133: Selected restart backend requires HDF5 (compile with USE_HDF5=ON). Restart output disabled.
(25.0) WARNING init(), IOManager.cpp:128: Selected particle backend requires HDF5 (compile with USE_HDF5=ON). Particle output disabled.
(25.0) WARNING init(), IOManager.cpp:133: Selected restart backend requires HDF5 (compile with USE_HDF5=ON). Restart output disabled.
(26.0) WARNING init(), IOManager.cpp:128: Selected particle backend requires HDF5 (compile with USE_HDF5=ON). Particle output disabled.
(26.0) WARNING init(), IOManager.cpp:133: Selected restart backend requires HDF5 (compile with USE_HDF5=ON). Restart output disabled.
(28.0) WARNING init(), IOManager.cpp:128: Selected particle backend requires HDF5 (compile with USE_HDF5=ON). Particle output disabled.
(28.0) WARNING init(), IOManager.cpp:133: Selected restart backend requires HDF5 (compile with USE_HDF5=ON). Restart output disabled.
(29.0) WARNING init(), IOManager.cpp:128: Selected particle backend requires HDF5 (compile with USE_HDF5=ON). Particle output disabled.
(29.0) WARNING init(), IOManager.cpp:133: Selected restart backend requires HDF5 (compile with USE_HDF5=ON). Restart output disabled.
CUDA Init finished
 ======= Cycle 0 ======= 
*** E CALCULATION [GPU] ***
*** MAXWELL SOLVER [GPU] ***
Initial residual: 0.572252 norm b vector (source) = 0.572248
GMRES converged at restart # 2; iteration #3 with error: 6.48493e-07
  [Cycle 0] Particle sorting: ON
*** B CALCULATION [GPU] ***
Execution time cycle: 1906.58 ms  [sort=18.2753 field=122.343 da_wait=0.008456 mover+out=1664.19 exchange+sort+moments=31.0778 B=63.9323 momentsAwait=6.75813 outCopy=0.001874]
 ======= Cycle 1 ======= 
*** E CALCULATION [GPU] ***
*** MAXWELL SOLVER [GPU] ***
Initial residual: 0.430108 norm b vector (source) = 0.747177
GMRES converged at restart # 2; iteration #4 with error: 8.68713e-07
  [Cycle 1] Particle sorting: ON
*** B CALCULATION [GPU] ***
Execution time cycle: 264.973 ms  [sort=0.039947 field=126.222 da_wait=0.00013 mover+out=0.034066 exchange+sort+moments=61.6602 B=70.2797 momentsAwait=6.73561 outCopy=0.000811]
 ======= Cycle 2 ======= 
*** E CALCULATION [GPU] ***
*** MAXWELL SOLVER [GPU] ***
Initial residual: 0.416014 norm b vector (source) = 0.406162
GMRES converged at restart # 2; iteration #6 with error: 6.30111e-07
  [Cycle 2] Particle sorting: ON
*** B CALCULATION [GPU] ***
Execution time cycle: 265.557 ms  [sort=0.060508 field=131.352 da_wait=0.00014 mover+out=0.028265 exchange+sort+moments=57.1328 B=70.2716 momentsAwait=6.71095 outCopy=0.000752]
 ======= Cycle 3 ======= 
*** E CALCULATION [GPU] ***
*** MAXWELL SOLVER [GPU] ***
Initial residual: 0.276309 norm b vector (source) = 0.51806
GMRES converged at restart # 2; iteration #5 with error: 6.66603e-07
  [Cycle 3] Particle sorting: ON
*** B CALCULATION [GPU] ***
Execution time cycle: 259.63 ms  [sort=0.035599 field=128.561 da_wait=0.00012 mover+out=0.035208 exchange+sort+moments=54.4153 B=69.9847 momentsAwait=6.59716 outCopy=0.000721]
 ======= Cycle 4 ======= 
*** E CALCULATION [GPU] ***
*** MAXWELL SOLVER [GPU] ***
Initial residual: 0.31834 norm b vector (source) = 0.436523
GMRES converged at restart # 2; iteration #5 with error: 9.893e-07
  [Cycle 4] Particle sorting: ON
*** B CALCULATION [GPU] ***
Execution time cycle: 257.844 ms  [sort=0.048704 field=128.741 da_wait=0.00012 mover+out=0.031391 exchange+sort+moments=52.0244 B=70.3181 momentsAwait=6.67985 outCopy=0.000431]
 ======= Cycle 5 ======= 
*** E CALCULATION [GPU] ***
*** MAXWELL SOLVER [GPU] ***
Initial residual: 0.273892 norm b vector (source) = 0.466289
GMRES converged at restart # 2; iteration #5 with error: 8.11011e-07
  [Cycle 5] Particle sorting: ON
*** B CALCULATION [GPU] ***
Execution time cycle: 256.536 ms  [sort=0.047282 field=128.405 da_wait=0.000221 mover+out=0.03121 exchange+sort+moments=51.1131 B=70.238 momentsAwait=6.70101 outCopy=0.000481]
 ======= Cycle 6 ======= 
*** E CALCULATION [GPU] ***
*** MAXWELL SOLVER [GPU] ***
Initial residual: 0.284709 norm b vector (source) = 0.461359
GMRES converged at restart # 2; iteration #6 with error: 6.3942e-07
  [Cycle 6] Particle sorting: ON
*** B CALCULATION [GPU] ***
Execution time cycle: 259.378 ms  [sort=0.049877 field=131.242 da_wait=0.000241 mover+out=0.029096 exchange+sort+moments=50.8201 B=70.6033 momentsAwait=6.6327 outCopy=0.000391]
 ======= Cycle 7 ======= 
*** E CALCULATION [GPU] ***
*** MAXWELL SOLVER [GPU] ***
Initial residual: 0.281471 norm b vector (source) = 0.4574
GMRES converged at restart # 2; iteration #6 with error: 7.24319e-07
  [Cycle 7] Particle sorting: ON
*** B CALCULATION [GPU] ***
Execution time cycle: 260.18 ms  [sort=0.050278 field=131.196 da_wait=0.000221 mover+out=0.032603 exchange+sort+moments=51.7838 B=70.4339 momentsAwait=6.68184 outCopy=0.000601]
 ======= Cycle 8 ======= 
*** E CALCULATION [GPU] ***
*** MAXWELL SOLVER [GPU] ***
Initial residual: 0.284186 norm b vector (source) = 0.456966
GMRES converged at restart # 2; iteration #6 with error: 8.33346e-07
  [Cycle 8] Particle sorting: ON
*** B CALCULATION [GPU] ***
Execution time cycle: 259.798 ms  [sort=0.047392 field=131.029 da_wait=0.00012 mover+out=0.03048 exchange+sort+moments=51.688 B=70.3502 momentsAwait=6.6523 outCopy=0.000301]
 ======= Cycle 9 ======= 
*** E CALCULATION [GPU] ***
*** MAXWELL SOLVER [GPU] ***
Initial residual: 0.286648 norm b vector (source) = 0.456657
GMRES converged at restart # 2; iteration #6 with error: 9.42016e-07
  [Cycle 9] Particle sorting: ON
*** B CALCULATION [GPU] ***
Execution time cycle: 265.923 ms  [sort=0.047482 field=137.498 da_wait=0.00024 mover+out=0.031582 exchange+sort+moments=51.3073 B=70.3166 momentsAwait=6.7207 outCopy=0.00042]
 ======= Cycle 10 ======= 
*** E CALCULATION [GPU] ***
*** MAXWELL SOLVER [GPU] ***
Initial residual: 0.289347 norm b vector (source) = 0.457473
GMRES converged at restart # 2; iteration #7 with error: 7.27084e-07
  [Cycle 10] Particle sorting: ON
*** B CALCULATION [GPU] ***
Execution time cycle: 280.048 ms  [sort=0.046831 field=152.441 da_wait=0.00013 mover+out=0.028906 exchange+sort+moments=50.5882 B=70.2835 momentsAwait=6.65866 outCopy=0.00034]
 ======= Cycle 11 ======= 
*** E CALCULATION [GPU] ***
*** MAXWELL SOLVER [GPU] ***
Initial residual: 0.292148 norm b vector (source) = 0.459636
GMRES converged at restart # 2; iteration #7 with error: 7.72663e-07
  [Cycle 11] Particle sorting: ON
*** B CALCULATION [GPU] ***
Execution time cycle: 271.686 ms  [sort=0.054647 field=143.715 da_wait=0.00012 mover+out=0.03081 exchange+sort+moments=50.8505 B=70.4062 momentsAwait=6.62821 outCopy=0.00033]
 ======= Cycle 12 ======= 
*** E CALCULATION [GPU] ***
*** MAXWELL SOLVER [GPU] ***
Initial residual: 0.294994 norm b vector (source) = 0.463333
GMRES converged at restart # 2; iteration #7 with error: 9.39764e-07
  [Cycle 12] Particle sorting: ON
*** B CALCULATION [GPU] ***
Execution time cycle: 271.576 ms  [sort=0.045839 field=137.121 da_wait=0.00012 mover+out=0.033275 exchange+sort+moments=51.1618 B=70.2739 momentsAwait=12.9398 outCopy=0.000401]
 ======= Cycle 13 ======= 
*** E CALCULATION [GPU] ***
*** MAXWELL SOLVER [GPU] ***
Initial residual: 0.297881 norm b vector (source) = 0.467916
GMRES converged at restart # 2; iteration #8 with error: 7.54962e-07
  [Cycle 13] Particle sorting: ON
*** B CALCULATION [GPU] ***
Execution time cycle: 279.902 ms  [sort=0.043966 field=152.097 da_wait=0.000121 mover+out=0.028495 exchange+sort+moments=50.8564 B=70.2708 momentsAwait=6.60536 outCopy=0.000471]
 ======= Cycle 14 ======= 
*** E CALCULATION [GPU] ***
*** MAXWELL SOLVER [GPU] ***
Initial residual: 0.3008 norm b vector (source) = 0.472526
GMRES converged at restart # 2; iteration #8 with error: 8.5595e-07
  [Cycle 14] Particle sorting: ON
*** B CALCULATION [GPU] ***
Execution time cycle: 273.054 ms  [sort=0.045238 field=145.069 da_wait=0.00014 mover+out=0.032443 exchange+sort+moments=50.8681 B=70.3869 momentsAwait=6.65168 outCopy=0.00031]
 ======= Cycle 15 ======= 
*** E CALCULATION [GPU] ***
*** MAXWELL SOLVER [GPU] ***
Initial residual: 0.303423 norm b vector (source) = 0.476587
GMRES converged at restart # 2; iteration #8 with error: 9.23731e-07
  [Cycle 15] Particle sorting: ON
*** B CALCULATION [GPU] ***
Execution time cycle: 272.648 ms  [sort=0.049767 field=144.672 da_wait=0.0002 mover+out=0.034147 exchange+sort+moments=50.596 B=70.6337 momentsAwait=6.66249 outCopy=0.00049]
 ======= Cycle 16 ======= 
*** E CALCULATION [GPU] ***
*** MAXWELL SOLVER [GPU] ***
Initial residual: 0.30569 norm b vector (source) = 0.479856
GMRES converged at restart # 2; iteration #8 with error: 9.66795e-07
  [Cycle 16] Particle sorting: ON
*** B CALCULATION [GPU] ***
Execution time cycle: 279.305 ms  [sort=0.048273 field=151.023 da_wait=0.000141 mover+out=0.031972 exchange+sort+moments=50.9708 B=70.6152 momentsAwait=6.61552 outCopy=0.0003]
 ======= Cycle 17 ======= 
*** E CALCULATION [GPU] ***
*** MAXWELL SOLVER [GPU] ***
Initial residual: 0.307676 norm b vector (source) = 0.482478
GMRES converged at restart # 2; iteration #8 with error: 9.94953e-07
  [Cycle 17] Particle sorting: ON
*** B CALCULATION [GPU] ***
Execution time cycle: 281.277 ms  [sort=0.044145 field=152.847 da_wait=0.000221 mover+out=0.031511 exchange+sort+moments=51.2013 B=70.3898 momentsAwait=6.76165 outCopy=0.000561]
 ======= Cycle 18 ======= 
*** E CALCULATION [GPU] ***
*** MAXWELL SOLVER [GPU] ***
Initial residual: 0.309482 norm b vector (source) = 0.484617
GMRES converged at restart # 3; iteration #0 with error: 7.93646e-07
  [Cycle 18] Particle sorting: ON
*** B CALCULATION [GPU] ***
Execution time cycle: 278.307 ms  [sort=0.048524 field=150.288 da_wait=0.00014 mover+out=0.030159 exchange+sort+moments=51.1685 B=70.1464 momentsAwait=6.62439 outCopy=0.000671]
 ======= Cycle 19 ======= 
*** E CALCULATION [GPU] ***
*** MAXWELL SOLVER [GPU] ***
Initial residual: 0.311182 norm b vector (source) = 0.486531
GMRES converged at restart # 3; iteration #0 with error: 8.02219e-07
  [Cycle 19] Particle sorting: ON
*** B CALCULATION [GPU] ***
Execution time cycle: 283.426 ms  [sort=0.034718 field=155.541 da_wait=0.00019 mover+out=0.031541 exchange+sort+moments=50.9488 B=70.239 momentsAwait=6.63046 outCopy=0.000471]
 ======= Cycle 20 ======= 
*** E CALCULATION [GPU] ***
*** MAXWELL SOLVER [GPU] ***
Initial residual: 0.312423 norm b vector (source) = 0.488014
GMRES converged at restart # 3; iteration #0 with error: 8.25961e-07
  [Cycle 20] Particle sorting: ON
*** B CALCULATION [GPU] ***
Execution time cycle: 276.755 ms  [sort=0.052412 field=149.086 da_wait=0.000121 mover+out=0.030108 exchange+sort+moments=50.5936 B=70.3922 momentsAwait=6.60071 outCopy=0.000411]
 ======= Cycle 21 ======= 
*** E CALCULATION [GPU] ***
*** MAXWELL SOLVER [GPU] ***
Initial residual: 0.31356 norm b vector (source) = 0.489281
GMRES converged at restart # 2; iteration #9 with error: 7.46537e-07
  [Cycle 21] Particle sorting: ON
*** B CALCULATION [GPU] ***
Execution time cycle: 275.973 ms  [sort=0.042542 field=147.456 da_wait=0.00021 mover+out=0.03101 exchange+sort+moments=51.5301 B=70.2866 momentsAwait=6.62615 outCopy=0.000381]
 ======= Cycle 22 ======= 
*** E CALCULATION [GPU] ***
*** MAXWELL SOLVER [GPU] ***
Initial residual: 0.314766 norm b vector (source) = 0.490812
GMRES converged at restart # 2; iteration #9 with error: 7.7646e-07
  [Cycle 22] Particle sorting: ON
*** B CALCULATION [GPU] ***
Execution time cycle: 275.376 ms  [sort=0.047071 field=147.724 da_wait=0.00021 mover+out=0.029648 exchange+sort+moments=50.501 B=70.4073 momentsAwait=6.66578 outCopy=0.000391]
 ======= Cycle 23 ======= 
*** E CALCULATION [GPU] ***
*** MAXWELL SOLVER [GPU] ***
Initial residual: 0.315862 norm b vector (source) = 0.492425
GMRES converged at restart # 2; iteration #9 with error: 8.21301e-07
  [Cycle 23] Particle sorting: ON
*** B CALCULATION [GPU] ***
Execution time cycle: 270.088 ms  [sort=0.043605 field=142.336 da_wait=0.00012 mover+out=0.032654 exchange+sort+moments=50.612 B=70.3588 momentsAwait=6.70389 outCopy=0.000421]
 ======= Cycle 24 ======= 
*** E CALCULATION [GPU] ***
*** MAXWELL SOLVER [GPU] ***
Initial residual: 0.316593 norm b vector (source) = 0.49374
GMRES converged at restart # 2; iteration #9 with error: 8.75801e-07
  [Cycle 24] Particle sorting: ON
*** B CALCULATION [GPU] ***
Execution time cycle: 281.271 ms  [sort=0.045218 field=153.365 da_wait=0.000241 mover+out=0.027974 exchange+sort+moments=50.6054 B=70.626 momentsAwait=6.60053 outCopy=0.00031]
 ======= Cycle 25 ======= 
*** E CALCULATION [GPU] ***
*** MAXWELL SOLVER [GPU] ***
Initial residual: 0.317292 norm b vector (source) = 0.494832
GMRES converged at restart # 2; iteration #9 with error: 9.04915e-07
  [Cycle 25] Particle sorting: ON
*** B CALCULATION [GPU] ***
Execution time cycle: 283.512 ms  [sort=0.050939 field=155.054 da_wait=0.00012 mover+out=0.028686 exchange+sort+moments=51.1264 B=70.5062 momentsAwait=6.7448 outCopy=0.000481]
 ======= Cycle 26 ======= 
*** E CALCULATION [GPU] ***
*** MAXWELL SOLVER [GPU] ***
Initial residual: 0.318156 norm b vector (source) = 0.49592
GMRES converged at restart # 2; iteration #9 with error: 9.27983e-07
  [Cycle 26] Particle sorting: ON
*** B CALCULATION [GPU] ***
Execution time cycle: 277.457 ms  [sort=0.045839 field=149.139 da_wait=0.00012 mover+out=0.032524 exchange+sort+moments=51.1059 B=70.3232 momentsAwait=6.80957 outCopy=0.000601]
 ======= Cycle 27 ======= 
*** E CALCULATION [GPU] ***
*** MAXWELL SOLVER [GPU] ***
Initial residual: 0.318878 norm b vector (source) = 0.496839
GMRES converged at restart # 2; iteration #9 with error: 9.51415e-07
  [Cycle 27] Particle sorting: ON
*** B CALCULATION [GPU] ***
Execution time cycle: 280.983 ms  [sort=0.048224 field=152.82 da_wait=0.00012 mover+out=0.030189 exchange+sort+moments=51.1074 B=70.2436 momentsAwait=6.7337 outCopy=0.000501]
 ======= Cycle 28 ======= 
*** E CALCULATION [GPU] ***
*** MAXWELL SOLVER [GPU] ***
Initial residual: 0.319052 norm b vector (source) = 0.497212
GMRES converged at restart # 2; iteration #9 with error: 9.42462e-07
  [Cycle 28] Particle sorting: ON
*** B CALCULATION [GPU] ***
Execution time cycle: 275.439 ms  [sort=0.045228 field=147.91 da_wait=0.00012 mover+out=0.031691 exchange+sort+moments=50.4932 B=70.2501 momentsAwait=6.70803 outCopy=0.000451]
 ======= Cycle 29 ======= 
*** E CALCULATION [GPU] ***
*** MAXWELL SOLVER [GPU] ***
Initial residual: 0.319101 norm b vector (source) = 0.497294
GMRES converged at restart # 2; iteration #9 with error: 9.36599e-07
  [Cycle 29] Particle sorting: ON
*** B CALCULATION [GPU] ***
Execution time cycle: 269.719 ms  [sort=0.049005 field=142.039 da_wait=0.000221 mover+out=0.029948 exchange+sort+moments=50.4914 B=70.3964 momentsAwait=6.71238 outCopy=0.000391]
 ======= Cycle 30 ======= 
*** E CALCULATION [GPU] ***
*** MAXWELL SOLVER [GPU] ***
Initial residual: 0.318944 norm b vector (source) = 0.497258
GMRES converged at restart # 2; iteration #9 with error: 9.39997e-07
  [Cycle 30] Particle sorting: ON
*** B CALCULATION [GPU] ***
Execution time cycle: 275.959 ms  [sort=0.04635 field=147.504 da_wait=0.00014 mover+out=0.028515 exchange+sort+moments=51.3199 B=70.3673 momentsAwait=6.69152 outCopy=0.000511]
 ======= Cycle 31 ======= 
*** E CALCULATION [GPU] ***
*** MAXWELL SOLVER [GPU] ***
Initial residual: 0.319118 norm b vector (source) = 0.497673
GMRES converged at restart # 2; iteration #9 with error: 9.20764e-07
  [Cycle 31] Particle sorting: ON
*** B CALCULATION [GPU] ***
Execution time cycle: 270.123 ms  [sort=0.050979 field=142.135 da_wait=0.00012 mover+out=0.028766 exchange+sort+moments=50.9052 B=70.3657 momentsAwait=6.63677 outCopy=0.000781]
 ======= Cycle 32 ======= 
*** E CALCULATION [GPU] ***
*** MAXWELL SOLVER [GPU] ***
Initial residual: 0.319439 norm b vector (source) = 0.498416
GMRES converged at restart # 2; iteration #9 with error: 9.22491e-07
  [Cycle 32] Particle sorting: ON
*** B CALCULATION [GPU] ***
Execution time cycle: 283.045 ms  [sort=0.045449 field=154.182 da_wait=0.00013 mover+out=0.029327 exchange+sort+moments=51.4602 B=70.5728 momentsAwait=6.75534 outCopy=0.000471]
 ======= Cycle 33 ======= 
*** E CALCULATION [GPU] ***
*** MAXWELL SOLVER [GPU] ***
Initial residual: 0.320142 norm b vector (source) = 0.499788
GMRES converged at restart # 2; iteration #9 with error: 9.69135e-07
  [Cycle 33] Particle sorting: ON
*** B CALCULATION [GPU] ***
Execution time cycle: 271.953 ms  [sort=0.044957 field=147.592 da_wait=0.00024 mover+out=0.030189 exchange+sort+moments=47.3498 B=70.2699 momentsAwait=6.66533 outCopy=0.000301]
 ======= Cycle 34 ======= 
*** E CALCULATION [GPU] ***
*** MAXWELL SOLVER [GPU] ***
Initial residual: 0.320115 norm b vector (source) = 0.500352
GMRES converged at restart # 3; iteration #0 with error: 8.62056e-07
  [Cycle 34] Particle sorting: ON
*** B CALCULATION [GPU] ***
Execution time cycle: 274.56 ms  [sort=0.04124 field=146.425 da_wait=0.00022 mover+out=0.031041 exchange+sort+moments=50.8285 B=70.5311 momentsAwait=6.70231 outCopy=0.000581]
 ======= Cycle 35 ======= 
*** E CALCULATION [GPU] ***
*** MAXWELL SOLVER [GPU] ***
Initial residual: 0.320987 norm b vector (source) = 0.501483
GMRES converged at restart # 3; iteration #0 with error: 9.33857e-07
  [Cycle 35] Particle sorting: ON
*** B CALCULATION [GPU] ***
Execution time cycle: 278.212 ms  [sort=0.049476 field=149.499 da_wait=0.00021 mover+out=0.032273 exchange+sort+moments=51.5483 B=70.3673 momentsAwait=6.71487 outCopy=0.000391]
 ======= Cycle 36 ======= 
*** E CALCULATION [GPU] ***
*** MAXWELL SOLVER [GPU] ***
Initial residual: 0.321437 norm b vector (source) = 0.502599
GMRES converged at restart # 3; iteration #1 with error: 9.13855e-07
  [Cycle 36] Particle sorting: ON
*** B CALCULATION [GPU] ***
Execution time cycle: 279.883 ms  [sort=0.0466 field=152.152 da_wait=0.000211 mover+out=0.030709 exchange+sort+moments=50.749 B=70.2119 momentsAwait=6.69194 outCopy=0.000852]
 ======= Cycle 37 ======= 
*** E CALCULATION [GPU] ***
*** MAXWELL SOLVER [GPU] ***
Initial residual: 0.321763 norm b vector (source) = 0.503322
GMRES converged at restart # 3; iteration #1 with error: 9.49947e-07
  [Cycle 37] Particle sorting: ON
*** B CALCULATION [GPU] ***
Execution time cycle: 282.18 ms  [sort=0.042984 field=154.576 da_wait=0.00015 mover+out=0.033886 exchange+sort+moments=50.5285 B=70.2571 momentsAwait=6.74061 outCopy=0.000521]
 ======= Cycle 38 ======= 
*** E CALCULATION [GPU] ***
*** MAXWELL SOLVER [GPU] ***
Initial residual: 0.322119 norm b vector (source) = 0.50401
GMRES converged at restart # 3; iteration #2 with error: 8.88493e-07
  [Cycle 38] Particle sorting: ON
*** B CALCULATION [GPU] ***
Execution time cycle: 285.213 ms  [sort=0.049476 field=157.556 da_wait=0.00024 mover+out=0.028977 exchange+sort+moments=50.3685 B=70.3452 momentsAwait=6.86423 outCopy=0.000461]
 ======= Cycle 39 ======= 
*** E CALCULATION [GPU] ***
*** MAXWELL SOLVER [GPU] ***
Initial residual: 0.322412 norm b vector (source) = 0.504636
GMRES converged at restart # 4; iteration #0 with error: 8.52949e-07
  [Cycle 39] Particle sorting: ON
*** B CALCULATION [GPU] ***
Execution time cycle: 295.682 ms  [sort=0.05136 field=161.448 da_wait=0.00021 mover+out=0.034658 exchange+sort+moments=50.7546 B=70.234 momentsAwait=13.1594 outCopy=0.000391]
 ======= Cycle 40 ======= 
*** E CALCULATION [GPU] ***
*** MAXWELL SOLVER [GPU] ***
Initial residual: 0.322743 norm b vector (source) = 0.505218
GMRES converged at restart # 3; iteration #3 with error: 7.29986e-07
  [Cycle 40] Particle sorting: ON
*** B CALCULATION [GPU] ***
Execution time cycle: 293.194 ms  [sort=0.045167 field=165.275 da_wait=0.00012 mover+out=0.030379 exchange+sort+moments=50.6919 B=70.2901 momentsAwait=6.86066 outCopy=0.000471]
 ======= Cycle 41 ======= 
*** E CALCULATION [GPU] ***
*** MAXWELL SOLVER [GPU] ***
Initial residual: 0.322882 norm b vector (source) = 0.50558
GMRES converged at restart # 3; iteration #3 with error: 7.28011e-07
  [Cycle 41] Particle sorting: ON
*** B CALCULATION [GPU] ***
Execution time cycle: 287.928 ms  [sort=0.044076 field=159.942 da_wait=0.00013 mover+out=0.027483 exchange+sort+moments=50.5439 B=70.3844 momentsAwait=6.98604 outCopy=0.000541]
 ======= Cycle 42 ======= 
*** E CALCULATION [GPU] ***
*** MAXWELL SOLVER [GPU] ***
Initial residual: 0.32297 norm b vector (source) = 0.505724
GMRES converged at restart # 3; iteration #3 with error: 7.06838e-07
  [Cycle 42] Particle sorting: ON
*** B CALCULATION [GPU] ***
Execution time cycle: 287.606 ms  [sort=0.043404 field=159.622 da_wait=0.000521 mover+out=0.028976 exchange+sort+moments=50.4055 B=70.5965 momentsAwait=6.90781 outCopy=0.000832]
 ======= Cycle 43 ======= 
*** E CALCULATION [GPU] ***
*** MAXWELL SOLVER [GPU] ***
Initial residual: 0.323188 norm b vector (source) = 0.50594
GMRES converged at restart # 3; iteration #2 with error: 9.91227e-07
  [Cycle 43] Particle sorting: ON
*** B CALCULATION [GPU] ***
Execution time cycle: 285.656 ms  [sort=0.047472 field=157.283 da_wait=0.000121 mover+out=0.032342 exchange+sort+moments=50.8596 B=70.5245 momentsAwait=6.90823 outCopy=0.000541]
 ======= Cycle 44 ======= 
*** E CALCULATION [GPU] ***
*** MAXWELL SOLVER [GPU] ***
Initial residual: 0.323481 norm b vector (source) = 0.506327
GMRES converged at restart # 3; iteration #2 with error: 9.69033e-07
  [Cycle 44] Particle sorting: ON
*** B CALCULATION [GPU] ***
Execution time cycle: 285.986 ms  [sort=0.049165 field=157.548 da_wait=0.00013 mover+out=0.032003 exchange+sort+moments=50.9667 B=70.394 momentsAwait=6.99515 outCopy=0.00042]
 ======= Cycle 45 ======= 
*** E CALCULATION [GPU] ***
*** MAXWELL SOLVER [GPU] ***
Initial residual: 0.32377 norm b vector (source) = 0.506861
GMRES converged at restart # 3; iteration #2 with error: 9.51795e-07
  [Cycle 45] Particle sorting: ON
*** B CALCULATION [GPU] ***
Execution time cycle: 284.53 ms  [sort=0.045779 field=156.939 da_wait=0.00012 mover+out=0.029798 exchange+sort+moments=50.4984 B=70.2579 momentsAwait=6.7588 outCopy=0.000491]
 ======= Cycle 46 ======= 
*** E CALCULATION [GPU] ***
*** MAXWELL SOLVER [GPU] ***
Initial residual: 0.323946 norm b vector (source) = 0.5072
GMRES converged at restart # 3; iteration #2 with error: 9.33148e-07
  [Cycle 46] Particle sorting: ON
*** B CALCULATION [GPU] ***
Execution time cycle: 284.774 ms  [sort=0.043254 field=156.961 da_wait=0.000131 mover+out=0.031401 exchange+sort+moments=50.5228 B=70.4416 momentsAwait=6.77347 outCopy=0.00032]
 ======= Cycle 47 ======= 
*** E CALCULATION [GPU] ***
*** MAXWELL SOLVER [GPU] ***
Initial residual: 0.32423 norm b vector (source) = 0.507384
GMRES converged at restart # 3; iteration #2 with error: 9.38571e-07
  [Cycle 47] Particle sorting: ON
*** B CALCULATION [GPU] ***
Execution time cycle: 290.184 ms  [sort=0.047382 field=162.785 da_wait=0.0002 mover+out=0.03092 exchange+sort+moments=50.2511 B=70.3002 momentsAwait=6.76969 outCopy=0.000421]
 ======= Cycle 48 ======= 
*** E CALCULATION [GPU] ***
*** MAXWELL SOLVER [GPU] ***
Initial residual: 0.32423 norm b vector (source) = 0.507337
GMRES converged at restart # 3; iteration #2 with error: 9.71795e-07
  [Cycle 48] Particle sorting: ON
*** B CALCULATION [GPU] ***
Execution time cycle: 285.853 ms  [sort=0.048224 field=157.554 da_wait=0.00013 mover+out=0.03077 exchange+sort+moments=51.1353 B=70.252 momentsAwait=6.83314 outCopy=0.000401]
 ======= Cycle 49 ======= 
*** E CALCULATION [GPU] ***
*** MAXWELL SOLVER [GPU] ***
Initial residual: 0.3239 norm b vector (source) = 0.506995
GMRES converged at restart # 3; iteration #3 with error: 7.01445e-07
  [Cycle 49] Particle sorting: ON
*** B CALCULATION [GPU] ***
Execution time cycle: 293.395 ms  [sort=0.043955 field=159.765 da_wait=0.00014 mover+out=0.031321 exchange+sort+moments=50.1824 B=70.381 momentsAwait=12.9909 outCopy=0.000551]
 ======= Cycle 50 ======= 
*** E CALCULATION [GPU] ***
*** MAXWELL SOLVER [GPU] ***
Initial residual: 0.323864 norm b vector (source) = 0.506865
GMRES converged at restart # 3; iteration #3 with error: 7.47965e-07
  [Cycle 50] Particle sorting: ON
*** B CALCULATION [GPU] ***
Execution time cycle: 314.289 ms  [sort=14.0263 field=173.012 da_wait=0.000812 mover+out=0.02555 exchange+sort+moments=49.7679 B=70.5926 momentsAwait=6.86391 outCopy=0.00039]
 ======= Cycle 51 ======= 
*** E CALCULATION [GPU] ***
*** MAXWELL SOLVER [GPU] ***
Initial residual: 0.324015 norm b vector (source) = 0.50716
GMRES converged at restart # 3; iteration #3 with error: 7.92416e-07
  [Cycle 51] Particle sorting: ON
*** B CALCULATION [GPU] ***
Execution time cycle: 287.821 ms  [sort=0.044526 field=159.727 da_wait=0.00015 mover+out=0.029418 exchange+sort+moments=50.7013 B=70.4988 momentsAwait=6.81871 outCopy=0.000832]
 ======= Cycle 52 ======= 
*** E CALCULATION [GPU] ***
*** MAXWELL SOLVER [GPU] ***
Initial residual: 0.323947 norm b vector (source) = 0.507247
GMRES converged at restart # 3; iteration #3 with error: 8.26751e-07
  [Cycle 52] Particle sorting: ON
*** B CALCULATION [GPU] ***
Execution time cycle: 288.198 ms  [sort=0.046771 field=159.875 da_wait=0.000131 mover+out=0.03115 exchange+sort+moments=50.8853 B=70.5287 momentsAwait=6.83094 outCopy=0.00033]
 ======= Cycle 53 ======= 
*** E CALCULATION [GPU] ***
*** MAXWELL SOLVER [GPU] ***
Initial residual: 0.324032 norm b vector (source) = 0.507392
GMRES converged at restart # 3; iteration #3 with error: 8.56999e-07
  [Cycle 53] Particle sorting: ON
*** B CALCULATION [GPU] ***
Execution time cycle: 287.406 ms  [sort=0.047923 field=159.65 da_wait=0.00021 mover+out=0.029558 exchange+sort+moments=50.6493 B=70.1449 momentsAwait=6.88331 outCopy=0.000311]
 ======= Cycle 54 ======= 
*** E CALCULATION [GPU] ***
*** MAXWELL SOLVER [GPU] ***
Initial residual: 0.324156 norm b vector (source) = 0.507507
GMRES converged at restart # 3; iteration #3 with error: 8.75865e-07
  [Cycle 54] Particle sorting: ON
*** B CALCULATION [GPU] ***
Execution time cycle: 287.796 ms  [sort=0.044706 field=159.901 da_wait=0.000121 mover+out=0.033645 exchange+sort+moments=50.5409 B=70.426 momentsAwait=6.84924 outCopy=0.00031]
 ======= Cycle 55 ======= 
*** E CALCULATION [GPU] ***
*** MAXWELL SOLVER [GPU] ***
Initial residual: 0.324391 norm b vector (source) = 0.50772
GMRES converged at restart # 3; iteration #3 with error: 8.6364e-07
  [Cycle 55] Particle sorting: ON
*** B CALCULATION [GPU] ***
Execution time cycle: 287.607 ms  [sort=0.05149 field=159.749 da_wait=0.00022 mover+out=0.027584 exchange+sort+moments=50.4783 B=70.4042 momentsAwait=6.89602 outCopy=0.000521]
 ======= Cycle 56 ======= 
*** E CALCULATION [GPU] ***
*** MAXWELL SOLVER [GPU] ***
Initial residual: 0.324424 norm b vector (source) = 0.507831
GMRES converged at restart # 3; iteration #3 with error: 8.2416e-07
  [Cycle 56] Particle sorting: ON
*** B CALCULATION [GPU] ***
Execution time cycle: 294.726 ms  [sort=0.047803 field=166.785 da_wait=0.00021 mover+out=0.030629 exchange+sort+moments=50.7316 B=70.244 momentsAwait=6.88549 outCopy=0.000521]
 ======= Cycle 57 ======= 
*** E CALCULATION [GPU] ***
*** MAXWELL SOLVER [GPU] ***
Initial residual: 0.324587 norm b vector (source) = 0.508074
GMRES converged at restart # 3; iteration #3 with error: 7.70626e-07
  [Cycle 57] Particle sorting: ON
*** B CALCULATION [GPU] ***
Execution time cycle: 286.853 ms  [sort=0.045117 field=159.395 da_wait=0.00012 mover+out=0.033666 exchange+sort+moments=50.1402 B=70.4738 momentsAwait=6.76391 outCopy=0.000471]
 ======= Cycle 58 ======= 
*** E CALCULATION [GPU] ***
*** MAXWELL SOLVER [GPU] ***
Initial residual: 0.324765 norm b vector (source) = 0.508465
GMRES converged at restart # 3; iteration #3 with error: 7.12903e-07
  [Cycle 58] Particle sorting: ON
*** B CALCULATION [GPU] ***
Execution time cycle: 287.169 ms  [sort=0.043334 field=159.516 da_wait=0.00022 mover+out=0.03059 exchange+sort+moments=50.3356 B=70.3382 momentsAwait=6.90494 outCopy=0.00039]
 ======= Cycle 59 ======= 
*** E CALCULATION [GPU] ***
*** MAXWELL SOLVER [GPU] ***
Initial residual: 0.324889 norm b vector (source) = 0.50879
GMRES converged at restart # 3; iteration #2 with error: 9.78103e-07
  [Cycle 59] Particle sorting: ON
*** B CALCULATION [GPU] ***
Execution time cycle: 284.902 ms  [sort=0.044116 field=157.112 da_wait=0.00029 mover+out=0.029608 exchange+sort+moments=50.1876 B=70.6535 momentsAwait=6.87374 outCopy=0.000471]
 ======= Cycle 60 ======= 
*** E CALCULATION [GPU] ***
*** MAXWELL SOLVER [GPU] ***
Initial residual: 0.325094 norm b vector (source) = 0.509054
GMRES converged at restart # 3; iteration #2 with error: 9.28321e-07
  [Cycle 60] Particle sorting: ON
*** B CALCULATION [GPU] ***
Execution time cycle: 285.244 ms  [sort=0.046971 field=157.384 da_wait=0.000131 mover+out=0.03112 exchange+sort+moments=50.4832 B=70.4864 momentsAwait=6.81175 outCopy=0.000491]
 ======= Cycle 61 ======= 
*** E CALCULATION [GPU] ***
*** MAXWELL SOLVER [GPU] ***
Initial residual: 0.325148 norm b vector (source) = 0.509142
GMRES converged at restart # 3; iteration #2 with error: 8.83851e-07
  [Cycle 61] Particle sorting: ON
*** B CALCULATION [GPU] ***
Execution time cycle: 285.292 ms  [sort=0.044667 field=157.157 da_wait=0.00014 mover+out=0.033064 exchange+sort+moments=50.7735 B=70.4517 momentsAwait=6.83141 outCopy=0.000471]
 ======= Cycle 62 ======= 
*** E CALCULATION [GPU] ***
*** MAXWELL SOLVER [GPU] ***
Initial residual: 0.325302 norm b vector (source) = 0.509209
GMRES converged at restart # 3; iteration #2 with error: 8.73582e-07
  [Cycle 62] Particle sorting: ON
*** B CALCULATION [GPU] ***
Execution time cycle: 284.665 ms  [sort=0.045277 field=157.322 da_wait=0.000121 mover+out=0.030509 exchange+sort+moments=50.2357 B=70.2728 momentsAwait=6.75839 outCopy=0.000381]
 ======= Cycle 63 ======= 
*** E CALCULATION [GPU] ***
*** MAXWELL SOLVER [GPU] ***
Initial residual: 0.325269 norm b vector (source) = 0.509276
GMRES converged at restart # 3; iteration #2 with error: 8.97413e-07
  [Cycle 63] Particle sorting: ON
*** B CALCULATION [GPU] ***
Execution time cycle: 284.993 ms  [sort=0.044276 field=157.466 da_wait=0.000211 mover+out=0.03105 exchange+sort+moments=50.1537 B=70.4246 momentsAwait=6.87284 outCopy=0.000391]
 ======= Cycle 64 ======= 
*** E CALCULATION [GPU] ***
*** MAXWELL SOLVER [GPU] ***
Initial residual: 0.325162 norm b vector (source) = 0.509404
GMRES converged at restart # 3; iteration #2 with error: 9.45763e-07
  [Cycle 64] Particle sorting: ON
*** B CALCULATION [GPU] ***
Execution time cycle: 285.277 ms  [sort=0.047933 field=157.248 da_wait=0.000131 mover+out=0.031731 exchange+sort+moments=50.6013 B=70.4157 momentsAwait=6.932 outCopy=0.000401]
 ======= Cycle 65 ======= 
*** E CALCULATION [GPU] ***
*** MAXWELL SOLVER [GPU] ***
Initial residual: 0.325155 norm b vector (source) = 0.509693
GMRES converged at restart # 3; iteration #3 with error: 7.20098e-07
  [Cycle 65] Particle sorting: ON
*** B CALCULATION [GPU] ***
Execution time cycle: 288.545 ms  [sort=0.050418 field=160.284 da_wait=0.000221 mover+out=0.027834 exchange+sort+moments=50.9994 B=70.3073 momentsAwait=6.87566 outCopy=0.000591]
 ======= Cycle 66 ======= 
*** E CALCULATION [GPU] ***
*** MAXWELL SOLVER [GPU] ***
Initial residual: 0.325415 norm b vector (source) = 0.510303
GMRES converged at restart # 3; iteration #3 with error: 8.1726e-07
  [Cycle 66] Particle sorting: ON
*** B CALCULATION [GPU] ***
Execution time cycle: 288.119 ms  [sort=0.045458 field=159.429 da_wait=0.00012 mover+out=0.032022 exchange+sort+moments=51.2542 B=70.5634 momentsAwait=6.79426 outCopy=0.000481]
 ======= Cycle 67 ======= 
*** E CALCULATION [GPU] ***
*** MAXWELL SOLVER [GPU] ***
Initial residual: 0.325726 norm b vector (source) = 0.511088
GMRES converged at restart # 3; iteration #3 with error: 9.11615e-07
  [Cycle 67] Particle sorting: ON
*** B CALCULATION [GPU] ***
Execution time cycle: 284.933 ms  [sort=0.043945 field=159.612 da_wait=0.00013 mover+out=0.032193 exchange+sort+moments=47.6812 B=70.6466 momentsAwait=6.91581 outCopy=0.000722]
 ======= Cycle 68 ======= 
*** E CALCULATION [GPU] ***
*** MAXWELL SOLVER [GPU] ***
Initial residual: 0.325419 norm b vector (source) = 0.51094
GMRES converged at restart # 3; iteration #3 with error: 9.3068e-07
  [Cycle 68] Particle sorting: ON
*** B CALCULATION [GPU] ***
Execution time cycle: 291.282 ms  [sort=0.038435 field=162.612 da_wait=0.00012 mover+out=0.033575 exchange+sort+moments=51.0113 B=70.6964 momentsAwait=6.88985 outCopy=0.000491]
 ======= Cycle 69 ======= 
*** E CALCULATION [GPU] ***
*** MAXWELL SOLVER [GPU] ***
Initial residual: 0.325521 norm b vector (source) = 0.510941
GMRES converged at restart # 3; iteration #3 with error: 9.91121e-07
  [Cycle 69] Particle sorting: ON
*** B CALCULATION [GPU] ***
Execution time cycle: 290.765 ms  [sort=0.047262 field=162.506 da_wait=0.00014 mover+out=0.032242 exchange+sort+moments=50.8991 B=70.4772 momentsAwait=6.80274 outCopy=0.000471]
 ======= Cycle 70 ======= 
*** E CALCULATION [GPU] ***
*** MAXWELL SOLVER [GPU] ***
Initial residual: 0.325501 norm b vector (source) = 0.511018
GMRES converged at restart # 4; iteration #0 with error: 8.27861e-07
  [Cycle 70] Particle sorting: ON
*** B CALCULATION [GPU] ***
Execution time cycle: 294.723 ms  [sort=0.044035 field=166.551 da_wait=0.00012 mover+out=0.032253 exchange+sort+moments=50.8114 B=70.4787 momentsAwait=6.8044 outCopy=0.000321]
 ======= Cycle 71 ======= 
*** E CALCULATION [GPU] ***
*** MAXWELL SOLVER [GPU] ***
Initial residual: 0.325638 norm b vector (source) = 0.511226
GMRES converged at restart # 4; iteration #0 with error: 8.20012e-07
  [Cycle 71] Particle sorting: ON
*** B CALCULATION [GPU] ***
Execution time cycle: 294.362 ms  [sort=0.044737 field=166.713 da_wait=0.00021 mover+out=0.032804 exchange+sort+moments=50.4529 B=70.2954 momentsAwait=6.82236 outCopy=0.000491]
 ======= Cycle 72 ======= 
*** E CALCULATION [GPU] ***
*** MAXWELL SOLVER [GPU] ***
Initial residual: 0.325637 norm b vector (source) = 0.511452
GMRES converged at restart # 3; iteration #3 with error: 9.66743e-07
  [Cycle 72] Particle sorting: ON
*** B CALCULATION [GPU] ***
Execution time cycle: 290.578 ms  [sort=0.04619 field=162.727 da_wait=0.00013 mover+out=0.028636 exchange+sort+moments=50.4583 B=70.5117 momentsAwait=6.80538 outCopy=0.000491]
 ======= Cycle 73 ======= 
*** E CALCULATION [GPU] ***
*** MAXWELL SOLVER [GPU] ***
Initial residual: 0.325747 norm b vector (source) = 0.511676
GMRES converged at restart # 3; iteration #3 with error: 8.90916e-07
  [Cycle 73] Particle sorting: ON
*** B CALCULATION [GPU] ***
Execution time cycle: 491.631 ms  [sort=0.059495 field=363.749 da_wait=0.000211 mover+out=0.033294 exchange+sort+moments=50.3863 B=70.4983 momentsAwait=6.90364 outCopy=0.000481]
 ======= Cycle 74 ======= 
*** E CALCULATION [GPU] ***
*** MAXWELL SOLVER [GPU] ***
Initial residual: 0.325678 norm b vector (source) = 0.511706
GMRES converged at restart # 3; iteration #3 with error: 8.80928e-07
  [Cycle 74] Particle sorting: ON
*** B CALCULATION [GPU] ***
Execution time cycle: 287.804 ms  [sort=0.048705 field=159.462 da_wait=0.000201 mover+out=0.033344 exchange+sort+moments=50.7724 B=70.6592 momentsAwait=6.82727 outCopy=0.000311]
 ======= Cycle 75 ======= 
*** E CALCULATION [GPU] ***
*** MAXWELL SOLVER [GPU] ***
Initial residual: 0.325769 norm b vector (source) = 0.511806
GMRES converged at restart # 3; iteration #3 with error: 8.27418e-07
  [Cycle 75] Particle sorting: ON
*** B CALCULATION [GPU] ***
Execution time cycle: 287.95 ms  [sort=0.044917 field=159.671 da_wait=0.000151 mover+out=0.028205 exchange+sort+moments=50.5294 B=70.7599 momentsAwait=6.91619 outCopy=0.000341]
 ======= Cycle 76 ======= 
*** E CALCULATION [GPU] ***
*** MAXWELL SOLVER [GPU] ***
Initial residual: 0.325997 norm b vector (source) = 0.512061
GMRES converged at restart # 3; iteration #3 with error: 8.00911e-07
  [Cycle 76] Particle sorting: ON
*** B CALCULATION [GPU] ***
Execution time cycle: 404.662 ms  [sort=0.041451 field=276.779 da_wait=0.000131 mover+out=0.028335 exchange+sort+moments=50.3622 B=70.6831 momentsAwait=6.76769 outCopy=0.000391]
 ======= Cycle 77 ======= 
*** E CALCULATION [GPU] ***
*** MAXWELL SOLVER [GPU] ***
Initial residual: 0.326299 norm b vector (source) = 0.512457
GMRES converged at restart # 3; iteration #3 with error: 8.14087e-07
  [Cycle 77] Particle sorting: ON
*** B CALCULATION [GPU] ***
Execution time cycle: 287.536 ms  [sort=0.043995 field=159.702 da_wait=0.00012 mover+out=0.032824 exchange+sort+moments=50.2676 B=70.7434 momentsAwait=6.74538 outCopy=0.000591]
 ======= Cycle 78 ======= 
*** E CALCULATION [GPU] ***
*** MAXWELL SOLVER [GPU] ***
Initial residual: 0.326362 norm b vector (source) = 0.512783
GMRES converged at restart # 3; iteration #3 with error: 8.6146e-07
  [Cycle 78] Particle sorting: ON
*** B CALCULATION [GPU] ***
Execution time cycle: 288.536 ms  [sort=0.045628 field=160.113 da_wait=0.000231 mover+out=0.032202 exchange+sort+moments=50.532 B=70.9345 momentsAwait=6.87754 outCopy=0.000301]
 ======= Cycle 79 ======= 
*** E CALCULATION [GPU] ***
*** MAXWELL SOLVER [GPU] ***
Initial residual: 0.326012 norm b vector (source) = 0.512637
GMRES converged at restart # 3; iteration #3 with error: 9.25763e-07
  [Cycle 79] Particle sorting: ON
*** B CALCULATION [GPU] ***
Execution time cycle: 287.949 ms  [sort=0.043465 field=159.723 da_wait=0.00013 mover+out=0.03076 exchange+sort+moments=50.4804 B=70.7115 momentsAwait=6.95976 outCopy=0.000501]
 ======= Cycle 80 ======= 
*** E CALCULATION [GPU] ***
*** MAXWELL SOLVER [GPU] ***
Initial residual: 0.32571 norm b vector (source) = 0.512349
GMRES converged at restart # 3; iteration #3 with error: 9.44302e-07
  [Cycle 80] Particle sorting: ON
*** B CALCULATION [GPU] ***
Execution time cycle: 290.323 ms  [sort=0.043243 field=162.363 da_wait=0.00012 mover+out=0.030148 exchange+sort+moments=50.5693 B=70.5194 momentsAwait=6.79724 outCopy=0.000501]
 ======= Cycle 81 ======= 
*** E CALCULATION [GPU] ***
*** MAXWELL SOLVER [GPU] ***
Initial residual: 0.325667 norm b vector (source) = 0.512363
GMRES converged at restart # 3; iteration #4 with error: 6.65274e-07
  [Cycle 81] Particle sorting: ON
*** B CALCULATION [GPU] ***
Execution time cycle: 292.575 ms  [sort=0.049095 field=164.758 da_wait=0.000121 mover+out=0.030669 exchange+sort+moments=50.2085 B=70.6003 momentsAwait=6.92793 outCopy=0.000461]
 ======= Cycle 82 ======= 
*** E CALCULATION [GPU] ***
*** MAXWELL SOLVER [GPU] ***
Initial residual: 0.325804 norm b vector (source) = 0.512562
GMRES converged at restart # 3; iteration #4 with error: 7.07515e-07
  [Cycle 82] Particle sorting: ON
*** B CALCULATION [GPU] ***
Execution time cycle: 293.428 ms  [sort=0.045739 field=164.975 da_wait=0.00012 mover+out=0.033876 exchange+sort+moments=50.7634 B=70.7523 momentsAwait=6.85747 outCopy=0.00037]
 ======= Cycle 83 ======= 
*** E CALCULATION [GPU] ***
*** MAXWELL SOLVER [GPU] ***
Initial residual: 0.325895 norm b vector (source) = 0.512734
GMRES converged at restart # 3; iteration #4 with error: 7.34319e-07
  [Cycle 83] Particle sorting: ON
*** B CALCULATION [GPU] ***
Execution time cycle: 292.879 ms  [sort=0.047032 field=164.688 da_wait=0.00012 mover+out=0.034377 exchange+sort+moments=50.3905 B=70.9316 momentsAwait=6.78766 outCopy=0.000391]
 ======= Cycle 84 ======= 
*** E CALCULATION [GPU] ***
*** MAXWELL SOLVER [GPU] ***
Initial residual: 0.325997 norm b vector (source) = 0.512854
GMRES converged at restart # 3; iteration #4 with error: 7.31481e-07
  [Cycle 84] Particle sorting: ON
*** B CALCULATION [GPU] ***
Execution time cycle: 293.303 ms  [sort=0.043725 field=164.872 da_wait=0.000121 mover+out=0.029467 exchange+sort+moments=50.4997 B=70.9588 momentsAwait=6.89837 outCopy=0.00039]
 ======= Cycle 85 ======= 
*** E CALCULATION [GPU] ***
*** MAXWELL SOLVER [GPU] ***
Initial residual: 0.325882 norm b vector (source) = 0.512715
GMRES converged at restart # 3; iteration #4 with error: 6.9035e-07
  [Cycle 85] Particle sorting: ON
*** B CALCULATION [GPU] ***
Execution time cycle: 293.092 ms  [sort=0.042402 field=164.764 da_wait=0.000261 mover+out=0.031311 exchange+sort+moments=50.4711 B=70.9506 momentsAwait=6.83187 outCopy=0.000621]
 ======= Cycle 86 ======= 
*** E CALCULATION [GPU] ***
*** MAXWELL SOLVER [GPU] ***
Initial residual: 0.325661 norm b vector (source) = 0.512295
GMRES converged at restart # 3; iteration #3 with error: 9.80629e-07
  [Cycle 86] Particle sorting: ON
*** B CALCULATION [GPU] ***
Execution time cycle: 290.788 ms  [sort=0.044807 field=162.348 da_wait=0.00014 mover+out=0.031241 exchange+sort+moments=50.0923 B=71.0467 momentsAwait=7.22432 outCopy=0.000401]
 ======= Cycle 87 ======= 
*** E CALCULATION [GPU] ***
*** MAXWELL SOLVER [GPU] ***
Initial residual: 0.32538 norm b vector (source) = 0.511814
GMRES converged at restart # 3; iteration #3 with error: 9.37203e-07
  [Cycle 87] Particle sorting: ON
*** B CALCULATION [GPU] ***
Execution time cycle: 288.539 ms  [sort=0.04622 field=160.203 da_wait=0.00014 mover+out=0.030048 exchange+sort+moments=50.4479 B=70.9557 momentsAwait=6.85602 outCopy=0.000351]
 ======= Cycle 88 ======= 
*** E CALCULATION [GPU] ***
*** MAXWELL SOLVER [GPU] ***
Initial residual: 0.325102 norm b vector (source) = 0.511445
GMRES converged at restart # 3; iteration #3 with error: 8.17752e-07
  [Cycle 88] Particle sorting: ON
*** B CALCULATION [GPU] ***
Execution time cycle: 287.992 ms  [sort=0.044446 field=159.694 da_wait=0.00013 mover+out=0.028235 exchange+sort+moments=50.687 B=70.7491 momentsAwait=6.78848 outCopy=0.000421]
 ======= Cycle 89 ======= 
*** E CALCULATION [GPU] ***
*** MAXWELL SOLVER [GPU] ***
Initial residual: 0.324801 norm b vector (source) = 0.511171
GMRES converged at restart # 3; iteration #3 with error: 7.26112e-07
  [Cycle 89] Particle sorting: ON
*** B CALCULATION [GPU] ***
Execution time cycle: 287.607 ms  [sort=0.049146 field=159.674 da_wait=0.00019 mover+out=0.030449 exchange+sort+moments=50.4201 B=70.5905 momentsAwait=6.84247 outCopy=0.0003]
 ======= Cycle 90 ======= 
*** E CALCULATION [GPU] ***
*** MAXWELL SOLVER [GPU] ***
Initial residual: 0.324529 norm b vector (source) = 0.511068
GMRES converged at restart # 3; iteration #2 with error: 9.80233e-07
  [Cycle 90] Particle sorting: ON
*** B CALCULATION [GPU] ***
Execution time cycle: 285.324 ms  [sort=0.049376 field=157.302 da_wait=0.000211 mover+out=0.03103 exchange+sort+moments=50.2875 B=70.7136 momentsAwait=6.93982 outCopy=0.00034]
 ======= Cycle 91 ======= 
*** E CALCULATION [GPU] ***
*** MAXWELL SOLVER [GPU] ***
Initial residual: 0.324875 norm b vector (source) = 0.511533
GMRES converged at restart # 3; iteration #2 with error: 9.40628e-07
  [Cycle 91] Particle sorting: ON
*** B CALCULATION [GPU] ***
Execution time cycle: 285.41 ms  [sort=0.045338 field=157.128 da_wait=0.00012 mover+out=0.031 exchange+sort+moments=50.4681 B=70.8351 momentsAwait=6.90175 outCopy=0.00041]
 ======= Cycle 92 ======= 
*** E CALCULATION [GPU] ***
*** MAXWELL SOLVER [GPU] ***
Initial residual: 0.325479 norm b vector (source) = 0.512404
GMRES converged at restart # 3; iteration #2 with error: 9.4954e-07
  [Cycle 92] Particle sorting: ON
*** B CALCULATION [GPU] ***
Execution time cycle: 285.732 ms  [sort=0.045559 field=157.35 da_wait=0.000141 mover+out=0.033615 exchange+sort+moments=50.4326 B=70.9879 momentsAwait=6.88132 outCopy=0.00042]
 ======= Cycle 93 ======= 
*** E CALCULATION [GPU] ***
*** MAXWELL SOLVER [GPU] ***
Initial residual: 0.326131 norm b vector (source) = 0.513284
GMRES converged at restart # 4; iteration #0 with error: 8.54987e-07
  [Cycle 93] Particle sorting: ON
*** B CALCULATION [GPU] ***
Execution time cycle: 289.383 ms  [sort=0.044626 field=161.073 da_wait=0.00028 mover+out=0.033325 exchange+sort+moments=50.3139 B=70.9647 momentsAwait=6.95301 outCopy=0.000411]
 ======= Cycle 94 ======= 
*** E CALCULATION [GPU] ***
*** MAXWELL SOLVER [GPU] ***
Initial residual: 0.326858 norm b vector (source) = 0.514109
GMRES converged at restart # 3; iteration #3 with error: 7.60971e-07
  [Cycle 94] Particle sorting: ON
*** B CALCULATION [GPU] ***
Execution time cycle: 288.079 ms  [sort=0.034457 field=159.674 da_wait=0.00014 mover+out=0.03058 exchange+sort+moments=50.4049 B=71.0587 momentsAwait=6.87573 outCopy=0.000401]
 ======= Cycle 95 ======= 
*** E CALCULATION [GPU] ***
*** MAXWELL SOLVER [GPU] ***
Initial residual: 0.327376 norm b vector (source) = 0.514817
GMRES converged at restart # 3; iteration #3 with error: 8.48075e-07
  [Cycle 95] Particle sorting: ON
*** B CALCULATION [GPU] ***
Execution time cycle: 288.179 ms  [sort=0.043444 field=159.561 da_wait=0.000231 mover+out=0.030429 exchange+sort+moments=50.5281 B=71.092 momentsAwait=6.92334 outCopy=0.00024]
 ======= Cycle 96 ======= 
*** E CALCULATION [GPU] ***
*** MAXWELL SOLVER [GPU] ***
Initial residual: 0.327214 norm b vector (source) = 0.514839
GMRES converged at restart # 3; iteration #3 with error: 9.37351e-07
  [Cycle 96] Particle sorting: ON
*** B CALCULATION [GPU] ***
Execution time cycle: 288.625 ms  [sort=0.042413 field=159.668 da_wait=0.00012 mover+out=0.028756 exchange+sort+moments=50.745 B=71.2062 momentsAwait=6.93468 outCopy=0.000481]
 ======= Cycle 97 ======= 
*** E CALCULATION [GPU] ***
*** MAXWELL SOLVER [GPU] ***
Initial residual: 0.326966 norm b vector (source) = 0.514528
GMRES converged at restart # 3; iteration #3 with error: 9.45126e-07
  [Cycle 97] Particle sorting: ON
*** B CALCULATION [GPU] ***
Execution time cycle: 290.966 ms  [sort=0.042662 field=162.343 da_wait=0.00012 mover+out=0.029938 exchange+sort+moments=50.8736 B=70.7734 momentsAwait=6.90203 outCopy=0.000471]
 ======= Cycle 98 ======= 
*** E CALCULATION [GPU] ***
*** MAXWELL SOLVER [GPU] ***
Initial residual: 0.326388 norm b vector (source) = 0.513889
GMRES converged at restart # 3; iteration #3 with error: 9.95191e-07
  [Cycle 98] Particle sorting: ON
*** B CALCULATION [GPU] ***
Execution time cycle: 291.373 ms  [sort=0.047592 field=162.549 da_wait=0.00024 mover+out=0.030549 exchange+sort+moments=51.1971 B=70.6149 momentsAwait=6.93276 outCopy=0.000391]
 ======= Cycle 99 ======= 
*** E CALCULATION [GPU] ***
*** MAXWELL SOLVER [GPU] ***
Initial residual: 0.325967 norm b vector (source) = 0.513269
GMRES converged at restart # 3; iteration #3 with error: 9.97393e-07
  [Cycle 99] Particle sorting: ON
*** B CALCULATION [GPU] ***
Execution time cycle: 291.142 ms  [sort=0.048554 field=162.386 da_wait=0.000171 mover+out=0.031401 exchange+sort+moments=51.0269 B=70.7294 momentsAwait=6.91899 outCopy=0.000501]
 ======= Cycle 100 ======= 
*** E CALCULATION [GPU] ***
*** MAXWELL SOLVER [GPU] ***
Initial residual: 0.326198 norm b vector (source) = 0.513332
GMRES converged at restart # 3; iteration #3 with error: 9.5468e-07
  [Cycle 100] Particle sorting: ON
*** B CALCULATION [GPU] ***
Execution time cycle: 304.498 ms  [sort=13.9878 field=163.273 da_wait=0.000712 mover+out=0.025068 exchange+sort+moments=49.2572 B=71.0233 momentsAwait=6.93034 outCopy=0.000241]
 ======= Cycle 101 ======= 
*** E CALCULATION [GPU] ***
*** MAXWELL SOLVER [GPU] ***
Initial residual: 0.326678 norm b vector (source) = 0.51395
GMRES converged at restart # 3; iteration #3 with error: 8.8993e-07
  [Cycle 101] Particle sorting: ON
*** B CALCULATION [GPU] ***
Execution time cycle: 289.545 ms  [sort=0.041721 field=162.346 da_wait=0.000211 mover+out=0.030449 exchange+sort+moments=49.2541 B=71.0773 momentsAwait=6.79448 outCopy=0.000331]
 ======= Cycle 102 ======= 
*** E CALCULATION [GPU] ***
*** MAXWELL SOLVER [GPU] ***
Initial residual: 0.327578 norm b vector (source) = 0.515104
GMRES converged at restart # 3; iteration #3 with error: 8.81036e-07
  [Cycle 102] Particle sorting: ON
*** B CALCULATION [GPU] ***
Execution time cycle: 288.611 ms  [sort=0.045368 field=159.652 da_wait=0.00012 mover+out=0.028355 exchange+sort+moments=50.8183 B=71.1601 momentsAwait=6.9064 outCopy=0.000261]
 ======= Cycle 103 ======= 
*** E CALCULATION [GPU] ***
*** MAXWELL SOLVER [GPU] ***
Initial residual: 0.328249 norm b vector (source) = 0.516297
GMRES converged at restart # 3; iteration #3 with error: 8.01654e-07
  [Cycle 103] Particle sorting: ON
*** B CALCULATION [GPU] ***
Execution time cycle: 288.292 ms  [sort=0.032213 field=159.353 da_wait=0.00014 mover+out=0.031722 exchange+sort+moments=50.6193 B=71.3366 momentsAwait=6.9186 outCopy=0.00023]
 ======= Cycle 104 ======= 
*** E CALCULATION [GPU] ***
*** MAXWELL SOLVER [GPU] ***
Initial residual: 0.328722 norm b vector (source) = 0.517255
GMRES converged at restart # 3; iteration #3 with error: 7.42756e-07
  [Cycle 104] Particle sorting: ON
*** B CALCULATION [GPU] ***
Execution time cycle: 287.868 ms  [sort=0.053674 field=159.341 da_wait=0.000121 mover+out=0.031501 exchange+sort+moments=50.2805 B=71.249 momentsAwait=6.91206 outCopy=0.000391]
 ======= Cycle 105 ======= 
*** E CALCULATION [GPU] ***
*** MAXWELL SOLVER [GPU] ***
Initial residual: 0.328587 norm b vector (source) = 0.517515
GMRES converged at restart # 3; iteration #3 with error: 7.12369e-07
  [Cycle 105] Particle sorting: ON
*** B CALCULATION [GPU] ***
Execution time cycle: 287.743 ms  [sort=0.041751 field=159.244 da_wait=0.00012 mover+out=0.033485 exchange+sort+moments=50.7213 B=70.8601 momentsAwait=6.84206 outCopy=0.000361]
 ======= Cycle 106 ======= 
*** E CALCULATION [GPU] ***
*** MAXWELL SOLVER [GPU] ***
Initial residual: 0.328235 norm b vector (source) = 0.517243
GMRES converged at restart # 3; iteration #3 with error: 7.11758e-07
  [Cycle 106] Particle sorting: ON
*** B CALCULATION [GPU] ***
Execution time cycle: 287.559 ms  [sort=0.044577 field=159.283 da_wait=0.00014 mover+out=0.030088 exchange+sort+moments=50.5479 B=70.8474 momentsAwait=6.80569 outCopy=0.000601]
 ======= Cycle 107 ======= 
*** E CALCULATION [GPU] ***
*** MAXWELL SOLVER [GPU] ***
Initial residual: 0.327767 norm b vector (source) = 0.516764
GMRES converged at restart # 3; iteration #3 with error: 7.51319e-07
  [Cycle 107] Particle sorting: ON
*** B CALCULATION [GPU] ***
Execution time cycle: 287.962 ms  [sort=0.044125 field=159.704 da_wait=0.00012 mover+out=0.031351 exchange+sort+moments=50.2248 B=71.1367 momentsAwait=6.81935 outCopy=0.000842]
 ======= Cycle 108 ======= 
*** E CALCULATION [GPU] ***
*** MAXWELL SOLVER [GPU] ***
Initial residual: 0.327302 norm b vector (source) = 0.516243
GMRES converged at restart # 3; iteration #3 with error: 8.21242e-07
  [Cycle 108] Particle sorting: ON
*** B CALCULATION [GPU] ***
Execution time cycle: 288.022 ms  [sort=0.047663 field=159.186 da_wait=0.000121 mover+out=0.030439 exchange+sort+moments=50.6019 B=71.2573 momentsAwait=6.89837 outCopy=0.000471]
 ======= Cycle 109 ======= 
*** E CALCULATION [GPU] ***
*** MAXWELL SOLVER [GPU] ***
Initial residual: 0.327087 norm b vector (source) = 0.515914
GMRES converged at restart # 3; iteration #3 with error: 9.10533e-07
  [Cycle 109] Particle sorting: ON
*** B CALCULATION [GPU] ***
Execution time cycle: 288.098 ms  [sort=0.045117 field=159.401 da_wait=0.00012 mover+out=0.03086 exchange+sort+moments=50.5147 B=71.3045 momentsAwait=6.80123 outCopy=0.0004]
 ======= Cycle 110 ======= 
*** E CALCULATION [GPU] ***
*** MAXWELL SOLVER [GPU] ***
Initial residual: 0.3271 norm b vector (source) = 0.515879
GMRES converged at restart # 3; iteration #3 with error: 9.39956e-07
  [Cycle 110] Particle sorting: ON
*** B CALCULATION [GPU] ***
Execution time cycle: 290.416 ms  [sort=0.044276 field=162.121 da_wait=0.000321 mover+out=0.032874 exchange+sort+moments=50.1557 B=71.2374 momentsAwait=6.82368 outCopy=0.000301]
 ======= Cycle 111 ======= 
*** E CALCULATION [GPU] ***
*** MAXWELL SOLVER [GPU] ***
Initial residual: 0.326967 norm b vector (source) = 0.515862
GMRES converged at restart # 3; iteration #4 with error: 6.6333e-07
  [Cycle 111] Particle sorting: ON
*** B CALCULATION [GPU] ***
Execution time cycle: 293.595 ms  [sort=0.048264 field=164.586 da_wait=0.000211 mover+out=0.031391 exchange+sort+moments=50.7297 B=71.3376 momentsAwait=6.86145 outCopy=0.000381]
 ======= Cycle 112 ======= 
*** E CALCULATION [GPU] ***
*** MAXWELL SOLVER [GPU] ***
Initial residual: 0.327367 norm b vector (source) = 0.516271
GMRES converged at restart # 3; iteration #4 with error: 7.02953e-07
  [Cycle 112] Particle sorting: ON
*** B CALCULATION [GPU] ***
Execution time cycle: 293.349 ms  [sort=0.033536 field=164.818 da_wait=0.00012 mover+out=0.029928 exchange+sort+moments=50.1616 B=71.4492 momentsAwait=6.85601 outCopy=0.000451]
 ======= Cycle 113 ======= 
*** E CALCULATION [GPU] ***
*** MAXWELL SOLVER [GPU] ***
Initial residual: 0.327396 norm b vector (source) = 0.516483
GMRES converged at restart # 3; iteration #4 with error: 7.15579e-07
  [Cycle 113] Particle sorting: ON
*** B CALCULATION [GPU] ***
Execution time cycle: 293.591 ms  [sort=0.043654 field=164.85 da_wait=0.00024 mover+out=0.029668 exchange+sort+moments=50.425 B=71.4593 momentsAwait=6.78227 outCopy=0.000321]
 ======= Cycle 114 ======= 
*** E CALCULATION [GPU] ***
*** MAXWELL SOLVER [GPU] ***
Initial residual: 0.327352 norm b vector (source) = 0.51639
GMRES converged at restart # 3; iteration #4 with error: 6.92454e-07
  [Cycle 114] Particle sorting: ON
*** B CALCULATION [GPU] ***
Execution time cycle: 293.6 ms  [sort=0.049416 field=164.805 da_wait=0.000121 mover+out=0.029407 exchange+sort+moments=50.7254 B=71.1599 momentsAwait=6.83017 outCopy=0.000341]
 ======= Cycle 115 ======= 
*** E CALCULATION [GPU] ***
*** MAXWELL SOLVER [GPU] ***
Initial residual: 0.327104 norm b vector (source) = 0.515984
GMRES converged at restart # 3; iteration #3 with error: 9.89814e-07
  [Cycle 115] Particle sorting: ON
*** B CALCULATION [GPU] ***
Execution time cycle: 290.518 ms  [sort=0.042242 field=162.06 da_wait=0.00012 mover+out=0.03586 exchange+sort+moments=50.4115 B=71.0922 momentsAwait=6.8761 outCopy=0.00034]
 ======= Cycle 116 ======= 
*** E CALCULATION [GPU] ***
*** MAXWELL SOLVER [GPU] ***
Initial residual: 0.326854 norm b vector (source) = 0.515565
GMRES converged at restart # 3; iteration #3 with error: 8.74228e-07
  [Cycle 116] Particle sorting: ON
*** B CALCULATION [GPU] ***
Execution time cycle: 290.509 ms  [sort=0.045027 field=162.111 da_wait=0.00014 mover+out=0.031091 exchange+sort+moments=50.2942 B=71.1343 momentsAwait=6.89284 outCopy=0.000531]
 ======= Cycle 117 ======= 
*** E CALCULATION [GPU] ***
*** MAXWELL SOLVER [GPU] ***
Initial residual: 0.326822 norm b vector (source) = 0.515448
GMRES converged at restart # 3; iteration #3 with error: 8.17463e-07
  [Cycle 117] Particle sorting: ON
*** B CALCULATION [GPU] ***
Execution time cycle: 287.714 ms  [sort=0.042201 field=159.104 da_wait=0.00014 mover+out=0.033264 exchange+sort+moments=50.4608 B=71.3 momentsAwait=6.77359 outCopy=0.000511]
 ======= Cycle 118 ======= 
*** E CALCULATION [GPU] ***
*** MAXWELL SOLVER [GPU] ***
Initial residual: 0.326772 norm b vector (source) = 0.515512
GMRES converged at restart # 3; iteration #3 with error: 7.04276e-07
  [Cycle 118] Particle sorting: ON
*** B CALCULATION [GPU] ***
Execution time cycle: 287.705 ms  [sort=0.044015 field=159.049 da_wait=0.00012 mover+out=0.030249 exchange+sort+moments=50.3911 B=71.3271 momentsAwait=6.86278 outCopy=0.000401]
 ======= Cycle 119 ======= 
*** E CALCULATION [GPU] ***
*** MAXWELL SOLVER [GPU] ***
Initial residual: 0.326911 norm b vector (source) = 0.515741
GMRES converged at restart # 3; iteration #2 with error: 9.13596e-07
  [Cycle 119] Particle sorting: ON
*** B CALCULATION [GPU] ***
Execution time cycle: 285.271 ms  [sort=0.043915 field=156.627 da_wait=0.00011 mover+out=0.028055 exchange+sort+moments=50.3895 B=71.296 momentsAwait=6.88671 outCopy=0.000511]
 ======= Cycle 120 ======= 
*** E CALCULATION [GPU] ***
*** MAXWELL SOLVER [GPU] ***
Initial residual: 0.326967 norm b vector (source) = 0.515886
GMRES converged at restart # 3; iteration #2 with error: 8.40339e-07
  [Cycle 120] Particle sorting: ON
*** B CALCULATION [GPU] ***
Execution time cycle: 285.129 ms  [sort=0.046821 field=156.707 da_wait=0.000231 mover+out=0.032232 exchange+sort+moments=50.0314 B=71.4401 momentsAwait=6.87017 outCopy=0.000521]
 ======= Cycle 121 ======= 
*** E CALCULATION [GPU] ***
*** MAXWELL SOLVER [GPU] ***
Initial residual: 0.326832 norm b vector (source) = 0.515722
GMRES converged at restart # 3; iteration #2 with error: 8.17716e-07
  [Cycle 121] Particle sorting: ON
*** B CALCULATION [GPU] ***
Execution time cycle: 285.512 ms  [sort=0.031691 field=156.625 da_wait=0.00022 mover+out=0.029718 exchange+sort+moments=50.4015 B=71.6533 momentsAwait=6.7703 outCopy=0.000501]
 ======= Cycle 122 ======= 
*** E CALCULATION [GPU] ***
*** MAXWELL SOLVER [GPU] ***
Initial residual: 0.326915 norm b vector (source) = 0.515634
GMRES converged at restart # 3; iteration #2 with error: 8.4773e-07
  [Cycle 122] Particle sorting: ON
*** B CALCULATION [GPU] ***
Execution time cycle: 285.807 ms  [sort=0.043886 field=156.691 da_wait=0.00012 mover+out=0.029106 exchange+sort+moments=50.7252 B=71.4985 momentsAwait=6.8187 outCopy=0.000321]
 ======= Cycle 123 ======= 
*** E CALCULATION [GPU] ***
*** MAXWELL SOLVER [GPU] ***
Initial residual: 0.326927 norm b vector (source) = 0.515564
GMRES converged at restart # 3; iteration #2 with error: 9.20016e-07
  [Cycle 123] Particle sorting: ON
*** B CALCULATION [GPU] ***
Execution time cycle: 285.54 ms  [sort=0.042342 field=156.807 da_wait=0.00012 mover+out=0.029948 exchange+sort+moments=50.5451 B=71.2324 momentsAwait=6.88204 outCopy=0.000732]
 ======= Cycle 124 ======= 
*** E CALCULATION [GPU] ***
*** MAXWELL SOLVER [GPU] ***
Initial residual: 0.32718 norm b vector (source) = 0.515789
GMRES converged at restart # 3; iteration #3 with error: 7.03671e-07
  [Cycle 124] Particle sorting: ON
*** B CALCULATION [GPU] ***
Execution time cycle: 287.311 ms  [sort=0.043695 field=159.195 da_wait=0.00013 mover+out=0.0309 exchange+sort+moments=50.1615 B=71.1487 momentsAwait=6.73098 outCopy=0.000391]
 ======= Cycle 125 ======= 
*** E CALCULATION [GPU] ***
*** MAXWELL SOLVER [GPU] ***
Initial residual: 0.327432 norm b vector (source) = 0.516195
GMRES converged at restart # 3; iteration #3 with error: 7.95008e-07
  [Cycle 125] Particle sorting: ON
*** B CALCULATION [GPU] ***
Execution time cycle: 287.607 ms  [sort=0.031592 field=159.441 da_wait=0.00021 mover+out=0.029708 exchange+sort+moments=50.1199 B=71.2143 momentsAwait=6.76994 outCopy=0.000531]
 ======= Cycle 126 ======= 
*** E CALCULATION [GPU] ***
*** MAXWELL SOLVER [GPU] ***
Initial residual: 0.327754 norm b vector (source) = 0.516741
GMRES converged at restart # 3; iteration #3 with error: 8.71524e-07
  [Cycle 126] Particle sorting: ON
*** B CALCULATION [GPU] ***
Execution time cycle: 288.055 ms  [sort=0.041591 field=159.32 da_wait=0.00013 mover+out=0.031781 exchange+sort+moments=50.4719 B=71.3554 momentsAwait=6.834 outCopy=0.000481]
 ======= Cycle 127 ======= 
*** E CALCULATION [GPU] ***
*** MAXWELL SOLVER [GPU] ***
Initial residual: 0.328308 norm b vector (source) = 0.517515
GMRES converged at restart # 3; iteration #3 with error: 9.15376e-07
  [Cycle 127] Particle sorting: ON
*** B CALCULATION [GPU] ***
Execution time cycle: 288.109 ms  [sort=0.043775 field=159.358 da_wait=0.000141 mover+out=0.029577 exchange+sort+moments=50.5431 B=71.3356 momentsAwait=6.79861 outCopy=0.000531]
 ======= Cycle 128 ======= 
*** E CALCULATION [GPU] ***
*** MAXWELL SOLVER [GPU] ***
Initial residual: 0.328403 norm b vector (source) = 0.517834
GMRES converged at restart # 3; iteration #3 with error: 9.1586e-07
  [Cycle 128] Particle sorting: ON
*** B CALCULATION [GPU] ***
Execution time cycle: 287.342 ms  [sort=0.048364 field=158.826 da_wait=0.00012 mover+out=0.032433 exchange+sort+moments=50.2704 B=71.4105 momentsAwait=6.75339 outCopy=0.000421]
 ======= Cycle 129 ======= 
*** E CALCULATION [GPU] ***
*** MAXWELL SOLVER [GPU] ***
Initial residual: 0.3286 norm b vector (source) = 0.517977
GMRES converged at restart # 3; iteration #3 with error: 8.69608e-07
  [Cycle 129] Particle sorting: ON
*** B CALCULATION [GPU] ***
Execution time cycle: 287.592 ms  [sort=0.049707 field=158.87 da_wait=0.00022 mover+out=0.031491 exchange+sort+moments=50.4884 B=71.4071 momentsAwait=6.74418 outCopy=0.000882]
 ======= Cycle 130 ======= 
*** E CALCULATION [GPU] ***
*** MAXWELL SOLVER [GPU] ***
Initial residual: 0.32872 norm b vector (source) = 0.517999
GMRES converged at restart # 3; iteration #3 with error: 7.82375e-07
  [Cycle 130] Particle sorting: ON
*** B CALCULATION [GPU] ***
Execution time cycle: 287.75 ms  [sort=0.032534 field=158.959 da_wait=0.000121 mover+out=0.030639 exchange+sort+moments=50.2516 B=71.6194 momentsAwait=6.8563 outCopy=0.00031]
 ======= Cycle 131 ======= 
*** E CALCULATION [GPU] ***
*** MAXWELL SOLVER [GPU] ***
Initial residual: 0.328666 norm b vector (source) = 0.517934
GMRES converged at restart # 4; iteration #0 with error: 8.58257e-07
  [Cycle 131] Particle sorting: ON
*** B CALCULATION [GPU] ***
Execution time cycle: 290.189 ms  [sort=0.042062 field=161.053 da_wait=0.00012 mover+out=0.032473 exchange+sort+moments=50.6767 B=71.5319 momentsAwait=6.85192 outCopy=0.000411]
 ======= Cycle 132 ======= 
*** E CALCULATION [GPU] ***
*** MAXWELL SOLVER [GPU] ***
Initial residual: 0.328617 norm b vector (source) = 0.517831
GMRES converged at restart # 3; iteration #2 with error: 8.73841e-07
  [Cycle 132] Particle sorting: ON
*** B CALCULATION [GPU] ***
Execution time cycle: 285.618 ms  [sort=0.044456 field=156.79 da_wait=0.00012 mover+out=0.029547 exchange+sort+moments=50.7368 B=71.1751 momentsAwait=6.84147 outCopy=0.000491]
 ======= Cycle 133 ======= 
*** E CALCULATION [GPU] ***
*** MAXWELL SOLVER [GPU] ***
Initial residual: 0.328704 norm b vector (source) = 0.518018
GMRES converged at restart # 3; iteration #1 with error: 9.30831e-07
  [Cycle 133] Particle sorting: ON
*** B CALCULATION [GPU] ***
Execution time cycle: 282.894 ms  [sort=0.04663 field=154.387 da_wait=0.00012 mover+out=0.027694 exchange+sort+moments=50.5211 B=71.064 momentsAwait=6.84758 outCopy=0.000401]
 ======= Cycle 134 ======= 
*** E CALCULATION [GPU] ***
*** MAXWELL SOLVER [GPU] ***
Initial residual: 0.32856 norm b vector (source) = 0.518179
GMRES converged at restart # 3; iteration #0 with error: 9.79752e-07
  [Cycle 134] Particle sorting: ON
*** B CALCULATION [GPU] ***
Execution time cycle: 279.366 ms  [sort=0.044386 field=152.078 da_wait=0.00014 mover+out=0.03073 exchange+sort+moments=48.9835 B=71.3678 momentsAwait=6.86157 outCopy=0.000311]
 ======= Cycle 135 ======= 
*** E CALCULATION [GPU] ***
*** MAXWELL SOLVER [GPU] ***
Initial residual: 0.328193 norm b vector (source) = 0.517971
GMRES converged at restart # 3; iteration #0 with error: 9.59121e-07
  [Cycle 135] Particle sorting: ON
*** B CALCULATION [GPU] ***
Execution time cycle: 281.085 ms  [sort=0.039267 field=152.073 da_wait=0.00013 mover+out=0.031391 exchange+sort+moments=50.5142 B=71.4959 momentsAwait=6.93021 outCopy=0.00039]
 ======= Cycle 136 ======= 
*** E CALCULATION [GPU] ***
*** MAXWELL SOLVER [GPU] ***
Initial residual: 0.328305 norm b vector (source) = 0.517978
GMRES converged at restart # 3; iteration #1 with error: 8.73694e-07
  [Cycle 136] Particle sorting: ON
*** B CALCULATION [GPU] ***
Execution time cycle: 283.343 ms  [sort=0.044437 field=154.518 da_wait=0.00014 mover+out=0.031982 exchange+sort+moments=50.5571 B=71.4256 momentsAwait=6.76563 outCopy=0.00029]
 ======= Cycle 137 ======= 
*** E CALCULATION [GPU] ***
*** MAXWELL SOLVER [GPU] ***
Initial residual: 0.328289 norm b vector (source) = 0.517928
GMRES converged at restart # 3; iteration #1 with error: 9.6723e-07
  [Cycle 137] Particle sorting: ON
*** B CALCULATION [GPU] ***
Execution time cycle: 283.571 ms  [sort=0.045378 field=154.64 da_wait=0.00012 mover+out=0.029327 exchange+sort+moments=50.4567 B=71.5165 momentsAwait=6.8822 outCopy=0.000381]
 ======= Cycle 138 ======= 
*** E CALCULATION [GPU] ***
*** MAXWELL SOLVER [GPU] ***
Initial residual: 0.32837 norm b vector (source) = 0.5178
GMRES converged at restart # 3; iteration #2 with error: 9.09003e-07
  [Cycle 138] Particle sorting: ON
*** B CALCULATION [GPU] ***
Execution time cycle: 285.266 ms  [sort=0.047101 field=156.592 da_wait=0.00021 mover+out=0.028476 exchange+sort+moments=50.3804 B=71.4314 momentsAwait=6.78625 outCopy=0.00032]
 ======= Cycle 139 ======= 
*** E CALCULATION [GPU] ***
*** MAXWELL SOLVER [GPU] ***
Initial residual: 0.328479 norm b vector (source) = 0.5178
GMRES converged at restart # 3; iteration #3 with error: 7.22812e-07
  [Cycle 139] Particle sorting: ON
*** B CALCULATION [GPU] ***
Execution time cycle: 287.999 ms  [sort=0.033064 field=159.242 da_wait=0.0002 mover+out=0.032333 exchange+sort+moments=50.2093 B=71.6889 momentsAwait=6.79276 outCopy=0.000411]
 ======= Cycle 140 ======= 
*** E CALCULATION [GPU] ***
*** MAXWELL SOLVER [GPU] ***
Initial residual: 0.328605 norm b vector (source) = 0.517977
GMRES converged at restart # 3; iteration #3 with error: 8.26568e-07
  [Cycle 140] Particle sorting: ON
*** B CALCULATION [GPU] ***
Execution time cycle: 288.583 ms  [sort=0.042161 field=159.078 da_wait=0.000151 mover+out=0.029166 exchange+sort+moments=50.8979 B=71.5929 momentsAwait=6.94204 outCopy=0.000772]
 ======= Cycle 141 ======= 
*** E CALCULATION [GPU] ***
*** MAXWELL SOLVER [GPU] ***
Initial residual: 0.328429 norm b vector (source) = 0.517962
GMRES converged at restart # 3; iteration #3 with error: 9.13353e-07
  [Cycle 141] Particle sorting: ON
*** B CALCULATION [GPU] ***
Execution time cycle: 288.598 ms  [sort=0.042212 field=159.872 da_wait=0.000131 mover+out=0.033525 exchange+sort+moments=50.3312 B=71.5121 momentsAwait=6.8066 outCopy=0.000311]
 ======= Cycle 142 ======= 
*** E CALCULATION [GPU] ***
*** MAXWELL SOLVER [GPU] ***
Initial residual: 0.328232 norm b vector (source) = 0.517686
GMRES converged at restart # 3; iteration #3 with error: 8.8576e-07
  [Cycle 142] Particle sorting: ON
*** B CALCULATION [GPU] ***
Execution time cycle: 291.328 ms  [sort=0.042503 field=162.196 da_wait=0.000211 mover+out=0.033374 exchange+sort+moments=50.777 B=71.3943 momentsAwait=6.88436 outCopy=0.00031]
 ======= Cycle 143 ======= 
*** E CALCULATION [GPU] ***
*** MAXWELL SOLVER [GPU] ***
Initial residual: 0.32828 norm b vector (source) = 0.517509
GMRES converged at restart # 3; iteration #3 with error: 8.79808e-07
  [Cycle 143] Particle sorting: ON
*** B CALCULATION [GPU] ***
Execution time cycle: 290.74 ms  [sort=0.050749 field=161.901 da_wait=0.000211 mover+out=0.031721 exchange+sort+moments=50.4722 B=71.3849 momentsAwait=6.89816 outCopy=0.000411]
 ======= Cycle 144 ======= 
*** E CALCULATION [GPU] ***
*** MAXWELL SOLVER [GPU] ***
Initial residual: 0.32826 norm b vector (source) = 0.517353
GMRES converged at restart # 3; iteration #3 with error: 8.95275e-07
  [Cycle 144] Particle sorting: ON
*** B CALCULATION [GPU] ***
Execution time cycle: 287.811 ms  [sort=0.044346 field=159.208 da_wait=0.00014 mover+out=0.03078 exchange+sort+moments=50.2605 B=71.4471 momentsAwait=6.82024 outCopy=0.000441]
 ======= Cycle 145 ======= 
*** E CALCULATION [GPU] ***
*** MAXWELL SOLVER [GPU] ***
Initial residual: 0.328169 norm b vector (source) = 0.517205
GMRES converged at restart # 3; iteration #3 with error: 8.02498e-07
  [Cycle 145] Particle sorting: ON
*** B CALCULATION [GPU] ***
Execution time cycle: 288.008 ms  [sort=0.041981 field=159.244 da_wait=0.000121 mover+out=0.03084 exchange+sort+moments=50.293 B=71.5766 momentsAwait=6.82036 outCopy=0.00031]
 ======= Cycle 146 ======= 
*** E CALCULATION [GPU] ***
*** MAXWELL SOLVER [GPU] ***
Initial residual: 0.32802 norm b vector (source) = 0.517056
GMRES converged at restart # 3; iteration #3 with error: 6.96733e-07
  [Cycle 146] Particle sorting: ON
*** B CALCULATION [GPU] ***
Execution time cycle: 287.624 ms  [sort=0.047833 field=159.122 da_wait=0.0002 mover+out=0.030439 exchange+sort+moments=49.9418 B=71.6652 momentsAwait=6.81536 outCopy=0.00037]
 ======= Cycle 147 ======= 
*** E CALCULATION [GPU] ***
*** MAXWELL SOLVER [GPU] ***
Initial residual: 0.327967 norm b vector (source) = 0.517223
GMRES converged at restart # 3; iteration #2 with error: 8.75902e-07
  [Cycle 147] Particle sorting: ON
*** B CALCULATION [GPU] ***
Execution time cycle: 285.656 ms  [sort=0.048003 field=156.833 da_wait=0.000211 mover+out=0.033244 exchange+sort+moments=50.3414 B=71.5652 momentsAwait=6.83419 outCopy=0.000411]
 ======= Cycle 148 ======= 
*** E CALCULATION [GPU] ***
*** MAXWELL SOLVER [GPU] ***
Initial residual: 0.327939 norm b vector (source) = 0.517548
GMRES converged at restart # 3; iteration #1 with error: 9.17762e-07
  [Cycle 148] Particle sorting: ON
*** B CALCULATION [GPU] ***
Execution time cycle: 283.772 ms  [sort=0.034416 field=154.463 da_wait=0.00022 mover+out=0.031952 exchange+sort+moments=50.4407 B=71.902 momentsAwait=6.89876 outCopy=0.000381]
 ======= Cycle 149 ======= 
*** E CALCULATION [GPU] ***
*** MAXWELL SOLVER [GPU] ***
Initial residual: 0.327968 norm b vector (source) = 0.51787
GMRES converged at restart # 3; iteration #1 with error: 9.14859e-07
  [Cycle 149] Particle sorting: ON
*** B CALCULATION [GPU] ***
Execution time cycle: 281.398 ms  [sort=0.040829 field=152.329 da_wait=0.000131 mover+out=0.030078 exchange+sort+moments=50.4183 B=71.6739 momentsAwait=6.90521 outCopy=0.000311]
 ======= Cycle 150 ======= 
*** E CALCULATION [GPU] ***
*** MAXWELL SOLVER [GPU] ***
Initial residual: 0.328049 norm b vector (source) = 0.518046
GMRES converged at restart # 3; iteration #1 with error: 8.57316e-07
  [Cycle 150] Particle sorting: ON
*** B CALCULATION [GPU] ***
Execution time cycle: 294.484 ms  [sort=13.9456 field=152.323 da_wait=0.000852 mover+out=0.025048 exchange+sort+moments=49.8761 B=71.4946 momentsAwait=6.81753 outCopy=0.000421]
 ======= Cycle 151 ======= 
*** E CALCULATION [GPU] ***
*** MAXWELL SOLVER [GPU] ***
Initial residual: 0.327895 norm b vector (source) = 0.517808
GMRES converged at restart # 3; iteration #1 with error: 8.56062e-07
  [Cycle 151] Particle sorting: ON
*** B CALCULATION [GPU] ***
Execution time cycle: 280.295 ms  [sort=0.041641 field=151.738 da_wait=0.000211 mover+out=0.032393 exchange+sort+moments=49.9875 B=71.6803 momentsAwait=6.81471 outCopy=0.000391]
 ======= Cycle 152 ======= 
*** E CALCULATION [GPU] ***
*** MAXWELL SOLVER [GPU] ***
Initial residual: 0.327675 norm b vector (source) = 0.517216
GMRES converged at restart # 3; iteration #1 with error: 9.14739e-07
  [Cycle 152] Particle sorting: ON
*** B CALCULATION [GPU] ***
Execution time cycle: 280.228 ms  [sort=0.043464 field=151.579 da_wait=0.00013 mover+out=0.032994 exchange+sort+moments=50.3386 B=71.4479 momentsAwait=6.78531 outCopy=0.000451]
 ======= Cycle 153 ======= 
*** E CALCULATION [GPU] ***
*** MAXWELL SOLVER [GPU] ***
Initial residual: 0.32761 norm b vector (source) = 0.516677
GMRES converged at restart # 3; iteration #1 with error: 9.02658e-07
  [Cycle 153] Particle sorting: ON
*** B CALCULATION [GPU] ***
Execution time cycle: 283.063 ms  [sort=0.043454 field=154.141 da_wait=0.00012 mover+out=0.031271 exchange+sort+moments=50.3798 B=71.6255 momentsAwait=6.84133 outCopy=0.00031]
 ======= Cycle 154 ======= 
*** E CALCULATION [GPU] ***
*** MAXWELL SOLVER [GPU] ***
Initial residual: 0.327606 norm b vector (source) = 0.516361
GMRES converged at restart # 3; iteration #2 with error: 8.43139e-07
  [Cycle 154] Particle sorting: ON
*** B CALCULATION [GPU] ***
Execution time cycle: 285.793 ms  [sort=0.041801 field=157.155 da_wait=0.000241 mover+out=0.03102 exchange+sort+moments=49.993 B=71.6817 momentsAwait=6.89057 outCopy=0.000401]
 ======= Cycle 155 ======= 
*** E CALCULATION [GPU] ***
*** MAXWELL SOLVER [GPU] ***
Initial residual: 0.327688 norm b vector (source) = 0.516425
GMRES converged at restart # 3; iteration #2 with error: 9.49669e-07
  [Cycle 155] Particle sorting: ON
*** B CALCULATION [GPU] ***
Execution time cycle: 285.993 ms  [sort=0.04127 field=157.12 da_wait=0.000231 mover+out=0.029256 exchange+sort+moments=50.2001 B=71.6607 momentsAwait=6.94078 outCopy=0.000301]
 ======= Cycle 156 ======= 
*** E CALCULATION [GPU] ***
*** MAXWELL SOLVER [GPU] ***
Initial residual: 0.328019 norm b vector (source) = 0.517069
GMRES converged at restart # 3; iteration #3 with error: 7.05813e-07
  [Cycle 156] Particle sorting: ON
*** B CALCULATION [GPU] ***
Execution time cycle: 288.587 ms  [sort=0.049536 field=159.641 da_wait=0.000121 mover+out=0.029868 exchange+sort+moments=50.1258 B=71.9241 momentsAwait=6.81593 outCopy=0.000291]
 ======= Cycle 157 ======= 
*** E CALCULATION [GPU] ***
*** MAXWELL SOLVER [GPU] ***
Initial residual: 0.3281 norm b vector (source) = 0.517618
GMRES converged at restart # 3; iteration #3 with error: 7.32961e-07
  [Cycle 157] Particle sorting: ON
*** B CALCULATION [GPU] ***
Execution time cycle: 288.458 ms  [sort=0.034346 field=159.347 da_wait=0.00015 mover+out=0.030169 exchange+sort+moments=50.4635 B=71.6933 momentsAwait=6.88934 outCopy=0.00039]
 ======= Cycle 158 ======= 
*** E CALCULATION [GPU] ***
*** MAXWELL SOLVER [GPU] ***
Initial residual: 0.328232 norm b vector (source) = 0.518036
GMRES converged at restart # 3; iteration #3 with error: 7.16364e-07
  [Cycle 158] Particle sorting: ON
*** B CALCULATION [GPU] ***
Execution time cycle: 288.078 ms  [sort=0.042924 field=159.304 da_wait=0.00014 mover+out=0.031291 exchange+sort+moments=50.2451 B=71.6835 momentsAwait=6.77134 outCopy=0.000331]
 ======= Cycle 159 ======= 
*** E CALCULATION [GPU] ***
*** MAXWELL SOLVER [GPU] ***
Initial residual: 0.328176 norm b vector (source) = 0.51811
GMRES converged at restart # 3; iteration #2 with error: 9.64852e-07
  [Cycle 159] Particle sorting: ON
*** B CALCULATION [GPU] ***
Execution time cycle: 285.31 ms  [sort=0.042983 field=156.815 da_wait=0.00021 mover+out=0.028616 exchange+sort+moments=50.162 B=71.4025 momentsAwait=6.85875 outCopy=0.000821]
 ======= Cycle 160 ======= 
*** E CALCULATION [GPU] ***
*** MAXWELL SOLVER [GPU] ***
Initial residual: 0.328132 norm b vector (source) = 0.517979
GMRES converged at restart # 3; iteration #2 with error: 8.37136e-07
  [Cycle 160] Particle sorting: ON
*** B CALCULATION [GPU] ***
Execution time cycle: 285.486 ms  [sort=0.045669 field=156.86 da_wait=0.00011 mover+out=0.030359 exchange+sort+moments=50.2033 B=71.4884 momentsAwait=6.85759 outCopy=0.000421]
 ======= Cycle 161 ======= 
*** E CALCULATION [GPU] ***
*** MAXWELL SOLVER [GPU] ***
Initial residual: 0.328181 norm b vector (source) = 0.517977
GMRES converged at restart # 3; iteration #0 with error: 9.74957e-07
  [Cycle 161] Particle sorting: ON
*** B CALCULATION [GPU] ***
Execution time cycle: 281.475 ms  [sort=0.042041 field=152.573 da_wait=0.00021 mover+out=0.029227 exchange+sort+moments=50.3229 B=71.5826 momentsAwait=6.92495 outCopy=0.000371]
 ======= Cycle 162 ======= 
*** E CALCULATION [GPU] ***
*** MAXWELL SOLVER [GPU] ***
Initial residual: 0.328277 norm b vector (source) = 0.518203
GMRES converged at restart # 3; iteration #0 with error: 9.4708e-07
  [Cycle 162] Particle sorting: ON
*** B CALCULATION [GPU] ***
Execution time cycle: 278.286 ms  [sort=0.044166 field=149.394 da_wait=0.000231 mover+out=0.031972 exchange+sort+moments=50.2057 B=71.7474 momentsAwait=6.86265 outCopy=0.000291]
 ======= Cycle 163 ======= 
*** E CALCULATION [GPU] ***
*** MAXWELL SOLVER [GPU] ***
Initial residual: 0.32866 norm b vector (source) = 0.518743
GMRES converged at restart # 2; iteration #9 with error: 9.58002e-07
  [Cycle 163] Particle sorting: ON
*** B CALCULATION [GPU] ***
Execution time cycle: 274.752 ms  [sort=0.040528 field=145.42 da_wait=0.000141 mover+out=0.030689 exchange+sort+moments=50.6286 B=71.7102 momentsAwait=6.92194 outCopy=0.00034]
 ======= Cycle 164 ======= 
*** E CALCULATION [GPU] ***
*** MAXWELL SOLVER [GPU] ***
Initial residual: 0.328974 norm b vector (source) = 0.519289
GMRES converged at restart # 2; iteration #9 with error: 8.72859e-07
  [Cycle 164] Particle sorting: ON
*** B CALCULATION [GPU] ***
Execution time cycle: 270.864 ms  [sort=0.047102 field=142.068 da_wait=0.00019 mover+out=0.029528 exchange+sort+moments=50.0843 B=71.8032 momentsAwait=6.8308 outCopy=0.000381]
 ======= Cycle 165 ======= 
*** E CALCULATION [GPU] ***
*** MAXWELL SOLVER [GPU] ***
Initial residual: 0.329198 norm b vector (source) = 0.519599
GMRES converged at restart # 2; iteration #9 with error: 8.42777e-07
  [Cycle 165] Particle sorting: ON
*** B CALCULATION [GPU] ***
Execution time cycle: 271.116 ms  [sort=0.04626 field=142.252 da_wait=0.00022 mover+out=0.027945 exchange+sort+moments=50.0473 B=71.9435 momentsAwait=6.7983 outCopy=0.00039]
 ======= Cycle 166 ======= 
*** E CALCULATION [GPU] ***
*** MAXWELL SOLVER [GPU] ***
Initial residual: 0.329284 norm b vector (source) = 0.519654
GMRES converged at restart # 2; iteration #9 with error: 8.82543e-07
  [Cycle 166] Particle sorting: ON
*** B CALCULATION [GPU] ***
Execution time cycle: 271.395 ms  [sort=0.032353 field=142.525 da_wait=0.00012 mover+out=0.03109 exchange+sort+moments=50.1774 B=71.7997 momentsAwait=6.82898 outCopy=0.000401]
 ======= Cycle 167 ======= 
*** E CALCULATION [GPU] ***
*** MAXWELL SOLVER [GPU] ***
Initial residual: 0.329308 norm b vector (source) = 0.519568
GMRES converged at restart # 2; iteration #9 with error: 9.66434e-07
  [Cycle 167] Particle sorting: ON
*** B CALCULATION [GPU] ***
Execution time cycle: 273.913 ms  [sort=0.039467 field=145.287 da_wait=0.00014 mover+out=0.034728 exchange+sort+moments=50.1263 B=71.6279 momentsAwait=6.79757 outCopy=0.000401]
 ======= Cycle 168 ======= 
*** E CALCULATION [GPU] ***
*** MAXWELL SOLVER [GPU] ***
Initial residual: 0.329587 norm b vector (source) = 0.519717
GMRES converged at restart # 3; iteration #0 with error: 9.45882e-07
  [Cycle 168] Particle sorting: ON
*** B CALCULATION [GPU] ***
Execution time cycle: 277.893 ms  [sort=0.043645 field=149.417 da_wait=0.00012 mover+out=0.033565 exchange+sort+moments=49.8686 B=71.7114 momentsAwait=6.81834 outCopy=0.000291]
 ======= Cycle 169 ======= 
*** E CALCULATION [GPU] ***
*** MAXWELL SOLVER [GPU] ***
Initial residual: 0.32974 norm b vector (source) = 0.519881
GMRES converged at restart # 3; iteration #0 with error: 9.50431e-07
  [Cycle 169] Particle sorting: ON
*** B CALCULATION [GPU] ***
Execution time cycle: 280.682 ms  [sort=0.043875 field=152.257 da_wait=0.00012 mover+out=0.030309 exchange+sort+moments=49.9962 B=71.4897 momentsAwait=6.86474 outCopy=0.000251]
 ======= Cycle 170 ======= 
*** E CALCULATION [GPU] ***
*** MAXWELL SOLVER [GPU] ***
Initial residual: 0.329982 norm b vector (source) = 0.520163
GMRES converged at restart # 3; iteration #1 with error: 9.80447e-07
  [Cycle 170] Particle sorting: ON
*** B CALCULATION [GPU] ***
Execution time cycle: 283.621 ms  [sort=0.042703 field=154.526 da_wait=0.000121 mover+out=0.029196 exchange+sort+moments=50.6017 B=71.5962 momentsAwait=6.82536 outCopy=0.000251]
 ======= Cycle 171 ======= 
*** E CALCULATION [GPU] ***
*** MAXWELL SOLVER [GPU] ***
Initial residual: 0.32984 norm b vector (source) = 0.520157
GMRES converged at restart # 3; iteration #2 with error: 9.03749e-07
  [Cycle 171] Particle sorting: ON
*** B CALCULATION [GPU] ***
Execution time cycle: 285.463 ms  [sort=0.041701 field=156.732 da_wait=0.00012 mover+out=0.032574 exchange+sort+moments=50.1908 B=71.6501 momentsAwait=6.81586 outCopy=0.000401]
 ======= Cycle 172 ======= 
*** E CALCULATION [GPU] ***
*** MAXWELL SOLVER [GPU] ***
Initial residual: 0.329515 norm b vector (source) = 0.519675
GMRES converged at restart # 3; iteration #2 with error: 9.58421e-07
  [Cycle 172] Particle sorting: ON
*** B CALCULATION [GPU] ***
Execution time cycle: 285.375 ms  [sort=0.041741 field=156.835 da_wait=0.00012 mover+out=0.032984 exchange+sort+moments=49.8923 B=71.7779 momentsAwait=6.79492 outCopy=0.000341]
 ======= Cycle 173 ======= 
*** E CALCULATION [GPU] ***
*** MAXWELL SOLVER [GPU] ***
Initial residual: 0.329314 norm b vector (source) = 0.519207
GMRES converged at restart # 3; iteration #2 with error: 9.42749e-07
  [Cycle 173] Particle sorting: ON
*** B CALCULATION [GPU] ***
Execution time cycle: 285.931 ms  [sort=0.043154 field=156.963 da_wait=0.00012 mover+out=0.03083 exchange+sort+moments=50.2072 B=71.8116 momentsAwait=6.87522 outCopy=0.00023]
 ======= Cycle 174 ======= 
*** E CALCULATION [GPU] ***
*** MAXWELL SOLVER [GPU] ***
Initial residual: 0.329068 norm b vector (source) = 0.518859
GMRES converged at restart # 3; iteration #2 with error: 8.70014e-07
  [Cycle 174] Particle sorting: ON
*** B CALCULATION [GPU] ***
Execution time cycle: 285.912 ms  [sort=0.046961 field=156.928 da_wait=0.00021 mover+out=0.029468 exchange+sort+moments=50.0917 B=72.0096 momentsAwait=6.80488 outCopy=0.000511]
 ======= Cycle 175 ======= 
*** E CALCULATION [GPU] ***
*** MAXWELL SOLVER [GPU] ***
Initial residual: 0.328941 norm b vector (source) = 0.518723
GMRES converged at restart # 3; iteration #1 with error: 9.2221e-07
  [Cycle 175] Particle sorting: ON
*** B CALCULATION [GPU] ***
Execution time cycle: 284.501 ms  [sort=0.031511 field=154.923 da_wait=0.00023 mover+out=0.032483 exchange+sort+moments=50.6943 B=71.9466 momentsAwait=6.87265 outCopy=0.000301]
 ======= Cycle 176 ======= 
*** E CALCULATION [GPU] ***
*** MAXWELL SOLVER [GPU] ***
Initial residual: 0.328847 norm b vector (source) = 0.518753
GMRES converged at restart # 3; iteration #1 with error: 8.68118e-07
  [Cycle 176] Particle sorting: ON
*** B CALCULATION [GPU] ***
Execution time cycle: 280.645 ms  [sort=0.042011 field=151.742 da_wait=0.00012 mover+out=0.029548 exchange+sort+moments=50.2099 B=71.7869 momentsAwait=6.83476 outCopy=0.000461]
 ======= Cycle 177 ======= 
*** E CALCULATION [GPU] ***
*** MAXWELL SOLVER [GPU] ***
Initial residual: 0.328731 norm b vector (source) = 0.518879
GMRES converged at restart # 3; iteration #0 with error: 8.81038e-07
  [Cycle 177] Particle sorting: ON
*** B CALCULATION [GPU] ***
Execution time cycle: 278.033 ms  [sort=0.044145 field=149.243 da_wait=0.00014 mover+out=0.034106 exchange+sort+moments=50.2549 B=71.6724 momentsAwait=6.78445 outCopy=0.000401]
 ======= Cycle 178 ======= 
*** E CALCULATION [GPU] ***
*** MAXWELL SOLVER [GPU] ***
Initial residual: 0.328713 norm b vector (source) = 0.519048
GMRES converged at restart # 2; iteration #9 with error: 9.16045e-07
  [Cycle 178] Particle sorting: ON
*** B CALCULATION [GPU] ***
Execution time cycle: 274.189 ms  [sort=0.047743 field=145.329 da_wait=0.00013 mover+out=0.029447 exchange+sort+moments=50.2041 B=71.7439 momentsAwait=6.83412 outCopy=0.000301]
 ======= Cycle 179 ======= 
*** E CALCULATION [GPU] ***
*** MAXWELL SOLVER [GPU] ***
Initial residual: 0.328867 norm b vector (source) = 0.519283
GMRES converged at restart # 2; iteration #9 with error: 8.52781e-07
  [Cycle 179] Particle sorting: ON
*** B CALCULATION [GPU] ***
Execution time cycle: 350.563 ms  [sort=0.042923 field=221.352 da_wait=0.00012 mover+out=0.031752 exchange+sort+moments=50.4747 B=71.8329 momentsAwait=6.82798 outCopy=0.000642]
 ======= Cycle 180 ======= 
*** E CALCULATION [GPU] ***
*** MAXWELL SOLVER [GPU] ***
Initial residual: 0.329151 norm b vector (source) = 0.519495
GMRES converged at restart # 2; iteration #9 with error: 8.35793e-07
  [Cycle 180] Particle sorting: ON
*** B CALCULATION [GPU] ***
Execution time cycle: 271.16 ms  [sort=0.042392 field=141.988 da_wait=0.000131 mover+out=0.028615 exchange+sort+moments=50.3326 B=71.8688 momentsAwait=6.89917 outCopy=0.000391]
 ======= Cycle 181 ======= 
*** E CALCULATION [GPU] ***
*** MAXWELL SOLVER [GPU] ***
Initial residual: 0.329159 norm b vector (source) = 0.519383
GMRES converged at restart # 2; iteration #9 with error: 8.79659e-07
  [Cycle 181] Particle sorting: ON
*** B CALCULATION [GPU] ***
Execution time cycle: 270.991 ms  [sort=0.042913 field=142.065 da_wait=0.00012 mover+out=0.032022 exchange+sort+moments=50.1067 B=71.9409 momentsAwait=6.8028 outCopy=0.000391]
 ======= Cycle 182 ======= 
*** E CALCULATION [GPU] ***
*** MAXWELL SOLVER [GPU] ***
Initial residual: 0.328926 norm b vector (source) = 0.518834
GMRES converged at restart # 2; iteration #9 with error: 9.56121e-07
  [Cycle 182] Particle sorting: ON
*** B CALCULATION [GPU] ***
Execution time cycle: 661.502 ms  [sort=0.040839 field=532.493 da_wait=0.00012 mover+out=0.029127 exchange+sort+moments=50.1407 B=72.0185 momentsAwait=6.77956 outCopy=0.00025]
 ======= Cycle 183 ======= 
*** E CALCULATION [GPU] ***
*** MAXWELL SOLVER [GPU] ***
Initial residual: 0.328648 norm b vector (source) = 0.518136
GMRES converged at restart # 3; iteration #0 with error: 9.07079e-07
  [Cycle 183] Particle sorting: ON
*** B CALCULATION [GPU] ***
Execution time cycle: 278.981 ms  [sort=0.04139 field=149.438 da_wait=0.00011 mover+out=0.031141 exchange+sort+moments=50.2938 B=72.2608 momentsAwait=6.91555 outCopy=0.000331]
 ======= Cycle 184 ======= 
*** E CALCULATION [GPU] ***
*** MAXWELL SOLVER [GPU] ***
Initial residual: 0.328502 norm b vector (source) = 0.517567
GMRES converged at restart # 3; iteration #1 with error: 8.58117e-07
  [Cycle 184] Particle sorting: ON
*** B CALCULATION [GPU] ***
Execution time cycle: 281.603 ms  [sort=0.032323 field=151.846 da_wait=0.000201 mover+out=0.029928 exchange+sort+moments=50.714 B=72.1279 momentsAwait=6.85211 outCopy=0.000351]
 ======= Cycle 185 ======= 
*** E CALCULATION [GPU] ***
*** MAXWELL SOLVER [GPU] ***
Initial residual: 0.32826 norm b vector (source) = 0.517127
GMRES converged at restart # 3; iteration #0 with error: 9.93811e-07
  [Cycle 185] Particle sorting: ON
*** B CALCULATION [GPU] ***
Execution time cycle: 281.734 ms  [sort=0.045558 field=152.099 da_wait=0.000211 mover+out=0.034747 exchange+sort+moments=50.6617 B=71.9739 momentsAwait=6.91825 outCopy=0.00041]
 ======= Cycle 186 ======= 
*** E CALCULATION [GPU] ***
*** MAXWELL SOLVER [GPU] ***
Initial residual: 0.328322 norm b vector (source) = 0.517158
GMRES converged at restart # 3; iteration #1 with error: 9.34928e-07
  [Cycle 186] Particle sorting: ON
*** B CALCULATION [GPU] ***
Execution time cycle: 283.91 ms  [sort=0.043715 field=154.144 da_wait=0.00012 mover+out=0.03112 exchange+sort+moments=50.9968 B=71.8917 momentsAwait=6.80226 outCopy=0.000341]
 ======= Cycle 187 ======= 
*** E CALCULATION [GPU] ***
*** MAXWELL SOLVER [GPU] ***
Initial residual: 0.328364 norm b vector (source) = 0.517412
GMRES converged at restart # 3; iteration #1 with error: 9.50918e-07
  [Cycle 187] Particle sorting: ON
*** B CALCULATION [GPU] ***
Execution time cycle: 284.198 ms  [sort=0.045188 field=154.673 da_wait=0.00012 mover+out=0.030399 exchange+sort+moments=50.7561 B=71.8238 momentsAwait=6.86912 outCopy=0.000331]
 ======= Cycle 188 ======= 
*** E CALCULATION [GPU] ***
*** MAXWELL SOLVER [GPU] ***
Initial residual: 0.328224 norm b vector (source) = 0.517413
GMRES converged at restart # 3; iteration #1 with error: 9.03896e-07
  [Cycle 188] Particle sorting: ON
*** B CALCULATION [GPU] ***
Execution time cycle: 283.496 ms  [sort=0.047653 field=154.461 da_wait=0.00012 mover+out=0.031291 exchange+sort+moments=50.376 B=71.8312 momentsAwait=6.7482 outCopy=0.000331]
 ======= Cycle 189 ======= 
*** E CALCULATION [GPU] ***
*** MAXWELL SOLVER [GPU] ***
Initial residual: 0.328276 norm b vector (source) = 0.517476
GMRES converged at restart # 3; iteration #0 with error: 9.32581e-07
  [Cycle 189] Particle sorting: ON
*** B CALCULATION [GPU] ***
Execution time cycle: 281.348 ms  [sort=0.043985 field=152.004 da_wait=0.00019 mover+out=0.031962 exchange+sort+moments=50.4472 B=72.0245 momentsAwait=6.79617 outCopy=0.000411]
 ======= Cycle 190 ======= 
*** E CALCULATION [GPU] ***
*** MAXWELL SOLVER [GPU] ***
Initial residual: 0.328472 norm b vector (source) = 0.517827
GMRES converged at restart # 3; iteration #0 with error: 9.42732e-07
  [Cycle 190] Particle sorting: ON
*** B CALCULATION [GPU] ***
Execution time cycle: 278.646 ms  [sort=0.042462 field=149.367 da_wait=0.000261 mover+out=0.029116 exchange+sort+moments=50.4284 B=71.9469 momentsAwait=6.83196 outCopy=0.000331]
 ======= Cycle 191 ======= 
*** E CALCULATION [GPU] ***
*** MAXWELL SOLVER [GPU] ***
Initial residual: 0.328641 norm b vector (source) = 0.518154
GMRES converged at restart # 2; iteration #9 with error: 9.46753e-07
  [Cycle 191] Particle sorting: ON
*** B CALCULATION [GPU] ***
Execution time cycle: 274.755 ms  [sort=0.042061 field=145.209 da_wait=0.00018 mover+out=0.035219 exchange+sort+moments=50.7785 B=71.9341 momentsAwait=6.75582 outCopy=0.000421]
 ======= Cycle 192 ======= 
*** E CALCULATION [GPU] ***
*** MAXWELL SOLVER [GPU] ***
Initial residual: 0.329031 norm b vector (source) = 0.518778
GMRES converged at restart # 2; iteration #9 with error: 8.01633e-07
  [Cycle 192] Particle sorting: ON
*** B CALCULATION [GPU] ***
Execution time cycle: 271.216 ms  [sort=0.045318 field=141.791 da_wait=0.00012 mover+out=0.029217 exchange+sort+moments=50.3426 B=72.1827 momentsAwait=6.82483 outCopy=0.000451]
 ======= Cycle 193 ======= 
*** E CALCULATION [GPU] ***
*** MAXWELL SOLVER [GPU] ***
Initial residual: 0.329278 norm b vector (source) = 0.519373
GMRES converged at restart # 3; iteration #0 with error: 8.03499e-07
  [Cycle 193] Particle sorting: ON
*** B CALCULATION [GPU] ***
Execution time cycle: 272.528 ms  [sort=0.031391 field=143.404 da_wait=0.00021 mover+out=0.031551 exchange+sort+moments=50.1832 B=72.0585 momentsAwait=6.81896 outCopy=0.000421]
 ======= Cycle 194 ======= 
*** E CALCULATION [GPU] ***
*** MAXWELL SOLVER [GPU] ***
Initial residual: 0.329361 norm b vector (source) = 0.519702
GMRES converged at restart # 2; iteration #8 with error: 9.134e-07
  [Cycle 194] Particle sorting: ON
*** B CALCULATION [GPU] ***
Execution time cycle: 268.306 ms  [sort=0.038856 field=139.29 da_wait=0.000121 mover+out=0.0313 exchange+sort+moments=50.2064 B=71.9593 momentsAwait=6.77929 outCopy=0.000331]
 ======= Cycle 195 ======= 
*** E CALCULATION [GPU] ***
*** MAXWELL SOLVER [GPU] ***
Initial residual: 0.329467 norm b vector (source) = 0.519804
GMRES converged at restart # 2; iteration #8 with error: 8.75459e-07
  [Cycle 195] Particle sorting: ON
*** B CALCULATION [GPU] ***
Execution time cycle: 268.281 ms  [sort=0.047813 field=139.358 da_wait=0.00021 mover+out=0.032674 exchange+sort+moments=50.1299 B=71.8729 momentsAwait=6.8385 outCopy=0.000511]
 ======= Cycle 196 ======= 
*** E CALCULATION [GPU] ***
*** MAXWELL SOLVER [GPU] ***
Initial residual: 0.329442 norm b vector (source) = 0.519555
GMRES converged at restart # 2; iteration #8 with error: 9.0352e-07
  [Cycle 196] Particle sorting: ON
*** B CALCULATION [GPU] ***
Execution time cycle: 267.716 ms  [sort=0.044687 field=139.153 da_wait=0.00012 mover+out=0.030139 exchange+sort+moments=49.8123 B=71.8432 momentsAwait=6.83237 outCopy=0.000471]
 ======= Cycle 197 ======= 
*** E CALCULATION [GPU] ***
*** MAXWELL SOLVER [GPU] ***
Initial residual: 0.329632 norm b vector (source) = 0.519384
GMRES converged at restart # 2; iteration #8 with error: 9.97254e-07
  [Cycle 197] Particle sorting: ON
*** B CALCULATION [GPU] ***
Execution time cycle: 268.516 ms  [sort=0.043664 field=139.439 da_wait=0.000111 mover+out=0.028305 exchange+sort+moments=50.2185 B=71.9162 momentsAwait=6.86991 outCopy=0.00031]
 ======= Cycle 198 ======= 
*** E CALCULATION [GPU] ***
*** MAXWELL SOLVER [GPU] ***
Initial residual: 0.32985 norm b vector (source) = 0.519344
GMRES converged at restart # 2; iteration #9 with error: 7.6613e-07
  [Cycle 198] Particle sorting: ON
*** B CALCULATION [GPU] ***
Execution time cycle: 271.565 ms  [sort=0.041711 field=142.187 da_wait=0.000121 mover+out=0.028816 exchange+sort+moments=50.4284 B=71.9926 momentsAwait=6.88626 outCopy=0.000311]
 ======= Cycle 199 ======= 
*** E CALCULATION [GPU] ***
*** MAXWELL SOLVER [GPU] ***
Initial residual: 0.330069 norm b vector (source) = 0.519473
GMRES converged at restart # 2; iteration #9 with error: 8.87197e-07
  [Cycle 199] Particle sorting: ON
*** B CALCULATION [GPU] ***
Execution time cycle: 1874.23 ms  [sort=0.043675 field=142.25 da_wait=0.000181 mover+out=0.032924 exchange+sort+moments=49.8158 B=71.9916 momentsAwait=6.74883 outCopy=1603.35]
 ======= Cycle 200 ======= 
*** E CALCULATION [GPU] ***
*** MAXWELL SOLVER [GPU] ***
Initial residual: 0.330182 norm b vector (source) = 0.519671
GMRES converged at restart # 2; iteration #9 with error: 9.75081e-07
  [Cycle 200] Particle sorting: ON
*** B CALCULATION [GPU] ***
Execution time cycle: 2417.87 ms  [sort=56.4506 field=734.096 da_wait=0.001012 mover+out=1520.16 exchange+sort+moments=28.1395 B=72.2002 momentsAwait=6.81772 outCopy=0.000782]
 ======= Cycle 201 ======= 
*** E CALCULATION [GPU] ***
*** MAXWELL SOLVER [GPU] ***
Initial residual: 0.330151 norm b vector (source) = 0.519712
GMRES converged at restart # 3; iteration #0 with error: 8.80145e-07
  [Cycle 201] Particle sorting: ON
*** B CALCULATION [GPU] ***
Execution time cycle: 281.119 ms  [sort=0.038194 field=151.289 da_wait=0.000181 mover+out=0.039156 exchange+sort+moments=50.6584 B=72.2077 momentsAwait=6.88645 outCopy=0.000441]
 ======= Cycle 202 ======= 
*** E CALCULATION [GPU] ***
*** MAXWELL SOLVER [GPU] ***
Initial residual: 0.330162 norm b vector (source) = 0.5197
GMRES converged at restart # 3; iteration #0 with error: 9.08359e-07
  [Cycle 202] Particle sorting: ON
*** B CALCULATION [GPU] ***
Execution time cycle: 279.469 ms  [sort=0.033585 field=150.256 da_wait=0.00021 mover+out=0.03088 exchange+sort+moments=50.3015 B=72.0709 momentsAwait=6.77594 outCopy=0.000411]
 ======= Cycle 203 ======= 
*** E CALCULATION [GPU] ***
*** MAXWELL SOLVER [GPU] ***
Initial residual: 0.330479 norm b vector (source) = 0.519939
GMRES converged at restart # 3; iteration #0 with error: 8.81914e-07
  [Cycle 203] Particle sorting: ON
*** B CALCULATION [GPU] ***
Execution time cycle: 279.545 ms  [sort=0.043344 field=150.012 da_wait=0.00012 mover+out=0.030209 exchange+sort+moments=50.6758 B=71.9626 momentsAwait=6.82059 outCopy=0.000602]
 ======= Cycle 204 ======= 
*** E CALCULATION [GPU] ***
*** MAXWELL SOLVER [GPU] ***
Initial residual: 0.330542 norm b vector (source) = 0.520147
GMRES converged at restart # 2; iteration #9 with error: 9.70321e-07
  [Cycle 204] Particle sorting: ON
*** B CALCULATION [GPU] ***
Execution time cycle: 275.309 ms  [sort=0.047251 field=145.734 da_wait=0.00019 mover+out=0.034237 exchange+sort+moments=50.8165 B=71.9653 momentsAwait=6.71081 outCopy=0.000752]
 ======= Cycle 205 ======= 
*** E CALCULATION [GPU] ***
*** MAXWELL SOLVER [GPU] ***
Initial residual: 0.330503 norm b vector (source) = 0.520277
GMRES converged at restart # 2; iteration #9 with error: 8.66337e-07
  [Cycle 205] Particle sorting: ON
*** B CALCULATION [GPU] ***
Execution time cycle: 271.874 ms  [sort=0.047362 field=142.385 da_wait=0.000131 mover+out=0.030369 exchange+sort+moments=50.4938 B=72.0803 momentsAwait=6.83698 outCopy=0.0005]
 ======= Cycle 206 ======= 
*** E CALCULATION [GPU] ***
*** MAXWELL SOLVER [GPU] ***
Initial residual: 0.330394 norm b vector (source) = 0.520414
GMRES converged at restart # 2; iteration #9 with error: 7.36476e-07
  [Cycle 206] Particle sorting: ON
*** B CALCULATION [GPU] ***
Execution time cycle: 272.368 ms  [sort=0.06653 field=142.618 da_wait=0.00012 mover+out=0.032242 exchange+sort+moments=50.6144 B=72.0976 momentsAwait=6.93906 outCopy=0.000501]
 ======= Cycle 207 ======= 
*** E CALCULATION [GPU] ***
*** MAXWELL SOLVER [GPU] ***
Initial residual: 0.330176 norm b vector (source) = 0.520425
GMRES converged at restart # 2; iteration #8 with error: 9.49655e-07
  [Cycle 207] Particle sorting: ON
*** B CALCULATION [GPU] ***
Execution time cycle: 269.117 ms  [sort=0.044797 field=139.92 da_wait=0.0002 mover+out=0.032533 exchange+sort+moments=50.156 B=72.145 momentsAwait=6.81854 outCopy=0.000531]
 ======= Cycle 208 ======= 
*** E CALCULATION [GPU] ***
*** MAXWELL SOLVER [GPU] ***
Initial residual: 0.330111 norm b vector (source) = 0.520567
GMRES converged at restart # 2; iteration #8 with error: 8.39225e-07
  [Cycle 208] Particle sorting: ON
*** B CALCULATION [GPU] ***
Execution time cycle: 268.935 ms  [sort=0.048845 field=139.723 da_wait=0.000121 mover+out=0.032433 exchange+sort+moments=50.1495 B=72.1379 momentsAwait=6.84212 outCopy=0.000671]
 ======= Cycle 209 ======= 
*** E CALCULATION [GPU] ***
*** MAXWELL SOLVER [GPU] ***
Initial residual: 0.329973 norm b vector (source) = 0.520657
GMRES converged at restart # 2; iteration #8 with error: 7.83246e-07
  [Cycle 209] Particle sorting: ON
*** B CALCULATION [GPU] ***
Execution time cycle: 270.584 ms  [sort=0.048685 field=141.282 da_wait=0.00012 mover+out=0.030569 exchange+sort+moments=49.9964 B=72.4087 momentsAwait=6.81709 outCopy=0.000451]
 ======= Cycle 210 ======= 
*** E CALCULATION [GPU] ***
*** MAXWELL SOLVER [GPU] ***
Initial residual: 0.329948 norm b vector (source) = 0.520601
GMRES converged at restart # 2; iteration #8 with error: 7.76583e-07
  [Cycle 210] Particle sorting: ON
*** B CALCULATION [GPU] ***
Execution time cycle: 269.605 ms  [sort=0.047432 field=139.832 da_wait=0.00012 mover+out=0.032503 exchange+sort+moments=50.3711 B=72.4217 momentsAwait=6.89962 outCopy=0.000391]
 ======= Cycle 211 ======= 
*** E CALCULATION [GPU] ***
*** MAXWELL SOLVER [GPU] ***
Initial residual: 0.330242 norm b vector (source) = 0.520701
GMRES converged at restart # 2; iteration #8 with error: 8.14794e-07
  [Cycle 211] Particle sorting: ON
*** B CALCULATION [GPU] ***
Execution time cycle: 269.71 ms  [sort=0.033175 field=140.174 da_wait=0.00012 mover+out=0.033846 exchange+sort+moments=50.3342 B=72.3264 momentsAwait=6.80788 outCopy=0.000381]
 ======= Cycle 212 ======= 
*** E CALCULATION [GPU] ***
*** MAXWELL SOLVER [GPU] ***
Initial residual: 0.330379 norm b vector (source) = 0.520619
GMRES converged at restart # 2; iteration #8 with error: 9.03818e-07
  [Cycle 212] Particle sorting: ON
*** B CALCULATION [GPU] ***
Execution time cycle: 269.685 ms  [sort=0.042813 field=139.979 da_wait=0.00013 mover+out=0.031481 exchange+sort+moments=50.6404 B=72.1253 momentsAwait=6.86532 outCopy=0.000631]
 ======= Cycle 213 ======= 
*** E CALCULATION [GPU] ***
*** MAXWELL SOLVER [GPU] ***
Initial residual: 0.330185 norm b vector (source) = 0.520138
GMRES converged at restart # 3; iteration #0 with error: 8.07747e-07
  [Cycle 213] Particle sorting: ON
*** B CALCULATION [GPU] ***
Execution time cycle: 272.997 ms  [sort=0.046941 field=143.876 da_wait=0.00012 mover+out=0.031731 exchange+sort+moments=49.987 B=72.1619 momentsAwait=6.89268 outCopy=0.000401]
 ======= Cycle 214 ======= 
*** E CALCULATION [GPU] ***
*** MAXWELL SOLVER [GPU] ***
Initial residual: 0.329924 norm b vector (source) = 0.519455
GMRES converged at restart # 2; iteration #9 with error: 7.84754e-07
  [Cycle 214] Particle sorting: ON
*** B CALCULATION [GPU] ***
Execution time cycle: 272.303 ms  [sort=0.044216 field=142.618 da_wait=0.00012 mover+out=0.032302 exchange+sort+moments=50.5568 B=72.1692 momentsAwait=6.88218 outCopy=0.00035]
 ======= Cycle 215 ======= 
*** E CALCULATION [GPU] ***
*** MAXWELL SOLVER [GPU] ***
Initial residual: 0.329671 norm b vector (source) = 0.518693
GMRES converged at restart # 2; iteration #9 with error: 8.75654e-07
  [Cycle 215] Particle sorting: ON
*** B CALCULATION [GPU] ***
Execution time cycle: 272.884 ms  [sort=0.044887 field=142.919 da_wait=0.00012 mover+out=0.030539 exchange+sort+moments=50.6836 B=72.3634 momentsAwait=6.84116 outCopy=0.000601]
 ======= Cycle 216 ======= 
*** E CALCULATION [GPU] ***
*** MAXWELL SOLVER [GPU] ***
Initial residual: 0.329641 norm b vector (source) = 0.518249
GMRES converged at restart # 2; iteration #9 with error: 9.05871e-07
  [Cycle 216] Particle sorting: ON
*** B CALCULATION [GPU] ***
Execution time cycle: 275.753 ms  [sort=0.045158 field=146.084 da_wait=0.000121 mover+out=0.030849 exchange+sort+moments=50.2786 B=72.4342 momentsAwait=6.87901 outCopy=0.000531]
 ======= Cycle 217 ======= 
*** E CALCULATION [GPU] ***
*** MAXWELL SOLVER [GPU] ***
Initial residual: 0.32951 norm b vector (source) = 0.517966
GMRES converged at restart # 2; iteration #9 with error: 9.15493e-07
  [Cycle 217] Particle sorting: ON
*** B CALCULATION [GPU] ***
Execution time cycle: 275.573 ms  [sort=0.04138 field=146.146 da_wait=0.0002 mover+out=0.03606 exchange+sort+moments=50.1139 B=72.2876 momentsAwait=6.94799 outCopy=0.000511]
 ======= Cycle 218 ======= 
*** E CALCULATION [GPU] ***
*** MAXWELL SOLVER [GPU] ***
Initial residual: 0.329295 norm b vector (source) = 0.517703
GMRES converged at restart # 2; iteration #9 with error: 8.92055e-07
  [Cycle 218] Particle sorting: ON
*** B CALCULATION [GPU] ***
Execution time cycle: 272.329 ms  [sort=0.048685 field=142.622 da_wait=0.000221 mover+out=0.030699 exchange+sort+moments=50.2419 B=72.5461 momentsAwait=6.83891 outCopy=0.000391]
 ======= Cycle 219 ======= 
*** E CALCULATION [GPU] ***
*** MAXWELL SOLVER [GPU] ***
Initial residual: 0.329256 norm b vector (source) = 0.517783
GMRES converged at restart # 2; iteration #9 with error: 8.00439e-07
  [Cycle 219] Particle sorting: ON
*** B CALCULATION [GPU] ***
Execution time cycle: 272.131 ms  [sort=0.048534 field=142.395 da_wait=0.00012 mover+out=0.031541 exchange+sort+moments=50.271 B=72.4077 momentsAwait=6.9769 outCopy=0.000521]
 ======= Cycle 220 ======= 
*** E CALCULATION [GPU] ***
*** MAXWELL SOLVER [GPU] ***
Initial residual: 0.329338 norm b vector (source) = 0.518095
GMRES converged at restart # 3; iteration #0 with error: 8.11359e-07
  [Cycle 220] Particle sorting: ON
*** B CALCULATION [GPU] ***
Execution time cycle: 273.718 ms  [sort=0.034697 field=144.032 da_wait=0.000211 mover+out=0.030239 exchange+sort+moments=50.3746 B=72.3816 momentsAwait=6.86421 outCopy=0.000391]
 ======= Cycle 221 ======= 
*** E CALCULATION [GPU] ***
*** MAXWELL SOLVER [GPU] ***
Initial residual: 0.329512 norm b vector (source) = 0.518567
GMRES converged at restart # 2; iteration #8 with error: 8.71243e-07
  [Cycle 221] Particle sorting: ON
*** B CALCULATION [GPU] ***
Execution time cycle: 269.847 ms  [sort=0.043194 field=140.055 da_wait=0.00012 mover+out=0.031401 exchange+sort+moments=50.4142 B=72.3319 momentsAwait=6.97002 outCopy=0.00039]
 ======= Cycle 222 ======= 
*** E CALCULATION [GPU] ***
*** MAXWELL SOLVER [GPU] ***
Initial residual: 0.329545 norm b vector (source) = 0.519025
GMRES converged at restart # 2; iteration #8 with error: 7.37677e-07
  [Cycle 222] Particle sorting: ON
*** B CALCULATION [GPU] ***
Execution time cycle: 269.259 ms  [sort=0.042994 field=139.908 da_wait=0.000211 mover+out=0.0309 exchange+sort+moments=50.1741 B=72.2186 momentsAwait=6.88403 outCopy=0.000381]
 ======= Cycle 223 ======= 
*** E CALCULATION [GPU] ***
*** MAXWELL SOLVER [GPU] ***
Initial residual: 0.329614 norm b vector (source) = 0.519483
GMRES converged at restart # 2; iteration #7 with error: 9.2632e-07
  [Cycle 223] Particle sorting: ON
*** B CALCULATION [GPU] ***
Execution time cycle: 266.268 ms  [sort=0.043594 field=137.018 da_wait=0.00012 mover+out=0.035389 exchange+sort+moments=50.113 B=72.2309 momentsAwait=6.8263 outCopy=0.000532]
 ======= Cycle 224 ======= 
*** E CALCULATION [GPU] ***
*** MAXWELL SOLVER [GPU] ***
Initial residual: 0.329639 norm b vector (source) = 0.519788
GMRES converged at restart # 2; iteration #7 with error: 8.40251e-07
  [Cycle 224] Particle sorting: ON
*** B CALCULATION [GPU] ***
Execution time cycle: 266.976 ms  [sort=0.044787 field=137.187 da_wait=0.000121 mover+out=0.03094 exchange+sort+moments=50.5106 B=72.3979 momentsAwait=6.80528 outCopy=0.000381]
 ======= Cycle 225 ======= 
*** E CALCULATION [GPU] ***
*** MAXWELL SOLVER [GPU] ***
Initial residual: 0.329594 norm b vector (source) = 0.519881
GMRES converged at restart # 2; iteration #7 with error: 8.18385e-07
  [Cycle 225] Particle sorting: ON
*** B CALCULATION [GPU] ***
Execution time cycle: 267.408 ms  [sort=0.043374 field=137.846 da_wait=0.00013 mover+out=0.032032 exchange+sort+moments=50.3839 B=72.2314 momentsAwait=6.8705 outCopy=0.000391]
 ======= Cycle 226 ======= 
*** E CALCULATION [GPU] ***
*** MAXWELL SOLVER [GPU] ***
Initial residual: 0.329678 norm b vector (source) = 0.519854
GMRES converged at restart # 2; iteration #7 with error: 8.5157e-07
  [Cycle 226] Particle sorting: ON
*** B CALCULATION [GPU] ***
Execution time cycle: 267.169 ms  [sort=0.046701 field=137.266 da_wait=0.00012 mover+out=0.033345 exchange+sort+moments=50.597 B=72.3102 momentsAwait=6.91511 outCopy=0.000611]
 ======= Cycle 227 ======= 
*** E CALCULATION [GPU] ***
*** MAXWELL SOLVER [GPU] ***
Initial residual: 0.329856 norm b vector (source) = 0.519714
GMRES converged at restart # 2; iteration #7 with error: 9.37438e-07
  [Cycle 227] Particle sorting: ON
*** B CALCULATION [GPU] ***
Execution time cycle: 267.155 ms  [sort=0.049226 field=137.413 da_wait=0.000211 mover+out=0.034817 exchange+sort+moments=50.123 B=72.5613 momentsAwait=6.9728 outCopy=0.000471]
 ======= Cycle 228 ======= 
*** E CALCULATION [GPU] ***
*** MAXWELL SOLVER [GPU] ***
Initial residual: 0.330084 norm b vector (source) = 0.519549
GMRES converged at restart # 2; iteration #8 with error: 7.17843e-07
  [Cycle 228] Particle sorting: ON
*** B CALCULATION [GPU] ***
Execution time cycle: 269.671 ms  [sort=0.0465 field=139.829 da_wait=0.0002 mover+out=0.030931 exchange+sort+moments=50.4095 B=72.5176 momentsAwait=6.83701 outCopy=0.000751]
 ======= Cycle 229 ======= 
*** E CALCULATION [GPU] ***
*** MAXWELL SOLVER [GPU] ***
Initial residual: 0.330211 norm b vector (source) = 0.519316
GMRES converged at restart # 2; iteration #8 with error: 8.02825e-07
  [Cycle 229] Particle sorting: ON
*** B CALCULATION [GPU] ***
Execution time cycle: 269.918 ms  [sort=0.032834 field=140.11 da_wait=0.00012 mover+out=0.031171 exchange+sort+moments=50.5473 B=72.2957 momentsAwait=6.90051 outCopy=0.000381]
 ======= Cycle 230 ======= 
*** E CALCULATION [GPU] ***
*** MAXWELL SOLVER [GPU] ***
Initial residual: 0.330289 norm b vector (source) = 0.519215
GMRES converged at restart # 2; iteration #8 with error: 8.81576e-07
  [Cycle 230] Particle sorting: ON
*** B CALCULATION [GPU] ***
Execution time cycle: 269.655 ms  [sort=0.043014 field=140.044 da_wait=0.00011 mover+out=0.032914 exchange+sort+moments=50.4096 B=72.2334 momentsAwait=6.8916 outCopy=0.000381]
 ======= Cycle 231 ======= 
*** E CALCULATION [GPU] ***
*** MAXWELL SOLVER [GPU] ***
Initial residual: 0.330333 norm b vector (source) = 0.519276
GMRES converged at restart # 2; iteration #8 with error: 9.26882e-07
  [Cycle 231] Particle sorting: ON
*** B CALCULATION [GPU] ***
Execution time cycle: 269.203 ms  [sort=0.044987 field=139.977 da_wait=0.000181 mover+out=0.03131 exchange+sort+moments=50.0176 B=72.254 momentsAwait=6.87719 outCopy=0.000681]
 ======= Cycle 232 ======= 
*** E CALCULATION [GPU] ***
*** MAXWELL SOLVER [GPU] ***
Initial residual: 0.330473 norm b vector (source) = 0.519457
GMRES converged at restart # 2; iteration #8 with error: 9.23794e-07
  [Cycle 232] Particle sorting: ON
*** B CALCULATION [GPU] ***
Execution time cycle: 269.517 ms  [sort=0.04641 field=139.897 da_wait=0.00012 mover+out=0.031742 exchange+sort+moments=50.4827 B=72.217 momentsAwait=6.84112 outCopy=0.000621]
 ======= Cycle 233 ======= 
*** E CALCULATION [GPU] ***
*** MAXWELL SOLVER [GPU] ***
Initial residual: 0.330255 norm b vector (source) = 0.519349
GMRES converged at restart # 2; iteration #8 with error: 8.70436e-07
  [Cycle 233] Particle sorting: ON
*** B CALCULATION [GPU] ***
Execution time cycle: 269.848 ms  [sort=0.04678 field=140.078 da_wait=0.000111 mover+out=0.032994 exchange+sort+moments=50.6188 B=72.2701 momentsAwait=6.80042 outCopy=0.000571]
 ======= Cycle 234 ======= 
*** E CALCULATION [GPU] ***
*** MAXWELL SOLVER [GPU] ***
Initial residual: 0.330065 norm b vector (source) = 0.519154
GMRES converged at restart # 2; iteration #8 with error: 7.84413e-07
  [Cycle 234] Particle sorting: ON
*** B CALCULATION [GPU] ***
Execution time cycle: 269.554 ms  [sort=0.050167 field=139.915 da_wait=0.00011 mover+out=0.030589 exchange+sort+moments=50.3715 B=72.3256 momentsAwait=6.86022 outCopy=0.000741]
 ======= Cycle 235 ======= 
*** E CALCULATION [GPU] ***
*** MAXWELL SOLVER [GPU] ***
Initial residual: 0.329867 norm b vector (source) = 0.51904
GMRES converged at restart # 2; iteration #7 with error: 9.89911e-07
  [Cycle 235] Particle sorting: ON
*** B CALCULATION [GPU] ***
Execution time cycle: 267.228 ms  [sort=0.044667 field=137.382 da_wait=0.000121 mover+out=0.030399 exchange+sort+moments=50.4495 B=72.4293 momentsAwait=6.89108 outCopy=0.000481]
 ======= Cycle 236 ======= 
*** E CALCULATION [GPU] ***
*** MAXWELL SOLVER [GPU] ***
Initial residual: 0.329796 norm b vector (source) = 0.519187
GMRES converged at restart # 2; iteration #7 with error: 8.39601e-07
  [Cycle 236] Particle sorting: ON
*** B CALCULATION [GPU] ***
Execution time cycle: 268.062 ms  [sort=0.044657 field=137.624 da_wait=0.00021 mover+out=0.029758 exchange+sort+moments=50.8984 B=72.5576 momentsAwait=6.90576 outCopy=0.000832]
 ======= Cycle 237 ======= 
*** E CALCULATION [GPU] ***
*** MAXWELL SOLVER [GPU] ***
Initial residual: 0.329838 norm b vector (source) = 0.519555
GMRES converged at restart # 2; iteration #7 with error: 7.17155e-07
  [Cycle 237] Particle sorting: ON
*** B CALCULATION [GPU] ***
Execution time cycle: 267.217 ms  [sort=0.052191 field=137.479 da_wait=0.00021 mover+out=0.032534 exchange+sort+moments=50.175 B=72.68 momentsAwait=6.79743 outCopy=0.00037]
 ======= Cycle 238 ======= 
*** E CALCULATION [GPU] ***
*** MAXWELL SOLVER [GPU] ***
Initial residual: 0.330106 norm b vector (source) = 0.52009
GMRES converged at restart # 2; iteration #7 with error: 7.18805e-07
  [Cycle 238] Particle sorting: ON
*** B CALCULATION [GPU] ***
Execution time cycle: 264.143 ms  [sort=0.034437 field=134.188 da_wait=0.00017 mover+out=0.032303 exchange+sort+moments=50.4141 B=72.5008 momentsAwait=6.97329 outCopy=0.000501]
 ======= Cycle 239 ======= 
*** E CALCULATION [GPU] ***
*** MAXWELL SOLVER [GPU] ***
Initial residual: 0.330294 norm b vector (source) = 0.520432
GMRES converged at restart # 2; iteration #6 with error: 9.99754e-07
  [Cycle 239] Particle sorting: ON
*** B CALCULATION [GPU] ***
Execution time cycle: 261.849 ms  [sort=0.052682 field=131.883 da_wait=0.000141 mover+out=0.03124 exchange+sort+moments=50.4418 B=72.4854 momentsAwait=6.95445 outCopy=0.000401]
 ======= Cycle 240 ======= 
*** E CALCULATION [GPU] ***
*** MAXWELL SOLVER [GPU] ***
Initial residual: 0.330288 norm b vector (source) = 0.520474
GMRES converged at restart # 2; iteration #6 with error: 9.98235e-07
  [Cycle 240] Particle sorting: ON
*** B CALCULATION [GPU] ***
Execution time cycle: 261.523 ms  [sort=0.045287 field=131.744 da_wait=0.00012 mover+out=0.031902 exchange+sort+moments=50.3202 B=72.4352 momentsAwait=6.94588 outCopy=0.000511]
 ======= Cycle 241 ======= 
*** E CALCULATION [GPU] ***
*** MAXWELL SOLVER [GPU] ***
Initial residual: 0.330102 norm b vector (source) = 0.520025
GMRES converged at restart # 2; iteration #7 with error: 7.12667e-07
  [Cycle 241] Particle sorting: ON
*** B CALCULATION [GPU] ***
Execution time cycle: 264.004 ms  [sort=0.0463 field=134.373 da_wait=0.0002 mover+out=0.030249 exchange+sort+moments=50.2056 B=72.5254 momentsAwait=6.8231 outCopy=0.000431]
 ======= Cycle 242 ======= 
*** E CALCULATION [GPU] ***
*** MAXWELL SOLVER [GPU] ***
Initial residual: 0.329814 norm b vector (source) = 0.519378
GMRES converged at restart # 2; iteration #7 with error: 8.02231e-07
  [Cycle 242] Particle sorting: ON
*** B CALCULATION [GPU] ***
Execution time cycle: 264.496 ms  [sort=0.045538 field=134.688 da_wait=0.000131 mover+out=0.030088 exchange+sort+moments=50.3578 B=72.5414 momentsAwait=6.8326 outCopy=0.000672]
 ======= Cycle 243 ======= 
*** E CALCULATION [GPU] ***
*** MAXWELL SOLVER [GPU] ***
Initial residual: 0.329618 norm b vector (source) = 0.518814
GMRES converged at restart # 2; iteration #7 with error: 8.04313e-07
  [Cycle 243] Particle sorting: ON
*** B CALCULATION [GPU] ***
Execution time cycle: 267.332 ms  [sort=0.045107 field=137.418 da_wait=0.000121 mover+out=0.029597 exchange+sort+moments=50.3033 B=72.706 momentsAwait=6.82931 outCopy=0.00038]
 ======= Cycle 244 ======= 
*** E CALCULATION [GPU] ***
*** MAXWELL SOLVER [GPU] ***
Initial residual: 0.329676 norm b vector (source) = 0.51851
GMRES converged at restart # 2; iteration #7 with error: 9.17107e-07
  [Cycle 244] Particle sorting: ON
*** B CALCULATION [GPU] ***
Execution time cycle: 267.184 ms  [sort=0.045268 field=137.398 da_wait=0.000121 mover+out=0.031461 exchange+sort+moments=50.1306 B=72.7847 momentsAwait=6.79383 outCopy=0.000341]
 ======= Cycle 245 ======= 
*** E CALCULATION [GPU] ***
*** MAXWELL SOLVER [GPU] ***
Initial residual: 0.33001 norm b vector (source) = 0.518638
GMRES converged at restart # 3; iteration #0 with error: 7.89634e-07
  [Cycle 245] Particle sorting: ON
*** B CALCULATION [GPU] ***
Execution time cycle: 271.585 ms  [sort=0.045699 field=141.836 da_wait=0.00012 mover+out=0.032733 exchange+sort+moments=49.8028 B=72.9979 momentsAwait=6.87009 outCopy=0.000471]
 ======= Cycle 246 ======= 
*** E CALCULATION [GPU] ***
*** MAXWELL SOLVER [GPU] ***
Initial residual: 0.330088 norm b vector (source) = 0.518689
GMRES converged at restart # 2; iteration #8 with error: 7.3955e-07
  [Cycle 246] Particle sorting: ON
*** B CALCULATION [GPU] ***
Execution time cycle: 271.494 ms  [sort=0.043034 field=141.162 da_wait=0.00012 mover+out=0.033124 exchange+sort+moments=50.487 B=72.8423 momentsAwait=6.9254 outCopy=0.00031]
 ======= Cycle 247 ======= 
*** E CALCULATION [GPU] ***
*** MAXWELL SOLVER [GPU] ***
Initial residual: 0.330071 norm b vector (source) = 0.518639
GMRES converged at restart # 2; iteration #8 with error: 7.49319e-07
  [Cycle 247] Particle sorting: ON
*** B CALCULATION [GPU] ***
Execution time cycle: 270.824 ms  [sort=0.047662 field=140.641 da_wait=0.000111 mover+out=0.030759 exchange+sort+moments=50.5316 B=72.7054 momentsAwait=6.86719 outCopy=0.00031]
 ======= Cycle 248 ======= 
*** E CALCULATION [GPU] ***
*** MAXWELL SOLVER [GPU] ***
Initial residual: 0.330207 norm b vector (source) = 0.5187
GMRES converged at restart # 2; iteration #8 with error: 7.19877e-07
  [Cycle 248] Particle sorting: ON
*** B CALCULATION [GPU] ***
Execution time cycle: 270.756 ms  [sort=0.044537 field=140.467 da_wait=0.00013 mover+out=0.032253 exchange+sort+moments=50.7271 B=72.6282 momentsAwait=6.85676 outCopy=0.000451]
 ======= Cycle 249 ======= 
*** E CALCULATION [GPU] ***
*** MAXWELL SOLVER [GPU] ***
Initial residual: 0.330606 norm b vector (source) = 0.519131
GMRES converged at restart # 2; iteration #7 with error: 9.38491e-07
  [Cycle 249] Particle sorting: ON
*** B CALCULATION [GPU] ***
Execution time cycle: 268.249 ms  [sort=0.04639 field=138.374 da_wait=0.000121 mover+out=0.033094 exchange+sort+moments=50.4084 B=72.5671 momentsAwait=6.81927 outCopy=0.000711]
 ======= Cycle 250 ======= 
*** E CALCULATION [GPU] ***
*** MAXWELL SOLVER [GPU] ***
Initial residual: 0.331025 norm b vector (source) = 0.51989
GMRES converged at restart # 2; iteration #7 with error: 8.09799e-07
  [Cycle 250] Particle sorting: ON
*** B CALCULATION [GPU] ***
Execution time cycle: 282.02 ms  [sort=13.6004 field=138.754 da_wait=0.000612 mover+out=0.027974 exchange+sort+moments=49.9632 B=72.6544 momentsAwait=7.01894 outCopy=0.000341]
 ======= Cycle 251 ======= 
*** E CALCULATION [GPU] ***
*** MAXWELL SOLVER [GPU] ***
Initial residual: 0.331198 norm b vector (source) = 0.520668
GMRES converged at restart # 2; iteration #7 with error: 7.80752e-07
  [Cycle 251] Particle sorting: ON
*** B CALCULATION [GPU] ***
Execution time cycle: 264.798 ms  [sort=0.047552 field=134.906 da_wait=0.00021 mover+out=0.032834 exchange+sort+moments=50.0751 B=72.9207 momentsAwait=6.81506 outCopy=0.000661]
 ======= Cycle 252 ======= 
*** E CALCULATION [GPU] ***
*** MAXWELL SOLVER [GPU] ***
Initial residual: 0.331188 norm b vector (source) = 0.521186
GMRES converged at restart # 2; iteration #6 with error: 9.80299e-07
  [Cycle 252] Particle sorting: ON
*** B CALCULATION [GPU] ***
Execution time cycle: 262.108 ms  [sort=0.047342 field=131.573 da_wait=0.00012 mover+out=0.031241 exchange+sort+moments=50.5205 B=72.9464 momentsAwait=6.98958 outCopy=0.000481]
 ======= Cycle 253 ======= 
*** E CALCULATION [GPU] ***
*** MAXWELL SOLVER [GPU] ***
Initial residual: 0.330992 norm b vector (source) = 0.521373
GMRES converged at restart # 2; iteration #6 with error: 8.2739e-07
  [Cycle 253] Particle sorting: ON
*** B CALCULATION [GPU] ***
Execution time cycle: 262.211 ms  [sort=0.043975 field=131.936 da_wait=0.000121 mover+out=0.031581 exchange+sort+moments=50.1441 B=73.0739 momentsAwait=6.98095 outCopy=0.000391]
 ======= Cycle 254 ======= 
*** E CALCULATION [GPU] ***
*** MAXWELL SOLVER [GPU] ***
Initial residual: 0.330745 norm b vector (source) = 0.521333
GMRES converged at restart # 2; iteration #6 with error: 7.39237e-07
  [Cycle 254] Particle sorting: ON
*** B CALCULATION [GPU] ***
Execution time cycle: 263.212 ms  [sort=0.045248 field=132.041 da_wait=0.00012 mover+out=0.034758 exchange+sort+moments=51.3186 B=72.8769 momentsAwait=6.89486 outCopy=0.000301]
 ======= Cycle 255 ======= 
*** E CALCULATION [GPU] ***
*** MAXWELL SOLVER [GPU] ***
Initial residual: 0.330539 norm b vector (source) = 0.521127
GMRES converged at restart # 2; iteration #6 with error: 7.11613e-07
  [Cycle 255] Particle sorting: ON
*** B CALCULATION [GPU] ***
Execution time cycle: 262.027 ms  [sort=0.044726 field=131.94 da_wait=0.00019 mover+out=0.031571 exchange+sort+moments=50.46 B=72.7836 momentsAwait=6.76596 outCopy=0.000441]
 ======= Cycle 256 ======= 
*** E CALCULATION [GPU] ***
*** MAXWELL SOLVER [GPU] ***
Initial residual: 0.33019 norm b vector (source) = 0.52057
GMRES converged at restart # 2; iteration #6 with error: 7.41077e-07
  [Cycle 256] Particle sorting: ON
*** B CALCULATION [GPU] ***
Execution time cycle: 262.042 ms  [sort=0.053133 field=132.028 da_wait=0.00012 mover+out=0.030129 exchange+sort+moments=50.4029 B=72.5857 momentsAwait=6.94175 outCopy=0.000521]
 ======= Cycle 257 ======= 
*** E CALCULATION [GPU] ***
*** MAXWELL SOLVER [GPU] ***
Initial residual: 0.329762 norm b vector (source) = 0.51969
GMRES converged at restart # 2; iteration #6 with error: 8.21282e-07
  [Cycle 257] Particle sorting: ON
*** B CALCULATION [GPU] ***
Execution time cycle: 267.738 ms  [sort=0.043345 field=136.185 da_wait=0.00012 mover+out=0.031331 exchange+sort+moments=50.2956 B=73.5495 momentsAwait=7.63319 outCopy=0.000471]
 ======= Cycle 258 ======= 
*** E CALCULATION [GPU] ***
*** MAXWELL SOLVER [GPU] ***
Initial residual: 0.329384 norm b vector (source) = 0.518592
GMRES converged at restart # 2; iteration #6 with error: 9.38186e-07
  [Cycle 258] Particle sorting: ON
*** B CALCULATION [GPU] ***
Execution time cycle: 263.157 ms  [sort=0.044346 field=133.398 da_wait=0.000111 mover+out=0.031441 exchange+sort+moments=50.0384 B=72.7418 momentsAwait=6.90217 outCopy=0.000381]
 ======= Cycle 259 ======= 
*** E CALCULATION [GPU] ***
*** MAXWELL SOLVER [GPU] ***
Initial residual: 0.329195 norm b vector (source) = 0.517705
GMRES converged at restart # 2; iteration #7 with error: 7.17966e-07
  [Cycle 259] Particle sorting: ON
*** B CALCULATION [GPU] ***
Execution time cycle: 265.042 ms  [sort=0.043364 field=134.495 da_wait=0.000141 mover+out=0.031872 exchange+sort+moments=50.6094 B=72.9345 momentsAwait=6.92614 outCopy=0.000992]
 ======= Cycle 260 ======= 
*** E CALCULATION [GPU] ***
*** MAXWELL SOLVER [GPU] ***
Initial residual: 0.329494 norm b vector (source) = 0.517682
GMRES converged at restart # 2; iteration #7 with error: 7.98563e-07
  [Cycle 260] Particle sorting: ON
*** B CALCULATION [GPU] ***
Execution time cycle: 264.69 ms  [sort=0.045659 field=134.532 da_wait=0.00012 mover+out=0.031972 exchange+sort+moments=50.1021 B=72.9979 momentsAwait=6.97897 outCopy=0.000541]
 ======= Cycle 261 ======= 
*** E CALCULATION [GPU] ***
*** MAXWELL SOLVER [GPU] ***
Initial residual: 0.329655 norm b vector (source) = 0.518044
GMRES converged at restart # 2; iteration #7 with error: 8.45905e-07
  [Cycle 261] Particle sorting: ON
*** B CALCULATION [GPU] ***
Execution time cycle: 265.214 ms  [sort=0.051851 field=134.578 da_wait=0.00022 mover+out=0.03094 exchange+sort+moments=50.8021 B=72.7746 momentsAwait=6.97565 outCopy=0.000531]
 ======= Cycle 262 ======= 
*** E CALCULATION [GPU] ***
*** MAXWELL SOLVER [GPU] ***
Initial residual: 0.329823 norm b vector (source) = 0.518448
GMRES converged at restart # 2; iteration #7 with error: 8.49703e-07
  [Cycle 262] Particle sorting: ON
*** B CALCULATION [GPU] ***
Execution time cycle: 264.651 ms  [sort=0.045168 field=134.286 da_wait=0.00012 mover+out=0.033715 exchange+sort+moments=50.0571 B=73.2129 momentsAwait=7.01594 outCopy=0.000451]
 ======= Cycle 263 ======= 
*** E CALCULATION [GPU] ***
*** MAXWELL SOLVER [GPU] ***
Initial residual: 0.329905 norm b vector (source) = 0.518756
GMRES converged at restart # 2; iteration #7 with error: 7.9755e-07
  [Cycle 263] Particle sorting: ON
*** B CALCULATION [GPU] ***
Execution time cycle: 264.726 ms  [sort=0.044226 field=134.27 da_wait=0.00012 mover+out=0.032974 exchange+sort+moments=50.4629 B=72.9699 momentsAwait=6.94421 outCopy=0.000892]
 ======= Cycle 264 ======= 
*** E CALCULATION [GPU] ***
*** MAXWELL SOLVER [GPU] ***
Initial residual: 0.32979 norm b vector (source) = 0.518813
GMRES converged at restart # 2; iteration #7 with error: 7.04904e-07
  [Cycle 264] Particle sorting: ON
*** B CALCULATION [GPU] ***
Execution time cycle: 264.856 ms  [sort=0.048855 field=134.541 da_wait=0.00012 mover+out=0.032012 exchange+sort+moments=50.4624 B=72.9545 momentsAwait=6.816 outCopy=0.000552]
 ======= Cycle 265 ======= 
*** E CALCULATION [GPU] ***
*** MAXWELL SOLVER [GPU] ***
Initial residual: 0.32982 norm b vector (source) = 0.519061
GMRES converged at restart # 2; iteration #6 with error: 8.85063e-07
  [Cycle 265] Particle sorting: ON
*** B CALCULATION [GPU] ***
Execution time cycle: 262.34 ms  [sort=0.045739 field=131.972 da_wait=0.00011 mover+out=0.031502 exchange+sort+moments=50.5516 B=72.8153 momentsAwait=6.92396 outCopy=0.000491]
 ======= Cycle 266 ======= 
*** E CALCULATION [GPU] ***
*** MAXWELL SOLVER [GPU] ***
Initial residual: 0.330143 norm b vector (source) = 0.519813
GMRES converged at restart # 2; iteration #6 with error: 7.20011e-07
  [Cycle 266] Particle sorting: ON
*** B CALCULATION [GPU] ***
Execution time cycle: 262.308 ms  [sort=0.044467 field=132.01 da_wait=0.000131 mover+out=0.030509 exchange+sort+moments=50.5205 B=72.7893 momentsAwait=6.91254 outCopy=0.000351]
 ======= Cycle 267 ======= 
*** E CALCULATION [GPU] ***
*** MAXWELL SOLVER [GPU] ***
Initial residual: 0.330544 norm b vector (source) = 0.520889
GMRES converged at restart # 2; iteration #5 with error: 9.50451e-07
  [Cycle 267] Particle sorting: ON
*** B CALCULATION [GPU] ***
Execution time cycle: 259.471 ms  [sort=0.044065 field=129.306 da_wait=0.00012 mover+out=0.032473 exchange+sort+moments=50.1953 B=72.9627 momentsAwait=6.93045 outCopy=0.000371]
 ======= Cycle 268 ======= 
*** E CALCULATION [GPU] ***
*** MAXWELL SOLVER [GPU] ***
Initial residual: 0.330848 norm b vector (source) = 0.521821
GMRES converged at restart # 2; iteration #5 with error: 9.00222e-07
  [Cycle 268] Particle sorting: ON
*** B CALCULATION [GPU] ***
Execution time cycle: 256.317 ms  [sort=0.047833 field=126.002 da_wait=0.00012 mover+out=0.032463 exchange+sort+moments=50.3265 B=73.1506 momentsAwait=6.75671 outCopy=0.000441]
 ======= Cycle 269 ======= 
*** E CALCULATION [GPU] ***
*** MAXWELL SOLVER [GPU] ***
Initial residual: 0.330943 norm b vector (source) = 0.522154
GMRES converged at restart # 2; iteration #5 with error: 8.32142e-07
  [Cycle 269] Particle sorting: ON
*** B CALCULATION [GPU] ***
Execution time cycle: 255.976 ms  [sort=0.045428 field=126.051 da_wait=0.00011 mover+out=0.029427 exchange+sort+moments=49.8022 B=73.2232 momentsAwait=6.82426 outCopy=0.000421]
 ======= Cycle 270 ======= 
*** E CALCULATION [GPU] ***
*** MAXWELL SOLVER [GPU] ***
Initial residual: 0.330919 norm b vector (source) = 0.521955
GMRES converged at restart # 2; iteration #5 with error: 8.2923e-07
  [Cycle 270] Particle sorting: ON
*** B CALCULATION [GPU] ***
Execution time cycle: 255.9 ms  [sort=0.048003 field=126.006 da_wait=0.00022 mover+out=0.031281 exchange+sort+moments=49.6848 B=73.4136 momentsAwait=6.71502 outCopy=0.000441]
 ======= Cycle 271 ======= 
*** E CALCULATION [GPU] ***
*** MAXWELL SOLVER [GPU] ***
Initial residual: 0.330745 norm b vector (source) = 0.521317
GMRES converged at restart # 2; iteration #5 with error: 8.73732e-07
  [Cycle 271] Particle sorting: ON
*** B CALCULATION [GPU] ***
Execution time cycle: 256.046 ms  [sort=0.043204 field=125.705 da_wait=0.00017 mover+out=0.032073 exchange+sort+moments=49.9077 B=73.356 momentsAwait=7.00099 outCopy=0.000461]
 ======= Cycle 272 ======= 
*** E CALCULATION [GPU] ***
*** MAXWELL SOLVER [GPU] ***
Initial residual: 0.330488 norm b vector (source) = 0.520574
GMRES converged at restart # 2; iteration #5 with error: 8.9012e-07
  [Cycle 272] Particle sorting: ON
*** B CALCULATION [GPU] ***
Execution time cycle: 259.136 ms  [sort=0.042112 field=129.014 da_wait=0.00012 mover+out=0.031411 exchange+sort+moments=49.878 B=73.2872 momentsAwait=6.88269 outCopy=0.000521]
 ======= Cycle 273 ======= 
*** E CALCULATION [GPU] ***
*** MAXWELL SOLVER [GPU] ***
Initial residual: 0.330171 norm b vector (source) = 0.519907
GMRES converged at restart # 2; iteration #6 with error: 6.39593e-07
  [Cycle 273] Particle sorting: ON
*** B CALCULATION [GPU] ***
Execution time cycle: 261.823 ms  [sort=0.044326 field=131.455 da_wait=0.00012 mover+out=0.030399 exchange+sort+moments=50.159 B=73.274 momentsAwait=6.85911 outCopy=0.000551]
 ======= Cycle 274 ======= 
*** E CALCULATION [GPU] ***
*** MAXWELL SOLVER [GPU] ***
Initial residual: 0.330028 norm b vector (source) = 0.519482
GMRES converged at restart # 2; iteration #6 with error: 7.53997e-07
  [Cycle 274] Particle sorting: ON
*** B CALCULATION [GPU] ***
Execution time cycle: 261.444 ms  [sort=0.043725 field=131.509 da_wait=0.00012 mover+out=0.030129 exchange+sort+moments=49.9123 B=73.0906 momentsAwait=6.85744 outCopy=0.00036]
 ======= Cycle 275 ======= 
*** E CALCULATION [GPU] ***
*** MAXWELL SOLVER [GPU] ***
Initial residual: 0.3298 norm b vector (source) = 0.519187
GMRES converged at restart # 2; iteration #6 with error: 8.67699e-07
  [Cycle 275] Particle sorting: ON
*** B CALCULATION [GPU] ***
Execution time cycle: 261.607 ms  [sort=0.042643 field=131.654 da_wait=0.00013 mover+out=0.031602 exchange+sort+moments=49.9682 B=73.0583 momentsAwait=6.85203 outCopy=0.00035]
 ======= Cycle 276 ======= 
*** E CALCULATION [GPU] ***
*** MAXWELL SOLVER [GPU] ***
Initial residual: 0.329351 norm b vector (source) = 0.518736
GMRES converged at restart # 2; iteration #6 with error: 9.51754e-07
  [Cycle 276] Particle sorting: ON
*** B CALCULATION [GPU] ***
Execution time cycle: 261.953 ms  [sort=0.040649 field=131.723 da_wait=0.000121 mover+out=0.031992 exchange+sort+moments=50.1569 B=73.1962 momentsAwait=6.80385 outCopy=0.000622]
 ======= Cycle 277 ======= 
*** E CALCULATION [GPU] ***
*** MAXWELL SOLVER [GPU] ***
Initial residual: 0.329001 norm b vector (source) = 0.518242
GMRES converged at restart # 2; iteration #6 with error: 9.79915e-07
  [Cycle 277] Particle sorting: ON
*** B CALCULATION [GPU] ***
Execution time cycle: 748.564 ms  [sort=0.038235 field=618.214 da_wait=0.000121 mover+out=0.030439 exchange+sort+moments=49.9038 B=73.4977 momentsAwait=6.87972 outCopy=0.000451]
 ======= Cycle 278 ======= 
*** E CALCULATION [GPU] ***
*** MAXWELL SOLVER [GPU] ***
Initial residual: 0.328861 norm b vector (source) = 0.517939
GMRES converged at restart # 2; iteration #6 with error: 9.38068e-07
  [Cycle 278] Particle sorting: ON
*** B CALCULATION [GPU] ***
Execution time cycle: 261.541 ms  [sort=0.047142 field=131.107 da_wait=0.00012 mover+out=0.031181 exchange+sort+moments=49.9903 B=73.5209 momentsAwait=6.84436 outCopy=0.000371]
 ======= Cycle 279 ======= 
*** E CALCULATION [GPU] ***
*** MAXWELL SOLVER [GPU] ***
Initial residual: 0.328977 norm b vector (source) = 0.517948
GMRES converged at restart # 2; iteration #6 with error: 8.46828e-07
  [Cycle 279] Particle sorting: ON
*** B CALCULATION [GPU] ***
Execution time cycle: 679.705 ms  [sort=0.045778 field=549.569 da_wait=0.000131 mover+out=0.03122 exchange+sort+moments=49.74 B=73.6024 momentsAwait=6.71567 outCopy=0.000661]
 ======= Cycle 280 ======= 
*** E CALCULATION [GPU] ***
*** MAXWELL SOLVER [GPU] ***
Initial residual: 0.329293 norm b vector (source) = 0.518345
GMRES converged at restart # 2; iteration #6 with error: 7.20181e-07
  [Cycle 280] Particle sorting: ON
*** B CALCULATION [GPU] ***
Execution time cycle: 262.088 ms  [sort=0.043765 field=131.706 da_wait=0.00012 mover+out=0.031691 exchange+sort+moments=49.5874 B=73.8999 momentsAwait=6.81894 outCopy=0.000481]
 ======= Cycle 281 ======= 
*** E CALCULATION [GPU] ***
*** MAXWELL SOLVER [GPU] ***
Initial residual: 0.329477 norm b vector (source) = 0.518793
GMRES converged at restart # 2; iteration #5 with error: 9.57487e-07
  [Cycle 281] Particle sorting: ON
*** B CALCULATION [GPU] ***
Execution time cycle: 259.773 ms  [sort=0.043895 field=128.746 da_wait=0.000191 mover+out=0.030469 exchange+sort+moments=50.2106 B=73.7474 momentsAwait=6.99397 outCopy=0.000461]
 ======= Cycle 282 ======= 
*** E CALCULATION [GPU] ***
*** MAXWELL SOLVER [GPU] ***
Initial residual: 0.329785 norm b vector (source) = 0.519365
GMRES converged at restart # 2; iteration #5 with error: 8.75588e-07
  [Cycle 282] Particle sorting: ON
*** B CALCULATION [GPU] ***
Execution time cycle: 256.409 ms  [sort=0.045639 field=126.023 da_wait=0.00012 mover+out=0.032764 exchange+sort+moments=49.9631 B=73.4793 momentsAwait=6.86435 outCopy=0.000311]
 ======= Cycle 283 ======= 
*** E CALCULATION [GPU] ***
*** MAXWELL SOLVER [GPU] ***
Initial residual: 0.330119 norm b vector (source) = 0.520023
GMRES converged at restart # 2; iteration #5 with error: 7.56603e-07
  [Cycle 283] Particle sorting: ON
*** B CALCULATION [GPU] ***
Execution time cycle: 425.341 ms  [sort=0.041731 field=125.947 da_wait=0.00012 mover+out=0.031531 exchange+sort+moments=49.5453 B=227.19 momentsAwait=22.5852 outCopy=0.00046]
 ======= Cycle 284 ======= 
*** E CALCULATION [GPU] ***
*** MAXWELL SOLVER [GPU] ***
Initial residual: 0.330463 norm b vector (source) = 0.520625
GMRES converged at restart # 2; iteration #5 with error: 6.91051e-07
  [Cycle 284] Particle sorting: ON
*** B CALCULATION [GPU] ***
Execution time cycle: 436.501 ms  [sort=0.042362 field=126.476 da_wait=0.00012 mover+out=0.029638 exchange+sort+moments=50.1596 B=236.997 momentsAwait=22.7964 outCopy=0.000511]
 ======= Cycle 285 ======= 
*** E CALCULATION [GPU] ***
*** MAXWELL SOLVER [GPU] ***
Initial residual: 0.330784 norm b vector (source) = 0.521172
GMRES converged at restart # 2; iteration #5 with error: 6.67063e-07
  [Cycle 285] Particle sorting: ON
*** B CALCULATION [GPU] ***
Execution time cycle: 258.133 ms  [sort=0.05127 field=126.608 da_wait=0.000121 mover+out=0.031421 exchange+sort+moments=51.0845 B=73.5031 momentsAwait=6.8544 outCopy=0.00042]
 ======= Cycle 286 ======= 
*** E CALCULATION [GPU] ***
*** MAXWELL SOLVER [GPU] ***
Initial residual: 0.331174 norm b vector (source) = 0.521701
GMRES converged at restart # 2; iteration #5 with error: 6.7701e-07
  [Cycle 286] Particle sorting: ON
*** B CALCULATION [GPU] ***
Execution time cycle: 256.681 ms  [sort=0.045528 field=125.816 da_wait=0.00012 mover+out=0.033475 exchange+sort+moments=50.3193 B=73.5995 momentsAwait=6.86655 outCopy=0.00028]
 ======= Cycle 287 ======= 
*** E CALCULATION [GPU] ***
*** MAXWELL SOLVER [GPU] ***
Initial residual: 0.331471 norm b vector (source) = 0.521997
GMRES converged at restart # 2; iteration #5 with error: 7.22962e-07
  [Cycle 287] Particle sorting: ON
*** B CALCULATION [GPU] ***
Execution time cycle: 351.19 ms  [sort=0.042753 field=125.503 da_wait=0.00012 mover+out=0.032523 exchange+sort+moments=50.2127 B=167.54 momentsAwait=7.85769 outCopy=0.000451]
 ======= Cycle 288 ======= 
*** E CALCULATION [GPU] ***
*** MAXWELL SOLVER [GPU] ***
Initial residual: 0.331484 norm b vector (source) = 0.521931
GMRES converged at restart # 2; iteration #5 with error: 7.9719e-07
  [Cycle 288] Particle sorting: ON
*** B CALCULATION [GPU] ***
Execution time cycle: 324.971 ms  [sort=0.044997 field=125.978 da_wait=0.00012 mover+out=0.030479 exchange+sort+moments=50.4611 B=138.667 momentsAwait=9.78913 outCopy=0.00046]
 ======= Cycle 289 ======= 
*** E CALCULATION [GPU] ***
*** MAXWELL SOLVER [GPU] ***
Initial residual: 0.331178 norm b vector (source) = 0.521355
GMRES converged at restart # 2; iteration #5 with error: 9.00952e-07
  [Cycle 289] Particle sorting: ON
*** B CALCULATION [GPU] ***
Execution time cycle: 257.067 ms  [sort=0.045939 field=126.14 da_wait=0.00012 mover+out=0.031451 exchange+sort+moments=50.1514 B=73.8862 momentsAwait=6.81134 outCopy=0.000481]
 ======= Cycle 290 ======= 
*** E CALCULATION [GPU] ***
*** MAXWELL SOLVER [GPU] ***
Initial residual: 0.330893 norm b vector (source) = 0.520715
GMRES converged at restart # 2; iteration #5 with error: 9.20559e-07
  [Cycle 290] Particle sorting: ON
*** B CALCULATION [GPU] ***
Execution time cycle: 259.503 ms  [sort=0.044917 field=128.74 da_wait=0.00011 mover+out=0.03103 exchange+sort+moments=50.1703 B=73.6823 momentsAwait=6.83432 outCopy=0.000381]
 ======= Cycle 291 ======= 
*** E CALCULATION [GPU] ***
*** MAXWELL SOLVER [GPU] ***
Initial residual: 0.330473 norm b vector (source) = 0.520075
GMRES converged at restart # 2; iteration #5 with error: 9.92907e-07
  [Cycle 291] Particle sorting: ON
*** B CALCULATION [GPU] ***
Execution time cycle: 260.031 ms  [sort=0.043585 field=128.761 da_wait=0.00013 mover+out=0.031431 exchange+sort+moments=50.5938 B=73.6606 momentsAwait=6.93967 outCopy=0.000511]
 ======= Cycle 292 ======= 
*** E CALCULATION [GPU] ***
*** MAXWELL SOLVER [GPU] ***
Initial residual: 0.330018 norm b vector (source) = 0.519304
GMRES converged at restart # 2; iteration #6 with error: 6.31863e-07
  [Cycle 292] Particle sorting: ON
*** B CALCULATION [GPU] ***
Execution time cycle: 262.185 ms  [sort=0.042132 field=131.506 da_wait=0.000121 mover+out=0.029888 exchange+sort+moments=50.2293 B=73.4853 momentsAwait=6.89189 outCopy=0.000541]
 ======= Cycle 293 ======= 
*** E CALCULATION [GPU] ***
*** MAXWELL SOLVER [GPU] ***
Initial residual: 0.329924 norm b vector (source) = 0.518822
GMRES converged at restart # 2; iteration #5 with error: 9.76429e-07
  [Cycle 293] Particle sorting: ON
*** B CALCULATION [GPU] ***
Execution time cycle: 259.145 ms  [sort=0.041902 field=128.832 da_wait=0.00021 mover+out=0.029979 exchange+sort+moments=49.8212 B=73.6057 momentsAwait=6.81346 outCopy=0.000431]
 ======= Cycle 294 ======= 
*** E CALCULATION [GPU] ***
*** MAXWELL SOLVER [GPU] ***
Initial residual: 0.330033 norm b vector (source) = 0.518797
GMRES converged at restart # 2; iteration #5 with error: 8.80159e-07
  [Cycle 294] Particle sorting: ON
*** B CALCULATION [GPU] ***
Execution time cycle: 537.473 ms  [sort=0.045429 field=128.778 da_wait=0.00012 mover+out=0.03079 exchange+sort+moments=50.2721 B=350.664 momentsAwait=7.68206 outCopy=0.000391]
 ======= Cycle 295 ======= 
*** E CALCULATION [GPU] ***
*** MAXWELL SOLVER [GPU] ***
Initial residual: 0.330046 norm b vector (source) = 0.518944
GMRES converged at restart # 2; iteration #5 with error: 8.27092e-07
  [Cycle 295] Particle sorting: ON
*** B CALCULATION [GPU] ***
Execution time cycle: 258.441 ms  [sort=0.047542 field=126.556 da_wait=0.000111 mover+out=0.032934 exchange+sort+moments=51.0853 B=73.7905 momentsAwait=6.92786 outCopy=0.000531]
 ======= Cycle 296 ======= 
*** E CALCULATION [GPU] ***
*** MAXWELL SOLVER [GPU] ***
Initial residual: 0.330295 norm b vector (source) = 0.519544
GMRES converged at restart # 2; iteration #5 with error: 7.07562e-07
  [Cycle 296] Particle sorting: ON
*** B CALCULATION [GPU] ***
Execution time cycle: 256.857 ms  [sort=0.044547 field=126.059 da_wait=0.00012 mover+out=0.029648 exchange+sort+moments=49.9969 B=73.8861 momentsAwait=6.84019 outCopy=0.000441]
 ======= Cycle 297 ======= 
*** E CALCULATION [GPU] ***
*** MAXWELL SOLVER [GPU] ***
Initial residual: 0.330263 norm b vector (source) = 0.520245
GMRES converged at restart # 2; iteration #4 with error: 9.69042e-07
  [Cycle 297] Particle sorting: ON
*** B CALCULATION [GPU] ***
Execution time cycle: 254.377 ms  [sort=0.044086 field=123.077 da_wait=0.00011 mover+out=0.033746 exchange+sort+moments=49.8784 B=74.0042 momentsAwait=7.33932 outCopy=0.000451]
 ======= Cycle 298 ======= 
*** E CALCULATION [GPU] ***
*** MAXWELL SOLVER [GPU] ***
Initial residual: 0.330066 norm b vector (source) = 0.520718
GMRES converged at restart # 2; iteration #4 with error: 8.99843e-07
  [Cycle 298] Particle sorting: ON
*** B CALCULATION [GPU] ***
Execution time cycle: 254.39 ms  [sort=0.050458 field=123.304 da_wait=0.000131 mover+out=0.033535 exchange+sort+moments=49.9125 B=74.2383 momentsAwait=6.85022 outCopy=0.00032]
 ======= Cycle 299 ======= 
*** E CALCULATION [GPU] ***
*** MAXWELL SOLVER [GPU] ***
Initial residual: 0.329934 norm b vector (source) = 0.520935
GMRES converged at restart # 2; iteration #4 with error: 8.71218e-07
  [Cycle 299] Particle sorting: ON
*** B CALCULATION [GPU] ***
Execution time cycle: 255.8 ms  [sort=0.042111 field=124.185 da_wait=0.00012 mover+out=0.033956 exchange+sort+moments=50.513 B=74.1033 momentsAwait=6.92213 outCopy=0.000391]
 ======= Cycle 300 ======= 
*** E CALCULATION [GPU] ***
*** MAXWELL SOLVER [GPU] ***
Initial residual: 0.329819 norm b vector (source) = 0.520933
GMRES converged at restart # 2; iteration #4 with error: 8.64969e-07
  [Cycle 300] Particle sorting: ON
*** B CALCULATION [GPU] ***
Execution time cycle: 269.799 ms  [sort=13.4812 field=125.715 da_wait=0.000852 mover+out=0.027283 exchange+sort+moments=49.6682 B=73.9346 momentsAwait=6.97194 outCopy=0.000401]
 ======= Cycle 301 ======= 
*** E CALCULATION [GPU] ***
*** MAXWELL SOLVER [GPU] ***
Initial residual: 0.32974 norm b vector (source) = 0.520676
GMRES converged at restart # 2; iteration #4 with error: 8.73087e-07
  [Cycle 301] Particle sorting: ON
*** B CALCULATION [GPU] ***
Execution time cycle: 254.636 ms  [sort=0.043024 field=123.761 da_wait=0.00012 mover+out=0.034287 exchange+sort+moments=50.2862 B=73.7599 momentsAwait=6.75149 outCopy=0.000311]
 ======= Cycle 302 ======= 
*** E CALCULATION [GPU] ***
*** MAXWELL SOLVER [GPU] ***
Initial residual: 0.329858 norm b vector (source) = 0.520422
GMRES converged at restart # 2; iteration #4 with error: 8.77131e-07
  [Cycle 302] Particle sorting: ON
*** B CALCULATION [GPU] ***
Execution time cycle: 263.746 ms  [sort=0.043375 field=132.848 da_wait=0.00012 mover+out=0.032964 exchange+sort+moments=50.3509 B=73.587 momentsAwait=6.88344 outCopy=0.00031]
 ======= Cycle 303 ======= 
*** E CALCULATION [GPU] ***
*** MAXWELL SOLVER [GPU] ***
Initial residual: 0.330009 norm b vector (source) = 0.520255
GMRES converged at restart # 2; iteration #4 with error: 9.162e-07
  [Cycle 303] Particle sorting: ON
*** B CALCULATION [GPU] ***
Execution time cycle: 258.43 ms  [sort=0.042713 field=127.15 da_wait=0.00011 mover+out=0.032954 exchange+sort+moments=50.3712 B=73.9398 momentsAwait=6.89255 outCopy=0.000501]
 ======= Cycle 304 ======= 
*** E CALCULATION [GPU] ***
*** MAXWELL SOLVER [GPU] ***
Initial residual: 0.330158 norm b vector (source) = 0.520213
GMRES converged at restart # 2; iteration #4 with error: 9.86013e-07
  [Cycle 304] Particle sorting: ON
*** B CALCULATION [GPU] ***
Execution time cycle: 254.547 ms  [sort=0.03614 field=123.702 da_wait=0.00011 mover+out=0.029067 exchange+sort+moments=49.9013 B=74.0993 momentsAwait=6.77872 outCopy=0.00029]
 ======= Cycle 305 ======= 
*** E CALCULATION [GPU] ***
*** MAXWELL SOLVER [GPU] ***
Initial residual: 0.330268 norm b vector (source) = 0.520207
GMRES converged at restart # 2; iteration #5 with error: 7.05526e-07
  [Cycle 305] Particle sorting: ON
*** B CALCULATION [GPU] ***
Execution time cycle: 257.627 ms  [sort=0.034256 field=126.233 da_wait=0.000121 mover+out=0.031491 exchange+sort+moments=50.226 B=74.1686 momentsAwait=6.93297 outCopy=0.000371]
 ======= Cycle 306 ======= 
*** E CALCULATION [GPU] ***
*** MAXWELL SOLVER [GPU] ***
Initial residual: 0.330249 norm b vector (source) = 0.519977
GMRES converged at restart # 2; iteration #5 with error: 7.77231e-07
  [Cycle 306] Particle sorting: ON
*** B CALCULATION [GPU] ***
Execution time cycle: 257.518 ms  [sort=0.041991 field=126.131 da_wait=0.00012 mover+out=0.031351 exchange+sort+moments=49.9799 B=74.4505 momentsAwait=6.88235 outCopy=0.000341]
 ======= Cycle 307 ======= 
*** E CALCULATION [GPU] ***
*** MAXWELL SOLVER [GPU] ***
Initial residual: 0.330465 norm b vector (source) = 0.520017
GMRES converged at restart # 2; iteration #5 with error: 8.25873e-07
  [Cycle 307] Particle sorting: ON
*** B CALCULATION [GPU] ***
Execution time cycle: 257.951 ms  [sort=0.046541 field=126.253 da_wait=0.000211 mover+out=0.033525 exchange+sort+moments=50.4617 B=74.267 momentsAwait=6.88868 outCopy=0.000421]
 ======= Cycle 308 ======= 
*** E CALCULATION [GPU] ***
*** MAXWELL SOLVER [GPU] ***
Initial residual: 0.330731 norm b vector (source) = 0.520369
GMRES converged at restart # 2; iteration #5 with error: 8.31456e-07
  [Cycle 308] Particle sorting: ON
*** B CALCULATION [GPU] ***
Execution time cycle: 257.699 ms  [sort=0.063183 field=126.089 da_wait=0.00012 mover+out=0.031602 exchange+sort+moments=50.2922 B=74.3106 momentsAwait=6.91194 outCopy=0.000401]
 ======= Cycle 309 ======= 
*** E CALCULATION [GPU] ***
*** MAXWELL SOLVER [GPU] ***
Initial residual: 0.330827 norm b vector (source) = 0.520747
GMRES converged at restart # 2; iteration #5 with error: 7.87814e-07
  [Cycle 309] Particle sorting: ON
*** B CALCULATION [GPU] ***
Execution time cycle: 257.178 ms  [sort=0.042182 field=126.091 da_wait=0.00011 mover+out=0.036281 exchange+sort+moments=50.0082 B=74.1143 momentsAwait=6.88627 outCopy=0.000371]
 ======= Cycle 310 ======= 
*** E CALCULATION [GPU] ***
*** MAXWELL SOLVER [GPU] ***
Initial residual: 0.33094 norm b vector (source) = 0.521161
GMRES converged at restart # 2; iteration #5 with error: 7.18765e-07
  [Cycle 310] Particle sorting: ON
*** B CALCULATION [GPU] ***
Execution time cycle: 257.067 ms  [sort=0.037693 field=126.225 da_wait=0.00012 mover+out=0.033846 exchange+sort+moments=49.9711 B=73.9458 momentsAwait=6.85281 outCopy=0.000461]
 ======= Cycle 311 ======= 
*** E CALCULATION [GPU] ***
*** MAXWELL SOLVER [GPU] ***
Initial residual: 0.331036 norm b vector (source) = 0.521613
GMRES converged at restart # 2; iteration #5 with error: 6.49741e-07
  [Cycle 311] Particle sorting: ON
*** B CALCULATION [GPU] ***
Execution time cycle: 257.427 ms  [sort=0.039006 field=126.028 da_wait=0.00011 mover+out=0.034707 exchange+sort+moments=50.5791 B=74.0558 momentsAwait=6.68895 outCopy=0.000511]
 ======= Cycle 312 ======= 
*** E CALCULATION [GPU] ***
*** MAXWELL SOLVER [GPU] ***
Initial residual: 0.330859 norm b vector (source) = 0.521832
GMRES converged at restart # 2; iteration #4 with error: 9.45012e-07
  [Cycle 312] Particle sorting: ON
*** B CALCULATION [GPU] ***
Execution time cycle: 255.04 ms  [sort=0.037292 field=123.678 da_wait=0.00012 mover+out=0.032854 exchange+sort+moments=50.2321 B=74.2564 momentsAwait=6.80248 outCopy=0.000321]
 ======= Cycle 313 ======= 
*** E CALCULATION [GPU] ***
*** MAXWELL SOLVER [GPU] ***
Initial residual: 0.330648 norm b vector (source) = 0.521853
GMRES converged at restart # 2; iteration #4 with error: 9.26687e-07
  [Cycle 313] Particle sorting: ON
*** B CALCULATION [GPU] ***
Execution time cycle: 255.036 ms  [sort=0.044877 field=123.381 da_wait=0.00023 mover+out=0.034658 exchange+sort+moments=50.1333 B=74.4884 momentsAwait=6.95382 outCopy=0.000461]
 ======= Cycle 314 ======= 
*** E CALCULATION [GPU] ***
*** MAXWELL SOLVER [GPU] ***
Initial residual: 0.330495 norm b vector (source) = 0.521727
GMRES converged at restart # 2; iteration #4 with error: 9.29242e-07
  [Cycle 314] Particle sorting: ON
*** B CALCULATION [GPU] ***
Execution time cycle: 255.444 ms  [sort=0.04117 field=123.926 da_wait=0.00012 mover+out=0.032944 exchange+sort+moments=49.977 B=74.5186 momentsAwait=6.94827 outCopy=0.000241]
 ======= Cycle 315 ======= 
*** E CALCULATION [GPU] ***
*** MAXWELL SOLVER [GPU] ***
Initial residual: 0.330642 norm b vector (source) = 0.521847
GMRES converged at restart # 2; iteration #4 with error: 9.25953e-07
  [Cycle 315] Particle sorting: ON
*** B CALCULATION [GPU] ***
Execution time cycle: 255.4 ms  [sort=0.041431 field=123.554 da_wait=0.00013 mover+out=0.03607 exchange+sort+moments=50.0722 B=74.81 momentsAwait=6.88634 outCopy=0.00024]
 ======= Cycle 316 ======= 
*** E CALCULATION [GPU] ***
*** MAXWELL SOLVER [GPU] ***
Initial residual: 0.331104 norm b vector (source) = 0.522412
GMRES converged at restart # 2; iteration #4 with error: 9.06967e-07
  [Cycle 316] Particle sorting: ON
*** B CALCULATION [GPU] ***
Execution time cycle: 255.324 ms  [sort=0.035529 field=123.463 da_wait=0.00013 mover+out=0.032253 exchange+sort+moments=50.2899 B=74.6241 momentsAwait=6.87836 outCopy=0.000501]
 ======= Cycle 317 ======= 
*** E CALCULATION [GPU] ***
*** MAXWELL SOLVER [GPU] ***
Initial residual: 0.331514 norm b vector (source) = 0.523054
GMRES converged at restart # 2; iteration #4 with error: 8.80317e-07
  [Cycle 317] Particle sorting: ON
*** B CALCULATION [GPU] ***
Execution time cycle: 255.084 ms  [sort=0.040799 field=123.405 da_wait=0.000131 mover+out=0.033194 exchange+sort+moments=50.0328 B=74.6153 momentsAwait=6.95585 outCopy=0.000411]
 ======= Cycle 318 ======= 
*** E CALCULATION [GPU] ***
*** MAXWELL SOLVER [GPU] ***
Initial residual: 0.331916 norm b vector (source) = 0.523557
GMRES converged at restart # 2; iteration #4 with error: 8.72178e-07
  [Cycle 318] Particle sorting: ON
*** B CALCULATION [GPU] ***
Execution time cycle: 255.362 ms  [sort=0.043545 field=123.594 da_wait=0.00012 mover+out=0.034657 exchange+sort+moments=50.3013 B=74.4747 momentsAwait=6.91304 outCopy=0.000301]
 ======= Cycle 319 ======= 
*** E CALCULATION [GPU] ***
*** MAXWELL SOLVER [GPU] ***
Initial residual: 0.332001 norm b vector (source) = 0.52359
GMRES converged at restart # 2; iteration #4 with error: 8.96577e-07
  [Cycle 319] Particle sorting: ON
*** B CALCULATION [GPU] ***
Execution time cycle: 255.028 ms  [sort=0.042242 field=123.821 da_wait=0.00012 mover+out=0.030489 exchange+sort+moments=49.8336 B=74.3706 momentsAwait=6.92999 outCopy=0.000311]
 ======= Cycle 320 ======= 
*** E CALCULATION [GPU] ***
*** MAXWELL SOLVER [GPU] ***
Initial residual: 0.331828 norm b vector (source) = 0.523161
GMRES converged at restart # 2; iteration #4 with error: 9.40157e-07
  [Cycle 320] Particle sorting: ON
*** B CALCULATION [GPU] ***
Execution time cycle: 254.574 ms  [sort=0.038475 field=123.434 da_wait=0.00012 mover+out=0.034156 exchange+sort+moments=49.9897 B=74.2596 momentsAwait=6.81732 outCopy=0.000321]
 ======= Cycle 321 ======= 
*** E CALCULATION [GPU] ***
*** MAXWELL SOLVER [GPU] ***
Initial residual: 0.331491 norm b vector (source) = 0.522503
GMRES converged at restart # 2; iteration #4 with error: 9.78275e-07
  [Cycle 321] Particle sorting: ON
*** B CALCULATION [GPU] ***
Execution time cycle: 255.456 ms  [sort=0.040929 field=124.004 da_wait=0.0002 mover+out=0.034226 exchange+sort+moments=49.9717 B=74.5038 momentsAwait=6.90085 outCopy=0.00041]
 ======= Cycle 322 ======= 
*** E CALCULATION [GPU] ***
*** MAXWELL SOLVER [GPU] ***
Initial residual: 0.331121 norm b vector (source) = 0.521896
GMRES converged at restart # 2; iteration #4 with error: 9.96359e-07
  [Cycle 322] Particle sorting: ON
*** B CALCULATION [GPU] ***
Execution time cycle: 255.169 ms  [sort=0.039698 field=124.206 da_wait=0.00012 mover+out=0.037072 exchange+sort+moments=49.4975 B=74.621 momentsAwait=6.76727 outCopy=0.000251]
 ======= Cycle 323 ======= 
*** E CALCULATION [GPU] ***
*** MAXWELL SOLVER [GPU] ***
Initial residual: 0.330984 norm b vector (source) = 0.521742
GMRES converged at restart # 2; iteration #4 with error: 9.80269e-07
  [Cycle 323] Particle sorting: ON
*** B CALCULATION [GPU] ***
Execution time cycle: 255.178 ms  [sort=0.040819 field=123.596 da_wait=0.00012 mover+out=0.034337 exchange+sort+moments=49.9765 B=74.6275 momentsAwait=6.90211 outCopy=0.000331]
 ======= Cycle 324 ======= 
*** E CALCULATION [GPU] ***
*** MAXWELL SOLVER [GPU] ***
Initial residual: 0.330973 norm b vector (source) = 0.52191
GMRES converged at restart # 2; iteration #4 with error: 9.42331e-07
  [Cycle 324] Particle sorting: ON
*** B CALCULATION [GPU] ***
Execution time cycle: 255.529 ms  [sort=0.042753 field=123.563 da_wait=0.00013 mover+out=0.031922 exchange+sort+moments=49.9704 B=74.9633 momentsAwait=6.95715 outCopy=0.000251]
 ======= Cycle 325 ======= 
*** E CALCULATION [GPU] ***
*** MAXWELL SOLVER [GPU] ***
Initial residual: 0.33093 norm b vector (source) = 0.522091
GMRES converged at restart # 2; iteration #4 with error: 9.1802e-07
  [Cycle 325] Particle sorting: ON
*** B CALCULATION [GPU] ***
Execution time cycle: 255.495 ms  [sort=0.034026 field=123.632 da_wait=0.00021 mover+out=0.031822 exchange+sort+moments=50.1767 B=74.7185 momentsAwait=6.902 outCopy=0.000431]
 ======= Cycle 326 ======= 
*** E CALCULATION [GPU] ***
*** MAXWELL SOLVER [GPU] ***
Initial residual: 0.330966 norm b vector (source) = 0.522297
GMRES converged at restart # 2; iteration #4 with error: 9.20673e-07
  [Cycle 326] Particle sorting: ON
*** B CALCULATION [GPU] ***
Execution time cycle: 255.378 ms  [sort=0.039576 field=123.511 da_wait=0.00012 mover+out=0.038345 exchange+sort+moments=50.2612 B=74.664 momentsAwait=6.86315 outCopy=0.000251]
 ======= Cycle 327 ======= 
*** E CALCULATION [GPU] ***
*** MAXWELL SOLVER [GPU] ***
Initial residual: 0.330899 norm b vector (source) = 0.522431
GMRES converged at restart # 2; iteration #4 with error: 9.58147e-07
  [Cycle 327] Particle sorting: ON
*** B CALCULATION [GPU] ***
Execution time cycle: 255.607 ms  [sort=0.043444 field=123.672 da_wait=0.00023 mover+out=0.03567 exchange+sort+moments=50.2585 B=74.6738 momentsAwait=6.92289 outCopy=0.000431]
 ======= Cycle 328 ======= 
*** E CALCULATION [GPU] ***
*** MAXWELL SOLVER [GPU] ***
Initial residual: 0.330883 norm b vector (source) = 0.522461
GMRES converged at restart # 2; iteration #5 with error: 6.56549e-07
  [Cycle 328] Particle sorting: ON
*** B CALCULATION [GPU] ***
Execution time cycle: 257.521 ms  [sort=0.044647 field=126.121 da_wait=0.00012 mover+out=0.033986 exchange+sort+moments=50.1104 B=74.2708 momentsAwait=6.94014 outCopy=0.000301]
 ======= Cycle 329 ======= 
*** E CALCULATION [GPU] ***
*** MAXWELL SOLVER [GPU] ***
Initial residual: 0.331107 norm b vector (source) = 0.522633
GMRES converged at restart # 2; iteration #5 with error: 6.93621e-07
  [Cycle 329] Particle sorting: ON
*** B CALCULATION [GPU] ***
Execution time cycle: 257.848 ms  [sort=0.040519 field=126.193 da_wait=0.000121 mover+out=0.03624 exchange+sort+moments=50.3209 B=74.4375 momentsAwait=6.81946 outCopy=0.0003]
 ======= Cycle 330 ======= 
*** E CALCULATION [GPU] ***
*** MAXWELL SOLVER [GPU] ***
Initial residual: 0.33157 norm b vector (source) = 0.523143
GMRES converged at restart # 2; iteration #5 with error: 7.10746e-07
  [Cycle 330] Particle sorting: ON
*** B CALCULATION [GPU] ***
Execution time cycle: 264.489 ms  [sort=0.034868 field=133.138 da_wait=0.00012 mover+out=0.032784 exchange+sort+moments=49.8657 B=74.565 momentsAwait=6.85159 outCopy=0.0003]
 ======= Cycle 331 ======= 
*** E CALCULATION [GPU] ***
*** MAXWELL SOLVER [GPU] ***
Initial residual: 0.331636 norm b vector (source) = 0.523405
GMRES converged at restart # 2; iteration #5 with error: 7.02788e-07
  [Cycle 331] Particle sorting: ON
*** B CALCULATION [GPU] ***
Execution time cycle: 257.524 ms  [sort=0.039246 field=126.186 da_wait=0.00012 mover+out=0.034768 exchange+sort+moments=49.7087 B=74.7666 momentsAwait=6.78826 outCopy=0.0003]
 ======= Cycle 332 ======= 
*** E CALCULATION [GPU] ***
*** MAXWELL SOLVER [GPU] ***
Initial residual: 0.331716 norm b vector (source) = 0.523469
GMRES converged at restart # 2; iteration #5 with error: 6.68516e-07
  [Cycle 332] Particle sorting: ON
*** B CALCULATION [GPU] ***
Execution time cycle: 257.89 ms  [sort=0.042112 field=126.098 da_wait=0.00014 mover+out=0.030379 exchange+sort+moments=49.9661 B=74.7853 momentsAwait=6.96751 outCopy=0.000311]
 ======= Cycle 333 ======= 
*** E CALCULATION [GPU] ***
*** MAXWELL SOLVER [GPU] ***
Initial residual: 0.331733 norm b vector (source) = 0.523461
GMRES converged at restart # 2; iteration #4 with error: 9.76981e-07
  [Cycle 333] Particle sorting: ON
*** B CALCULATION [GPU] ***
Execution time cycle: 255.434 ms  [sort=0.034627 field=123.647 da_wait=0.00011 mover+out=0.032263 exchange+sort+moments=49.6757 B=75.1311 momentsAwait=6.91212 outCopy=0.000251]
 ======= Cycle 334 ======= 
*** E CALCULATION [GPU] ***
*** MAXWELL SOLVER [GPU] ***
Initial residual: 0.331491 norm b vector (source) = 0.523234
GMRES converged at restart # 2; iteration #4 with error: 9.37489e-07
  [Cycle 334] Particle sorting: ON
*** B CALCULATION [GPU] ***
Execution time cycle: 256.402 ms  [sort=0.033745 field=124.048 da_wait=0.00012 mover+out=0.033575 exchange+sort+moments=50.246 B=74.9325 momentsAwait=7.10826 outCopy=0.000261]
 ======= Cycle 335 ======= 
*** E CALCULATION [GPU] ***
*** MAXWELL SOLVER [GPU] ***
Initial residual: 0.331289 norm b vector (source) = 0.523003
GMRES converged at restart # 2; iteration #4 with error: 9.21766e-07
  [Cycle 335] Particle sorting: ON
*** B CALCULATION [GPU] ***
Execution time cycle: 255.853 ms  [sort=0.032853 field=123.736 da_wait=0.00013 mover+out=0.032453 exchange+sort+moments=50.1718 B=74.9011 momentsAwait=6.9789 outCopy=0.000251]
 ======= Cycle 336 ======= 
*** E CALCULATION [GPU] ***
*** MAXWELL SOLVER [GPU] ***
Initial residual: 0.331362 norm b vector (source) = 0.52311
GMRES converged at restart # 2; iteration #4 with error: 9.2616e-07
  [Cycle 336] Particle sorting: ON
*** B CALCULATION [GPU] ***
Execution time cycle: 255.887 ms  [sort=0.043865 field=123.91 da_wait=0.00021 mover+out=0.03578 exchange+sort+moments=50.1703 B=74.7967 momentsAwait=6.92977 outCopy=0.00039]
 ======= Cycle 337 ======= 
*** E CALCULATION [GPU] ***
*** MAXWELL SOLVER [GPU] ***
Initial residual: 0.331475 norm b vector (source) = 0.523304
GMRES converged at restart # 2; iteration #4 with error: 9.48063e-07
  [Cycle 337] Particle sorting: ON
*** B CALCULATION [GPU] ***
Execution time cycle: 254.449 ms  [sort=0.042954 field=123.347 da_wait=0.00012 mover+out=0.033445 exchange+sort+moments=49.6962 B=74.4579 momentsAwait=6.8706 outCopy=0.000301]
 ======= Cycle 338 ======= 
*** E CALCULATION [GPU] ***
*** MAXWELL SOLVER [GPU] ***
Initial residual: 0.331689 norm b vector (source) = 0.523544
GMRES converged at restart # 2; iteration #4 with error: 9.6826e-07
  [Cycle 338] Particle sorting: ON
*** B CALCULATION [GPU] ***
Execution time cycle: 255.225 ms  [sort=0.046481 field=123.721 da_wait=0.00021 mover+out=0.035118 exchange+sort+moments=49.9661 B=74.6456 momentsAwait=6.80952 outCopy=0.000311]
 ======= Cycle 339 ======= 
*** E CALCULATION [GPU] ***
*** MAXWELL SOLVER [GPU] ***
Initial residual: 0.331922 norm b vector (source) = 0.523856
GMRES converged at restart # 2; iteration #4 with error: 9.85124e-07
  [Cycle 339] Particle sorting: ON
*** B CALCULATION [GPU] ***
Execution time cycle: 255.457 ms  [sort=0.040859 field=123.542 da_wait=0.000121 mover+out=0.035138 exchange+sort+moments=50.1847 B=74.7625 momentsAwait=6.89181 outCopy=0.00033]
 ======= Cycle 340 ======= 
*** E CALCULATION [GPU] ***
*** MAXWELL SOLVER [GPU] ***
Initial residual: 0.33224 norm b vector (source) = 0.524278
GMRES converged at restart # 2; iteration #5 with error: 6.48787e-07
  [Cycle 340] Particle sorting: ON
*** B CALCULATION [GPU] ***
Execution time cycle: 257.952 ms  [sort=0.043374 field=126.096 da_wait=0.00011 mover+out=0.032944 exchange+sort+moments=49.9253 B=75.0218 momentsAwait=6.83247 outCopy=0.000421]
 ======= Cycle 341 ======= 
*** E CALCULATION [GPU] ***
*** MAXWELL SOLVER [GPU] ***
Initial residual: 0.332377 norm b vector (source) = 0.524726
GMRES converged at restart # 2; iteration #5 with error: 6.76411e-07
  [Cycle 341] Particle sorting: ON
*** B CALCULATION [GPU] ***
Execution time cycle: 257.88 ms  [sort=0.042342 field=125.813 da_wait=0.00013 mover+out=0.036692 exchange+sort+moments=49.9272 B=75.175 momentsAwait=6.8852 outCopy=0.000321]
 ======= Cycle 342 ======= 
*** E CALCULATION [GPU] ***
*** MAXWELL SOLVER [GPU] ***
Initial residual: 0.33236 norm b vector (source) = 0.525088
GMRES converged at restart # 2; iteration #5 with error: 7.18529e-07
  [Cycle 342] Particle sorting: ON
*** B CALCULATION [GPU] ***
Execution time cycle: 258.447 ms  [sort=0.04118 field=126.485 da_wait=0.00012 mover+out=0.032603 exchange+sort+moments=49.7645 B=75.2002 momentsAwait=6.92247 outCopy=0.0003]
 ======= Cycle 343 ======= 
*** E CALCULATION [GPU] ***
*** MAXWELL SOLVER [GPU] ***
Initial residual: 0.332033 norm b vector (source) = 0.525104
GMRES converged at restart # 2; iteration #5 with error: 7.65965e-07
  [Cycle 343] Particle sorting: ON
*** B CALCULATION [GPU] ***
Execution time cycle: 258.785 ms  [sort=0.041501 field=126.396 da_wait=0.00013 mover+out=0.032443 exchange+sort+moments=50.1741 B=75.1495 momentsAwait=6.99028 outCopy=0.00032]
 ======= Cycle 344 ======= 
*** E CALCULATION [GPU] ***
*** MAXWELL SOLVER [GPU] ***
Initial residual: 0.331617 norm b vector (source) = 0.524863
GMRES converged at restart # 2; iteration #5 with error: 8.02046e-07
  [Cycle 344] Particle sorting: ON
*** B CALCULATION [GPU] ***
Execution time cycle: 258.494 ms  [sort=0.040438 field=126.108 da_wait=0.000121 mover+out=0.034897 exchange+sort+moments=50.2716 B=75.118 momentsAwait=6.9206 outCopy=0.000501]
 ======= Cycle 345 ======= 
*** E CALCULATION [GPU] ***
*** MAXWELL SOLVER [GPU] ***
Initial residual: 0.331333 norm b vector (source) = 0.524525
GMRES converged at restart # 2; iteration #5 with error: 8.12437e-07
  [Cycle 345] Particle sorting: ON
*** B CALCULATION [GPU] ***
Execution time cycle: 258.622 ms  [sort=0.041772 field=126.39 da_wait=0.00011 mover+out=0.028275 exchange+sort+moments=50.0461 B=75.1006 momentsAwait=7.01424 outCopy=0.000241]
 ======= Cycle 346 ======= 
*** E CALCULATION [GPU] ***
*** MAXWELL SOLVER [GPU] ***
Initial residual: 0.331265 norm b vector (source) = 0.524335
GMRES converged at restart # 2; iteration #5 with error: 7.86751e-07
  [Cycle 346] Particle sorting: ON
*** B CALCULATION [GPU] ***
Execution time cycle: 258.214 ms  [sort=0.036171 field=126.409 da_wait=0.000131 mover+out=0.029707 exchange+sort+moments=49.9452 B=74.9067 momentsAwait=6.88669 outCopy=0.000251]
 ======= Cycle 347 ======= 
*** E CALCULATION [GPU] ***
*** MAXWELL SOLVER [GPU] ***
Initial residual: 0.331506 norm b vector (source) = 0.524471
GMRES converged at restart # 2; iteration #5 with error: 7.43498e-07
  [Cycle 347] Particle sorting: ON
*** B CALCULATION [GPU] ***
Execution time cycle: 259.375 ms  [sort=0.045308 field=127.277 da_wait=0.00011 mover+out=0.033765 exchange+sort+moments=50.1815 B=74.883 momentsAwait=6.95392 outCopy=0.000411]
 ======= Cycle 348 ======= 
*** E CALCULATION [GPU] ***
*** MAXWELL SOLVER [GPU] ***
Initial residual: 0.331909 norm b vector (source) = 0.524747
GMRES converged at restart # 2; iteration #5 with error: 6.93538e-07
  [Cycle 348] Particle sorting: ON
*** B CALCULATION [GPU] ***
Execution time cycle: 258.25 ms  [sort=0.04086 field=126.196 da_wait=0.000191 mover+out=0.026331 exchange+sort+moments=50.0577 B=75.1237 momentsAwait=6.80475 outCopy=0.000331]
 ======= Cycle 349 ======= 
*** E CALCULATION [GPU] ***
*** MAXWELL SOLVER [GPU] ***
Initial residual: 0.33254 norm b vector (source) = 0.525309
GMRES converged at restart # 2; iteration #5 with error: 6.60455e-07
  [Cycle 349] Particle sorting: ON
*** B CALCULATION [GPU] ***
Execution time cycle: 258.081 ms  [sort=0.038696 field=126.114 da_wait=0.00012 mover+out=0.035509 exchange+sort+moments=49.6684 B=75.2864 momentsAwait=6.9371 outCopy=0.000451]
 ======= Cycle 350 ======= 
*** E CALCULATION [GPU] ***
*** MAXWELL SOLVER [GPU] ***
Initial residual: 0.332747 norm b vector (source) = 0.525754
GMRES converged at restart # 2; iteration #4 with error: 9.91995e-07
  [Cycle 350] Particle sorting: ON
*** B CALCULATION [GPU] ***
Execution time cycle: 270.996 ms  [sort=13.1937 field=125.874 da_wait=0.000772 mover+out=0.027864 exchange+sort+moments=49.4513 B=75.4551 momentsAwait=6.9929 outCopy=0.000371]
 ======= Cycle 351 ======= 
*** E CALCULATION [GPU] ***
*** MAXWELL SOLVER [GPU] ***
Initial residual: 0.332722 norm b vector (source) = 0.525912
GMRES converged at restart # 2; iteration #4 with error: 9.88025e-07
  [Cycle 351] Particle sorting: ON
*** B CALCULATION [GPU] ***
Execution time cycle: 256.282 ms  [sort=0.038274 field=123.732 da_wait=0.000121 mover+out=0.034667 exchange+sort+moments=50.1474 B=75.4117 momentsAwait=6.91827 outCopy=0.000251]
 ======= Cycle 352 ======= 
*** E CALCULATION [GPU] ***
*** MAXWELL SOLVER [GPU] ***
Initial residual: 0.332341 norm b vector (source) = 0.525643
GMRES converged at restart # 2; iteration #4 with error: 9.84319e-07
  [Cycle 352] Particle sorting: ON
*** B CALCULATION [GPU] ***
Execution time cycle: 256.133 ms  [sort=0.042462 field=123.769 da_wait=0.00012 mover+out=0.032724 exchange+sort+moments=49.868 B=75.4954 momentsAwait=6.92537 outCopy=0.000691]
 ======= Cycle 353 ======= 
*** E CALCULATION [GPU] ***
*** MAXWELL SOLVER [GPU] ***
Initial residual: 0.331894 norm b vector (source) = 0.525229
GMRES converged at restart # 3; iteration #0 with error: 7.56751e-07
  [Cycle 353] Particle sorting: ON
*** B CALCULATION [GPU] ***
Execution time cycle: 260.335 ms  [sort=0.042552 field=127.825 da_wait=0.00011 mover+out=0.035208 exchange+sort+moments=50.2773 B=75.177 momentsAwait=6.97766 outCopy=0.00043]
 ======= Cycle 354 ======= 
*** E CALCULATION [GPU] ***
*** MAXWELL SOLVER [GPU] ***
Initial residual: 0.331608 norm b vector (source) = 0.524834
GMRES converged at restart # 2; iteration #5 with error: 6.68617e-07
  [Cycle 354] Particle sorting: ON
*** B CALCULATION [GPU] ***
Execution time cycle: 257.985 ms  [sort=0.043905 field=126.023 da_wait=0.00012 mover+out=0.029938 exchange+sort+moments=49.7163 B=75.1964 momentsAwait=6.97467 outCopy=0.00034]
 ======= Cycle 355 ======= 
*** E CALCULATION [GPU] ***
*** MAXWELL SOLVER [GPU] ***
Initial residual: 0.33149 norm b vector (source) = 0.524592
GMRES converged at restart # 2; iteration #5 with error: 7.15654e-07
  [Cycle 355] Particle sorting: ON
*** B CALCULATION [GPU] ***
Execution time cycle: 258.072 ms  [sort=0.042653 field=126.533 da_wait=0.00012 mover+out=0.0363 exchange+sort+moments=49.6205 B=75.0567 momentsAwait=6.78259 outCopy=0.000351]
 ======= Cycle 356 ======= 
*** E CALCULATION [GPU] ***
*** MAXWELL SOLVER [GPU] ***
Initial residual: 0.331239 norm b vector (source) = 0.524298
GMRES converged at restart # 2; iteration #5 with error: 8.01049e-07
  [Cycle 356] Particle sorting: ON
*** B CALCULATION [GPU] ***
Execution time cycle: 258.25 ms  [sort=0.040769 field=126.317 da_wait=0.00013 mover+out=0.030169 exchange+sort+moments=49.8676 B=75.2288 momentsAwait=6.76603 outCopy=0.000251]
 ======= Cycle 357 ======= 
*** E CALCULATION [GPU] ***
*** MAXWELL SOLVER [GPU] ***
Initial residual: 0.330904 norm b vector (source) = 0.523895
GMRES converged at restart # 2; iteration #5 with error: 9.07461e-07
  [Cycle 357] Particle sorting: ON
*** B CALCULATION [GPU] ***
Execution time cycle: 258.954 ms  [sort=0.044456 field=126.438 da_wait=0.00021 mover+out=0.032653 exchange+sort+moments=50.2501 B=75.4697 momentsAwait=6.71865 outCopy=0.000291]
 ======= Cycle 358 ======= 
*** E CALCULATION [GPU] ***
*** MAXWELL SOLVER [GPU] ***
Initial residual: 0.330601 norm b vector (source) = 0.523447
GMRES converged at restart # 2; iteration #5 with error: 9.26754e-07
  [Cycle 358] Particle sorting: ON
*** B CALCULATION [GPU] ***
Execution time cycle: 262.317 ms  [sort=0.044356 field=129.597 da_wait=0.0002 mover+out=0.030409 exchange+sort+moments=50.2444 B=75.6217 momentsAwait=6.77844 outCopy=0.000341]
 ======= Cycle 359 ======= 
*** E CALCULATION [GPU] ***
*** MAXWELL SOLVER [GPU] ***
Initial residual: 0.33067 norm b vector (source) = 0.523397
GMRES converged at restart # 2; iteration #5 with error: 9.98207e-07
  [Cycle 359] Particle sorting: ON
*** B CALCULATION [GPU] ***
Execution time cycle: 261.471 ms  [sort=0.040359 field=129.432 da_wait=0.000111 mover+out=0.030589 exchange+sort+moments=49.4221 B=75.6772 momentsAwait=6.8682 outCopy=0.000301]
 ======= Cycle 360 ======= 
*** E CALCULATION [GPU] ***
*** MAXWELL SOLVER [GPU] ***
Initial residual: 0.330975 norm b vector (source) = 0.523732
GMRES converged at restart # 2; iteration #6 with error: 6.37265e-07
  [Cycle 360] Particle sorting: ON
*** B CALCULATION [GPU] ***
Execution time cycle: 264.541 ms  [sort=0.039868 field=131.976 da_wait=0.000111 mover+out=0.033064 exchange+sort+moments=49.9724 B=75.5778 momentsAwait=6.94136 outCopy=0.0003]
 ======= Cycle 361 ======= 
*** E CALCULATION [GPU] ***
*** MAXWELL SOLVER [GPU] ***
Initial residual: 0.331366 norm b vector (source) = 0.524292
GMRES converged at restart # 2; iteration #6 with error: 6.25238e-07
  [Cycle 361] Particle sorting: ON
*** B CALCULATION [GPU] ***
Execution time cycle: 264.269 ms  [sort=0.039487 field=131.789 da_wait=0.000221 mover+out=0.032112 exchange+sort+moments=49.8842 B=75.5652 momentsAwait=6.95811 outCopy=0.000371]
 ======= Cycle 362 ======= 
*** E CALCULATION [GPU] ***
*** MAXWELL SOLVER [GPU] ***
Initial residual: 0.331829 norm b vector (source) = 0.524984
GMRES converged at restart # 2; iteration #5 with error: 9.49441e-07
  [Cycle 362] Particle sorting: ON
*** B CALCULATION [GPU] ***
Execution time cycle: 261.949 ms  [sort=0.044646 field=129.273 da_wait=0.00012 mover+out=0.033135 exchange+sort+moments=50.2303 B=75.4313 momentsAwait=6.93603 outCopy=0.00031]
 ======= Cycle 363 ======= 
*** E CALCULATION [GPU] ***
*** MAXWELL SOLVER [GPU] ***
Initial residual: 0.332088 norm b vector (source) = 0.525442
GMRES converged at restart # 2; iteration #5 with error: 9.49185e-07
  [Cycle 363] Particle sorting: ON
*** B CALCULATION [GPU] ***
Execution time cycle: 258.226 ms  [sort=0.039917 field=126.281 da_wait=0.000121 mover+out=0.036551 exchange+sort+moments=49.8392 B=75.1338 momentsAwait=6.89593 outCopy=0.000331]
 ======= Cycle 364 ======= 
*** E CALCULATION [GPU] ***
*** MAXWELL SOLVER [GPU] ***
Initial residual: 0.332138 norm b vector (source) = 0.525519
GMRES converged at restart # 2; iteration #5 with error: 8.70346e-07
  [Cycle 364] Particle sorting: ON
*** B CALCULATION [GPU] ***
Execution time cycle: 258.271 ms  [sort=0.040428 field=126.515 da_wait=0.00013 mover+out=0.033205 exchange+sort+moments=49.6896 B=75.2194 momentsAwait=6.77249 outCopy=0.000711]
 ======= Cycle 365 ======= 
*** E CALCULATION [GPU] ***
*** MAXWELL SOLVER [GPU] ***
Initial residual: 0.332308 norm b vector (source) = 0.525526
GMRES converged at restart # 2; iteration #5 with error: 8.17581e-07
  [Cycle 365] Particle sorting: ON
*** B CALCULATION [GPU] ***
Execution time cycle: 258.586 ms  [sort=0.041721 field=126.08 da_wait=0.000121 mover+out=0.033064 exchange+sort+moments=50.1077 B=75.4132 momentsAwait=6.90995 outCopy=0.00032]
 ======= Cycle 366 ======= 
*** E CALCULATION [GPU] ***
*** MAXWELL SOLVER [GPU] ***
Initial residual: 0.332607 norm b vector (source) = 0.52566
GMRES converged at restart # 2; iteration #5 with error: 7.94613e-07
  [Cycle 366] Particle sorting: ON
*** B CALCULATION [GPU] ***
Execution time cycle: 258.186 ms  [sort=0.043274 field=126.067 da_wait=0.00022 mover+out=0.033245 exchange+sort+moments=49.6868 B=75.513 momentsAwait=6.84201 outCopy=0.000291]
 ======= Cycle 367 ======= 
*** E CALCULATION [GPU] ***
*** MAXWELL SOLVER [GPU] ***
Initial residual: 0.332764 norm b vector (source) = 0.525814
GMRES converged at restart # 2; iteration #5 with error: 8.04487e-07
  [Cycle 367] Particle sorting: ON
*** B CALCULATION [GPU] ***
Execution time cycle: 258.87 ms  [sort=0.044677 field=126.243 da_wait=0.00012 mover+out=0.033074 exchange+sort+moments=50.0812 B=75.6544 momentsAwait=6.81356 outCopy=0.000331]
 ======= Cycle 368 ======= 
*** E CALCULATION [GPU] ***
*** MAXWELL SOLVER [GPU] ***
Initial residual: 0.332791 norm b vector (source) = 0.525947
GMRES converged at restart # 2; iteration #5 with error: 8.41028e-07
  [Cycle 368] Particle sorting: ON
*** B CALCULATION [GPU] ***
Execution time cycle: 258.348 ms  [sort=0.044627 field=126.036 da_wait=0.00012 mover+out=0.037002 exchange+sort+moments=49.5082 B=75.9293 momentsAwait=6.79241 outCopy=0.0003]
 ======= Cycle 369 ======= 
*** E CALCULATION [GPU] ***
*** MAXWELL SOLVER [GPU] ***
Initial residual: 0.332839 norm b vector (source) = 0.526156
GMRES converged at restart # 2; iteration #5 with error: 9.03413e-07
  [Cycle 369] Particle sorting: ON
*** B CALCULATION [GPU] ***
Execution time cycle: 258.956 ms  [sort=0.043203 field=126.211 da_wait=0.000121 mover+out=0.035208 exchange+sort+moments=49.9316 B=75.8258 momentsAwait=6.9086 outCopy=0.000251]
 ======= Cycle 370 ======= 
*** E CALCULATION [GPU] ***
*** MAXWELL SOLVER [GPU] ***
Initial residual: 0.332761 norm b vector (source) = 0.526286
GMRES converged at restart # 2; iteration #5 with error: 9.21144e-07
  [Cycle 370] Particle sorting: ON
*** B CALCULATION [GPU] ***
Execution time cycle: 262.258 ms  [sort=0.039426 field=129.391 da_wait=0.00013 mover+out=0.034156 exchange+sort+moments=50.0548 B=75.7956 momentsAwait=6.94344 outCopy=0.000311]
 ======= Cycle 371 ======= 
*** E CALCULATION [GPU] ***
*** MAXWELL SOLVER [GPU] ***
Initial residual: 0.332601 norm b vector (source) = 0.526385
GMRES converged at restart # 2; iteration #6 with error: 6.37525e-07
  [Cycle 371] Particle sorting: ON
*** B CALCULATION [GPU] ***
Execution time cycle: 264.714 ms  [sort=0.04073 field=131.921 da_wait=0.00012 mover+out=0.033014 exchange+sort+moments=50.1873 B=75.6094 momentsAwait=6.92191 outCopy=0.000241]
 ======= Cycle 372 ======= 
*** E CALCULATION [GPU] ***
*** MAXWELL SOLVER [GPU] ***
Initial residual: 0.33239 norm b vector (source) = 0.526432
GMRES converged at restart # 2; iteration #6 with error: 7.13935e-07
  [Cycle 372] Particle sorting: ON
*** B CALCULATION [GPU] ***
Execution time cycle: 263.961 ms  [sort=0.04114 field=132.146 da_wait=0.00012 mover+out=0.030409 exchange+sort+moments=49.4477 B=75.3748 momentsAwait=6.92019 outCopy=0.000371]
 ======= Cycle 373 ======= 
*** E CALCULATION [GPU] ***
*** MAXWELL SOLVER [GPU] ***
Initial residual: 0.332192 norm b vector (source) = 0.526498
GMRES converged at restart # 2; iteration #6 with error: 7.75649e-07
  [Cycle 373] Particle sorting: ON
*** B CALCULATION [GPU] ***
Execution time cycle: 263.96 ms  [sort=0.040819 field=131.972 da_wait=0.00012 mover+out=0.029878 exchange+sort+moments=49.6759 B=75.3923 momentsAwait=6.84943 outCopy=0.000331]
 ======= Cycle 374 ======= 
*** E CALCULATION [GPU] ***
*** MAXWELL SOLVER [GPU] ***
Initial residual: 0.331862 norm b vector (source) = 0.526327
GMRES converged at restart # 2; iteration #6 with error: 8.08309e-07
  [Cycle 374] Particle sorting: ON
*** B CALCULATION [GPU] ***
Execution time cycle: 264.372 ms  [sort=0.038776 field=131.658 da_wait=0.00012 mover+out=0.033796 exchange+sort+moments=50.2372 B=75.5658 momentsAwait=6.83871 outCopy=0.00024]
 ======= Cycle 375 ======= 
*** E CALCULATION [GPU] ***
*** MAXWELL SOLVER [GPU] ***
Initial residual: 0.331536 norm b vector (source) = 0.526105
GMRES converged at restart # 2; iteration #6 with error: 8.07487e-07
  [Cycle 375] Particle sorting: ON
*** B CALCULATION [GPU] ***
Execution time cycle: 264.74 ms  [sort=0.038304 field=132.078 da_wait=0.000241 mover+out=0.03632 exchange+sort+moments=49.8449 B=75.8636 momentsAwait=6.87827 outCopy=0.000441]
 ======= Cycle 376 ======= 
*** E CALCULATION [GPU] ***
*** MAXWELL SOLVER [GPU] ***
Initial residual: 0.331221 norm b vector (source) = 0.525731
GMRES converged at restart # 2; iteration #6 with error: 7.6891e-07
  [Cycle 376] Particle sorting: ON
*** B CALCULATION [GPU] ***
Execution time cycle: 264.678 ms  [sort=0.042903 field=131.901 da_wait=0.00012 mover+out=0.031642 exchange+sort+moments=49.8591 B=75.9519 momentsAwait=6.89138 outCopy=0.000261]
 ======= Cycle 377 ======= 
*** E CALCULATION [GPU] ***
*** MAXWELL SOLVER [GPU] ***
Initial residual: 0.33116 norm b vector (source) = 0.525428
GMRES converged at restart # 2; iteration #6 with error: 7.12663e-07
  [Cycle 377] Particle sorting: ON
*** B CALCULATION [GPU] ***
Execution time cycle: 264.491 ms  [sort=0.043234 field=132.024 da_wait=0.00012 mover+out=0.033114 exchange+sort+moments=49.4553 B=76.0164 momentsAwait=6.91903 outCopy=0.000251]
 ======= Cycle 378 ======= 
*** E CALCULATION [GPU] ***
*** MAXWELL SOLVER [GPU] ***
Initial residual: 0.331205 norm b vector (source) = 0.525248
GMRES converged at restart # 2; iteration #6 with error: 6.52301e-07
  [Cycle 378] Particle sorting: ON
*** B CALCULATION [GPU] ***
Execution time cycle: 264.468 ms  [sort=0.042132 field=131.529 da_wait=0.00011 mover+out=0.038605 exchange+sort+moments=49.8306 B=76.0923 momentsAwait=6.93529 outCopy=0.000301]
 ======= Cycle 379 ======= 
*** E CALCULATION [GPU] ***
*** MAXWELL SOLVER [GPU] ***
Initial residual: 0.33121 norm b vector (source) = 0.52514
GMRES converged at restart # 2; iteration #5 with error: 9.64692e-07
  [Cycle 379] Particle sorting: ON
*** B CALCULATION [GPU] ***
Execution time cycle: 262.73 ms  [sort=0.04131 field=129.336 da_wait=0.00012 mover+out=0.032142 exchange+sort+moments=50.3533 B=76.0875 momentsAwait=6.87948 outCopy=0.00023]
 ======= Cycle 380 ======= 
*** E CALCULATION [GPU] ***
*** MAXWELL SOLVER [GPU] ***
Initial residual: 0.330883 norm b vector (source) = 0.524719
GMRES converged at restart # 2; iteration #5 with error: 9.03424e-07
  [Cycle 380] Particle sorting: ON
*** B CALCULATION [GPU] ***
Execution time cycle: 262.567 ms  [sort=0.04122 field=129.335 da_wait=0.00011 mover+out=0.032774 exchange+sort+moments=50.3374 B=75.8632 momentsAwait=6.95732 outCopy=0.00033]
 ======= Cycle 381 ======= 
*** E CALCULATION [GPU] ***
*** MAXWELL SOLVER [GPU] ***
Initial residual: 0.330545 norm b vector (source) = 0.524172
GMRES converged at restart # 2; iteration #5 with error: 9.57729e-07
  [Cycle 381] Particle sorting: ON
*** B CALCULATION [GPU] ***
Execution time cycle: 258.608 ms  [sort=0.040599 field=126.211 da_wait=0.00011 mover+out=0.034688 exchange+sort+moments=49.7978 B=75.7447 momentsAwait=6.77875 outCopy=0.000311]
 ======= Cycle 382 ======= 
*** E CALCULATION [GPU] ***
*** MAXWELL SOLVER [GPU] ***
Initial residual: 0.330144 norm b vector (source) = 0.523534
GMRES converged at restart # 2; iteration #5 with error: 9.72761e-07
  [Cycle 382] Particle sorting: ON
*** B CALCULATION [GPU] ***
Execution time cycle: 258.721 ms  [sort=0.041751 field=126.335 da_wait=0.00011 mover+out=0.031471 exchange+sort+moments=49.6723 B=75.7848 momentsAwait=6.85522 outCopy=0.000331]
 ======= Cycle 383 ======= 
*** E CALCULATION [GPU] ***
*** MAXWELL SOLVER [GPU] ***
Initial residual: 0.330137 norm b vector (source) = 0.523363
GMRES converged at restart # 2; iteration #5 with error: 9.44983e-07
  [Cycle 383] Particle sorting: ON
*** B CALCULATION [GPU] ***
Execution time cycle: 262.136 ms  [sort=0.037643 field=129.502 da_wait=0.000111 mover+out=0.03635 exchange+sort+moments=49.7912 B=75.9604 momentsAwait=6.80799 outCopy=0.000281]
 ======= Cycle 384 ======= 
*** E CALCULATION [GPU] ***
*** MAXWELL SOLVER [GPU] ***
Initial residual: 0.330129 norm b vector (source) = 0.523551
GMRES converged at restart # 2; iteration #6 with error: 6.39594e-07
  [Cycle 384] Particle sorting: ON
*** B CALCULATION [GPU] ***
Execution time cycle: 264.958 ms  [sort=0.04105 field=132.044 da_wait=0.00012 mover+out=0.033355 exchange+sort+moments=49.8576 B=76.0502 momentsAwait=6.9312 outCopy=0.00033]
 ======= Cycle 385 ======= 
*** E CALCULATION [GPU] ***
*** MAXWELL SOLVER [GPU] ***
Initial residual: 0.330539 norm b vector (source) = 0.524255
GMRES converged at restart # 2; iteration #6 with error: 7.19966e-07
  [Cycle 385] Particle sorting: ON
*** B CALCULATION [GPU] ***
Execution time cycle: 264.915 ms  [sort=0.042943 field=131.837 da_wait=0.000141 mover+out=0.032363 exchange+sort+moments=49.9161 B=76.2978 momentsAwait=6.78785 outCopy=0.00026]
 ======= Cycle 386 ======= 
*** E CALCULATION [GPU] ***
*** MAXWELL SOLVER [GPU] ***
Initial residual: 0.33075 norm b vector (source) = 0.525057
GMRES converged at restart # 2; iteration #6 with error: 8.1027e-07
  [Cycle 386] Particle sorting: ON
*** B CALCULATION [GPU] ***
Execution time cycle: 264.771 ms  [sort=0.03622 field=131.645 da_wait=0.000221 mover+out=0.029036 exchange+sort+moments=49.6357 B=76.4488 momentsAwait=6.97648 outCopy=0.000431]
 ======= Cycle 387 ======= 
*** E CALCULATION [GPU] ***
*** MAXWELL SOLVER [GPU] ***
Initial residual: 0.330765 norm b vector (source) = 0.525473
GMRES converged at restart # 2; iteration #6 with error: 9.06833e-07
  [Cycle 387] Particle sorting: ON
*** B CALCULATION [GPU] ***
Execution time cycle: 265.246 ms  [sort=0.039346 field=131.833 da_wait=0.000121 mover+out=0.034066 exchange+sort+moments=50.0006 B=76.4026 momentsAwait=6.93601 outCopy=0.000241]
 ======= Cycle 388 ======= 
*** E CALCULATION [GPU] ***
*** MAXWELL SOLVER [GPU] ***
Initial residual: 0.330826 norm b vector (source) = 0.525682
GMRES converged at restart # 2; iteration #6 with error: 9.91212e-07
  [Cycle 388] Particle sorting: ON
*** B CALCULATION [GPU] ***
Execution time cycle: 265.102 ms  [sort=0.038835 field=131.834 da_wait=0.00012 mover+out=0.034447 exchange+sort+moments=49.9392 B=76.335 momentsAwait=6.92014 outCopy=0.000301]
 ======= Cycle 389 ======= 
*** E CALCULATION [GPU] ***
*** MAXWELL SOLVER [GPU] ***
Initial residual: 0.330694 norm b vector (source) = 0.525537
GMRES converged at restart # 2; iteration #7 with error: 6.96877e-07
  [Cycle 389] Particle sorting: ON
*** B CALCULATION [GPU] ***
Execution time cycle: 481.352 ms  [sort=0.034407 field=348.386 da_wait=0.00021 mover+out=0.032443 exchange+sort+moments=50.0676 B=75.9634 momentsAwait=6.86777 outCopy=0.000311]
 ======= Cycle 390 ======= 
*** E CALCULATION [GPU] ***
*** MAXWELL SOLVER [GPU] ***
Initial residual: 0.330713 norm b vector (source) = 0.525334
GMRES converged at restart # 2; iteration #7 with error: 7.0628e-07
  [Cycle 390] Particle sorting: ON
*** B CALCULATION [GPU] ***
Execution time cycle: 267.214 ms  [sort=0.043815 field=134.705 da_wait=0.00012 mover+out=0.036 exchange+sort+moments=49.6859 B=75.8788 momentsAwait=6.8635 outCopy=0.00031]
 ======= Cycle 391 ======= 
*** E CALCULATION [GPU] ***
*** MAXWELL SOLVER [GPU] ***
Initial residual: 0.33106 norm b vector (source) = 0.525533
GMRES converged at restart # 2; iteration #7 with error: 6.93624e-07
  [Cycle 391] Particle sorting: ON
*** B CALCULATION [GPU] ***
Execution time cycle: 267.236 ms  [sort=0.041019 field=134.603 da_wait=0.00012 mover+out=0.034407 exchange+sort+moments=49.7655 B=75.9445 momentsAwait=6.84723 outCopy=0.000561]
 ======= Cycle 392 ======= 
*** E CALCULATION [GPU] ***
*** MAXWELL SOLVER [GPU] ***
Initial residual: 0.331225 norm b vector (source) = 0.525701
GMRES converged at restart # 2; iteration #6 with error: 9.80407e-07
  [Cycle 392] Particle sorting: ON
*** B CALCULATION [GPU] ***
Execution time cycle: 620.915 ms  [sort=0.038615 field=487.89 da_wait=0.00012 mover+out=0.033515 exchange+sort+moments=49.9748 B=75.9966 momentsAwait=6.98162 outCopy=0.000471]
 ======= Cycle 393 ======= 
*** E CALCULATION [GPU] ***
*** MAXWELL SOLVER [GPU] ***
Initial residual: 0.331207 norm b vector (source) = 0.525664
GMRES converged at restart # 2; iteration #6 with error: 9.13493e-07
  [Cycle 393] Particle sorting: ON
*** B CALCULATION [GPU] ***
Execution time cycle: 264.938 ms  [sort=0.045358 field=131.807 da_wait=0.00012 mover+out=0.032173 exchange+sort+moments=49.8318 B=76.3149 momentsAwait=6.9067 outCopy=0.000381]
 ======= Cycle 394 ======= 
*** E CALCULATION [GPU] ***
*** MAXWELL SOLVER [GPU] ***
Initial residual: 0.331069 norm b vector (source) = 0.525543
GMRES converged at restart # 2; iteration #6 with error: 8.52171e-07
  [Cycle 394] Particle sorting: ON
*** B CALCULATION [GPU] ***
Execution time cycle: 265.19 ms  [sort=0.044426 field=131.874 da_wait=0.000121 mover+out=0.035108 exchange+sort+moments=50.1144 B=76.263 momentsAwait=6.85855 outCopy=0.000401]
 ======= Cycle 395 ======= 
*** E CALCULATION [GPU] ***
*** MAXWELL SOLVER [GPU] ***
Initial residual: 0.330998 norm b vector (source) = 0.525468
GMRES converged at restart # 2; iteration #6 with error: 8.18088e-07
  [Cycle 395] Particle sorting: ON
*** B CALCULATION [GPU] ***
Execution time cycle: 265.591 ms  [sort=0.041511 field=131.617 da_wait=0.000121 mover+out=0.031501 exchange+sort+moments=50.4534 B=76.6216 momentsAwait=6.82542 outCopy=0.000541]
 ======= Cycle 396 ======= 
*** E CALCULATION [GPU] ***
*** MAXWELL SOLVER [GPU] ***
Initial residual: 0.331051 norm b vector (source) = 0.525414
GMRES converged at restart # 2; iteration #6 with error: 8.1021e-07
  [Cycle 396] Particle sorting: ON
*** B CALCULATION [GPU] ***
Execution time cycle: 265.077 ms  [sort=0.042833 field=131.727 da_wait=0.00012 mover+out=0.034036 exchange+sort+moments=49.9748 B=76.3876 momentsAwait=6.90998 outCopy=0.0003]
 ======= Cycle 397 ======= 
*** E CALCULATION [GPU] ***
*** MAXWELL SOLVER [GPU] ***
Initial residual: 0.331055 norm b vector (source) = 0.525359
GMRES converged at restart # 2; iteration #6 with error: 8.39324e-07
  [Cycle 397] Particle sorting: ON
*** B CALCULATION [GPU] ***
Execution time cycle: 265.242 ms  [sort=0.042111 field=132.131 da_wait=0.000231 mover+out=0.032362 exchange+sort+moments=49.7378 B=76.3423 momentsAwait=6.95614 outCopy=0.00038]
 ======= Cycle 398 ======= 
*** E CALCULATION [GPU] ***
*** MAXWELL SOLVER [GPU] ***
Initial residual: 0.331316 norm b vector (source) = 0.525634
GMRES converged at restart # 2; iteration #6 with error: 8.97478e-07
  [Cycle 398] Particle sorting: ON
*** B CALCULATION [GPU] ***
Execution time cycle: 265.638 ms  [sort=0.044767 field=131.732 da_wait=0.00012 mover+out=0.045057 exchange+sort+moments=50.6234 B=76.3 momentsAwait=6.89214 outCopy=0.00031]
 ======= Cycle 399 ======= 
*** E CALCULATION [GPU] ***
*** MAXWELL SOLVER [GPU] ***
Initial residual: 0.331517 norm b vector (source) = 0.526006
GMRES converged at restart # 2; iteration #6 with error: 9.82354e-07
  [Cycle 399] Particle sorting: ON
*** B CALCULATION [GPU] ***
Execution time cycle: 2488.3 ms  [sort=0.044456 field=131.945 da_wait=0.000121 mover+out=0.033685 exchange+sort+moments=49.915 B=76.031 momentsAwait=6.88198 outCopy=2223.45]


*** SIMULATION ENDED SUCESSFULLY ***
 Simulation Time: 127.47 sec (0.0354082 hours)
***

