
Number of processes = 24
-------------------------
Number of threads = 6
-------------------------

Virtual Cartesian Processors Topology
-------------------------------------
Processors grid: 4x3x2
Periodicity X: 1
Periodicity Y: 0
Periodicity Z: 1


Simulation Parameters
---------------------
Number of species    = 4
qom[0] = -64
qom[1] = 1
qom[2] = -64
qom[3] = 1
x-Length                 = 10
y-Length                 = 10
z-Length                 = 10
Number of cells (x)      = 256
Number of cells (y)      = 192
Number of cells (z)      = 128
Time step                = 0.15
Number of cycles         = 400
Results saved in  : data
Case type         : GEM
Simulation name   : weakGEM3D_N3
Smoothing         : on (alpha=0.2, Niter=6)
---------------------
EM Field Boundary Conditions
---------------------
Xleft  : 0 (perfect conductor)
Xright : 0 (perfect conductor)
Yleft  : 0 (perfect conductor)
Yright : 0 (perfect conductor)
Zleft  : 0 (perfect conductor)
Zright : 0 (perfect conductor)
SAL (absorbing layer): no
---------------------
Particle Boundary Conditions
---------------------
Xleft  : 1 (perfect mirror)
Xright : 1 (perfect mirror)
Yleft  : 1 (perfect mirror)
Yright : 1 (perfect mirror)
Zleft  : 1 (perfect mirror)
Zright : 1 (perfect mirror)
E inflow BCs in GMRes : yes (applied per-face where bcPface == 2)
---------------------
Field Corrections
---------------------
Poisson div(E) correction  : no
div(B) cleaning            : no
---------------------
Planet Boundary
---------------------
Reflection type            : 0 (specular)
---------------------
Exosphere Ionization
---------------------
Status                     : disabled
---------------------
Check Simulation Constraints
---------------------
Accuracy Constraint:  
u_th < dx/dt species 0.....OK
v_th < dy/dt species 0......OK
u_th < dx/dt species 1.....OK
v_th < dy/dt species 1......OK
u_th < dx/dt species 2.....OK
v_th < dy/dt species 2......OK
u_th < dx/dt species 3.....OK
v_th < dy/dt species 3......OK

Finite Grid Stability Constraint:  
OK u_th*dt/dx (species 0) = 0.1728 > .1
OK v_th*dt/dy (species 0) = 0.1296 > .1
WARNING. u_th*dt/dx (species 1) = 0.048384 < .1
WARNING. v_th*dt/dy (species 1) = 0.036288 < .1
OK u_th*dt/dx (species 2) = 0.1728 > .1
OK v_th*dt/dy (species 2) = 0.1296 > .1
WARNING. u_th*dt/dx (species 3) = 0.048384 < .1
WARNING. v_th*dt/dy (species 3) = 0.036288 < .1

CFL Condition (c*dt/dx < 1):  
---------------------
Speed of light c     = 1
Time step dt         = 0.15
Grid spacing dx      = 0.0390625
Grid spacing dy      = 0.0520833
Grid spacing dz      = 0.078125
c*dt/dx              = 3.84  WARNING: CFL VIOLATED!
c*dt/dy              = 2.88  WARNING: CFL VIOLATED!
c*dt/dz              = 1.92  WARNING: CFL VIOLATED!
c*dt*|1/dx|          = 5.16976  WARNING: multi-dim CFL VIOLATED!

Numerical Resolution Parameters:  
---------------------
Larmor radius / dx (species 0) = 0.923077  (rL = 0.0360577, Omega_c*dt = 0.1872)
Larmor radius / dx (species 1) = 16.5415  (rL = 0.646154, Omega_c*dt = 0.002925)
Larmor radius / dx (species 2) = 0.923077  (rL = 0.0360577, Omega_c*dt = 0.1872)
Larmor radius / dx (species 3) = 16.5415  (rL = 0.646154, Omega_c*dt = 0.002925)
Species 0 (qom=-64): omega_p = 8, d_s/dx = 3.2, omega_p*dt = 1.2  OK
Species 1 (qom=1): omega_p = 1, d_s/dx = 25.6, omega_p*dt = 0.15  OK
Species 2 (qom=-64): omega_p = 2.52982, d_s/dx = 10.1193, omega_p*dt = 0.379473  OK
Species 3 (qom=1): omega_p = 0.316228, d_s/dx = 80.9543, omega_p*dt = 0.0474342  OK

Estimated Memory Per Rank
---------------------
Local grid (with ghosts): 66x66x66 cells, 67x67x67 nodes
HOST:   EMfields = 307.853 MB, particles = 4096 MB, comm = 409.6 MB, field buf = 53.4397 MB
        TOTAL = 4866.89 MB (4.75283 GB)
DEVICE: particles = 5734.4 MB, buffers = 1561.6 MB, moments = 91.7856 MB, field = 53.4397 MB, sort = 1088.36 MB
        TOTAL = 8529.59 MB (8.32967 GB)  (+ 500 MB CUDA context)
COMBINED = 13396.5 MB (13.0825 GB)
---------------------
------------------------------------------
Initialize GEM Challenge with Perturbation
------------------------------------------
B0x                              = 0.0195
B0y                              = 0
B0z                              = 0
Delta (current sheet thickness) = 0.5
rho species 0 = 1 DRIFTING 
rho species 1 = 1 DRIFTING 
rho species 2 = 0.1 BACKGROUND 
rho species 3 = 0.1 BACKGROUND 
-------------------------
(18.0) WARNING init(), IOManager.cpp:128: Selected particle backend requires HDF5 (compile with USE_HDF5=ON). Particle output disabled.
(18.0) WARNING init(), IOManager.cpp:133: Selected restart backend requires HDF5 (compile with USE_HDF5=ON). Restart output disabled.
(19.0) WARNING init(), IOManager.cpp:128: Selected particle backend requires HDF5 (compile with USE_HDF5=ON). Particle output disabled.
(19.0) WARNING init(), IOManager.cpp:133: Selected restart backend requires HDF5 (compile with USE_HDF5=ON). Restart output disabled.
(10.0) WARNING init(), IOManager.cpp:128: Selected particle backend requires HDF5 (compile with USE_HDF5=ON). Particle output disabled.
(10.0) WARNING init(), IOManager.cpp:133: Selected restart backend requires HDF5 (compile with USE_HDF5=ON). Restart output disabled.
(11.0) WARNING init(), IOManager.cpp:128: Selected particle backend requires HDF5 (compile with USE_HDF5=ON). Particle output disabled.
(11.0) WARNING init(), IOManager.cpp:133: Selected restart backend requires HDF5 (compile with USE_HDF5=ON). Restart output disabled.
(23.0) WARNING init(), IOManager.cpp:128: Selected particle backend requires HDF5 (compile with USE_HDF5=ON). Particle output disabled.
(23.0) WARNING init(), IOManager.cpp:133: Selected restart backend requires HDF5 (compile with USE_HDF5=ON). Restart output disabled.
(22.0) WARNING init(), IOManager.cpp:128: Selected particle backend requires HDF5 (compile with USE_HDF5=ON). Particle output disabled.
(22.0) WARNING init(), IOManager.cpp:133: Selected restart backend requires HDF5 (compile with USE_HDF5=ON). Restart output disabled.
(16.0) WARNING init(), IOManager.cpp:128: Selected particle backend requires HDF5 (compile with USE_HDF5=ON). Particle output disabled.
(16.0) WARNING init(), IOManager.cpp:133: Selected restart backend requires HDF5 (compile with USE_HDF5=ON). Restart output disabled.
(20.0) WARNING init(), IOManager.cpp:128: Selected particle backend requires HDF5 (compile with USE_HDF5=ON). Particle output disabled.
(20.0) WARNING init(), IOManager.cpp:133: Selected restart backend requires HDF5 (compile with USE_HDF5=ON). Restart output disabled.
(17.0) WARNING init(), IOManager.cpp:128: Selected particle backend requires HDF5 (compile with USE_HDF5=ON). Particle output disabled.
(17.0) WARNING init(), IOManager.cpp:133: Selected restart backend requires HDF5 (compile with USE_HDF5=ON). Restart output disabled.
(21.0) WARNING init(), IOManager.cpp:128: Selected particle backend requires HDF5 (compile with USE_HDF5=ON). Particle output disabled.
(21.0) WARNING init(), IOManager.cpp:133: Selected restart backend requires HDF5 (compile with USE_HDF5=ON). Restart output disabled.
(15.0) WARNING init(), IOManager.cpp:128: Selected particle backend requires HDF5 (compile with USE_HDF5=ON). Particle output disabled.
(15.0) WARNING init(), IOManager.cpp:133: Selected restart backend requires HDF5 (compile with USE_HDF5=ON). Restart output disabled.
(8.0) WARNING init(), IOManager.cpp:128: Selected particle backend requires HDF5 (compile with USE_HDF5=ON). Particle output disabled.
(8.0) WARNING init(), IOManager.cpp:133: Selected restart backend requires HDF5 (compile with USE_HDF5=ON). Restart output disabled.
(9.0) WARNING init(), IOManager.cpp:128: Selected particle backend requires HDF5 (compile with USE_HDF5=ON). Particle output disabled.
(9.0) WARNING init(), IOManager.cpp:133: Selected restart backend requires HDF5 (compile with USE_HDF5=ON). Restart output disabled.
(12.0) WARNING init(), IOManager.cpp:128: Selected particle backend requires HDF5 (compile with USE_HDF5=ON). Particle output disabled.
(12.0) WARNING init(), IOManager.cpp:133: Selected restart backend requires HDF5 (compile with USE_HDF5=ON). Restart output disabled.
(13.0) WARNING init(), IOManager.cpp:128: Selected particle backend requires HDF5 (compile with USE_HDF5=ON). Particle output disabled.
(13.0) WARNING init(), IOManager.cpp:133: Selected restart backend requires HDF5 (compile with USE_HDF5=ON). Restart output disabled.
(14.0) WARNING init(), IOManager.cpp:128: Selected particle backend requires HDF5 (compile with USE_HDF5=ON). Particle output disabled.
(14.0) WARNING init(), IOManager.cpp:133: Selected restart backend requires HDF5 (compile with USE_HDF5=ON). Restart output disabled.
(0.0) WARNING init(), IOManager.cpp:128: Selected particle backend requires HDF5 (compile with USE_HDF5=ON). Particle output disabled.
(0.0) WARNING init(), IOManager.cpp:133: Selected restart backend requires HDF5 (compile with USE_HDF5=ON). Restart output disabled.
(1.0) WARNING init(), IOManager.cpp:128: Selected particle backend requires HDF5 (compile with USE_HDF5=ON). Particle output disabled.
(1.0) WARNING init(), IOManager.cpp:133: Selected restart backend requires HDF5 (compile with USE_HDF5=ON). Restart output disabled.
(2.0) WARNING init(), IOManager.cpp:128: Selected particle backend requires HDF5 (compile with USE_HDF5=ON). Particle output disabled.
(2.0) WARNING init(), IOManager.cpp:133: Selected restart backend requires HDF5 (compile with USE_HDF5=ON). Restart output disabled.
(3.0) WARNING init(), IOManager.cpp:128: Selected particle backend requires HDF5 (compile with USE_HDF5=ON). Particle output disabled.
(3.0) WARNING init(), IOManager.cpp:133: Selected restart backend requires HDF5 (compile with USE_HDF5=ON). Restart output disabled.
(4.0) WARNING init(), IOManager.cpp:128: Selected particle backend requires HDF5 (compile with USE_HDF5=ON). Particle output disabled.
(4.0) WARNING init(), IOManager.cpp:133: Selected restart backend requires HDF5 (compile with USE_HDF5=ON). Restart output disabled.
(5.0) WARNING init(), IOManager.cpp:128: Selected particle backend requires HDF5 (compile with USE_HDF5=ON). Particle output disabled.
(5.0) WARNING init(), IOManager.cpp:133: Selected restart backend requires HDF5 (compile with USE_HDF5=ON). Restart output disabled.
(6.0) WARNING init(), IOManager.cpp:128: Selected particle backend requires HDF5 (compile with USE_HDF5=ON). Particle output disabled.
(6.0) WARNING init(), IOManager.cpp:133: Selected restart backend requires HDF5 (compile with USE_HDF5=ON). Restart output disabled.
(7.0) WARNING init(), IOManager.cpp:128: Selected particle backend requires HDF5 (compile with USE_HDF5=ON). Particle output disabled.
(7.0) WARNING init(), IOManager.cpp:133: Selected restart backend requires HDF5 (compile with USE_HDF5=ON). Restart output disabled.
CUDA Init finished
 ======= Cycle 0 ======= 
*** E CALCULATION [GPU] ***
*** MAXWELL SOLVER [GPU] ***
Initial residual: 0.56022 norm b vector (source) = 0.560217
GMRES converged at restart # 2; iteration #2 with error: 8.56537e-07
  [Cycle 0] Particle sorting: ON
*** B CALCULATION [GPU] ***
Execution time cycle: 1722.22 ms  [sort=18.1099 field=167.945 da_wait=0.031912 mover+out=1433.91 exchange+sort+moments=32.1103 B=63.4191 momentsAwait=6.68832 outCopy=0.001984]
 ======= Cycle 1 ======= 
*** E CALCULATION [GPU] ***
*** MAXWELL SOLVER [GPU] ***
Initial residual: 0.411986 norm b vector (source) = 0.731821
GMRES converged at restart # 2; iteration #4 with error: 7.75635e-07
  [Cycle 1] Particle sorting: ON
*** B CALCULATION [GPU] ***
Execution time cycle: 264.291 ms  [sort=0.042632 field=124.643 da_wait=0.000131 mover+out=0.038735 exchange+sort+moments=62.899 B=69.9766 momentsAwait=6.69056 outCopy=0.000641]
 ======= Cycle 2 ======= 
*** E CALCULATION [GPU] ***
*** MAXWELL SOLVER [GPU] ***
(14.0) DEBUG send_start(), BlockCommunicator.h:559: inserted new block 4
Initial residual: 0.400328 norm b vector (source) = 0.372976
GMRES converged at restart # 2; iteration #5 with error: 9.74336e-07
  [Cycle 2] Particle sorting: ON
*** B CALCULATION [GPU] ***
Execution time cycle: 260.889 ms  [sort=0.063984 field=127.141 da_wait=0.000191 mover+out=0.03124 exchange+sort+moments=56.6593 B=70.2831 momentsAwait=6.71002 outCopy=0.000541]
 ======= Cycle 3 ======= 
*** E CALCULATION [GPU] ***
*** MAXWELL SOLVER [GPU] ***
Initial residual: 0.247199 norm b vector (source) = 0.48096
GMRES converged at restart # 2; iteration #4 with error: 9.73233e-07
  [Cycle 3] Particle sorting: ON
*** B CALCULATION [GPU] ***
Execution time cycle: 256.553 ms  [sort=0.05724 field=124.592 da_wait=0.00014 mover+out=0.034998 exchange+sort+moments=54.9176 B=70.3067 momentsAwait=6.64409 outCopy=0.000812]
 ======= Cycle 4 ======= 
*** E CALCULATION [GPU] ***
*** MAXWELL SOLVER [GPU] ***
Initial residual: 0.290695 norm b vector (source) = 0.384775
GMRES converged at restart # 2; iteration #5 with error: 9.66827e-07
  [Cycle 4] Particle sorting: ON
*** B CALCULATION [GPU] ***
Execution time cycle: 257.236 ms  [sort=0.055728 field=127.218 da_wait=0.000131 mover+out=0.033424 exchange+sort+moments=52.602 B=70.5741 momentsAwait=6.75131 outCopy=0.000901]
 ======= Cycle 5 ======= 
*** E CALCULATION [GPU] ***
*** MAXWELL SOLVER [GPU] ***
Initial residual: 0.238115 norm b vector (source) = 0.413597
GMRES converged at restart # 2; iteration #5 with error: 6.97542e-07
  [Cycle 5] Particle sorting: ON
*** B CALCULATION [GPU] ***
Execution time cycle: 255.478 ms  [sort=0.053483 field=126.969 da_wait=0.00013 mover+out=0.033445 exchange+sort+moments=51.2325 B=70.476 momentsAwait=6.71287 outCopy=0.000612]
 ======= Cycle 6 ======= 
*** E CALCULATION [GPU] ***
*** MAXWELL SOLVER [GPU] ***
Initial residual: 0.247534 norm b vector (source) = 0.405091
GMRES converged at restart # 2; iteration #5 with error: 8.64569e-07
  [Cycle 6] Particle sorting: ON
*** B CALCULATION [GPU] ***
Execution time cycle: 256.085 ms  [sort=0.052361 field=127.488 da_wait=0.00013 mover+out=0.034367 exchange+sort+moments=51.264 B=70.5915 momentsAwait=6.65481 outCopy=0.000581]
 ======= Cycle 7 ======= 
*** E CALCULATION [GPU] ***
*** MAXWELL SOLVER [GPU] ***
Initial residual: 0.241633 norm b vector (source) = 0.396232
GMRES converged at restart # 2; iteration #5 with error: 9.41802e-07
  [Cycle 7] Particle sorting: ON
*** B CALCULATION [GPU] ***
Execution time cycle: 256.47 ms  [sort=0.05213 field=127.653 da_wait=0.00013 mover+out=0.032673 exchange+sort+moments=51.3287 B=70.7708 momentsAwait=6.63233 outCopy=0.001012]
 ======= Cycle 8 ======= 
*** E CALCULATION [GPU] ***
*** MAXWELL SOLVER [GPU] ***
Initial residual: 0.24236 norm b vector (source) = 0.391771
GMRES converged at restart # 2; iteration #6 with error: 6.55555e-07
  [Cycle 8] Particle sorting: ON
*** B CALCULATION [GPU] ***
Execution time cycle: 258.575 ms  [sort=0.053052 field=129.509 da_wait=0.00014 mover+out=0.033194 exchange+sort+moments=51.5479 B=70.7244 momentsAwait=6.70649 outCopy=0.000461]
 ======= Cycle 9 ======= 
*** E CALCULATION [GPU] ***
*** MAXWELL SOLVER [GPU] ***
Initial residual: 0.24351 norm b vector (source) = 0.388541
GMRES converged at restart # 2; iteration #6 with error: 7.36778e-07
  [Cycle 9] Particle sorting: ON
*** B CALCULATION [GPU] ***
Execution time cycle: 258.537 ms  [sort=0.050508 field=129.583 da_wait=0.00013 mover+out=0.031691 exchange+sort+moments=51.4033 B=70.6727 momentsAwait=6.79462 outCopy=0.000541]
 ======= Cycle 10 ======= 
*** E CALCULATION [GPU] ***
*** MAXWELL SOLVER [GPU] ***
Initial residual: 0.245338 norm b vector (source) = 0.387689
GMRES converged at restart # 2; iteration #6 with error: 8.57522e-07
  [Cycle 10] Particle sorting: ON
*** B CALCULATION [GPU] ***
Execution time cycle: 263.896 ms  [sort=0.05168 field=135.902 da_wait=0.00013 mover+out=0.030639 exchange+sort+moments=50.7123 B=70.5677 momentsAwait=6.63162 outCopy=0.000691]
 ======= Cycle 11 ======= 
*** E CALCULATION [GPU] ***
*** MAXWELL SOLVER [GPU] ***
Initial residual: 0.247721 norm b vector (source) = 0.387838
GMRES converged at restart # 2; iteration #7 with error: 6.96473e-07
  [Cycle 11] Particle sorting: ON
*** B CALCULATION [GPU] ***
Execution time cycle: 260.158 ms  [sort=0.049706 field=132.516 da_wait=0.00015 mover+out=0.033745 exchange+sort+moments=50.4614 B=70.4579 momentsAwait=6.63813 outCopy=0.000541]
 ======= Cycle 12 ======= 
*** E CALCULATION [GPU] ***
*** MAXWELL SOLVER [GPU] ***
Initial residual: 0.250124 norm b vector (source) = 0.390285
GMRES converged at restart # 2; iteration #7 with error: 7.33871e-07
  [Cycle 12] Particle sorting: ON
*** B CALCULATION [GPU] ***
Execution time cycle: 273.83 ms  [sort=0.048885 field=145.835 da_wait=0.00013 mover+out=0.032052 exchange+sort+moments=50.6201 B=70.578 momentsAwait=6.71552 outCopy=0.000401]
 ======= Cycle 13 ======= 
*** E CALCULATION [GPU] ***
*** MAXWELL SOLVER [GPU] ***
Initial residual: 0.252101 norm b vector (source) = 0.39458
GMRES converged at restart # 2; iteration #7 with error: 8.53821e-07
  [Cycle 13] Particle sorting: ON
*** B CALCULATION [GPU] ***
Execution time cycle: 268.667 ms  [sort=0.043925 field=135.26 da_wait=0.00014 mover+out=0.034577 exchange+sort+moments=50.4874 B=76.0321 momentsAwait=6.80804 outCopy=0.000661]
 ======= Cycle 14 ======= 
*** E CALCULATION [GPU] ***
*** MAXWELL SOLVER [GPU] ***
Initial residual: 0.254003 norm b vector (source) = 0.398423
GMRES converged at restart # 2; iteration #7 with error: 9.62808e-07
  [Cycle 14] Particle sorting: ON
*** B CALCULATION [GPU] ***
Execution time cycle: 276.804 ms  [sort=0.048804 field=148.563 da_wait=0.00013 mover+out=0.033115 exchange+sort+moments=50.7912 B=70.6633 momentsAwait=6.70456 outCopy=0.000371]
 ======= Cycle 15 ======= 
*** E CALCULATION [GPU] ***
*** MAXWELL SOLVER [GPU] ***
Initial residual: 0.256059 norm b vector (source) = 0.401458
GMRES converged at restart # 2; iteration #8 with error: 7.07592e-07
  [Cycle 15] Particle sorting: ON
*** B CALCULATION [GPU] ***
Execution time cycle: 266.166 ms  [sort=0.049515 field=138.106 da_wait=0.000131 mover+out=0.034887 exchange+sort+moments=50.5649 B=70.7077 momentsAwait=6.70283 outCopy=0.000491]
 ======= Cycle 16 ======= 
*** E CALCULATION [GPU] ***
*** MAXWELL SOLVER [GPU] ***
Initial residual: 0.257809 norm b vector (source) = 0.403767
GMRES converged at restart # 2; iteration #8 with error: 7.38836e-07
  [Cycle 16] Particle sorting: ON
*** B CALCULATION [GPU] ***
Execution time cycle: 279.663 ms  [sort=0.053062 field=151.065 da_wait=0.00013 mover+out=0.03105 exchange+sort+moments=50.9681 B=70.9073 momentsAwait=6.63805 outCopy=0.000481]
 ======= Cycle 17 ======= 
*** E CALCULATION [GPU] ***
*** MAXWELL SOLVER [GPU] ***
Initial residual: 0.259502 norm b vector (source) = 0.405627
GMRES converged at restart # 2; iteration #8 with error: 7.72369e-07
  [Cycle 17] Particle sorting: ON
*** B CALCULATION [GPU] ***
Execution time cycle: 266.211 ms  [sort=0.05179 field=137.77 da_wait=0.00013 mover+out=0.033515 exchange+sort+moments=50.9244 B=70.7375 momentsAwait=6.69339 outCopy=0.000541]
 ======= Cycle 18 ======= 
*** E CALCULATION [GPU] ***
*** MAXWELL SOLVER [GPU] ***
Initial residual: 0.261058 norm b vector (source) = 0.407167
GMRES converged at restart # 2; iteration #8 with error: 7.90535e-07
  [Cycle 18] Particle sorting: ON
*** B CALCULATION [GPU] ***
Execution time cycle: 266.686 ms  [sort=0.049696 field=138.592 da_wait=0.00012 mover+out=0.030589 exchange+sort+moments=50.399 B=70.7613 momentsAwait=6.85313 outCopy=0.000571]
 ======= Cycle 19 ======= 
*** E CALCULATION [GPU] ***
*** MAXWELL SOLVER [GPU] ***
Initial residual: 0.26261 norm b vector (source) = 0.408655
GMRES converged at restart # 2; iteration #8 with error: 7.99588e-07
  [Cycle 19] Particle sorting: ON
*** B CALCULATION [GPU] ***
Execution time cycle: 266.483 ms  [sort=0.050508 field=138.234 da_wait=0.000131 mover+out=0.033995 exchange+sort+moments=50.9054 B=70.5527 momentsAwait=6.70549 outCopy=0.000541]
 ======= Cycle 20 ======= 
*** E CALCULATION [GPU] ***
*** MAXWELL SOLVER [GPU] ***
Initial residual: 0.263923 norm b vector (source) = 0.410169
GMRES converged at restart # 2; iteration #8 with error: 8.22226e-07
  [Cycle 20] Particle sorting: ON
*** B CALCULATION [GPU] ***
Execution time cycle: 285.667 ms  [sort=0.05181 field=151.713 da_wait=0.00012 mover+out=0.030649 exchange+sort+moments=50.6132 B=70.5816 momentsAwait=12.6763 outCopy=0.000471]
 ======= Cycle 21 ======= 
*** E CALCULATION [GPU] ***
*** MAXWELL SOLVER [GPU] ***
Initial residual: 0.265077 norm b vector (source) = 0.411658
GMRES converged at restart # 2; iteration #8 with error: 8.52437e-07
  [Cycle 21] Particle sorting: ON
*** B CALCULATION [GPU] ***
Execution time cycle: 267.423 ms  [sort=0.050358 field=139.181 da_wait=0.0002 mover+out=0.037563 exchange+sort+moments=50.7757 B=70.5595 momentsAwait=6.8182 outCopy=0.000621]
 ======= Cycle 22 ======= 
*** E CALCULATION [GPU] ***
*** MAXWELL SOLVER [GPU] ***
Initial residual: 0.265889 norm b vector (source) = 0.412825
GMRES converged at restart # 2; iteration #8 with error: 8.8317e-07
  [Cycle 22] Particle sorting: ON
*** B CALCULATION [GPU] ***
Execution time cycle: 266.532 ms  [sort=0.050768 field=138.528 da_wait=0.00014 mover+out=0.031251 exchange+sort+moments=50.3749 B=70.7076 momentsAwait=6.8388 outCopy=0.000551]
 ======= Cycle 23 ======= 
*** E CALCULATION [GPU] ***
*** MAXWELL SOLVER [GPU] ***
Initial residual: 0.266791 norm b vector (source) = 0.414049
GMRES converged at restart # 2; iteration #8 with error: 9.29699e-07
  [Cycle 23] Particle sorting: ON
*** B CALCULATION [GPU] ***
Execution time cycle: 266.251 ms  [sort=0.048835 field=138.375 da_wait=0.000151 mover+out=0.034336 exchange+sort+moments=50.4272 B=70.5376 momentsAwait=6.82689 outCopy=0.000852]
 ======= Cycle 24 ======= 
*** E CALCULATION [GPU] ***
*** MAXWELL SOLVER [GPU] ***
Initial residual: 0.267366 norm b vector (source) = 0.41511
GMRES converged at restart # 2; iteration #8 with error: 9.81997e-07
  [Cycle 24] Particle sorting: ON
*** B CALCULATION [GPU] ***
Execution time cycle: 266.478 ms  [sort=0.041119 field=138.71 da_wait=0.00012 mover+out=0.031751 exchange+sort+moments=50.3232 B=70.5991 momentsAwait=6.77253 outCopy=0.000531]
 ======= Cycle 25 ======= 
*** E CALCULATION [GPU] ***
*** MAXWELL SOLVER [GPU] ***
Initial residual: 0.267788 norm b vector (source) = 0.41599
GMRES converged at restart # 3; iteration #0 with error: 7.92027e-07
  [Cycle 25] Particle sorting: ON
*** B CALCULATION [GPU] ***
Execution time cycle: 277.59 ms  [sort=0.047091 field=149.383 da_wait=0.000131 mover+out=0.032783 exchange+sort+moments=50.5354 B=70.728 momentsAwait=6.86367 outCopy=0.00047]
 ======= Cycle 26 ======= 
*** E CALCULATION [GPU] ***
*** MAXWELL SOLVER [GPU] ***
Initial residual: 0.268007 norm b vector (source) = 0.416554
GMRES converged at restart # 3; iteration #0 with error: 8.12451e-07
  [Cycle 26] Particle sorting: ON
*** B CALCULATION [GPU] ***
Execution time cycle: 276.477 ms  [sort=0.048594 field=148.091 da_wait=0.00012 mover+out=0.03592 exchange+sort+moments=50.9624 B=70.5529 momentsAwait=6.78514 outCopy=0.000461]
 ======= Cycle 27 ======= 
*** E CALCULATION [GPU] ***
*** MAXWELL SOLVER [GPU] ***
Initial residual: 0.268198 norm b vector (source) = 0.416974
GMRES converged at restart # 3; iteration #0 with error: 8.45484e-07
  [Cycle 27] Particle sorting: ON
*** B CALCULATION [GPU] ***
Execution time cycle: 271.339 ms  [sort=0.049486 field=142.895 da_wait=0.00013 mover+out=0.032052 exchange+sort+moments=50.9263 B=70.5583 momentsAwait=6.87679 outCopy=0.000631]
 ======= Cycle 28 ======= 
*** E CALCULATION [GPU] ***
*** MAXWELL SOLVER [GPU] ***
Initial residual: 0.2684 norm b vector (source) = 0.417378
GMRES converged at restart # 3; iteration #0 with error: 8.527e-07
  [Cycle 28] Particle sorting: ON
*** B CALCULATION [GPU] ***
Execution time cycle: 276.614 ms  [sort=0.049966 field=148.867 da_wait=0.000121 mover+out=0.032623 exchange+sort+moments=50.4644 B=70.4987 momentsAwait=6.70022 outCopy=0.00031]
 ======= Cycle 29 ======= 
*** E CALCULATION [GPU] ***
*** MAXWELL SOLVER [GPU] ***
Initial residual: 0.2686 norm b vector (source) = 0.417702
GMRES converged at restart # 3; iteration #0 with error: 8.54175e-07
  [Cycle 29] Particle sorting: ON
*** B CALCULATION [GPU] ***
Execution time cycle: 276.344 ms  [sort=0.047462 field=148.671 da_wait=0.00012 mover+out=0.033114 exchange+sort+moments=50.5132 B=70.3001 momentsAwait=6.7778 outCopy=0.000481]
 ======= Cycle 30 ======= 
*** E CALCULATION [GPU] ***
*** MAXWELL SOLVER [GPU] ***
Initial residual: 0.268698 norm b vector (source) = 0.417844
GMRES converged at restart # 2; iteration #9 with error: 7.47347e-07
  [Cycle 30] Particle sorting: ON
*** B CALCULATION [GPU] ***
Execution time cycle: 269.507 ms  [sort=0.047542 field=141.166 da_wait=0.00013 mover+out=0.034086 exchange+sort+moments=51.1429 B=70.365 momentsAwait=6.7508 outCopy=0.000451]
 ======= Cycle 31 ======= 
*** E CALCULATION [GPU] ***
*** MAXWELL SOLVER [GPU] ***
Initial residual: 0.268922 norm b vector (source) = 0.418028
GMRES converged at restart # 3; iteration #0 with error: 8.51579e-07
  [Cycle 31] Particle sorting: ON
*** B CALCULATION [GPU] ***
Execution time cycle: 276.2 ms  [sort=0.047352 field=148.193 da_wait=0.00012 mover+out=0.03069 exchange+sort+moments=50.5495 B=70.5391 momentsAwait=6.8397 outCopy=0.000531]
 ======= Cycle 32 ======= 
*** E CALCULATION [GPU] ***
*** MAXWELL SOLVER [GPU] ***
Initial residual: 0.26922 norm b vector (source) = 0.418415
GMRES converged at restart # 3; iteration #0 with error: 8.48125e-07
  [Cycle 32] Particle sorting: ON
*** B CALCULATION [GPU] ***
Execution time cycle: 278.278 ms  [sort=0.051219 field=149.046 da_wait=0.00012 mover+out=0.033656 exchange+sort+moments=51.891 B=70.2797 momentsAwait=6.9758 outCopy=0.000481]
 ======= Cycle 33 ======= 
*** E CALCULATION [GPU] ***
*** MAXWELL SOLVER [GPU] ***
Initial residual: 0.269513 norm b vector (source) = 0.41906
GMRES converged at restart # 2; iteration #9 with error: 7.6073e-07
  [Cycle 33] Particle sorting: ON
*** B CALCULATION [GPU] ***
Execution time cycle: 267.931 ms  [sort=0.048283 field=141.726 da_wait=0.000121 mover+out=0.032643 exchange+sort+moments=47.5969 B=71.751 momentsAwait=6.77577 outCopy=0.000461]
 ======= Cycle 34 ======= 
*** E CALCULATION [GPU] ***
*** MAXWELL SOLVER [GPU] ***
Initial residual: 0.269589 norm b vector (source) = 0.419469
GMRES converged at restart # 2; iteration #9 with error: 8.05418e-07
  [Cycle 34] Particle sorting: ON
*** B CALCULATION [GPU] ***
Execution time cycle: 269.773 ms  [sort=0.044306 field=141.331 da_wait=0.00013 mover+out=0.03119 exchange+sort+moments=50.9759 B=70.5765 momentsAwait=6.81364 outCopy=0.000652]
 ======= Cycle 35 ======= 
*** E CALCULATION [GPU] ***
*** MAXWELL SOLVER [GPU] ***
Initial residual: 0.27002 norm b vector (source) = 0.420259
GMRES converged at restart # 2; iteration #9 with error: 8.84899e-07
  [Cycle 35] Particle sorting: ON
*** B CALCULATION [GPU] ***
Execution time cycle: 270.359 ms  [sort=0.048234 field=141.474 da_wait=0.00013 mover+out=0.033174 exchange+sort+moments=51.3996 B=70.4041 momentsAwait=6.99998 outCopy=0.000541]
 ======= Cycle 36 ======= 
*** E CALCULATION [GPU] ***
*** MAXWELL SOLVER [GPU] ***
Initial residual: 0.269925 norm b vector (source) = 0.4207
GMRES converged at restart # 3; iteration #0 with error: 8.57564e-07
  [Cycle 36] Particle sorting: ON
*** B CALCULATION [GPU] ***
Execution time cycle: 280.804 ms  [sort=0.046981 field=152.604 da_wait=0.00013 mover+out=0.031231 exchange+sort+moments=50.4741 B=70.7681 momentsAwait=6.87928 outCopy=0.000401]
 ======= Cycle 37 ======= 
*** E CALCULATION [GPU] ***
*** MAXWELL SOLVER [GPU] ***
Initial residual: 0.270426 norm b vector (source) = 0.421426
GMRES converged at restart # 3; iteration #0 with error: 9.64351e-07
  [Cycle 37] Particle sorting: ON
*** B CALCULATION [GPU] ***
Execution time cycle: 276.975 ms  [sort=0.037603 field=148.815 da_wait=0.00013 mover+out=0.031702 exchange+sort+moments=50.6411 B=70.5855 momentsAwait=6.86366 outCopy=0.000301]
 ======= Cycle 38 ======= 
*** E CALCULATION [GPU] ***
*** MAXWELL SOLVER [GPU] ***
Initial residual: 0.270817 norm b vector (source) = 0.422223
GMRES converged at restart # 3; iteration #1 with error: 9.16002e-07
  [Cycle 38] Particle sorting: ON
*** B CALCULATION [GPU] ***
Execution time cycle: 279.061 ms  [sort=0.035729 field=151.414 da_wait=0.00011 mover+out=0.030649 exchange+sort+moments=50.1059 B=70.5667 momentsAwait=6.90725 outCopy=0.00039]
 ======= Cycle 39 ======= 
*** E CALCULATION [GPU] ***
*** MAXWELL SOLVER [GPU] ***
Initial residual: 0.270988 norm b vector (source) = 0.422629
GMRES converged at restart # 3; iteration #1 with error: 9.21727e-07
  [Cycle 39] Particle sorting: ON
*** B CALCULATION [GPU] ***
Execution time cycle: 282.323 ms  [sort=0.047402 field=153.758 da_wait=0.000211 mover+out=0.031491 exchange+sort+moments=51.0804 B=70.535 momentsAwait=6.8704 outCopy=0.000391]
 ======= Cycle 40 ======= 
*** E CALCULATION [GPU] ***
*** MAXWELL SOLVER [GPU] ***
Initial residual: 0.271111 norm b vector (source) = 0.422715
GMRES converged at restart # 3; iteration #1 with error: 9.78489e-07
  [Cycle 40] Particle sorting: ON
*** B CALCULATION [GPU] ***
Execution time cycle: 281.643 ms  [sort=0.037723 field=153.424 da_wait=0.00012 mover+out=0.03086 exchange+sort+moments=50.4323 B=70.8257 momentsAwait=6.89162 outCopy=0.000381]
 ======= Cycle 41 ======= 
*** E CALCULATION [GPU] ***
*** MAXWELL SOLVER [GPU] ***
Initial residual: 0.270868 norm b vector (source) = 0.422341
GMRES converged at restart # 3; iteration #1 with error: 9.75613e-07
  [Cycle 41] Particle sorting: ON
*** B CALCULATION [GPU] ***
Execution time cycle: 281.628 ms  [sort=0.047342 field=153.56 da_wait=0.000131 mover+out=0.033945 exchange+sort+moments=50.4528 B=70.7125 momentsAwait=6.82096 outCopy=0.000461]
 ======= Cycle 42 ======= 
*** E CALCULATION [GPU] ***
*** MAXWELL SOLVER [GPU] ***
Initial residual: 0.270951 norm b vector (source) = 0.42219
GMRES converged at restart # 3; iteration #1 with error: 9.4378e-07
  [Cycle 42] Particle sorting: ON
*** B CALCULATION [GPU] ***
Execution time cycle: 282.151 ms  [sort=0.047852 field=153.937 da_wait=0.000121 mover+out=0.032002 exchange+sort+moments=50.4115 B=70.8478 momentsAwait=6.87449 outCopy=0.000461]
 ======= Cycle 43 ======= 
*** E CALCULATION [GPU] ***
*** MAXWELL SOLVER [GPU] ***
Initial residual: 0.271142 norm b vector (source) = 0.422366
GMRES converged at restart # 3; iteration #1 with error: 9.08624e-07
  [Cycle 43] Particle sorting: ON
*** B CALCULATION [GPU] ***
Execution time cycle: 281.83 ms  [sort=0.034557 field=153.655 da_wait=0.000131 mover+out=0.034206 exchange+sort+moments=50.3361 B=70.9893 momentsAwait=6.7803 outCopy=0.000471]
 ======= Cycle 44 ======= 
*** E CALCULATION [GPU] ***
*** MAXWELL SOLVER [GPU] ***
Initial residual: 0.271269 norm b vector (source) = 0.42269
GMRES converged at restart # 3; iteration #1 with error: 8.88317e-07
  [Cycle 44] Particle sorting: ON
*** B CALCULATION [GPU] ***
Execution time cycle: 282.748 ms  [sort=0.04639 field=153.589 da_wait=0.000111 mover+out=0.033114 exchange+sort+moments=51.4601 B=70.879 momentsAwait=6.73977 outCopy=0.000351]
 ======= Cycle 45 ======= 
*** E CALCULATION [GPU] ***
*** MAXWELL SOLVER [GPU] ***
Initial residual: 0.271471 norm b vector (source) = 0.423128
GMRES converged at restart # 4; iteration #0 with error: 9.16757e-07
  [Cycle 45] Particle sorting: ON
*** B CALCULATION [GPU] ***
Execution time cycle: 284.07 ms  [sort=0.046409 field=155.321 da_wait=0.00013 mover+out=0.033976 exchange+sort+moments=50.8459 B=70.961 momentsAwait=6.86074 outCopy=0.000441]
 ======= Cycle 46 ======= 
*** E CALCULATION [GPU] ***
*** MAXWELL SOLVER [GPU] ***
Initial residual: 0.272104 norm b vector (source) = 0.423869
GMRES converged at restart # 3; iteration #0 with error: 9.87633e-07
  [Cycle 46] Particle sorting: ON
*** B CALCULATION [GPU] ***
Execution time cycle: 284.06 ms  [sort=0.048163 field=151.644 da_wait=0.00012 mover+out=0.032183 exchange+sort+moments=50.0627 B=70.8719 momentsAwait=11.3998 outCopy=0.000491]
 ======= Cycle 47 ======= 
*** E CALCULATION [GPU] ***
*** MAXWELL SOLVER [GPU] ***
Initial residual: 0.272513 norm b vector (source) = 0.424494
GMRES converged at restart # 3; iteration #0 with error: 9.99672e-07
  [Cycle 47] Particle sorting: ON
*** B CALCULATION [GPU] ***
Execution time cycle: 279.453 ms  [sort=0.047932 field=151.385 da_wait=0.000131 mover+out=0.034917 exchange+sort+moments=50.2421 B=70.8478 momentsAwait=6.89416 outCopy=0.000391]
 ======= Cycle 48 ======= 
*** E CALCULATION [GPU] ***
*** MAXWELL SOLVER [GPU] ***
Initial residual: 0.272774 norm b vector (source) = 0.424888
GMRES converged at restart # 3; iteration #1 with error: 9.049e-07
  [Cycle 48] Particle sorting: ON
*** B CALCULATION [GPU] ***
Execution time cycle: 282.625 ms  [sort=0.04648 field=153.923 da_wait=0.00019 mover+out=0.03122 exchange+sort+moments=50.9634 B=70.836 momentsAwait=6.82457 outCopy=0.000301]
 ======= Cycle 49 ======= 
*** E CALCULATION [GPU] ***
*** MAXWELL SOLVER [GPU] ***
Initial residual: 0.273041 norm b vector (source) = 0.425217
GMRES converged at restart # 3; iteration #1 with error: 9.55647e-07
  [Cycle 49] Particle sorting: ON
*** B CALCULATION [GPU] ***
Execution time cycle: 288.94 ms  [sort=0.037403 field=160.434 da_wait=0.000531 mover+out=0.03085 exchange+sort+moments=50.4485 B=71.1708 momentsAwait=6.8179 outCopy=0.000381]
 ======= Cycle 50 ======= 
*** E CALCULATION [GPU] ***
*** MAXWELL SOLVER [GPU] ***
Initial residual: 0.272933 norm b vector (source) = 0.425212
GMRES converged at restart # 3; iteration #2 with error: 8.2362e-07
  [Cycle 50] Particle sorting: ON
*** B CALCULATION [GPU] ***
Execution time cycle: 298.186 ms  [sort=13.867 field=156.497 da_wait=0.000461 mover+out=0.026792 exchange+sort+moments=49.9369 B=71.0317 momentsAwait=6.82661 outCopy=0.000391]
 ======= Cycle 51 ======= 
*** E CALCULATION [GPU] ***
*** MAXWELL SOLVER [GPU] ***
Initial residual: 0.272547 norm b vector (source) = 0.424835
GMRES converged at restart # 3; iteration #2 with error: 8.71999e-07
  [Cycle 51] Particle sorting: ON
*** B CALCULATION [GPU] ***
Execution time cycle: 284.287 ms  [sort=0.051219 field=156.366 da_wait=0.00013 mover+out=0.032433 exchange+sort+moments=49.9574 B=71.1404 momentsAwait=6.73868 outCopy=0.000401]
 ======= Cycle 52 ======= 
*** E CALCULATION [GPU] ***
*** MAXWELL SOLVER [GPU] ***
Initial residual: 0.272226 norm b vector (source) = 0.424368
GMRES converged at restart # 3; iteration #2 with error: 9.1125e-07
  [Cycle 52] Particle sorting: ON
*** B CALCULATION [GPU] ***
Execution time cycle: 291.823 ms  [sort=0.050177 field=162.905 da_wait=0.00012 mover+out=0.035088 exchange+sort+moments=50.8011 B=71.0987 momentsAwait=6.93229 outCopy=0.0003]
 ======= Cycle 53 ======= 
*** E CALCULATION [GPU] ***
*** MAXWELL SOLVER [GPU] ***
Initial residual: 0.271775 norm b vector (source) = 0.42377
GMRES converged at restart # 3; iteration #2 with error: 9.39879e-07
  [Cycle 53] Particle sorting: ON
*** B CALCULATION [GPU] ***
Execution time cycle: 284.908 ms  [sort=0.047501 field=156.412 da_wait=0.00012 mover+out=0.031701 exchange+sort+moments=50.4802 B=71.1367 momentsAwait=6.7995 outCopy=0.00047]
 ======= Cycle 54 ======= 
*** E CALCULATION [GPU] ***
*** MAXWELL SOLVER [GPU] ***
Initial residual: 0.271544 norm b vector (source) = 0.423368
GMRES converged at restart # 3; iteration #2 with error: 9.52806e-07
  [Cycle 54] Particle sorting: ON
*** B CALCULATION [GPU] ***
Execution time cycle: 284.872 ms  [sort=0.049005 field=156.262 da_wait=0.00013 mover+out=0.03091 exchange+sort+moments=50.62 B=70.9839 momentsAwait=6.92548 outCopy=0.000391]
 ======= Cycle 55 ======= 
*** E CALCULATION [GPU] ***
*** MAXWELL SOLVER [GPU] ***
Initial residual: 0.271914 norm b vector (source) = 0.423679
GMRES converged at restart # 3; iteration #2 with error: 9.37235e-07
  [Cycle 55] Particle sorting: ON
*** B CALCULATION [GPU] ***
Execution time cycle: 284.291 ms  [sort=0.050016 field=156.299 da_wait=0.00011 mover+out=0.031331 exchange+sort+moments=50.1332 B=70.9215 momentsAwait=6.85583 outCopy=0.000461]
 ======= Cycle 56 ======= 
*** E CALCULATION [GPU] ***
*** MAXWELL SOLVER [GPU] ***
Initial residual: 0.272324 norm b vector (source) = 0.424389
GMRES converged at restart # 3; iteration #2 with error: 8.98542e-07
  [Cycle 56] Particle sorting: ON
*** B CALCULATION [GPU] ***
Execution time cycle: 284.526 ms  [sort=0.047212 field=156.131 da_wait=0.000121 mover+out=0.032172 exchange+sort+moments=50.6905 B=70.8565 momentsAwait=6.76752 outCopy=0.000692]
 ======= Cycle 57 ======= 
*** E CALCULATION [GPU] ***
*** MAXWELL SOLVER [GPU] ***
Initial residual: 0.272647 norm b vector (source) = 0.42512
GMRES converged at restart # 3; iteration #2 with error: 8.43514e-07
  [Cycle 57] Particle sorting: ON
*** B CALCULATION [GPU] ***
Execution time cycle: 284.324 ms  [sort=0.047942 field=155.998 da_wait=0.00019 mover+out=0.031461 exchange+sort+moments=50.1556 B=71.2203 momentsAwait=6.87101 outCopy=0.00038]
 ======= Cycle 58 ======= 
*** E CALCULATION [GPU] ***
*** MAXWELL SOLVER [GPU] ***
Initial residual: 0.272851 norm b vector (source) = 0.425708
GMRES converged at restart # 3; iteration #1 with error: 9.70934e-07
  [Cycle 58] Particle sorting: ON
*** B CALCULATION [GPU] ***
Execution time cycle: 282.375 ms  [sort=0.034467 field=153.745 da_wait=0.00012 mover+out=0.030579 exchange+sort+moments=50.6718 B=71.0774 momentsAwait=6.81492 outCopy=0.000371]
 ======= Cycle 59 ======= 
*** E CALCULATION [GPU] ***
*** MAXWELL SOLVER [GPU] ***
Initial residual: 0.272925 norm b vector (source) = 0.426044
GMRES converged at restart # 3; iteration #1 with error: 9.07551e-07
  [Cycle 59] Particle sorting: ON
*** B CALCULATION [GPU] ***
Execution time cycle: 281.933 ms  [sort=0.047301 field=153.806 da_wait=0.00013 mover+out=0.033846 exchange+sort+moments=50.044 B=71.075 momentsAwait=6.9262 outCopy=0.000501]
 ======= Cycle 60 ======= 
*** E CALCULATION [GPU] ***
*** MAXWELL SOLVER [GPU] ***
Initial residual: 0.272724 norm b vector (source) = 0.425796
GMRES converged at restart # 3; iteration #0 with error: 9.90242e-07
  [Cycle 60] Particle sorting: ON
*** B CALCULATION [GPU] ***
Execution time cycle: 279.703 ms  [sort=0.045518 field=151.417 da_wait=0.00013 mover+out=0.032834 exchange+sort+moments=50.1326 B=71.1914 momentsAwait=6.88285 outCopy=0.000551]
 ======= Cycle 61 ======= 
*** E CALCULATION [GPU] ***
*** MAXWELL SOLVER [GPU] ***
Initial residual: 0.272183 norm b vector (source) = 0.425049
GMRES converged at restart # 3; iteration #1 with error: 9.2792e-07
  [Cycle 61] Particle sorting: ON
*** B CALCULATION [GPU] ***
Execution time cycle: 285.4 ms  [sort=0.04677 field=156.89 da_wait=0.000131 mover+out=0.035298 exchange+sort+moments=50.4434 B=71.0841 momentsAwait=6.89996 outCopy=0.000541]
 ======= Cycle 62 ======= 
*** E CALCULATION [GPU] ***
*** MAXWELL SOLVER [GPU] ***
Initial residual: 0.271972 norm b vector (source) = 0.424534
GMRES converged at restart # 3; iteration #1 with error: 9.15061e-07
  [Cycle 62] Particle sorting: ON
*** B CALCULATION [GPU] ***
Execution time cycle: 279.691 ms  [sort=0.04642 field=151.23 da_wait=0.000131 mover+out=0.03123 exchange+sort+moments=50.3841 B=71.1282 momentsAwait=6.871 outCopy=0.000381]
 ======= Cycle 63 ======= 
*** E CALCULATION [GPU] ***
*** MAXWELL SOLVER [GPU] ***
Initial residual: 0.272121 norm b vector (source) = 0.424644
GMRES converged at restart # 3; iteration #1 with error: 9.33699e-07
  [Cycle 63] Particle sorting: ON
*** B CALCULATION [GPU] ***
Execution time cycle: 279.578 ms  [sort=0.047993 field=150.959 da_wait=0.00013 mover+out=0.029627 exchange+sort+moments=50.5182 B=70.9775 momentsAwait=7.04482 outCopy=0.000562]
 ======= Cycle 64 ======= 
*** E CALCULATION [GPU] ***
*** MAXWELL SOLVER [GPU] ***
Initial residual: 0.272317 norm b vector (source) = 0.425064
GMRES converged at restart # 3; iteration #0 with error: 9.9919e-07
  [Cycle 64] Particle sorting: ON
*** B CALCULATION [GPU] ***
Execution time cycle: 279.859 ms  [sort=0.045999 field=151.519 da_wait=0.00013 mover+out=0.031691 exchange+sort+moments=50.429 B=70.9593 momentsAwait=6.87401 outCopy=0.000461]
 ======= Cycle 65 ======= 
*** E CALCULATION [GPU] ***
*** MAXWELL SOLVER [GPU] ***
Initial residual: 0.272799 norm b vector (source) = 0.425846
GMRES converged at restart # 3; iteration #1 with error: 9.70311e-07
  [Cycle 65] Particle sorting: ON
*** B CALCULATION [GPU] ***
Execution time cycle: 282.696 ms  [sort=0.048814 field=153.813 da_wait=0.000131 mover+out=0.034025 exchange+sort+moments=50.9626 B=70.894 momentsAwait=6.94305 outCopy=0.000531]
 ======= Cycle 66 ======= 
*** E CALCULATION [GPU] ***
*** MAXWELL SOLVER [GPU] ***
Initial residual: 0.273335 norm b vector (source) = 0.426825
GMRES converged at restart # 3; iteration #2 with error: 8.83818e-07
  [Cycle 66] Particle sorting: ON
*** B CALCULATION [GPU] ***
Execution time cycle: 285.89 ms  [sort=0.048183 field=157.452 da_wait=0.00022 mover+out=0.031361 exchange+sort+moments=50.3695 B=71.1534 momentsAwait=6.83465 outCopy=0.000541]
 ======= Cycle 67 ======= 
*** E CALCULATION [GPU] ***
*** MAXWELL SOLVER [GPU] ***
Initial residual: 0.273488 norm b vector (source) = 0.427413
GMRES converged at restart # 3; iteration #2 with error: 9.85051e-07
  [Cycle 67] Particle sorting: ON
*** B CALCULATION [GPU] ***
Execution time cycle: 283.92 ms  [sort=0.033775 field=156.418 da_wait=0.00013 mover+out=0.03122 exchange+sort+moments=48.2208 B=72.2689 momentsAwait=6.94702 outCopy=0.000431]
 ======= Cycle 68 ======= 
*** E CALCULATION [GPU] ***
*** MAXWELL SOLVER [GPU] ***
Initial residual: 0.273325 norm b vector (source) = 0.427287
GMRES converged at restart # 3; iteration #3 with error: 7.46243e-07
  [Cycle 68] Particle sorting: ON
*** B CALCULATION [GPU] ***
Execution time cycle: 287.425 ms  [sort=0.039756 field=158.736 da_wait=0.000131 mover+out=0.030268 exchange+sort+moments=50.8135 B=71.0015 momentsAwait=6.8037 outCopy=0.00046]
 ======= Cycle 69 ======= 
*** E CALCULATION [GPU] ***
*** MAXWELL SOLVER [GPU] ***
Initial residual: 0.273503 norm b vector (source) = 0.427455
GMRES converged at restart # 3; iteration #3 with error: 7.96575e-07
  [Cycle 69] Particle sorting: ON
*** B CALCULATION [GPU] ***
Execution time cycle: 287.311 ms  [sort=0.048374 field=158.608 da_wait=0.00012 mover+out=0.036591 exchange+sort+moments=50.4194 B=71.3158 momentsAwait=6.88241 outCopy=0.000381]
 ======= Cycle 70 ======= 
*** E CALCULATION [GPU] ***
*** MAXWELL SOLVER [GPU] ***
Initial residual: 0.273744 norm b vector (source) = 0.427974
GMRES converged at restart # 3; iteration #3 with error: 8.20691e-07
  [Cycle 70] Particle sorting: ON
*** B CALCULATION [GPU] ***
Execution time cycle: 287.938 ms  [sort=0.047893 field=158.7 da_wait=0.000141 mover+out=0.033715 exchange+sort+moments=51.0052 B=71.266 momentsAwait=6.88486 outCopy=0.000401]
 ======= Cycle 71 ======= 
*** E CALCULATION [GPU] ***
*** MAXWELL SOLVER [GPU] ***
Initial residual: 0.274055 norm b vector (source) = 0.428634
GMRES converged at restart # 3; iteration #3 with error: 8.16517e-07
  [Cycle 71] Particle sorting: ON
*** B CALCULATION [GPU] ***
Execution time cycle: 287.427 ms  [sort=0.047021 field=158.871 da_wait=0.00013 mover+out=0.031641 exchange+sort+moments=50.1775 B=71.3418 momentsAwait=6.95776 outCopy=0.000541]
 ======= Cycle 72 ======= 
*** E CALCULATION [GPU] ***
*** MAXWELL SOLVER [GPU] ***
Initial residual: 0.274081 norm b vector (source) = 0.428974
GMRES converged at restart # 3; iteration #3 with error: 7.84575e-07
  [Cycle 72] Particle sorting: ON
*** B CALCULATION [GPU] ***
Execution time cycle: 287.374 ms  [sort=0.049095 field=158.596 da_wait=0.00012 mover+out=0.031251 exchange+sort+moments=50.4795 B=71.276 momentsAwait=6.94119 outCopy=0.000461]
 ======= Cycle 73 ======= 
*** E CALCULATION [GPU] ***
*** MAXWELL SOLVER [GPU] ***
Initial residual: 0.274053 norm b vector (source) = 0.429069
GMRES converged at restart # 3; iteration #3 with error: 7.25126e-07
  [Cycle 73] Particle sorting: ON
*** B CALCULATION [GPU] ***
Execution time cycle: 287.448 ms  [sort=0.047502 field=158.955 da_wait=0.00012 mover+out=0.030639 exchange+sort+moments=50.3047 B=71.2233 momentsAwait=6.88655 outCopy=0.000471]
 ======= Cycle 74 ======= 
*** E CALCULATION [GPU] ***
*** MAXWELL SOLVER [GPU] ***
Initial residual: 0.274023 norm b vector (source) = 0.428922
GMRES converged at restart # 3; iteration #2 with error: 9.75546e-07
  [Cycle 74] Particle sorting: ON
*** B CALCULATION [GPU] ***
Execution time cycle: 284.565 ms  [sort=0.04689 field=156.02 da_wait=0.00013 mover+out=0.031831 exchange+sort+moments=50.4302 B=71.255 momentsAwait=6.77991 outCopy=0.000611]
 ======= Cycle 75 ======= 
*** E CALCULATION [GPU] ***
*** MAXWELL SOLVER [GPU] ***
Initial residual: 0.273914 norm b vector (source) = 0.428589
GMRES converged at restart # 3; iteration #2 with error: 9.22349e-07
  [Cycle 75] Particle sorting: ON
*** B CALCULATION [GPU] ***
Execution time cycle: 284.938 ms  [sort=0.049075 field=155.854 da_wait=0.000191 mover+out=0.030338 exchange+sort+moments=50.6637 B=71.5789 momentsAwait=6.7614 outCopy=0.000541]
 ======= Cycle 76 ======= 
*** E CALCULATION [GPU] ***
*** MAXWELL SOLVER [GPU] ***
Initial residual: 0.274014 norm b vector (source) = 0.428481
GMRES converged at restart # 3; iteration #2 with error: 8.94769e-07
  [Cycle 76] Particle sorting: ON
*** B CALCULATION [GPU] ***
Execution time cycle: 285.009 ms  [sort=0.035388 field=156.311 da_wait=0.00012 mover+out=0.029848 exchange+sort+moments=50.2602 B=71.4575 momentsAwait=6.91408 outCopy=0.000551]
 ======= Cycle 77 ======= 
*** E CALCULATION [GPU] ***
*** MAXWELL SOLVER [GPU] ***
Initial residual: 0.274136 norm b vector (source) = 0.428742
GMRES converged at restart # 3; iteration #2 with error: 9.04522e-07
  [Cycle 77] Particle sorting: ON
*** B CALCULATION [GPU] ***
Execution time cycle: 285.117 ms  [sort=0.045659 field=156.274 da_wait=0.00012 mover+out=0.032262 exchange+sort+moments=50.3211 B=71.5481 momentsAwait=6.89473 outCopy=0.00046]
 ======= Cycle 78 ======= 
*** E CALCULATION [GPU] ***
*** MAXWELL SOLVER [GPU] ***
Initial residual: 0.274408 norm b vector (source) = 0.429279
GMRES converged at restart # 3; iteration #2 with error: 9.44483e-07
  [Cycle 78] Particle sorting: ON
*** B CALCULATION [GPU] ***
Execution time cycle: 285.371 ms  [sort=0.045598 field=156.595 da_wait=0.00012 mover+out=0.034006 exchange+sort+moments=49.8749 B=71.8766 momentsAwait=6.9438 outCopy=0.000582]
 ======= Cycle 79 ======= 
*** E CALCULATION [GPU] ***
*** MAXWELL SOLVER [GPU] ***
Initial residual: 0.274947 norm b vector (source) = 0.430209
GMRES converged at restart # 4; iteration #0 with error: 8.48385e-07
  [Cycle 79] Particle sorting: ON
*** B CALCULATION [GPU] ***
Execution time cycle: 290.156 ms  [sort=0.05676 field=160.924 da_wait=0.000201 mover+out=0.031811 exchange+sort+moments=50.6658 B=71.6396 momentsAwait=6.83786 outCopy=0.000301]
 ======= Cycle 80 ======= 
*** E CALCULATION [GPU] ***
*** MAXWELL SOLVER [GPU] ***
Initial residual: 0.275152 norm b vector (source) = 0.430877
GMRES converged at restart # 3; iteration #3 with error: 7.46783e-07
  [Cycle 80] Particle sorting: ON
*** B CALCULATION [GPU] ***
Execution time cycle: 287.417 ms  [sort=0.045538 field=158.742 da_wait=0.00013 mover+out=0.031851 exchange+sort+moments=49.901 B=71.8035 momentsAwait=6.89274 outCopy=0.000381]
 ======= Cycle 81 ======= 
*** E CALCULATION [GPU] ***
*** MAXWELL SOLVER [GPU] ***
Initial residual: 0.275289 norm b vector (source) = 0.43121
GMRES converged at restart # 3; iteration #3 with error: 8.15209e-07
  [Cycle 81] Particle sorting: ON
*** B CALCULATION [GPU] ***
Execution time cycle: 287.569 ms  [sort=0.037222 field=158.903 da_wait=0.00012 mover+out=0.034557 exchange+sort+moments=50.1546 B=71.6757 momentsAwait=6.76348 outCopy=0.000771]
 ======= Cycle 82 ======= 
*** E CALCULATION [GPU] ***
*** MAXWELL SOLVER [GPU] ***
Initial residual: 0.275413 norm b vector (source) = 0.431421
GMRES converged at restart # 3; iteration #3 with error: 8.64489e-07
  [Cycle 82] Particle sorting: ON
*** B CALCULATION [GPU] ***
Execution time cycle: 287.314 ms  [sort=0.046429 field=158.491 da_wait=0.00012 mover+out=0.03098 exchange+sort+moments=50.2142 B=71.6146 momentsAwait=6.91613 outCopy=0.0003]
 ======= Cycle 83 ======= 
*** E CALCULATION [GPU] ***
*** MAXWELL SOLVER [GPU] ***
Initial residual: 0.275442 norm b vector (source) = 0.431486
GMRES converged at restart # 3; iteration #3 with error: 8.97362e-07
  [Cycle 83] Particle sorting: ON
*** B CALCULATION [GPU] ***
Execution time cycle: 288.476 ms  [sort=0.045357 field=159.565 da_wait=0.00022 mover+out=0.031712 exchange+sort+moments=50.184 B=71.6883 momentsAwait=6.95988 outCopy=0.000861]
 ======= Cycle 84 ======= 
*** E CALCULATION [GPU] ***
*** MAXWELL SOLVER [GPU] ***
Initial residual: 0.275157 norm b vector (source) = 0.431166
GMRES converged at restart # 3; iteration #3 with error: 8.93842e-07
  [Cycle 84] Particle sorting: ON
*** B CALCULATION [GPU] ***
Execution time cycle: 288.394 ms  [sort=0.049937 field=159.588 da_wait=0.00019 mover+out=0.032623 exchange+sort+moments=49.9839 B=71.8907 momentsAwait=6.84721 outCopy=0.000541]
 ======= Cycle 85 ======= 
*** E CALCULATION [GPU] ***
*** MAXWELL SOLVER [GPU] ***
Initial residual: 0.275143 norm b vector (source) = 0.430896
GMRES converged at restart # 3; iteration #3 with error: 8.4096e-07
  [Cycle 85] Particle sorting: ON
*** B CALCULATION [GPU] ***
Execution time cycle: 287.996 ms  [sort=0.042241 field=159.363 da_wait=0.00012 mover+out=0.031371 exchange+sort+moments=49.9324 B=71.7055 momentsAwait=6.92155 outCopy=0.000301]
 ======= Cycle 86 ======= 
*** E CALCULATION [GPU] ***
*** MAXWELL SOLVER [GPU] ***
Initial residual: 0.274912 norm b vector (source) = 0.430613
GMRES converged at restart # 3; iteration #3 with error: 7.70838e-07
  [Cycle 86] Particle sorting: ON
*** B CALCULATION [GPU] ***
Execution time cycle: 290.169 ms  [sort=0.045518 field=161.255 da_wait=0.00012 mover+out=0.0309 exchange+sort+moments=50.1192 B=71.8382 momentsAwait=6.87925 outCopy=0.000471]
 ======= Cycle 87 ======= 
*** E CALCULATION [GPU] ***
*** MAXWELL SOLVER [GPU] ***
Initial residual: 0.274774 norm b vector (source) = 0.430359
GMRES converged at restart # 4; iteration #0 with error: 8.54231e-07
  [Cycle 87] Particle sorting: ON
*** B CALCULATION [GPU] ***
Execution time cycle: 289.926 ms  [sort=0.045889 field=161.182 da_wait=0.00021 mover+out=0.032934 exchange+sort+moments=49.9244 B=71.8925 momentsAwait=6.84747 outCopy=0.000551]
 ======= Cycle 88 ======= 
*** E CALCULATION [GPU] ***
*** MAXWELL SOLVER [GPU] ***
Initial residual: 0.274881 norm b vector (source) = 0.430476
GMRES converged at restart # 3; iteration #2 with error: 8.83951e-07
  [Cycle 88] Particle sorting: ON
*** B CALCULATION [GPU] ***
Execution time cycle: 285.961 ms  [sort=0.047001 field=156.731 da_wait=0.000141 mover+out=0.030929 exchange+sort+moments=50.507 B=71.8016 momentsAwait=6.84356 outCopy=0.000461]
 ======= Cycle 89 ======= 
*** E CALCULATION [GPU] ***
*** MAXWELL SOLVER [GPU] ***
Initial residual: 0.274737 norm b vector (source) = 0.430462
GMRES converged at restart # 3; iteration #1 with error: 9.75396e-07
  [Cycle 89] Particle sorting: ON
*** B CALCULATION [GPU] ***
Execution time cycle: 282.797 ms  [sort=0.045778 field=154.208 da_wait=0.00013 mover+out=0.031861 exchange+sort+moments=49.9131 B=71.8028 momentsAwait=6.79542 outCopy=0.000421]
 ======= Cycle 90 ======= 
*** E CALCULATION [GPU] ***
*** MAXWELL SOLVER [GPU] ***
Initial residual: 0.27445 norm b vector (source) = 0.430077
GMRES converged at restart # 3; iteration #1 with error: 8.96378e-07
  [Cycle 90] Particle sorting: ON
*** B CALCULATION [GPU] ***
Execution time cycle: 283.713 ms  [sort=0.045037 field=154.81 da_wait=0.00012 mover+out=0.032242 exchange+sort+moments=50.2382 B=71.6639 momentsAwait=6.9235 outCopy=0.000611]
 ======= Cycle 91 ======= 
*** E CALCULATION [GPU] ***
*** MAXWELL SOLVER [GPU] ***
Initial residual: 0.274234 norm b vector (source) = 0.42969
GMRES converged at restart # 3; iteration #0 with error: 9.89787e-07
  [Cycle 91] Particle sorting: ON
*** B CALCULATION [GPU] ***
Execution time cycle: 280.634 ms  [sort=0.04656 field=151.913 da_wait=0.000121 mover+out=0.03108 exchange+sort+moments=50.1295 B=71.7256 momentsAwait=6.78774 outCopy=0.00031]
 ======= Cycle 92 ======= 
*** E CALCULATION [GPU] ***
*** MAXWELL SOLVER [GPU] ***
Initial residual: 0.274034 norm b vector (source) = 0.429351
GMRES converged at restart # 3; iteration #1 with error: 8.75602e-07
  [Cycle 92] Particle sorting: ON
*** B CALCULATION [GPU] ***
Execution time cycle: 282.958 ms  [sort=0.04672 field=154.316 da_wait=0.000131 mover+out=0.035278 exchange+sort+moments=49.9614 B=71.7053 momentsAwait=6.89341 outCopy=0.000531]
 ======= Cycle 93 ======= 
*** E CALCULATION [GPU] ***
*** MAXWELL SOLVER [GPU] ***
Initial residual: 0.274007 norm b vector (source) = 0.429227
GMRES converged at restart # 3; iteration #1 with error: 9.42343e-07
  [Cycle 93] Particle sorting: ON
*** B CALCULATION [GPU] ***
Execution time cycle: 283.271 ms  [sort=0.045769 field=154.516 da_wait=0.00013 mover+out=0.03123 exchange+sort+moments=50.0294 B=71.7832 momentsAwait=6.86558 outCopy=0.000441]
 ======= Cycle 94 ======= 
*** E CALCULATION [GPU] ***
*** MAXWELL SOLVER [GPU] ***
Initial residual: 0.274127 norm b vector (source) = 0.429429
GMRES converged at restart # 3; iteration #2 with error: 8.42362e-07
  [Cycle 94] Particle sorting: ON
*** B CALCULATION [GPU] ***
Execution time cycle: 285.816 ms  [sort=0.04634 field=157.004 da_wait=0.00012 mover+out=0.03071 exchange+sort+moments=50.1377 B=71.6876 momentsAwait=6.90897 outCopy=0.000481]
 ======= Cycle 95 ======= 
*** E CALCULATION [GPU] ***
*** MAXWELL SOLVER [GPU] ***
Initial residual: 0.274498 norm b vector (source) = 0.430199
GMRES converged at restart # 3; iteration #2 with error: 9.36404e-07
  [Cycle 95] Particle sorting: ON
*** B CALCULATION [GPU] ***
Execution time cycle: 286.537 ms  [sort=0.04666 field=157.27 da_wait=0.00013 mover+out=0.03095 exchange+sort+moments=50.4255 B=71.8027 momentsAwait=6.96003 outCopy=0.000391]
 ======= Cycle 96 ======= 
*** E CALCULATION [GPU] ***
*** MAXWELL SOLVER [GPU] ***
Initial residual: 0.274773 norm b vector (source) = 0.431151
GMRES converged at restart # 3; iteration #3 with error: 7.07084e-07
  [Cycle 96] Particle sorting: ON
*** B CALCULATION [GPU] ***
Execution time cycle: 288.737 ms  [sort=0.049305 field=159.444 da_wait=0.000121 mover+out=0.031721 exchange+sort+moments=50.2724 B=71.9171 momentsAwait=7.02257 outCopy=0.000461]
 ======= Cycle 97 ======= 
*** E CALCULATION [GPU] ***
*** MAXWELL SOLVER [GPU] ***
Initial residual: 0.275034 norm b vector (source) = 0.431986
GMRES converged at restart # 3; iteration #3 with error: 7.59808e-07
  [Cycle 97] Particle sorting: ON
*** B CALCULATION [GPU] ***
Execution time cycle: 289.101 ms  [sort=0.047321 field=159.41 da_wait=0.000191 mover+out=0.032653 exchange+sort+moments=50.7895 B=71.8948 momentsAwait=6.92614 outCopy=0.000531]
 ======= Cycle 98 ======= 
*** E CALCULATION [GPU] ***
*** MAXWELL SOLVER [GPU] ***
Initial residual: 0.275445 norm b vector (source) = 0.432784
GMRES converged at restart # 3; iteration #3 with error: 7.96459e-07
  [Cycle 98] Particle sorting: ON
*** B CALCULATION [GPU] ***
Execution time cycle: 288.706 ms  [sort=0.047882 field=159.601 da_wait=0.000131 mover+out=0.033114 exchange+sort+moments=50.3724 B=71.8427 momentsAwait=6.80844 outCopy=0.000601]
 ======= Cycle 99 ======= 
*** E CALCULATION [GPU] ***
*** MAXWELL SOLVER [GPU] ***
Initial residual: 0.275594 norm b vector (source) = 0.433202
GMRES converged at restart # 3; iteration #3 with error: 8.00354e-07
  [Cycle 99] Particle sorting: ON
*** B CALCULATION [GPU] ***
Execution time cycle: 289.039 ms  [sort=0.048063 field=159.504 da_wait=0.00017 mover+out=0.032322 exchange+sort+moments=50.7235 B=71.7712 momentsAwait=6.95944 outCopy=0.00033]
 ======= Cycle 100 ======= 
*** E CALCULATION [GPU] ***
*** MAXWELL SOLVER [GPU] ***
Initial residual: 0.275605 norm b vector (source) = 0.433273
GMRES converged at restart # 3; iteration #3 with error: 7.72216e-07
  [Cycle 100] Particle sorting: ON
*** B CALCULATION [GPU] ***
Execution time cycle: 302.544 ms  [sort=13.976 field=159.908 da_wait=0.000701 mover+out=0.026181 exchange+sort+moments=49.6679 B=72.0066 momentsAwait=6.95856 outCopy=0.000541]
 ======= Cycle 101 ======= 
*** E CALCULATION [GPU] ***
*** MAXWELL SOLVER [GPU] ***
Initial residual: 0.275453 norm b vector (source) = 0.433096
GMRES converged at restart # 3; iteration #3 with error: 7.24937e-07
  [Cycle 101] Particle sorting: ON
*** B CALCULATION [GPU] ***
Execution time cycle: 288.344 ms  [sort=0.046049 field=159.483 da_wait=0.00013 mover+out=0.034216 exchange+sort+moments=49.4918 B=72.3812 momentsAwait=6.90714 outCopy=0.00046]
 ======= Cycle 102 ======= 
*** E CALCULATION [GPU] ***
*** MAXWELL SOLVER [GPU] ***
Initial residual: 0.275485 norm b vector (source) = 0.433039
GMRES converged at restart # 3; iteration #2 with error: 9.87415e-07
  [Cycle 102] Particle sorting: ON
*** B CALCULATION [GPU] ***
Execution time cycle: 285.84 ms  [sort=0.047372 field=157.012 da_wait=0.00015 mover+out=0.032773 exchange+sort+moments=50.0571 B=71.8014 momentsAwait=6.88913 outCopy=0.00038]
 ======= Cycle 103 ======= 
*** E CALCULATION [GPU] ***
*** MAXWELL SOLVER [GPU] ***
Initial residual: 0.275352 norm b vector (source) = 0.432942
GMRES converged at restart # 3; iteration #2 with error: 9.12357e-07
  [Cycle 103] Particle sorting: ON
*** B CALCULATION [GPU] ***
Execution time cycle: 286.52 ms  [sort=0.047101 field=157.2 da_wait=0.00014 mover+out=0.031691 exchange+sort+moments=50.2177 B=72.0672 momentsAwait=6.95503 outCopy=0.000752]
 ======= Cycle 104 ======= 
*** E CALCULATION [GPU] ***
*** MAXWELL SOLVER [GPU] ***
Initial residual: 0.275436 norm b vector (source) = 0.433037
GMRES converged at restart # 3; iteration #2 with error: 8.52328e-07
  [Cycle 104] Particle sorting: ON
*** B CALCULATION [GPU] ***
Execution time cycle: 286.692 ms  [sort=0.071027 field=157.138 da_wait=0.000131 mover+out=0.030519 exchange+sort+moments=50.2245 B=72.2671 momentsAwait=6.96048 outCopy=0.000481]
 ======= Cycle 105 ======= 
*** E CALCULATION [GPU] ***
*** MAXWELL SOLVER [GPU] ***
Initial residual: 0.275571 norm b vector (source) = 0.433252
GMRES converged at restart # 3; iteration #1 with error: 9.98705e-07
  [Cycle 105] Particle sorting: ON
*** B CALCULATION [GPU] ***
Execution time cycle: 284.524 ms  [sort=0.048794 field=154.942 da_wait=0.00013 mover+out=0.03096 exchange+sort+moments=50.4323 B=72.1959 momentsAwait=6.87338 outCopy=0.000631]
 ======= Cycle 106 ======= 
*** E CALCULATION [GPU] ***
*** MAXWELL SOLVER [GPU] ***
Initial residual: 0.275509 norm b vector (source) = 0.4333
GMRES converged at restart # 3; iteration #1 with error: 9.87623e-07
  [Cycle 106] Particle sorting: ON
*** B CALCULATION [GPU] ***
Execution time cycle: 284.2 ms  [sort=0.047442 field=154.642 da_wait=0.000211 mover+out=0.035368 exchange+sort+moments=50.4257 B=72.1671 momentsAwait=6.88225 outCopy=0.000471]
 ======= Cycle 107 ======= 
*** E CALCULATION [GPU] ***
*** MAXWELL SOLVER [GPU] ***
Initial residual: 0.275562 norm b vector (source) = 0.433368
GMRES converged at restart # 3; iteration #2 with error: 8.40117e-07
  [Cycle 107] Particle sorting: ON
*** B CALCULATION [GPU] ***
Execution time cycle: 286.59 ms  [sort=0.048934 field=157.054 da_wait=0.00014 mover+out=0.03102 exchange+sort+moments=50.403 B=72.1713 momentsAwait=6.8813 outCopy=0.00031]
 ======= Cycle 108 ======= 
*** E CALCULATION [GPU] ***
*** MAXWELL SOLVER [GPU] ***
Initial residual: 0.275646 norm b vector (source) = 0.433433
GMRES converged at restart # 3; iteration #2 with error: 9.1111e-07
  [Cycle 108] Particle sorting: ON
*** B CALCULATION [GPU] ***
Execution time cycle: 286.717 ms  [sort=0.047402 field=157.218 da_wait=0.00012 mover+out=0.032633 exchange+sort+moments=50.4066 B=72.0981 momentsAwait=6.9132 outCopy=0.000711]
 ======= Cycle 109 ======= 
*** E CALCULATION [GPU] ***
*** MAXWELL SOLVER [GPU] ***
Initial residual: 0.275734 norm b vector (source) = 0.433499
GMRES converged at restart # 3; iteration #2 with error: 9.95366e-07
  [Cycle 109] Particle sorting: ON
*** B CALCULATION [GPU] ***
Execution time cycle: 285.851 ms  [sort=0.046199 field=156.634 da_wait=0.00012 mover+out=0.031391 exchange+sort+moments=50.1584 B=72.1513 momentsAwait=6.82932 outCopy=0.000391]
 ======= Cycle 110 ======= 
*** E CALCULATION [GPU] ***
*** MAXWELL SOLVER [GPU] ***
Initial residual: 0.275981 norm b vector (source) = 0.433727
GMRES converged at restart # 3; iteration #3 with error: 7.52416e-07
  [Cycle 110] Particle sorting: ON
*** B CALCULATION [GPU] ***
Execution time cycle: 288.39 ms  [sort=0.04661 field=158.83 da_wait=0.00012 mover+out=0.04643 exchange+sort+moments=50.108 B=72.5556 momentsAwait=6.80342 outCopy=0.000471]
 ======= Cycle 111 ======= 
*** E CALCULATION [GPU] ***
*** MAXWELL SOLVER [GPU] ***
Initial residual: 0.276261 norm b vector (source) = 0.434024
GMRES converged at restart # 3; iteration #3 with error: 8.21678e-07
  [Cycle 111] Particle sorting: ON
*** B CALCULATION [GPU] ***
Execution time cycle: 288.738 ms  [sort=0.047111 field=159.68 da_wait=0.00013 mover+out=0.031401 exchange+sort+moments=49.7463 B=72.2658 momentsAwait=6.96607 outCopy=0.000641]
 ======= Cycle 112 ======= 
*** E CALCULATION [GPU] ***
*** MAXWELL SOLVER [GPU] ***
Initial residual: 0.276601 norm b vector (source) = 0.434456
GMRES converged at restart # 3; iteration #3 with error: 8.73258e-07
  [Cycle 112] Particle sorting: ON
*** B CALCULATION [GPU] ***
Execution time cycle: 288.6 ms  [sort=0.047081 field=159.599 da_wait=0.00012 mover+out=0.0309 exchange+sort+moments=49.6596 B=72.4078 momentsAwait=6.85505 outCopy=0.000381]
 ======= Cycle 113 ======= 
*** E CALCULATION [GPU] ***
*** MAXWELL SOLVER [GPU] ***
Initial residual: 0.276636 norm b vector (source) = 0.434596
GMRES converged at restart # 3; iteration #3 with error: 8.93738e-07
  [Cycle 113] Particle sorting: ON
*** B CALCULATION [GPU] ***
Execution time cycle: 289.608 ms  [sort=0.045598 field=159.648 da_wait=0.000131 mover+out=0.03101 exchange+sort+moments=50.2151 B=72.7431 momentsAwait=6.92508 outCopy=0.000401]
 ======= Cycle 114 ======= 
*** E CALCULATION [GPU] ***
*** MAXWELL SOLVER [GPU] ***
Initial residual: 0.276741 norm b vector (source) = 0.434723
GMRES converged at restart # 3; iteration #3 with error: 8.72589e-07
  [Cycle 114] Particle sorting: ON
*** B CALCULATION [GPU] ***
Execution time cycle: 289.562 ms  [sort=0.04149 field=159.632 da_wait=0.00021 mover+out=0.035449 exchange+sort+moments=50.4119 B=72.5064 momentsAwait=6.93475 outCopy=0.00031]
 ======= Cycle 115 ======= 
*** E CALCULATION [GPU] ***
*** MAXWELL SOLVER [GPU] ***
Initial residual: 0.276536 norm b vector (source) = 0.434572
GMRES converged at restart # 3; iteration #3 with error: 8.09852e-07
  [Cycle 115] Particle sorting: ON
*** B CALCULATION [GPU] ***
Execution time cycle: 289.099 ms  [sort=0.047431 field=159.432 da_wait=0.00014 mover+out=0.033855 exchange+sort+moments=50.0653 B=72.5875 momentsAwait=6.93226 outCopy=0.000471]
 ======= Cycle 116 ======= 
*** E CALCULATION [GPU] ***
*** MAXWELL SOLVER [GPU] ***
Initial residual: 0.276487 norm b vector (source) = 0.434415
GMRES converged at restart # 3; iteration #3 with error: 7.23788e-07
  [Cycle 116] Particle sorting: ON
*** B CALCULATION [GPU] ***
Execution time cycle: 289.086 ms  [sort=0.048274 field=159.568 da_wait=0.00013 mover+out=0.032934 exchange+sort+moments=50.0289 B=72.5528 momentsAwait=6.85464 outCopy=0.00038]
 ======= Cycle 117 ======= 
*** E CALCULATION [GPU] ***
*** MAXWELL SOLVER [GPU] ***
Initial residual: 0.276555 norm b vector (source) = 0.434446
GMRES converged at restart # 3; iteration #2 with error: 9.2534e-07
  [Cycle 117] Particle sorting: ON
*** B CALCULATION [GPU] ***
Execution time cycle: 286.642 ms  [sort=0.046621 field=157.271 da_wait=0.00012 mover+out=0.031491 exchange+sort+moments=49.9258 B=72.4968 momentsAwait=6.87014 outCopy=0.000481]
 ======= Cycle 118 ======= 
*** E CALCULATION [GPU] ***
*** MAXWELL SOLVER [GPU] ***
Initial residual: 0.276542 norm b vector (source) = 0.434533
GMRES converged at restart # 3; iteration #1 with error: 9.80178e-07
  [Cycle 118] Particle sorting: ON
*** B CALCULATION [GPU] ***
Execution time cycle: 284.659 ms  [sort=0.04645 field=154.817 da_wait=0.000131 mover+out=0.030819 exchange+sort+moments=50.2101 B=72.6601 momentsAwait=6.89358 outCopy=0.000461]
 ======= Cycle 119 ======= 
*** E CALCULATION [GPU] ***
*** MAXWELL SOLVER [GPU] ***
Initial residual: 0.276329 norm b vector (source) = 0.434489
GMRES converged at restart # 3; iteration #0 with error: 9.90263e-07
  [Cycle 119] Particle sorting: ON
*** B CALCULATION [GPU] ***
Execution time cycle: 281.504 ms  [sort=0.045368 field=151.909 da_wait=0.00013 mover+out=0.032243 exchange+sort+moments=49.81 B=72.7385 momentsAwait=6.96839 outCopy=0.000411]
 ======= Cycle 120 ======= 
*** E CALCULATION [GPU] ***
*** MAXWELL SOLVER [GPU] ***
Initial residual: 0.27608 norm b vector (source) = 0.434373
GMRES converged at restart # 3; iteration #1 with error: 8.88971e-07
  [Cycle 120] Particle sorting: ON
*** B CALCULATION [GPU] ***
Execution time cycle: 281.063 ms  [sort=0.045759 field=151.697 da_wait=0.00013 mover+out=0.035078 exchange+sort+moments=49.7066 B=72.6959 momentsAwait=6.88178 outCopy=0.000561]
 ======= Cycle 121 ======= 
*** E CALCULATION [GPU] ***
*** MAXWELL SOLVER [GPU] ***
Initial residual: 0.276006 norm b vector (source) = 0.434307
GMRES converged at restart # 3; iteration #1 with error: 8.58165e-07
  [Cycle 121] Particle sorting: ON
*** B CALCULATION [GPU] ***
Execution time cycle: 281.432 ms  [sort=0.04635 field=151.707 da_wait=0.00011 mover+out=0.03101 exchange+sort+moments=50.0311 B=72.7332 momentsAwait=6.88213 outCopy=0.000561]
 ======= Cycle 122 ======= 
*** E CALCULATION [GPU] ***
*** MAXWELL SOLVER [GPU] ***
Initial residual: 0.275829 norm b vector (source) = 0.434037
GMRES converged at restart # 3; iteration #1 with error: 8.81315e-07
  [Cycle 122] Particle sorting: ON
*** B CALCULATION [GPU] ***
Execution time cycle: 281.567 ms  [sort=0.045138 field=151.938 da_wait=0.00012 mover+out=0.032143 exchange+sort+moments=49.9401 B=72.7216 momentsAwait=6.88993 outCopy=0.000381]
 ======= Cycle 123 ======= 
*** E CALCULATION [GPU] ***
*** MAXWELL SOLVER [GPU] ***
Initial residual: 0.275774 norm b vector (source) = 0.433736
GMRES converged at restart # 3; iteration #0 with error: 9.74732e-07
  [Cycle 123] Particle sorting: ON
*** B CALCULATION [GPU] ***
Execution time cycle: 282.2 ms  [sort=0.045327 field=152.057 da_wait=0.000131 mover+out=0.031951 exchange+sort+moments=50.3704 B=72.6981 momentsAwait=6.99667 outCopy=0.00038]
 ======= Cycle 124 ======= 
*** E CALCULATION [GPU] ***
*** MAXWELL SOLVER [GPU] ***
Initial residual: 0.275869 norm b vector (source) = 0.433718
GMRES converged at restart # 3; iteration #1 with error: 9.52984e-07
  [Cycle 124] Particle sorting: ON
*** B CALCULATION [GPU] ***
Execution time cycle: 284.552 ms  [sort=0.047362 field=154.464 da_wait=0.0002 mover+out=0.035549 exchange+sort+moments=50.3687 B=72.7606 momentsAwait=6.87468 outCopy=0.000371]
 ======= Cycle 125 ======= 
*** E CALCULATION [GPU] ***
*** MAXWELL SOLVER [GPU] ***
Initial residual: 0.276043 norm b vector (source) = 0.433965
GMRES converged at restart # 3; iteration #2 with error: 8.72446e-07
  [Cycle 125] Particle sorting: ON
*** B CALCULATION [GPU] ***
Execution time cycle: 286.802 ms  [sort=0.047682 field=157.199 da_wait=0.00013 mover+out=0.031271 exchange+sort+moments=49.992 B=72.688 momentsAwait=6.84406 outCopy=0.00035]
 ======= Cycle 126 ======= 
*** E CALCULATION [GPU] ***
*** MAXWELL SOLVER [GPU] ***
Initial residual: 0.276304 norm b vector (source) = 0.434455
GMRES converged at restart # 3; iteration #2 with error: 9.59623e-07
  [Cycle 126] Particle sorting: ON
*** B CALCULATION [GPU] ***
Execution time cycle: 286.822 ms  [sort=0.046269 field=157.187 da_wait=0.00013 mover+out=0.038134 exchange+sort+moments=50.1378 B=72.5474 momentsAwait=6.86482 outCopy=0.000331]
 ======= Cycle 127 ======= 
*** E CALCULATION [GPU] ***
*** MAXWELL SOLVER [GPU] ***
Initial residual: 0.276537 norm b vector (source) = 0.434978
GMRES converged at restart # 4; iteration #0 with error: 8.57054e-07
  [Cycle 127] Particle sorting: ON
*** B CALCULATION [GPU] ***
Execution time cycle: 292.865 ms  [sort=0.048113 field=162.942 da_wait=0.000121 mover+out=0.032232 exchange+sort+moments=50.3625 B=72.6063 momentsAwait=6.87333 outCopy=0.000381]
 ======= Cycle 128 ======= 
*** E CALCULATION [GPU] ***
*** MAXWELL SOLVER [GPU] ***
Initial residual: 0.276682 norm b vector (source) = 0.435327
GMRES converged at restart # 3; iteration #3 with error: 6.91583e-07
  [Cycle 128] Particle sorting: ON
*** B CALCULATION [GPU] ***
Execution time cycle: 288.977 ms  [sort=0.046039 field=159.476 da_wait=0.000121 mover+out=0.032112 exchange+sort+moments=49.7404 B=72.8445 momentsAwait=6.83669 outCopy=0.00038]
 ======= Cycle 129 ======= 
*** E CALCULATION [GPU] ***
*** MAXWELL SOLVER [GPU] ***
Initial residual: 0.2768 norm b vector (source) = 0.435577
GMRES converged at restart # 3; iteration #2 with error: 9.70357e-07
  [Cycle 129] Particle sorting: ON
*** B CALCULATION [GPU] ***
Execution time cycle: 286.794 ms  [sort=0.044636 field=157.185 da_wait=0.000131 mover+out=0.03147 exchange+sort+moments=50.1165 B=72.5758 momentsAwait=6.83964 outCopy=0.000381]
 ======= Cycle 130 ======= 
*** E CALCULATION [GPU] ***
*** MAXWELL SOLVER [GPU] ***
Initial residual: 0.277031 norm b vector (source) = 0.435922
GMRES converged at restart # 3; iteration #2 with error: 8.78112e-07
  [Cycle 130] Particle sorting: ON
*** B CALCULATION [GPU] ***
Execution time cycle: 286.583 ms  [sort=0.047612 field=156.82 da_wait=0.000121 mover+out=0.029457 exchange+sort+moments=50.1452 B=72.7245 momentsAwait=6.81499 outCopy=0.000431]
 ======= Cycle 131 ======= 
*** E CALCULATION [GPU] ***
*** MAXWELL SOLVER [GPU] ***
Initial residual: 0.277162 norm b vector (source) = 0.436253
GMRES converged at restart # 3; iteration #1 with error: 9.39992e-07
  [Cycle 131] Particle sorting: ON
*** B CALCULATION [GPU] ***
Execution time cycle: 283.639 ms  [sort=0.048173 field=154.098 da_wait=0.00012 mover+out=0.030319 exchange+sort+moments=49.8554 B=72.8343 momentsAwait=6.77172 outCopy=0.000381]
 ======= Cycle 132 ======= 
*** E CALCULATION [GPU] ***
*** MAXWELL SOLVER [GPU] ***
Initial residual: 0.277096 norm b vector (source) = 0.436322
GMRES converged at restart # 3; iteration #1 with error: 9.161e-07
  [Cycle 132] Particle sorting: ON
*** B CALCULATION [GPU] ***
Execution time cycle: 281.579 ms  [sort=0.037733 field=151.482 da_wait=0.000231 mover+out=0.032934 exchange+sort+moments=50.3893 B=72.8395 momentsAwait=6.79702 outCopy=0.000461]
 ======= Cycle 133 ======= 
*** E CALCULATION [GPU] ***
*** MAXWELL SOLVER [GPU] ***
Initial residual: 0.277068 norm b vector (source) = 0.436388
GMRES converged at restart # 3; iteration #0 with error: 9.77604e-07
  [Cycle 133] Particle sorting: ON
*** B CALCULATION [GPU] ***
Execution time cycle: 279.3 ms  [sort=0.047612 field=149.616 da_wait=0.00013 mover+out=0.031892 exchange+sort+moments=49.9599 B=72.7283 momentsAwait=6.91535 outCopy=0.000391]
 ======= Cycle 134 ======= 
*** E CALCULATION [GPU] ***
*** MAXWELL SOLVER [GPU] ***
Initial residual: 0.276847 norm b vector (source) = 0.436269
GMRES converged at restart # 3; iteration #0 with error: 8.97176e-07
  [Cycle 134] Particle sorting: ON
*** B CALCULATION [GPU] ***
Execution time cycle: 278.942 ms  [sort=0.046871 field=149.433 da_wait=0.00012 mover+out=0.032042 exchange+sort+moments=49.6843 B=72.8696 momentsAwait=6.87506 outCopy=0.000301]
 ======= Cycle 135 ======= 
*** E CALCULATION [GPU] ***
*** MAXWELL SOLVER [GPU] ***
Initial residual: 0.276652 norm b vector (source) = 0.435961
GMRES converged at restart # 3; iteration #0 with error: 8.7544e-07
  [Cycle 135] Particle sorting: ON
*** B CALCULATION [GPU] ***
Execution time cycle: 279.015 ms  [sort=0.045568 field=149.514 da_wait=0.00012 mover+out=0.033074 exchange+sort+moments=49.8698 B=72.6286 momentsAwait=6.92334 outCopy=0.00045]
 ======= Cycle 136 ======= 
*** E CALCULATION [GPU] ***
*** MAXWELL SOLVER [GPU] ***
Initial residual: 0.276911 norm b vector (source) = 0.436036
GMRES converged at restart # 3; iteration #0 with error: 9.12862e-07
  [Cycle 136] Particle sorting: ON
*** B CALCULATION [GPU] ***
Execution time cycle: 279.332 ms  [sort=0.046149 field=149.152 da_wait=0.000121 mover+out=0.030639 exchange+sort+moments=50.3487 B=72.8173 momentsAwait=6.93644 outCopy=0.000832]
 ======= Cycle 137 ======= 
*** E CALCULATION [GPU] ***
*** MAXWELL SOLVER [GPU] ***
Initial residual: 0.276979 norm b vector (source) = 0.436053
GMRES converged at restart # 3; iteration #0 with error: 9.99875e-07
  [Cycle 137] Particle sorting: ON
*** B CALCULATION [GPU] ***
Execution time cycle: 278.487 ms  [sort=0.044096 field=148.93 da_wait=0.00013 mover+out=0.032292 exchange+sort+moments=49.576 B=73.0437 momentsAwait=6.86016 outCopy=0.000311]
 ======= Cycle 138 ======= 
*** E CALCULATION [GPU] ***
*** MAXWELL SOLVER [GPU] ***
Initial residual: 0.277059 norm b vector (source) = 0.435907
GMRES converged at restart # 3; iteration #0 with error: 9.59361e-07
  [Cycle 138] Particle sorting: ON
*** B CALCULATION [GPU] ***
Execution time cycle: 281.658 ms  [sort=0.047542 field=152.232 da_wait=0.00013 mover+out=0.030389 exchange+sort+moments=49.5391 B=72.9039 momentsAwait=6.90441 outCopy=0.000381]
 ======= Cycle 139 ======= 
*** E CALCULATION [GPU] ***
*** MAXWELL SOLVER [GPU] ***
Initial residual: 0.277309 norm b vector (source) = 0.435997
GMRES converged at restart # 3; iteration #1 with error: 9.68018e-07
  [Cycle 139] Particle sorting: ON
*** B CALCULATION [GPU] ***
Execution time cycle: 284.335 ms  [sort=0.045508 field=154.608 da_wait=0.000131 mover+out=0.033184 exchange+sort+moments=49.7237 B=72.9884 momentsAwait=6.93572 outCopy=0.000381]
 ======= Cycle 140 ======= 
*** E CALCULATION [GPU] ***
*** MAXWELL SOLVER [GPU] ***
Initial residual: 0.277412 norm b vector (source) = 0.436235
GMRES converged at restart # 3; iteration #2 with error: 8.99529e-07
  [Cycle 140] Particle sorting: ON
*** B CALCULATION [GPU] ***
Execution time cycle: 287.272 ms  [sort=0.042983 field=156.902 da_wait=0.00015 mover+out=0.031481 exchange+sort+moments=49.9325 B=73.3491 momentsAwait=7.01359 outCopy=0.000381]
 ======= Cycle 141 ======= 
*** E CALCULATION [GPU] ***
*** MAXWELL SOLVER [GPU] ***
Initial residual: 0.277477 norm b vector (source) = 0.436644
GMRES converged at restart # 3; iteration #2 with error: 9.84935e-07
  [Cycle 141] Particle sorting: ON
*** B CALCULATION [GPU] ***
Execution time cycle: 286.677 ms  [sort=0.04652 field=156.517 da_wait=0.00012 mover+out=0.032403 exchange+sort+moments=50.1276 B=73.0834 momentsAwait=6.86984 outCopy=0.0003]
 ======= Cycle 142 ======= 
*** E CALCULATION [GPU] ***
*** MAXWELL SOLVER [GPU] ***
Initial residual: 0.277566 norm b vector (source) = 0.437068
GMRES converged at restart # 3; iteration #3 with error: 7.09042e-07
  [Cycle 142] Particle sorting: ON
*** B CALCULATION [GPU] ***
Execution time cycle: 289.399 ms  [sort=0.047151 field=159.125 da_wait=0.000201 mover+out=0.029296 exchange+sort+moments=50.1329 B=73.1856 momentsAwait=6.87878 outCopy=0.000321]
 ======= Cycle 143 ======= 
*** E CALCULATION [GPU] ***
*** MAXWELL SOLVER [GPU] ***
Initial residual: 0.277861 norm b vector (source) = 0.437549
GMRES converged at restart # 3; iteration #3 with error: 7.06533e-07
  [Cycle 143] Particle sorting: ON
*** B CALCULATION [GPU] ***
Execution time cycle: 289.117 ms  [sort=0.045287 field=159.308 da_wait=0.00019 mover+out=0.029036 exchange+sort+moments=49.9018 B=72.9446 momentsAwait=6.88754 outCopy=0.000391]
 ======= Cycle 144 ======= 
*** E CALCULATION [GPU] ***
*** MAXWELL SOLVER [GPU] ***
Initial residual: 0.278126 norm b vector (source) = 0.437908
GMRES converged at restart # 3; iteration #2 with error: 9.77e-07
  [Cycle 144] Particle sorting: ON
*** B CALCULATION [GPU] ***
Execution time cycle: 286.37 ms  [sort=0.044356 field=156.727 da_wait=0.00013 mover+out=0.035028 exchange+sort+moments=49.9309 B=72.8026 momentsAwait=6.82892 outCopy=0.000351]
 ======= Cycle 145 ======= 
*** E CALCULATION [GPU] ***
*** MAXWELL SOLVER [GPU] ***
Initial residual: 0.278566 norm b vector (source) = 0.438366
GMRES converged at restart # 3; iteration #2 with error: 8.71743e-07
  [Cycle 145] Particle sorting: ON
*** B CALCULATION [GPU] ***
Execution time cycle: 287.545 ms  [sort=0.046641 field=157.221 da_wait=0.000131 mover+out=0.033364 exchange+sort+moments=50.3147 B=73.0655 momentsAwait=6.8625 outCopy=0.000391]
 ======= Cycle 146 ======= 
*** E CALCULATION [GPU] ***
*** MAXWELL SOLVER [GPU] ***
Initial residual: 0.278804 norm b vector (source) = 0.438717
GMRES converged at restart # 3; iteration #1 with error: 9.26505e-07
  [Cycle 146] Particle sorting: ON
*** B CALCULATION [GPU] ***
Execution time cycle: 284.502 ms  [sort=0.044636 field=154.486 da_wait=0.00014 mover+out=0.03097 exchange+sort+moments=49.6897 B=73.3647 momentsAwait=6.88618 outCopy=0.000381]
 ======= Cycle 147 ======= 
*** E CALCULATION [GPU] ***
*** MAXWELL SOLVER [GPU] ***
Initial residual: 0.278689 norm b vector (source) = 0.438699
GMRES converged at restart # 3; iteration #1 with error: 8.94017e-07
  [Cycle 147] Particle sorting: ON
*** B CALCULATION [GPU] ***
Execution time cycle: 281.517 ms  [sort=0.045978 field=151.719 da_wait=0.00012 mover+out=0.033946 exchange+sort+moments=49.6181 B=73.1872 momentsAwait=6.91242 outCopy=0.00038]
 ======= Cycle 148 ======= 
*** E CALCULATION [GPU] ***
*** MAXWELL SOLVER [GPU] ***
Initial residual: 0.278418 norm b vector (source) = 0.43841
GMRES converged at restart # 3; iteration #0 with error: 9.3952e-07
  [Cycle 148] Particle sorting: ON
*** B CALCULATION [GPU] ***
Execution time cycle: 279.234 ms  [sort=0.04629 field=149.321 da_wait=0.00012 mover+out=0.033615 exchange+sort+moments=49.682 B=73.2919 momentsAwait=6.85821 outCopy=0.000461]
 ======= Cycle 149 ======= 
*** E CALCULATION [GPU] ***
*** MAXWELL SOLVER [GPU] ***
Initial residual: 0.277933 norm b vector (source) = 0.437878
GMRES converged at restart # 3; iteration #0 with error: 8.46321e-07
  [Cycle 149] Particle sorting: ON
*** B CALCULATION [GPU] ***
Execution time cycle: 291.456 ms  [sort=0.043754 field=160.925 da_wait=0.0002 mover+out=0.034066 exchange+sort+moments=49.9407 B=73.5917 momentsAwait=6.91999 outCopy=0.000531]
 ======= Cycle 150 ======= 
*** E CALCULATION [GPU] ***
*** MAXWELL SOLVER [GPU] ***
Initial residual: 0.277537 norm b vector (source) = 0.437317
GMRES converged at restart # 2; iteration #9 with error: 9.6963e-07
  [Cycle 150] Particle sorting: ON
*** B CALCULATION [GPU] ***
Execution time cycle: 289.44 ms  [sort=13.8092 field=145.844 da_wait=0.000611 mover+out=0.027073 exchange+sort+moments=49.4947 B=73.3746 momentsAwait=6.88949 outCopy=0.000381]
 ======= Cycle 151 ======= 
*** E CALCULATION [GPU] ***
*** MAXWELL SOLVER [GPU] ***
Initial residual: 0.277419 norm b vector (source) = 0.436954
GMRES converged at restart # 2; iteration #9 with error: 9.65103e-07
  [Cycle 151] Particle sorting: ON
*** B CALCULATION [GPU] ***
Execution time cycle: 275.253 ms  [sort=0.048234 field=145.441 da_wait=0.00013 mover+out=0.031431 exchange+sort+moments=49.5516 B=73.2809 momentsAwait=6.89967 outCopy=0.000381]
 ======= Cycle 152 ======= 
*** E CALCULATION [GPU] ***
*** MAXWELL SOLVER [GPU] ***
Initial residual: 0.277667 norm b vector (source) = 0.436995
GMRES converged at restart # 3; iteration #0 with error: 8.42332e-07
  [Cycle 152] Particle sorting: ON
*** B CALCULATION [GPU] ***
Execution time cycle: 279.901 ms  [sort=0.045618 field=149.601 da_wait=0.00013 mover+out=0.0358 exchange+sort+moments=50.083 B=73.1631 momentsAwait=6.97204 outCopy=0.000391]
 ======= Cycle 153 ======= 
*** E CALCULATION [GPU] ***
*** MAXWELL SOLVER [GPU] ***
Initial residual: 0.277814 norm b vector (source) = 0.437102
GMRES converged at restart # 3; iteration #0 with error: 9.24813e-07
  [Cycle 153] Particle sorting: ON
*** B CALCULATION [GPU] ***
Execution time cycle: 279.606 ms  [sort=0.04654 field=149.289 da_wait=0.00013 mover+out=0.031191 exchange+sort+moments=49.9493 B=73.3714 momentsAwait=6.91759 outCopy=0.000481]
 ======= Cycle 154 ======= 
*** E CALCULATION [GPU] ***
*** MAXWELL SOLVER [GPU] ***
Initial residual: 0.278168 norm b vector (source) = 0.437409
GMRES converged at restart # 3; iteration #1 with error: 8.44778e-07
  [Cycle 154] Particle sorting: ON
*** B CALCULATION [GPU] ***
Execution time cycle: 281.202 ms  [sort=0.045368 field=151.402 da_wait=0.000141 mover+out=0.028004 exchange+sort+moments=49.6194 B=73.367 momentsAwait=6.73949 outCopy=0.000681]
 ======= Cycle 155 ======= 
*** E CALCULATION [GPU] ***
*** MAXWELL SOLVER [GPU] ***
Initial residual: 0.278534 norm b vector (source) = 0.437858
GMRES converged at restart # 3; iteration #0 with error: 9.64631e-07
  [Cycle 155] Particle sorting: ON
*** B CALCULATION [GPU] ***
Execution time cycle: 281.171 ms  [sort=0.046419 field=151.673 da_wait=0.00013 mover+out=0.029818 exchange+sort+moments=49.2262 B=73.344 momentsAwait=6.85146 outCopy=0.000381]
 ======= Cycle 156 ======= 
*** E CALCULATION [GPU] ***
*** MAXWELL SOLVER [GPU] ***
Initial residual: 0.278635 norm b vector (source) = 0.438057
GMRES converged at restart # 3; iteration #1 with error: 9.10418e-07
  [Cycle 156] Particle sorting: ON
*** B CALCULATION [GPU] ***
Execution time cycle: 284.1 ms  [sort=0.04644 field=153.964 da_wait=0.000121 mover+out=0.03139 exchange+sort+moments=49.8734 B=73.3313 momentsAwait=6.85271 outCopy=0.000381]
 ======= Cycle 157 ======= 
*** E CALCULATION [GPU] ***
*** MAXWELL SOLVER [GPU] ***
Initial residual: 0.278713 norm b vector (source) = 0.438177
GMRES converged at restart # 3; iteration #1 with error: 9.49176e-07
  [Cycle 157] Particle sorting: ON
*** B CALCULATION [GPU] ***
Execution time cycle: 285.327 ms  [sort=0.044035 field=154.578 da_wait=0.000201 mover+out=0.029827 exchange+sort+moments=49.9326 B=73.7694 momentsAwait=6.97316 outCopy=0.000231]
 ======= Cycle 158 ======= 
*** E CALCULATION [GPU] ***
*** MAXWELL SOLVER [GPU] ***
Initial residual: 0.278732 norm b vector (source) = 0.438303
GMRES converged at restart # 3; iteration #1 with error: 9.37231e-07
  [Cycle 158] Particle sorting: ON
*** B CALCULATION [GPU] ***
Execution time cycle: 297.786 ms  [sort=0.040528 field=163.415 da_wait=0.00022 mover+out=0.031612 exchange+sort+moments=50.1101 B=73.5273 momentsAwait=10.6605 outCopy=0.000301]
 ======= Cycle 159 ======= 
*** E CALCULATION [GPU] ***
*** MAXWELL SOLVER [GPU] ***
Initial residual: 0.278727 norm b vector (source) = 0.438301
GMRES converged at restart # 3; iteration #1 with error: 8.7242e-07
  [Cycle 159] Particle sorting: ON
*** B CALCULATION [GPU] ***
Execution time cycle: 290.203 ms  [sort=0.042963 field=159.536 da_wait=0.0002 mover+out=0.03593 exchange+sort+moments=50.0414 B=73.5841 momentsAwait=6.9622 outCopy=0.0004]
 ======= Cycle 160 ======= 
*** E CALCULATION [GPU] ***
*** MAXWELL SOLVER [GPU] ***
Initial residual: 0.278589 norm b vector (source) = 0.438236
GMRES converged at restart # 3; iteration #1 with error: 8.73382e-07
  [Cycle 160] Particle sorting: ON
*** B CALCULATION [GPU] ***
Execution time cycle: 282.625 ms  [sort=0.045588 field=152.003 da_wait=0.00012 mover+out=0.034978 exchange+sort+moments=50.1812 B=73.3665 momentsAwait=6.99364 outCopy=0.00038]
 ======= Cycle 161 ======= 
*** E CALCULATION [GPU] ***
*** MAXWELL SOLVER [GPU] ***
Initial residual: 0.278445 norm b vector (source) = 0.438153
GMRES converged at restart # 3; iteration #0 with error: 9.05359e-07
  [Cycle 161] Particle sorting: ON
*** B CALCULATION [GPU] ***
Execution time cycle: 278.912 ms  [sort=0.049366 field=149.3 da_wait=0.00013 mover+out=0.033104 exchange+sort+moments=49.6406 B=73.0717 momentsAwait=6.81627 outCopy=0.000471]
 ======= Cycle 162 ======= 
*** E CALCULATION [GPU] ***
*** MAXWELL SOLVER [GPU] ***
Initial residual: 0.27835 norm b vector (source) = 0.438098
GMRES converged at restart # 2; iteration #9 with error: 9.17239e-07
  [Cycle 162] Particle sorting: ON
*** B CALCULATION [GPU] ***
Execution time cycle: 275.4 ms  [sort=0.04666 field=144.956 da_wait=0.00012 mover+out=0.039677 exchange+sort+moments=50.1144 B=73.2849 momentsAwait=6.95817 outCopy=0.000371]
 ======= Cycle 163 ======= 
*** E CALCULATION [GPU] ***
*** MAXWELL SOLVER [GPU] ***
Initial residual: 0.278251 norm b vector (source) = 0.438049
GMRES converged at restart # 2; iteration #9 with error: 8.0014e-07
  [Cycle 163] Particle sorting: ON
*** B CALCULATION [GPU] ***
Execution time cycle: 274.244 ms  [sort=0.046109 field=143.823 da_wait=0.000121 mover+out=0.035097 exchange+sort+moments=49.8507 B=73.5451 momentsAwait=6.94371 outCopy=0.000411]
 ======= Cycle 164 ======= 
*** E CALCULATION [GPU] ***
*** MAXWELL SOLVER [GPU] ***
Initial residual: 0.278271 norm b vector (source) = 0.438167
GMRES converged at restart # 3; iteration #0 with error: 8.38654e-07
  [Cycle 164] Particle sorting: ON
*** B CALCULATION [GPU] ***
Execution time cycle: 274.602 ms  [sort=0.054966 field=143.928 da_wait=0.00013 mover+out=0.032603 exchange+sort+moments=50.2915 B=73.4268 momentsAwait=6.86812 outCopy=0.000391]
 ======= Cycle 165 ======= 
*** E CALCULATION [GPU] ***
*** MAXWELL SOLVER [GPU] ***
Initial residual: 0.278134 norm b vector (source) = 0.438077
GMRES converged at restart # 3; iteration #0 with error: 8.00662e-07
  [Cycle 165] Particle sorting: ON
*** B CALCULATION [GPU] ***
Execution time cycle: 274.185 ms  [sort=0.055658 field=143.493 da_wait=0.000141 mover+out=0.037021 exchange+sort+moments=50.1044 B=73.5304 momentsAwait=6.964 outCopy=0.000561]
 ======= Cycle 166 ======= 
*** E CALCULATION [GPU] ***
*** MAXWELL SOLVER [GPU] ***
Initial residual: 0.277916 norm b vector (source) = 0.43769
GMRES converged at restart # 3; iteration #0 with error: 8.17668e-07
  [Cycle 166] Particle sorting: ON
*** B CALCULATION [GPU] ***
Execution time cycle: 274.538 ms  [sort=0.050087 field=143.72 da_wait=0.00013 mover+out=0.034116 exchange+sort+moments=50.0534 B=73.7126 momentsAwait=6.96683 outCopy=0.00038]
 ======= Cycle 167 ======= 
*** E CALCULATION [GPU] ***
*** MAXWELL SOLVER [GPU] ***
Initial residual: 0.27769 norm b vector (source) = 0.437265
GMRES converged at restart # 2; iteration #9 with error: 7.63756e-07
  [Cycle 167] Particle sorting: ON
*** B CALCULATION [GPU] ***
Execution time cycle: 273.638 ms  [sort=0.047562 field=142.161 da_wait=0.00013 mover+out=0.031511 exchange+sort+moments=50.7004 B=73.7076 momentsAwait=6.98865 outCopy=0.000732]
 ======= Cycle 168 ======= 
*** E CALCULATION [GPU] ***
*** MAXWELL SOLVER [GPU] ***
Initial residual: 0.277536 norm b vector (source) = 0.436963
GMRES converged at restart # 2; iteration #9 with error: 8.80283e-07
  [Cycle 168] Particle sorting: ON
*** B CALCULATION [GPU] ***
Execution time cycle: 272.748 ms  [sort=0.050427 field=142.01 da_wait=0.00013 mover+out=0.031451 exchange+sort+moments=49.9861 B=73.747 momentsAwait=6.92326 outCopy=0.000451]
 ======= Cycle 169 ======= 
*** E CALCULATION [GPU] ***
*** MAXWELL SOLVER [GPU] ***
Initial residual: 0.277593 norm b vector (source) = 0.436849
GMRES converged at restart # 2; iteration #9 with error: 9.96715e-07
  [Cycle 169] Particle sorting: ON
*** B CALCULATION [GPU] ***
Execution time cycle: 276.571 ms  [sort=0.035067 field=145.901 da_wait=0.000201 mover+out=0.038424 exchange+sort+moments=50.2349 B=73.4705 momentsAwait=6.89071 outCopy=0.000381]
 ======= Cycle 170 ======= 
*** E CALCULATION [GPU] ***
*** MAXWELL SOLVER [GPU] ***
Initial residual: 0.277863 norm b vector (source) = 0.437091
GMRES converged at restart # 3; iteration #0 with error: 9.59544e-07
  [Cycle 170] Particle sorting: ON
*** B CALCULATION [GPU] ***
Execution time cycle: 280.123 ms  [sort=0.049746 field=149.911 da_wait=0.000131 mover+out=0.039155 exchange+sort+moments=49.9285 B=73.2841 momentsAwait=6.90979 outCopy=0.000481]
 ======= Cycle 171 ======= 
*** E CALCULATION [GPU] ***
*** MAXWELL SOLVER [GPU] ***
Initial residual: 0.278218 norm b vector (source) = 0.437478
GMRES converged at restart # 3; iteration #1 with error: 8.88498e-07
  [Cycle 171] Particle sorting: ON
*** B CALCULATION [GPU] ***
Execution time cycle: 283.319 ms  [sort=0.048364 field=152.398 da_wait=0.00013 mover+out=0.031491 exchange+sort+moments=50.5223 B=73.4782 momentsAwait=6.84035 outCopy=0.000381]
 ======= Cycle 172 ======= 
*** E CALCULATION [GPU] ***
*** MAXWELL SOLVER [GPU] ***
Initial residual: 0.278555 norm b vector (source) = 0.437817
GMRES converged at restart # 3; iteration #0 with error: 9.6906e-07
  [Cycle 172] Particle sorting: ON
*** B CALCULATION [GPU] ***
Execution time cycle: 283.793 ms  [sort=0.052902 field=153.061 da_wait=0.0002 mover+out=0.03101 exchange+sort+moments=50.0257 B=73.7042 momentsAwait=6.91704 outCopy=0.000471]
 ======= Cycle 173 ======= 
*** E CALCULATION [GPU] ***
*** MAXWELL SOLVER [GPU] ***
Initial residual: 0.278634 norm b vector (source) = 0.437839
GMRES converged at restart # 3; iteration #0 with error: 9.70952e-07
  [Cycle 173] Particle sorting: ON
*** B CALCULATION [GPU] ***
Execution time cycle: 282.671 ms  [sort=0.055187 field=152.313 da_wait=0.000201 mover+out=0.035639 exchange+sort+moments=49.7848 B=73.5821 momentsAwait=6.89938 outCopy=0.000721]
 ======= Cycle 174 ======= 
*** E CALCULATION [GPU] ***
*** MAXWELL SOLVER [GPU] ***
Initial residual: 0.278924 norm b vector (source) = 0.43801
GMRES converged at restart # 3; iteration #1 with error: 8.9143e-07
  [Cycle 174] Particle sorting: ON
*** B CALCULATION [GPU] ***
Execution time cycle: 282.92 ms  [sort=0.050497 field=152.176 da_wait=0.00014 mover+out=0.031521 exchange+sort+moments=49.9031 B=73.7981 momentsAwait=6.96043 outCopy=0.000722]
 ======= Cycle 175 ======= 
*** E CALCULATION [GPU] ***
*** MAXWELL SOLVER [GPU] ***
Initial residual: 0.279193 norm b vector (source) = 0.438426
GMRES converged at restart # 3; iteration #0 with error: 9.60012e-07
  [Cycle 175] Particle sorting: ON
*** B CALCULATION [GPU] ***
Execution time cycle: 280.714 ms  [sort=0.050728 field=149.738 da_wait=0.000201 mover+out=0.035358 exchange+sort+moments=49.9134 B=73.9782 momentsAwait=6.99782 outCopy=0.000461]
 ======= Cycle 176 ======= 
*** E CALCULATION [GPU] ***
*** MAXWELL SOLVER [GPU] ***
Initial residual: 0.279249 norm b vector (source) = 0.438831
GMRES converged at restart # 2; iteration #9 with error: 9.86297e-07
  [Cycle 176] Particle sorting: ON
*** B CALCULATION [GPU] ***
Execution time cycle: 276.738 ms  [sort=0.050557 field=145.494 da_wait=0.00012 mover+out=0.03609 exchange+sort+moments=50.2429 B=74.024 momentsAwait=6.88962 outCopy=0.000401]
 ======= Cycle 177 ======= 
*** E CALCULATION [GPU] ***
*** MAXWELL SOLVER [GPU] ***
Initial residual: 0.279053 norm b vector (source) = 0.438984
GMRES converged at restart # 2; iteration #9 with error: 8.59009e-07
  [Cycle 177] Particle sorting: ON
*** B CALCULATION [GPU] ***
Execution time cycle: 273.598 ms  [sort=0.05185 field=142.405 da_wait=0.00013 mover+out=0.032182 exchange+sort+moments=50.195 B=73.9559 momentsAwait=6.95717 outCopy=0.00038]
 ======= Cycle 178 ======= 
*** E CALCULATION [GPU] ***
*** MAXWELL SOLVER [GPU] ***
Initial residual: 0.278773 norm b vector (source) = 0.43901
GMRES converged at restart # 2; iteration #9 with error: 7.41818e-07
  [Cycle 178] Particle sorting: ON
*** B CALCULATION [GPU] ***
Execution time cycle: 273.344 ms  [sort=0.050819 field=142.658 da_wait=0.000121 mover+out=0.032713 exchange+sort+moments=50.003 B=73.688 momentsAwait=6.91089 outCopy=0.000551]
 ======= Cycle 179 ======= 
*** E CALCULATION [GPU] ***
*** MAXWELL SOLVER [GPU] ***
Initial residual: 0.278442 norm b vector (source) = 0.438848
GMRES converged at restart # 3; iteration #0 with error: 7.98531e-07
  [Cycle 179] Particle sorting: ON
*** B CALCULATION [GPU] ***
Execution time cycle: 274.455 ms  [sort=0.05213 field=143.668 da_wait=0.00012 mover+out=0.031261 exchange+sort+moments=50.0696 B=73.7499 momentsAwait=6.88368 outCopy=0.000481]
 ======= Cycle 180 ======= 
*** E CALCULATION [GPU] ***
*** MAXWELL SOLVER [GPU] ***
Initial residual: 0.278333 norm b vector (source) = 0.438655
GMRES converged at restart # 2; iteration #8 with error: 9.77526e-07
  [Cycle 180] Particle sorting: ON
*** B CALCULATION [GPU] ***
Execution time cycle: 270.491 ms  [sort=0.049776 field=139.474 da_wait=0.00013 mover+out=0.034477 exchange+sort+moments=50.3552 B=73.8627 momentsAwait=6.7145 outCopy=0.000461]
 ======= Cycle 181 ======= 
*** E CALCULATION [GPU] ***
*** MAXWELL SOLVER [GPU] ***
Initial residual: 0.278036 norm b vector (source) = 0.438198
GMRES converged at restart # 2; iteration #8 with error: 9.98908e-07
  [Cycle 181] Particle sorting: ON
*** B CALCULATION [GPU] ***
Execution time cycle: 269.828 ms  [sort=0.052341 field=139.11 da_wait=0.00012 mover+out=0.031852 exchange+sort+moments=49.7538 B=74.0903 momentsAwait=6.78824 outCopy=0.000571]
 ======= Cycle 182 ======= 
*** E CALCULATION [GPU] ***
*** MAXWELL SOLVER [GPU] ***
Initial residual: 0.277975 norm b vector (source) = 0.43772
GMRES converged at restart # 3; iteration #0 with error: 8.40955e-07
  [Cycle 182] Particle sorting: ON
*** B CALCULATION [GPU] ***
Execution time cycle: 274.011 ms  [sort=0.05154 field=143.317 da_wait=0.000301 mover+out=0.032893 exchange+sort+moments=49.7596 B=73.9601 momentsAwait=6.8895 outCopy=0.00038]
 ======= Cycle 183 ======= 
*** E CALCULATION [GPU] ***
*** MAXWELL SOLVER [GPU] ***
Initial residual: 0.278005 norm b vector (source) = 0.437368
GMRES converged at restart # 2; iteration #9 with error: 8.11952e-07
  [Cycle 183] Particle sorting: ON
*** B CALCULATION [GPU] ***
Execution time cycle: 272.485 ms  [sort=0.050507 field=141.792 da_wait=0.00011 mover+out=0.031741 exchange+sort+moments=49.6703 B=74.1764 momentsAwait=6.76365 outCopy=0.00038]
 ======= Cycle 184 ======= 
*** E CALCULATION [GPU] ***
*** MAXWELL SOLVER [GPU] ***
Initial residual: 0.277949 norm b vector (source) = 0.436965
GMRES converged at restart # 2; iteration #9 with error: 9.25446e-07
  [Cycle 184] Particle sorting: ON
*** B CALCULATION [GPU] ***
Execution time cycle: 273.398 ms  [sort=0.051529 field=141.899 da_wait=0.00013 mover+out=0.036401 exchange+sort+moments=50.216 B=74.3148 momentsAwait=6.87982 outCopy=0.000792]
 ======= Cycle 185 ======= 
*** E CALCULATION [GPU] ***
*** MAXWELL SOLVER [GPU] ***
Initial residual: 0.278179 norm b vector (source) = 0.436841
GMRES converged at restart # 3; iteration #0 with error: 8.31097e-07
  [Cycle 185] Particle sorting: ON
*** B CALCULATION [GPU] ***
Execution time cycle: 280.676 ms  [sort=0.049536 field=149.34 da_wait=0.00013 mover+out=0.032283 exchange+sort+moments=50.1887 B=74.2678 momentsAwait=6.79643 outCopy=0.000491]
 ======= Cycle 186 ======= 
*** E CALCULATION [GPU] ***
*** MAXWELL SOLVER [GPU] ***
Initial residual: 0.278217 norm b vector (source) = 0.436767
GMRES converged at restart # 3; iteration #0 with error: 9.01892e-07
  [Cycle 186] Particle sorting: ON
*** B CALCULATION [GPU] ***
Execution time cycle: 280.345 ms  [sort=0.048835 field=149.241 da_wait=0.00013 mover+out=0.03632 exchange+sort+moments=49.9898 B=74.203 momentsAwait=6.82574 outCopy=0.000391]
 ======= Cycle 187 ======= 
*** E CALCULATION [GPU] ***
*** MAXWELL SOLVER [GPU] ***
Initial residual: 0.278421 norm b vector (source) = 0.436858
GMRES converged at restart # 3; iteration #0 with error: 9.31783e-07
  [Cycle 187] Particle sorting: ON
*** B CALCULATION [GPU] ***
Execution time cycle: 280.207 ms  [sort=0.047713 field=149.364 da_wait=0.000131 mover+out=0.032853 exchange+sort+moments=49.8463 B=73.9662 momentsAwait=6.94898 outCopy=0.000381]
 ======= Cycle 188 ======= 
*** E CALCULATION [GPU] ***
*** MAXWELL SOLVER [GPU] ***
Initial residual: 0.278742 norm b vector (source) = 0.437367
GMRES converged at restart # 3; iteration #0 with error: 9.09893e-07
  [Cycle 188] Particle sorting: ON
*** B CALCULATION [GPU] ***
Execution time cycle: 281.009 ms  [sort=0.049215 field=149.877 da_wait=0.00013 mover+out=0.035318 exchange+sort+moments=50.3076 B=73.8658 momentsAwait=6.87302 outCopy=0.000702]
 ======= Cycle 189 ======= 
*** E CALCULATION [GPU] ***
*** MAXWELL SOLVER [GPU] ***
Initial residual: 0.27888 norm b vector (source) = 0.437857
GMRES converged at restart # 3; iteration #0 with error: 8.36654e-07
  [Cycle 189] Particle sorting: ON
*** B CALCULATION [GPU] ***
Execution time cycle: 280.491 ms  [sort=0.05139 field=149.428 da_wait=0.00019 mover+out=0.032373 exchange+sort+moments=50.097 B=73.9586 momentsAwait=6.92293 outCopy=0.000802]
 ======= Cycle 190 ======= 
*** E CALCULATION [GPU] ***
*** MAXWELL SOLVER [GPU] ***
Initial residual: 0.278731 norm b vector (source) = 0.438053
GMRES converged at restart # 2; iteration #9 with error: 9.09689e-07
  [Cycle 190] Particle sorting: ON
*** B CALCULATION [GPU] ***
Execution time cycle: 272.8 ms  [sort=0.048534 field=142.045 da_wait=0.00013 mover+out=0.042272 exchange+sort+moments=49.5782 B=74.19 momentsAwait=6.89597 outCopy=0.000461]
 ======= Cycle 191 ======= 
*** E CALCULATION [GPU] ***
*** MAXWELL SOLVER [GPU] ***
Initial residual: 0.278499 norm b vector (source) = 0.438025
GMRES converged at restart # 2; iteration #9 with error: 7.64107e-07
  [Cycle 191] Particle sorting: ON
*** B CALCULATION [GPU] ***
Execution time cycle: 272.699 ms  [sort=0.05155 field=141.91 da_wait=0.00013 mover+out=0.039316 exchange+sort+moments=49.6353 B=74.1261 momentsAwait=6.93684 outCopy=0.000431]
 ======= Cycle 192 ======= 
*** E CALCULATION [GPU] ***
*** MAXWELL SOLVER [GPU] ***
Initial residual: 0.278433 norm b vector (source) = 0.437926
GMRES converged at restart # 2; iteration #8 with error: 9.53737e-07
  [Cycle 192] Particle sorting: ON
*** B CALCULATION [GPU] ***
Execution time cycle: 270.289 ms  [sort=0.052101 field=139.419 da_wait=0.00012 mover+out=0.035709 exchange+sort+moments=49.8119 B=74.0702 momentsAwait=6.89963 outCopy=0.000461]
 ======= Cycle 193 ======= 
*** E CALCULATION [GPU] ***
*** MAXWELL SOLVER [GPU] ***
Initial residual: 0.2785 norm b vector (source) = 0.437971
GMRES converged at restart # 2; iteration #8 with error: 8.12085e-07
  [Cycle 193] Particle sorting: ON
*** B CALCULATION [GPU] ***
Execution time cycle: 270.292 ms  [sort=0.051269 field=139.188 da_wait=0.00013 mover+out=0.033635 exchange+sort+moments=49.9173 B=74.2915 momentsAwait=6.80913 outCopy=0.000491]
 ======= Cycle 194 ======= 
*** E CALCULATION [GPU] ***
*** MAXWELL SOLVER [GPU] ***
Initial residual: 0.278407 norm b vector (source) = 0.438009
GMRES converged at restart # 2; iteration #8 with error: 7.21718e-07
  [Cycle 194] Particle sorting: ON
*** B CALCULATION [GPU] ***
Execution time cycle: 270.786 ms  [sort=0.050618 field=139.468 da_wait=0.00012 mover+out=0.037713 exchange+sort+moments=50.1346 B=74.2186 momentsAwait=6.87588 outCopy=0.000481]
 ======= Cycle 195 ======= 
*** E CALCULATION [GPU] ***
*** MAXWELL SOLVER [GPU] ***
Initial residual: 0.278438 norm b vector (source) = 0.438051
GMRES converged at restart # 2; iteration #7 with error: 9.97737e-07
  [Cycle 195] Particle sorting: ON
*** B CALCULATION [GPU] ***
Execution time cycle: 268.265 ms  [sort=0.052652 field=136.976 da_wait=0.00012 mover+out=0.033775 exchange+sort+moments=50.183 B=74.1036 momentsAwait=6.91645 outCopy=0.000311]
 ======= Cycle 196 ======= 
*** E CALCULATION [GPU] ***
*** MAXWELL SOLVER [GPU] ***
Initial residual: 0.278619 norm b vector (source) = 0.438039
GMRES converged at restart # 3; iteration #0 with error: 7.8223e-07
  [Cycle 196] Particle sorting: ON
*** B CALCULATION [GPU] ***
Execution time cycle: 272.149 ms  [sort=0.050298 field=141.367 da_wait=0.00011 mover+out=0.032152 exchange+sort+moments=49.8577 B=73.9228 momentsAwait=6.91788 outCopy=0.00033]
 ======= Cycle 197 ======= 
*** E CALCULATION [GPU] ***
*** MAXWELL SOLVER [GPU] ***
Initial residual: 0.278725 norm b vector (source) = 0.437862
GMRES converged at restart # 2; iteration #8 with error: 7.51475e-07
  [Cycle 197] Particle sorting: ON
*** B CALCULATION [GPU] ***
Execution time cycle: 270.005 ms  [sort=0.049706 field=139.43 da_wait=0.00013 mover+out=0.029427 exchange+sort+moments=49.9211 B=73.7862 momentsAwait=6.78801 outCopy=0.000471]
 ======= Cycle 198 ======= 
*** E CALCULATION [GPU] ***
*** MAXWELL SOLVER [GPU] ***
Initial residual: 0.27893 norm b vector (source) = 0.437743
GMRES converged at restart # 2; iteration #8 with error: 8.50884e-07
  [Cycle 198] Particle sorting: ON
*** B CALCULATION [GPU] ***
Execution time cycle: 270.455 ms  [sort=0.049937 field=139.388 da_wait=0.000131 mover+out=0.035168 exchange+sort+moments=50.1941 B=73.883 momentsAwait=6.90428 outCopy=0.000561]
 ======= Cycle 199 ======= 
*** E CALCULATION [GPU] ***
*** MAXWELL SOLVER [GPU] ***
Initial residual: 0.279018 norm b vector (source) = 0.437585
GMRES converged at restart # 2; iteration #8 with error: 9.72068e-07
  [Cycle 199] Particle sorting: ON
*** B CALCULATION [GPU] ***
Execution time cycle: 1353.94 ms  [sort=0.048454 field=140.004 da_wait=0.00011 mover+out=0.047372 exchange+sort+moments=49.7177 B=76.255 momentsAwait=8.26545 outCopy=1079.6]
 ======= Cycle 200 ======= 
*** E CALCULATION [GPU] ***
*** MAXWELL SOLVER [GPU] ***
Initial residual: 0.279035 norm b vector (source) = 0.43736
GMRES converged at restart # 2; iteration #9 with error: 7.31143e-07
  [Cycle 200] Particle sorting: ON
*** B CALCULATION [GPU] ***
Execution time cycle: 3663.22 ms  [sort=56.5262 field=2041 da_wait=0.001102 mover+out=1292.84 exchange+sort+moments=28.0431 B=221.673 momentsAwait=23.1275 outCopy=0.000641]
 ======= Cycle 201 ======= 
*** E CALCULATION [GPU] ***
*** MAXWELL SOLVER [GPU] ***
Initial residual: 0.279019 norm b vector (source) = 0.437191
GMRES converged at restart # 2; iteration #9 with error: 7.99133e-07
  [Cycle 201] Particle sorting: ON
*** B CALCULATION [GPU] ***
Execution time cycle: 274.131 ms  [sort=0.053253 field=142.595 da_wait=0.000121 mover+out=0.032773 exchange+sort+moments=50.3436 B=74.1995 momentsAwait=6.90541 outCopy=0.000831]
 ======= Cycle 202 ======= 
*** E CALCULATION [GPU] ***
*** MAXWELL SOLVER [GPU] ***
Initial residual: 0.278902 norm b vector (source) = 0.436986
GMRES converged at restart # 2; iteration #9 with error: 8.3763e-07
  [Cycle 202] Particle sorting: ON
*** B CALCULATION [GPU] ***
Execution time cycle: 273.561 ms  [sort=0.053764 field=142.008 da_wait=0.000121 mover+out=0.03141 exchange+sort+moments=50.5634 B=74.0105 momentsAwait=6.89243 outCopy=0.00049]
 ======= Cycle 203 ======= 
*** E CALCULATION [GPU] ***
*** MAXWELL SOLVER [GPU] ***
Initial residual: 0.278768 norm b vector (source) = 0.436873
GMRES converged at restart # 2; iteration #9 with error: 8.26896e-07
  [Cycle 203] Particle sorting: ON
*** B CALCULATION [GPU] ***
Execution time cycle: 274.917 ms  [sort=0.053714 field=143.562 da_wait=0.00013 mover+out=0.038865 exchange+sort+moments=50.4739 B=73.8703 momentsAwait=6.9174 outCopy=0.000591]
 ======= Cycle 204 ======= 
*** E CALCULATION [GPU] ***
*** MAXWELL SOLVER [GPU] ***
Initial residual: 0.278835 norm b vector (source) = 0.436982
GMRES converged at restart # 2; iteration #9 with error: 7.70412e-07
  [Cycle 204] Particle sorting: ON
*** B CALCULATION [GPU] ***
Execution time cycle: 272.809 ms  [sort=0.055568 field=142.109 da_wait=0.00013 mover+out=0.040268 exchange+sort+moments=49.9009 B=73.8444 momentsAwait=6.85761 outCopy=0.000581]
 ======= Cycle 205 ======= 
*** E CALCULATION [GPU] ***
*** MAXWELL SOLVER [GPU] ***
Initial residual: 0.278987 norm b vector (source) = 0.437275
GMRES converged at restart # 3; iteration #0 with error: 8.10443e-07
  [Cycle 205] Particle sorting: ON
*** B CALCULATION [GPU] ***
Execution time cycle: 274.698 ms  [sort=0.05201 field=143.825 da_wait=0.00012 mover+out=0.037412 exchange+sort+moments=49.986 B=73.9599 momentsAwait=6.83615 outCopy=0.000841]
 ======= Cycle 206 ======= 
*** E CALCULATION [GPU] ***
*** MAXWELL SOLVER [GPU] ***
Initial residual: 0.278935 norm b vector (source) = 0.437447
GMRES converged at restart # 2; iteration #8 with error: 8.94738e-07
  [Cycle 206] Particle sorting: ON
*** B CALCULATION [GPU] ***
Execution time cycle: 270.175 ms  [sort=0.072149 field=139.125 da_wait=0.00013 mover+out=0.038234 exchange+sort+moments=50.2406 B=74.0119 momentsAwait=6.68704 outCopy=0.000421]
 ======= Cycle 207 ======= 
*** E CALCULATION [GPU] ***
*** MAXWELL SOLVER [GPU] ***
Initial residual: 0.279039 norm b vector (source) = 0.437777
GMRES converged at restart # 2; iteration #8 with error: 7.7281e-07
  [Cycle 207] Particle sorting: ON
*** B CALCULATION [GPU] ***
Execution time cycle: 270.34 ms  [sort=0.054014 field=139.28 da_wait=0.00013 mover+out=0.034857 exchange+sort+moments=49.9252 B=74.2559 momentsAwait=6.78988 outCopy=0.000411]
 ======= Cycle 208 ======= 
*** E CALCULATION [GPU] ***
*** MAXWELL SOLVER [GPU] ***
Initial residual: 0.2792 norm b vector (source) = 0.438279
GMRES converged at restart # 2; iteration #7 with error: 9.80056e-07
  [Cycle 208] Particle sorting: ON
*** B CALCULATION [GPU] ***
Execution time cycle: 267.388 ms  [sort=0.050718 field=136.277 da_wait=0.00013 mover+out=0.037743 exchange+sort+moments=49.9657 B=74.1963 momentsAwait=6.85948 outCopy=0.000371]
 ======= Cycle 209 ======= 
*** E CALCULATION [GPU] ***
*** MAXWELL SOLVER [GPU] ***
Initial residual: 0.279285 norm b vector (source) = 0.438759
GMRES converged at restart # 2; iteration #7 with error: 8.97547e-07
  [Cycle 209] Particle sorting: ON
*** B CALCULATION [GPU] ***
Execution time cycle: 267.963 ms  [sort=0.051179 field=136.578 da_wait=0.00014 mover+out=0.03642 exchange+sort+moments=50.1032 B=74.3331 momentsAwait=6.86029 outCopy=0.000481]
 ======= Cycle 210 ======= 
*** E CALCULATION [GPU] ***
*** MAXWELL SOLVER [GPU] ***
Initial residual: 0.279365 norm b vector (source) = 0.439126
GMRES converged at restart # 2; iteration #7 with error: 8.66053e-07
  [Cycle 210] Particle sorting: ON
*** B CALCULATION [GPU] ***
Execution time cycle: 268.703 ms  [sort=0.047932 field=136.946 da_wait=0.000131 mover+out=0.034677 exchange+sort+moments=50.3429 B=74.4662 momentsAwait=6.86466 outCopy=0.000481]
 ======= Cycle 211 ======= 
*** E CALCULATION [GPU] ***
*** MAXWELL SOLVER [GPU] ***
Initial residual: 0.279396 norm b vector (source) = 0.439064
GMRES converged at restart # 2; iteration #7 with error: 8.99268e-07
  [Cycle 211] Particle sorting: ON
*** B CALCULATION [GPU] ***
Execution time cycle: 268.354 ms  [sort=0.05197 field=136.686 da_wait=0.00013 mover+out=0.035709 exchange+sort+moments=50.3069 B=74.48 momentsAwait=6.7928 outCopy=0.000481]
 ======= Cycle 212 ======= 
*** E CALCULATION [GPU] ***
*** MAXWELL SOLVER [GPU] ***
Initial residual: 0.279323 norm b vector (source) = 0.4386
GMRES converged at restart # 2; iteration #7 with error: 9.91175e-07
  [Cycle 212] Particle sorting: ON
*** B CALCULATION [GPU] ***
Execution time cycle: 268.518 ms  [sort=0.053814 field=136.773 da_wait=0.00023 mover+out=0.036531 exchange+sort+moments=50.3363 B=74.3742 momentsAwait=6.94289 outCopy=0.000291]
 ======= Cycle 213 ======= 
*** E CALCULATION [GPU] ***
*** MAXWELL SOLVER [GPU] ***
Initial residual: 0.278965 norm b vector (source) = 0.437698
GMRES converged at restart # 2; iteration #8 with error: 7.75058e-07
  [Cycle 213] Particle sorting: ON
*** B CALCULATION [GPU] ***
Execution time cycle: 270.64 ms  [sort=0.043694 field=139.297 da_wait=0.00013 mover+out=0.034988 exchange+sort+moments=50.1086 B=74.2928 momentsAwait=6.86243 outCopy=0.000551]
 ======= Cycle 214 ======= 
*** E CALCULATION [GPU] ***
*** MAXWELL SOLVER [GPU] ***
Initial residual: 0.278891 norm b vector (source) = 0.437107
GMRES converged at restart # 2; iteration #8 with error: 8.81534e-07
  [Cycle 214] Particle sorting: ON
*** B CALCULATION [GPU] ***
Execution time cycle: 270.688 ms  [sort=0.049245 field=139.372 da_wait=0.000131 mover+out=0.033945 exchange+sort+moments=50.1666 B=74.2234 momentsAwait=6.84184 outCopy=0.0003]
 ======= Cycle 215 ======= 
*** E CALCULATION [GPU] ***
*** MAXWELL SOLVER [GPU] ***
Initial residual: 0.278728 norm b vector (source) = 0.436856
GMRES converged at restart # 2; iteration #8 with error: 9.82631e-07
  [Cycle 215] Particle sorting: ON
*** B CALCULATION [GPU] ***
Execution time cycle: 270.614 ms  [sort=0.049586 field=139.361 da_wait=0.00021 mover+out=0.034858 exchange+sort+moments=49.9025 B=74.4869 momentsAwait=6.77775 outCopy=0.00037]
 ======= Cycle 216 ======= 
*** E CALCULATION [GPU] ***
*** MAXWELL SOLVER [GPU] ***
Initial residual: 0.278474 norm b vector (source) = 0.436612
GMRES converged at restart # 3; iteration #0 with error: 8.27279e-07
  [Cycle 216] Particle sorting: ON
*** B CALCULATION [GPU] ***
Execution time cycle: 274.797 ms  [sort=0.047351 field=143.573 da_wait=0.00011 mover+out=0.035529 exchange+sort+moments=49.7887 B=74.5721 momentsAwait=6.77955 outCopy=0.000391]
 ======= Cycle 217 ======= 
*** E CALCULATION [GPU] ***
*** MAXWELL SOLVER [GPU] ***
Initial residual: 0.27823 norm b vector (source) = 0.436364
GMRES converged at restart # 3; iteration #0 with error: 8.43684e-07
  [Cycle 217] Particle sorting: ON
*** B CALCULATION [GPU] ***
Execution time cycle: 274.789 ms  [sort=0.04618 field=143.503 da_wait=0.00013 mover+out=0.029197 exchange+sort+moments=49.6863 B=74.6204 momentsAwait=6.90315 outCopy=0.000301]
 ======= Cycle 218 ======= 
*** E CALCULATION [GPU] ***
*** MAXWELL SOLVER [GPU] ***
Initial residual: 0.278322 norm b vector (source) = 0.43642
GMRES converged at restart # 3; iteration #0 with error: 8.16346e-07
  [Cycle 218] Particle sorting: ON
*** B CALCULATION [GPU] ***
Execution time cycle: 274.739 ms  [sort=0.044346 field=143.36 da_wait=0.00012 mover+out=0.034717 exchange+sort+moments=49.7872 B=74.6924 momentsAwait=6.81895 outCopy=0.000441]
 ======= Cycle 219 ======= 
*** E CALCULATION [GPU] ***
*** MAXWELL SOLVER [GPU] ***
Initial residual: 0.2784 norm b vector (source) = 0.436596
GMRES converged at restart # 2; iteration #8 with error: 9.62941e-07
  [Cycle 219] Particle sorting: ON
*** B CALCULATION [GPU] ***
Execution time cycle: 270.732 ms  [sort=0.044997 field=138.887 da_wait=0.000121 mover+out=0.034156 exchange+sort+moments=50.0031 B=74.8209 momentsAwait=6.94104 outCopy=0.000391]
 ======= Cycle 220 ======= 
*** E CALCULATION [GPU] ***
*** MAXWELL SOLVER [GPU] ***
Initial residual: 0.278416 norm b vector (source) = 0.436733
GMRES converged at restart # 2; iteration #8 with error: 8.52603e-07
  [Cycle 220] Particle sorting: ON
*** B CALCULATION [GPU] ***
Execution time cycle: 271.119 ms  [sort=0.047893 field=139.467 da_wait=0.00012 mover+out=0.036952 exchange+sort+moments=49.9174 B=74.6938 momentsAwait=6.95581 outCopy=0.000421]
 ======= Cycle 221 ======= 
*** E CALCULATION [GPU] ***
*** MAXWELL SOLVER [GPU] ***
Initial residual: 0.278455 norm b vector (source) = 0.43696
GMRES converged at restart # 2; iteration #8 with error: 7.31723e-07
  [Cycle 221] Particle sorting: ON
*** B CALCULATION [GPU] ***
Execution time cycle: 270.461 ms  [sort=0.044867 field=139.042 da_wait=0.00022 mover+out=0.028475 exchange+sort+moments=49.8089 B=74.6365 momentsAwait=6.90031 outCopy=0.000311]
 ======= Cycle 222 ======= 
*** E CALCULATION [GPU] ***
*** MAXWELL SOLVER [GPU] ***
Initial residual: 0.278293 norm b vector (source) = 0.437071
GMRES converged at restart # 2; iteration #7 with error: 9.00025e-07
  [Cycle 222] Particle sorting: ON
*** B CALCULATION [GPU] ***
Execution time cycle: 267.748 ms  [sort=0.044777 field=136.694 da_wait=0.00013 mover+out=0.033785 exchange+sort+moments=49.7896 B=74.3958 momentsAwait=6.78904 outCopy=0.00035]
 ======= Cycle 223 ======= 
*** E CALCULATION [GPU] ***
*** MAXWELL SOLVER [GPU] ***
Initial residual: 0.277967 norm b vector (source) = 0.436873
GMRES converged at restart # 2; iteration #7 with error: 7.7438e-07
  [Cycle 223] Particle sorting: ON
*** B CALCULATION [GPU] ***
Execution time cycle: 267.399 ms  [sort=0.044616 field=136.283 da_wait=0.00013 mover+out=0.032443 exchange+sort+moments=49.7964 B=74.3802 momentsAwait=6.86146 outCopy=0.000401]
 ======= Cycle 224 ======= 
*** E CALCULATION [GPU] ***
*** MAXWELL SOLVER [GPU] ***
Initial residual: 0.277595 norm b vector (source) = 0.436435
GMRES converged at restart # 2; iteration #7 with error: 6.99321e-07
  [Cycle 224] Particle sorting: ON
*** B CALCULATION [GPU] ***
Execution time cycle: 268.333 ms  [sort=0.046189 field=136.558 da_wait=0.00013 mover+out=0.032373 exchange+sort+moments=50.2552 B=74.5312 momentsAwait=6.90939 outCopy=0.00029]
 ======= Cycle 225 ======= 
*** E CALCULATION [GPU] ***
*** MAXWELL SOLVER [GPU] ***
Initial residual: 0.277396 norm b vector (source) = 0.436024
GMRES converged at restart # 2; iteration #7 with error: 7.66205e-07
  [Cycle 225] Particle sorting: ON
*** B CALCULATION [GPU] ***
Execution time cycle: 264.523 ms  [sort=0.044596 field=133.197 da_wait=0.00012 mover+out=0.035579 exchange+sort+moments=49.5159 B=74.799 momentsAwait=6.93004 outCopy=0.00041]
 ======= Cycle 226 ======= 
*** E CALCULATION [GPU] ***
*** MAXWELL SOLVER [GPU] ***
Initial residual: 0.277516 norm b vector (source) = 0.435869
GMRES converged at restart # 2; iteration #7 with error: 7.8653e-07
  [Cycle 226] Particle sorting: ON
*** B CALCULATION [GPU] ***
Execution time cycle: 264.628 ms  [sort=0.043895 field=133.421 da_wait=0.00015 mover+out=0.035028 exchange+sort+moments=49.6491 B=74.6661 momentsAwait=6.81256 outCopy=0.000471]
 ======= Cycle 227 ======= 
*** E CALCULATION [GPU] ***
*** MAXWELL SOLVER [GPU] ***
Initial residual: 0.277656 norm b vector (source) = 0.435845
GMRES converged at restart # 2; iteration #7 with error: 7.41717e-07
  [Cycle 227] Particle sorting: ON
*** B CALCULATION [GPU] ***
Execution time cycle: 267.542 ms  [sort=0.039125 field=136.331 da_wait=0.00011 mover+out=0.031672 exchange+sort+moments=49.4863 B=74.7637 momentsAwait=6.88933 outCopy=0.000391]
 ======= Cycle 228 ======= 
*** E CALCULATION [GPU] ***
*** MAXWELL SOLVER [GPU] ***
Initial residual: 0.277978 norm b vector (source) = 0.436118
GMRES converged at restart # 2; iteration #7 with error: 8.22867e-07
  [Cycle 228] Particle sorting: ON
*** B CALCULATION [GPU] ***
Execution time cycle: 268.489 ms  [sort=0.044727 field=136.697 da_wait=0.000121 mover+out=0.036711 exchange+sort+moments=50.0237 B=74.8795 momentsAwait=6.80656 outCopy=0.000471]
 ======= Cycle 229 ======= 
*** E CALCULATION [GPU] ***
*** MAXWELL SOLVER [GPU] ***
Initial residual: 0.278464 norm b vector (source) = 0.436637
GMRES converged at restart # 2; iteration #7 with error: 9.17362e-07
  [Cycle 229] Particle sorting: ON
*** B CALCULATION [GPU] ***
Execution time cycle: 268.369 ms  [sort=0.045027 field=136.597 da_wait=0.00011 mover+out=0.03093 exchange+sort+moments=50.0099 B=74.8381 momentsAwait=6.84748 outCopy=0.000311]
 ======= Cycle 230 ======= 
*** E CALCULATION [GPU] ***
*** MAXWELL SOLVER [GPU] ***
Initial residual: 0.278862 norm b vector (source) = 0.4371
GMRES converged at restart # 3; iteration #0 with error: 7.83818e-07
  [Cycle 230] Particle sorting: ON
*** B CALCULATION [GPU] ***
Execution time cycle: 271.973 ms  [sort=0.044045 field=140.564 da_wait=0.00011 mover+out=0.036962 exchange+sort+moments=49.7044 B=74.7878 momentsAwait=6.8346 outCopy=0.000461]
 ======= Cycle 231 ======= 
*** E CALCULATION [GPU] ***
*** MAXWELL SOLVER [GPU] ***
Initial residual: 0.279072 norm b vector (source) = 0.437395
GMRES converged at restart # 2; iteration #8 with error: 7.30414e-07
  [Cycle 231] Particle sorting: ON
*** B CALCULATION [GPU] ***
Execution time cycle: 270.516 ms  [sort=0.044015 field=139.413 da_wait=0.00012 mover+out=0.033785 exchange+sort+moments=49.4963 B=74.6255 momentsAwait=6.90285 outCopy=0.000381]
 ======= Cycle 232 ======= 
*** E CALCULATION [GPU] ***
*** MAXWELL SOLVER [GPU] ***
Initial residual: 0.279342 norm b vector (source) = 0.437623
GMRES converged at restart # 2; iteration #8 with error: 7.42359e-07
  [Cycle 232] Particle sorting: ON
*** B CALCULATION [GPU] ***
Execution time cycle: 270.626 ms  [sort=0.042552 field=139.39 da_wait=0.00013 mover+out=0.039697 exchange+sort+moments=49.7064 B=74.5219 momentsAwait=6.9247 outCopy=0.000441]
 ======= Cycle 233 ======= 
*** E CALCULATION [GPU] ***
*** MAXWELL SOLVER [GPU] ***
Initial residual: 0.279323 norm b vector (source) = 0.43757
GMRES converged at restart # 2; iteration #8 with error: 7.14765e-07
  [Cycle 233] Particle sorting: ON
*** B CALCULATION [GPU] ***
Execution time cycle: 271.027 ms  [sort=0.042032 field=139.383 da_wait=0.00012 mover+out=0.029797 exchange+sort+moments=49.9974 B=74.7439 momentsAwait=6.83062 outCopy=0.000401]
 ======= Cycle 234 ======= 
*** E CALCULATION [GPU] ***
*** MAXWELL SOLVER [GPU] ***
Initial residual: 0.278945 norm b vector (source) = 0.437022
GMRES converged at restart # 2; iteration #7 with error: 9.46957e-07
  [Cycle 234] Particle sorting: ON
*** B CALCULATION [GPU] ***
Execution time cycle: 268.076 ms  [sort=0.045918 field=136.711 da_wait=0.000121 mover+out=0.034346 exchange+sort+moments=49.4088 B=74.9824 momentsAwait=6.89349 outCopy=0.000451]
 ======= Cycle 235 ======= 
*** E CALCULATION [GPU] ***
*** MAXWELL SOLVER [GPU] ***
Initial residual: 0.27884 norm b vector (source) = 0.436828
GMRES converged at restart # 2; iteration #7 with error: 8.3033e-07
  [Cycle 235] Particle sorting: ON
*** B CALCULATION [GPU] ***
Execution time cycle: 268.19 ms  [sort=0.047152 field=136.844 da_wait=0.00022 mover+out=0.029828 exchange+sort+moments=49.4377 B=74.8752 momentsAwait=6.95557 outCopy=0.000381]
 ======= Cycle 236 ======= 
*** E CALCULATION [GPU] ***
*** MAXWELL SOLVER [GPU] ***
Initial residual: 0.278651 norm b vector (source) = 0.436816
GMRES converged at restart # 2; iteration #7 with error: 7.09447e-07
  [Cycle 236] Particle sorting: ON
*** B CALCULATION [GPU] ***
Execution time cycle: 268.028 ms  [sort=0.04703 field=136.648 da_wait=0.00012 mover+out=0.033776 exchange+sort+moments=49.5057 B=75.0103 momentsAwait=6.78238 outCopy=0.000321]
 ======= Cycle 237 ======= 
*** E CALCULATION [GPU] ***
*** MAXWELL SOLVER [GPU] ***
Initial residual: 0.278369 norm b vector (source) = 0.436666
GMRES converged at restart # 2; iteration #7 with error: 6.96267e-07
  [Cycle 237] Particle sorting: ON
*** B CALCULATION [GPU] ***
Execution time cycle: 265.403 ms  [sort=0.047121 field=133.601 da_wait=0.00013 mover+out=0.033104 exchange+sort+moments=49.7138 B=75.1326 momentsAwait=6.87461 outCopy=0.000431]
 ======= Cycle 238 ======= 
*** E CALCULATION [GPU] ***
*** MAXWELL SOLVER [GPU] ***
Initial residual: 0.27812 norm b vector (source) = 0.436458
GMRES converged at restart # 2; iteration #6 with error: 9.10216e-07
  [Cycle 238] Particle sorting: ON
*** B CALCULATION [GPU] ***
Execution time cycle: 262.723 ms  [sort=0.045448 field=130.726 da_wait=0.00013 mover+out=0.028996 exchange+sort+moments=50.0675 B=74.9676 momentsAwait=6.88733 outCopy=0.000381]
 ======= Cycle 239 ======= 
*** E CALCULATION [GPU] ***
*** MAXWELL SOLVER [GPU] ***
Initial residual: 0.278081 norm b vector (source) = 0.436264
GMRES converged at restart # 2; iteration #6 with error: 8.3675e-07
  [Cycle 239] Particle sorting: ON
*** B CALCULATION [GPU] ***
Execution time cycle: 262.725 ms  [sort=0.043254 field=130.952 da_wait=0.00011 mover+out=0.028936 exchange+sort+moments=49.7177 B=75.0336 momentsAwait=6.94835 outCopy=0.00046]
 ======= Cycle 240 ======= 
*** E CALCULATION [GPU] ***
*** MAXWELL SOLVER [GPU] ***
Initial residual: 0.27835 norm b vector (source) = 0.436378
GMRES converged at restart # 2; iteration #6 with error: 8.17136e-07
  [Cycle 240] Particle sorting: ON
*** B CALCULATION [GPU] ***
Execution time cycle: 261.969 ms  [sort=0.041551 field=130.709 da_wait=0.00011 mover+out=0.030098 exchange+sort+moments=49.5322 B=74.7675 momentsAwait=6.88847 outCopy=0.000371]
 ======= Cycle 241 ======= 
*** E CALCULATION [GPU] ***
*** MAXWELL SOLVER [GPU] ***
Initial residual: 0.278604 norm b vector (source) = 0.436642
GMRES converged at restart # 2; iteration #6 with error: 8.58869e-07
  [Cycle 241] Particle sorting: ON
*** B CALCULATION [GPU] ***
Execution time cycle: 262.155 ms  [sort=0.044897 field=130.545 da_wait=0.00013 mover+out=0.030459 exchange+sort+moments=49.7312 B=74.8954 momentsAwait=6.90678 outCopy=0.000511]
 ======= Cycle 242 ======= 
*** E CALCULATION [GPU] ***
*** MAXWELL SOLVER [GPU] ***
Initial residual: 0.278701 norm b vector (source) = 0.436824
GMRES converged at restart # 2; iteration #6 with error: 9.57669e-07
  [Cycle 242] Particle sorting: ON
*** B CALCULATION [GPU] ***
Execution time cycle: 262.598 ms  [sort=0.043925 field=130.739 da_wait=0.00011 mover+out=0.03074 exchange+sort+moments=49.8939 B=75.1363 momentsAwait=6.75299 outCopy=0.000471]
 ======= Cycle 243 ======= 
*** E CALCULATION [GPU] ***
*** MAXWELL SOLVER [GPU] ***
Initial residual: 0.278715 norm b vector (source) = 0.436847
GMRES converged at restart # 2; iteration #7 with error: 7.28845e-07
  [Cycle 243] Particle sorting: ON
*** B CALCULATION [GPU] ***
Execution time cycle: 265.081 ms  [sort=0.043273 field=133.195 da_wait=0.000111 mover+out=0.035508 exchange+sort+moments=49.5553 B=75.4684 momentsAwait=6.78308 outCopy=0.000401]
 ======= Cycle 244 ======= 
*** E CALCULATION [GPU] ***
*** MAXWELL SOLVER [GPU] ***
Initial residual: 0.278728 norm b vector (source) = 0.436847
GMRES converged at restart # 2; iteration #7 with error: 8.2849e-07
  [Cycle 244] Particle sorting: ON
*** B CALCULATION [GPU] ***
Execution time cycle: 265.124 ms  [sort=0.04663 field=133.13 da_wait=0.00022 mover+out=0.031481 exchange+sort+moments=49.4891 B=75.4757 momentsAwait=6.95057 outCopy=0.000571]
 ======= Cycle 245 ======= 
*** E CALCULATION [GPU] ***
*** MAXWELL SOLVER [GPU] ***
Initial residual: 0.278719 norm b vector (source) = 0.436789
GMRES converged at restart # 2; iteration #7 with error: 8.06915e-07
  [Cycle 245] Particle sorting: ON
*** B CALCULATION [GPU] ***
Execution time cycle: 268.654 ms  [sort=0.042933 field=136.405 da_wait=0.000241 mover+out=0.029617 exchange+sort+moments=49.5769 B=75.6735 momentsAwait=6.92563 outCopy=0.0004]
 ======= Cycle 246 ======= 
*** E CALCULATION [GPU] ***
*** MAXWELL SOLVER [GPU] ***
Initial residual: 0.27902 norm b vector (source) = 0.436983
GMRES converged at restart # 2; iteration #7 with error: 8.65489e-07
  [Cycle 246] Particle sorting: ON
*** B CALCULATION [GPU] ***
Execution time cycle: 268.799 ms  [sort=0.045258 field=136.413 da_wait=0.00012 mover+out=0.034046 exchange+sort+moments=49.7584 B=75.5503 momentsAwait=6.99689 outCopy=0.000401]
 ======= Cycle 247 ======= 
*** E CALCULATION [GPU] ***
*** MAXWELL SOLVER [GPU] ***
Initial residual: 0.279407 norm b vector (source) = 0.437398
GMRES converged at restart # 2; iteration #7 with error: 8.80164e-07
  [Cycle 247] Particle sorting: ON
*** B CALCULATION [GPU] ***
Execution time cycle: 269.252 ms  [sort=0.046349 field=136.898 da_wait=0.00013 mover+out=0.030489 exchange+sort+moments=49.8702 B=75.5587 momentsAwait=6.84784 outCopy=0.000381]
 ======= Cycle 248 ======= 
*** E CALCULATION [GPU] ***
*** MAXWELL SOLVER [GPU] ***
Initial residual: 0.279753 norm b vector (source) = 0.437817
GMRES converged at restart # 2; iteration #7 with error: 8.43512e-07
  [Cycle 248] Particle sorting: ON
*** B CALCULATION [GPU] ***
Execution time cycle: 268.528 ms  [sort=0.042051 field=136.507 da_wait=0.00011 mover+out=0.037372 exchange+sort+moments=49.6424 B=75.4871 momentsAwait=6.81128 outCopy=0.000461]
 ======= Cycle 249 ======= 
*** E CALCULATION [GPU] ***
*** MAXWELL SOLVER [GPU] ***
Initial residual: 0.280151 norm b vector (source) = 0.438322
GMRES converged at restart # 2; iteration #7 with error: 7.72925e-07
  [Cycle 249] Particle sorting: ON
*** B CALCULATION [GPU] ***
Execution time cycle: 268.281 ms  [sort=0.045558 field=136.456 da_wait=0.000111 mover+out=0.033785 exchange+sort+moments=49.4188 B=75.4627 momentsAwait=6.8636 outCopy=0.000301]
 ======= Cycle 250 ======= 
*** E CALCULATION [GPU] ***
*** MAXWELL SOLVER [GPU] ***
Initial residual: 0.280327 norm b vector (source) = 0.438766
GMRES converged at restart # 2; iteration #7 with error: 7.78991e-07
  [Cycle 250] Particle sorting: ON
*** B CALCULATION [GPU] ***
Execution time cycle: 281.364 ms  [sort=13.5438 field=135.888 da_wait=0.000681 mover+out=0.027453 exchange+sort+moments=49.5479 B=75.5007 momentsAwait=6.85513 outCopy=0.000411]
 ======= Cycle 251 ======= 
*** E CALCULATION [GPU] ***
*** MAXWELL SOLVER [GPU] ***
Initial residual: 0.280615 norm b vector (source) = 0.4394
GMRES converged at restart # 2; iteration #6 with error: 9.90568e-07
  [Cycle 251] Particle sorting: ON
*** B CALCULATION [GPU] ***
Execution time cycle: 263.37 ms  [sort=0.044666 field=131.171 da_wait=0.00013 mover+out=0.031891 exchange+sort+moments=49.4172 B=75.8527 momentsAwait=6.85173 outCopy=0.00037]
 ======= Cycle 252 ======= 
*** E CALCULATION [GPU] ***
*** MAXWELL SOLVER [GPU] ***
Initial residual: 0.280463 norm b vector (source) = 0.439757
GMRES converged at restart # 2; iteration #6 with error: 8.35025e-07
  [Cycle 252] Particle sorting: ON
*** B CALCULATION [GPU] ***
Execution time cycle: 263.463 ms  [sort=0.046209 field=131.171 da_wait=0.00012 mover+out=0.033775 exchange+sort+moments=49.5286 B=75.7621 momentsAwait=6.92075 outCopy=0.00038]
 ======= Cycle 253 ======= 
*** E CALCULATION [GPU] ***
*** MAXWELL SOLVER [GPU] ***
Initial residual: 0.280087 norm b vector (source) = 0.439627
GMRES converged at restart # 2; iteration #6 with error: 7.21707e-07
  [Cycle 253] Particle sorting: ON
*** B CALCULATION [GPU] ***
Execution time cycle: 263.889 ms  [sort=0.045619 field=131.236 da_wait=0.00012 mover+out=0.03598 exchange+sort+moments=49.7615 B=75.9565 momentsAwait=6.85352 outCopy=0.000391]
 ======= Cycle 254 ======= 
*** E CALCULATION [GPU] ***
*** MAXWELL SOLVER [GPU] ***
Initial residual: 0.279646 norm b vector (source) = 0.439212
GMRES converged at restart # 2; iteration #6 with error: 6.52455e-07
  [Cycle 254] Particle sorting: ON
*** B CALCULATION [GPU] ***
Execution time cycle: 263.967 ms  [sort=0.042743 field=131.14 da_wait=0.00021 mover+out=0.03107 exchange+sort+moments=50.1571 B=75.728 momentsAwait=6.86767 outCopy=0.000391]
 ======= Cycle 255 ======= 
*** E CALCULATION [GPU] ***
*** MAXWELL SOLVER [GPU] ***
Initial residual: 0.279266 norm b vector (source) = 0.438617
GMRES converged at restart # 2; iteration #6 with error: 6.33588e-07
  [Cycle 255] Particle sorting: ON
*** B CALCULATION [GPU] ***
Execution time cycle: 264.179 ms  [sort=0.045428 field=131.302 da_wait=0.00013 mover+out=0.033665 exchange+sort+moments=50.0577 B=75.871 momentsAwait=6.86906 outCopy=0.000461]
 ======= Cycle 256 ======= 
*** E CALCULATION [GPU] ***
*** MAXWELL SOLVER [GPU] ***
Initial residual: 0.27928 norm b vector (source) = 0.438242
GMRES converged at restart # 2; iteration #6 with error: 6.53721e-07
  [Cycle 256] Particle sorting: ON
*** B CALCULATION [GPU] ***
Execution time cycle: 263.764 ms  [sort=0.045158 field=131.21 da_wait=0.00011 mover+out=0.029387 exchange+sort+moments=49.9325 B=75.8021 momentsAwait=6.74358 outCopy=0.000351]
 ======= Cycle 257 ======= 
*** E CALCULATION [GPU] ***
*** MAXWELL SOLVER [GPU] ***
Initial residual: 0.279324 norm b vector (source) = 0.437899
GMRES converged at restart # 2; iteration #6 with error: 7.05532e-07
  [Cycle 257] Particle sorting: ON
*** B CALCULATION [GPU] ***
Execution time cycle: 262.778 ms  [sort=0.043694 field=130.603 da_wait=0.00013 mover+out=0.029307 exchange+sort+moments=49.5003 B=75.7889 momentsAwait=6.81215 outCopy=0.000391]
 ======= Cycle 258 ======= 
*** E CALCULATION [GPU] ***
*** MAXWELL SOLVER [GPU] ***
Initial residual: 0.279511 norm b vector (source) = 0.437761
GMRES converged at restart # 2; iteration #6 with error: 7.88314e-07
  [Cycle 258] Particle sorting: ON
*** B CALCULATION [GPU] ***
Execution time cycle: 263.595 ms  [sort=0.043925 field=131.001 da_wait=0.000131 mover+out=0.034186 exchange+sort+moments=49.9753 B=75.6873 momentsAwait=6.85232 outCopy=0.000391]
 ======= Cycle 259 ======= 
*** E CALCULATION [GPU] ***
*** MAXWELL SOLVER [GPU] ***
Initial residual: 0.279553 norm b vector (source) = 0.437642
GMRES converged at restart # 2; iteration #6 with error: 8.88017e-07
  [Cycle 259] Particle sorting: ON
*** B CALCULATION [GPU] ***
Execution time cycle: 263.363 ms  [sort=0.044106 field=130.843 da_wait=0.00011 mover+out=0.033354 exchange+sort+moments=49.8977 B=75.8727 momentsAwait=6.67184 outCopy=0.000381]
 ======= Cycle 260 ======= 
*** E CALCULATION [GPU] ***
*** MAXWELL SOLVER [GPU] ***
Initial residual: 0.279434 norm b vector (source) = 0.437442
GMRES converged at restart # 2; iteration #6 with error: 9.85743e-07
  [Cycle 260] Particle sorting: ON
*** B CALCULATION [GPU] ***
Execution time cycle: 263.661 ms  [sort=0.044896 field=130.927 da_wait=0.000121 mover+out=0.034226 exchange+sort+moments=49.6453 B=76.1193 momentsAwait=6.88919 outCopy=0.000391]
 ======= Cycle 261 ======= 
*** E CALCULATION [GPU] ***
*** MAXWELL SOLVER [GPU] ***
Initial residual: 0.279281 norm b vector (source) = 0.437262
GMRES converged at restart # 2; iteration #7 with error: 7.00451e-07
  [Cycle 261] Particle sorting: ON
*** B CALCULATION [GPU] ***
Execution time cycle: 266.032 ms  [sort=0.043985 field=133.421 da_wait=0.00012 mover+out=0.032392 exchange+sort+moments=49.5564 B=76.0702 momentsAwait=6.9077 outCopy=0.000561]
 ======= Cycle 262 ======= 
*** E CALCULATION [GPU] ***
*** MAXWELL SOLVER [GPU] ***
Initial residual: 0.279379 norm b vector (source) = 0.437442
GMRES converged at restart # 2; iteration #7 with error: 7.03194e-07
  [Cycle 262] Particle sorting: ON
*** B CALCULATION [GPU] ***
Execution time cycle: 266.489 ms  [sort=0.042903 field=134.021 da_wait=0.000131 mover+out=0.029617 exchange+sort+moments=49.5287 B=76.0819 momentsAwait=6.78429 outCopy=0.000461]
 ======= Cycle 263 ======= 
*** E CALCULATION [GPU] ***
*** MAXWELL SOLVER [GPU] ***
Initial residual: 0.279517 norm b vector (source) = 0.437777
GMRES converged at restart # 2; iteration #6 with error: 9.99608e-07
  [Cycle 263] Particle sorting: ON
*** B CALCULATION [GPU] ***
Execution time cycle: 264.113 ms  [sort=0.043213 field=131.026 da_wait=0.00011 mover+out=0.030369 exchange+sort+moments=49.9951 B=76.0355 momentsAwait=6.98215 outCopy=0.000561]
 ======= Cycle 264 ======= 
*** E CALCULATION [GPU] ***
*** MAXWELL SOLVER [GPU] ***
Initial residual: 0.279706 norm b vector (source) = 0.438165
GMRES converged at restart # 2; iteration #6 with error: 8.93159e-07
  [Cycle 264] Particle sorting: ON
*** B CALCULATION [GPU] ***
Execution time cycle: 264.03 ms  [sort=0.047191 field=131.025 da_wait=0.000421 mover+out=0.031241 exchange+sort+moments=49.9964 B=76.0307 momentsAwait=6.89895 outCopy=0.00038]
 ======= Cycle 265 ======= 
*** E CALCULATION [GPU] ***
*** MAXWELL SOLVER [GPU] ***
Initial residual: 0.279845 norm b vector (source) = 0.43864
GMRES converged at restart # 2; iteration #6 with error: 7.60796e-07
  [Cycle 265] Particle sorting: ON
*** B CALCULATION [GPU] ***
Execution time cycle: 263.363 ms  [sort=0.04641 field=130.786 da_wait=0.00012 mover+out=0.032873 exchange+sort+moments=49.7183 B=75.9979 momentsAwait=6.7806 outCopy=0.000772]
 ======= Cycle 266 ======= 
*** E CALCULATION [GPU] ***
*** MAXWELL SOLVER [GPU] ***
Initial residual: 0.279706 norm b vector (source) = 0.438875
GMRES converged at restart # 2; iteration #6 with error: 6.35057e-07
  [Cycle 266] Particle sorting: ON
*** B CALCULATION [GPU] ***
Execution time cycle: 263.428 ms  [sort=0.035239 field=130.902 da_wait=0.000151 mover+out=0.033945 exchange+sort+moments=49.6371 B=75.9547 momentsAwait=6.86429 outCopy=0.00038]
 ======= Cycle 267 ======= 
*** E CALCULATION [GPU] ***
*** MAXWELL SOLVER [GPU] ***
Initial residual: 0.279396 norm b vector (source) = 0.43876
GMRES converged at restart # 2; iteration #5 with error: 8.59644e-07
  [Cycle 267] Particle sorting: ON
*** B CALCULATION [GPU] ***
Execution time cycle: 261.444 ms  [sort=0.044436 field=128.615 da_wait=0.00013 mover+out=0.041149 exchange+sort+moments=49.9542 B=75.933 momentsAwait=6.85582 outCopy=0.000371]
 ======= Cycle 268 ======= 
*** E CALCULATION [GPU] ***
*** MAXWELL SOLVER [GPU] ***
Initial residual: 0.279131 norm b vector (source) = 0.438497
GMRES converged at restart # 2; iteration #5 with error: 8.07241e-07
  [Cycle 268] Particle sorting: ON
*** B CALCULATION [GPU] ***
Execution time cycle: 258.725 ms  [sort=0.044466 field=125.486 da_wait=0.00012 mover+out=0.030319 exchange+sort+moments=50.2363 B=76.0488 momentsAwait=6.87818 outCopy=0.00038]
 ======= Cycle 269 ======= 
*** E CALCULATION [GPU] ***
*** MAXWELL SOLVER [GPU] ***
Initial residual: 0.279135 norm b vector (source) = 0.438409
GMRES converged at restart # 2; iteration #5 with error: 7.40172e-07
  [Cycle 269] Particle sorting: ON
*** B CALCULATION [GPU] ***
Execution time cycle: 258.169 ms  [sort=0.043604 field=125.177 da_wait=0.00013 mover+out=0.029608 exchange+sort+moments=49.5962 B=76.4512 momentsAwait=6.87134 outCopy=0.000391]
 ======= Cycle 270 ======= 
*** E CALCULATION [GPU] ***
*** MAXWELL SOLVER [GPU] ***
Initial residual: 0.279499 norm b vector (source) = 0.438671
GMRES converged at restart # 2; iteration #5 with error: 7.177e-07
  [Cycle 270] Particle sorting: ON
*** B CALCULATION [GPU] ***
Execution time cycle: 258.543 ms  [sort=0.042121 field=125.446 da_wait=0.000131 mover+out=0.030469 exchange+sort+moments=49.8089 B=76.4485 momentsAwait=6.76668 outCopy=0.000331]
 ======= Cycle 271 ======= 
*** E CALCULATION [GPU] ***
*** MAXWELL SOLVER [GPU] ***
Initial residual: 0.280012 norm b vector (source) = 0.439126
GMRES converged at restart # 2; iteration #5 with error: 7.4547e-07
  [Cycle 271] Particle sorting: ON
*** B CALCULATION [GPU] ***
Execution time cycle: 258.318 ms  [sort=0.043003 field=125.322 da_wait=0.000131 mover+out=0.028485 exchange+sort+moments=49.625 B=76.4585 momentsAwait=6.83943 outCopy=0.000511]
 ======= Cycle 272 ======= 
*** E CALCULATION [GPU] ***
*** MAXWELL SOLVER [GPU] ***
Initial residual: 0.280456 norm b vector (source) = 0.439618
GMRES converged at restart # 2; iteration #5 with error: 8.20327e-07
  [Cycle 272] Particle sorting: ON
*** B CALCULATION [GPU] ***
Execution time cycle: 258.833 ms  [sort=0.045879 field=125.413 da_wait=0.000131 mover+out=0.032062 exchange+sort+moments=50.0423 B=76.4633 momentsAwait=6.83572 outCopy=0.000461]
 ======= Cycle 273 ======= 
*** E CALCULATION [GPU] ***
*** MAXWELL SOLVER [GPU] ***
Initial residual: 0.280519 norm b vector (source) = 0.439852
GMRES converged at restart # 2; iteration #5 with error: 8.61988e-07
  [Cycle 273] Particle sorting: ON
*** B CALCULATION [GPU] ***
Execution time cycle: 261.71 ms  [sort=0.045257 field=128.129 da_wait=0.000201 mover+out=0.029787 exchange+sort+moments=50.3068 B=76.3821 momentsAwait=6.81606 outCopy=0.000461]
 ======= Cycle 274 ======= 
*** E CALCULATION [GPU] ***
*** MAXWELL SOLVER [GPU] ***
Initial residual: 0.280563 norm b vector (source) = 0.439948
GMRES converged at restart # 3; iteration #0 with error: 7.63216e-07
  [Cycle 274] Particle sorting: ON
*** B CALCULATION [GPU] ***
Execution time cycle: 265.747 ms  [sort=0.044106 field=132.433 da_wait=0.00014 mover+out=0.035098 exchange+sort+moments=49.9592 B=76.456 momentsAwait=6.81879 outCopy=0.000381]
 ======= Cycle 275 ======= 
*** E CALCULATION [GPU] ***
*** MAXWELL SOLVER [GPU] ***
Initial residual: 0.280422 norm b vector (source) = 0.43992
GMRES converged at restart # 2; iteration #6 with error: 7.12046e-07
  [Cycle 275] Particle sorting: ON
*** B CALCULATION [GPU] ***
Execution time cycle: 263.922 ms  [sort=0.04148 field=131.069 da_wait=0.000131 mover+out=0.031931 exchange+sort+moments=49.7757 B=76.2613 momentsAwait=6.74151 outCopy=0.000481]
 ======= Cycle 276 ======= 
*** E CALCULATION [GPU] ***
*** MAXWELL SOLVER [GPU] ***
Initial residual: 0.280278 norm b vector (source) = 0.439822
GMRES converged at restart # 2; iteration #6 with error: 7.80043e-07
  [Cycle 276] Particle sorting: ON
*** B CALCULATION [GPU] ***
Execution time cycle: 263.866 ms  [sort=0.044095 field=130.785 da_wait=0.000111 mover+out=0.029747 exchange+sort+moments=49.7584 B=76.4288 momentsAwait=6.81892 outCopy=0.000761]
 ======= Cycle 277 ======= 
*** E CALCULATION [GPU] ***
*** MAXWELL SOLVER [GPU] ***
Initial residual: 0.280025 norm b vector (source) = 0.439525
GMRES converged at restart # 2; iteration #6 with error: 8.11647e-07
  [Cycle 277] Particle sorting: ON
*** B CALCULATION [GPU] ***
Execution time cycle: 264.83 ms  [sort=0.043925 field=130.957 da_wait=0.00012 mover+out=0.03096 exchange+sort+moments=50.2286 B=76.7057 momentsAwait=6.86388 outCopy=0.000411]
 ======= Cycle 278 ======= 
*** E CALCULATION [GPU] ***
*** MAXWELL SOLVER [GPU] ***
Initial residual: 0.279814 norm b vector (source) = 0.439211
GMRES converged at restart # 2; iteration #6 with error: 7.89822e-07
  [Cycle 278] Particle sorting: ON
*** B CALCULATION [GPU] ***
Execution time cycle: 264.58 ms  [sort=0.04153 field=130.91 da_wait=0.00012 mover+out=0.030359 exchange+sort+moments=49.7599 B=76.9492 momentsAwait=6.88901 outCopy=0.00047]
 ======= Cycle 279 ======= 
*** E CALCULATION [GPU] ***
*** MAXWELL SOLVER [GPU] ***
Initial residual: 0.279572 norm b vector (source) = 0.438898
GMRES converged at restart # 2; iteration #6 with error: 7.1996e-07
  [Cycle 279] Particle sorting: ON
*** B CALCULATION [GPU] ***
Execution time cycle: 264.402 ms  [sort=0.044025 field=130.932 da_wait=0.00015 mover+out=0.033104 exchange+sort+moments=49.6516 B=76.8911 momentsAwait=6.84969 outCopy=0.00047]
 ======= Cycle 280 ======= 
*** E CALCULATION [GPU] ***
*** MAXWELL SOLVER [GPU] ***
Initial residual: 0.279623 norm b vector (source) = 0.438976
GMRES converged at restart # 3; iteration #0 with error: 7.63686e-07
  [Cycle 280] Particle sorting: ON
*** B CALCULATION [GPU] ***
Execution time cycle: 266.368 ms  [sort=0.045989 field=132.43 da_wait=0.00013 mover+out=0.031421 exchange+sort+moments=49.9553 B=77.0244 momentsAwait=6.88098 outCopy=0.000471]
 ======= Cycle 281 ======= 
*** E CALCULATION [GPU] ***
*** MAXWELL SOLVER [GPU] ***
Initial residual: 0.279714 norm b vector (source) = 0.439286
GMRES converged at restart # 2; iteration #5 with error: 8.47073e-07
  [Cycle 281] Particle sorting: ON
*** B CALCULATION [GPU] ***
Execution time cycle: 262.745 ms  [sort=0.043855 field=128.363 da_wait=0.00013 mover+out=0.032764 exchange+sort+moments=50.2834 B=77.0802 momentsAwait=6.94096 outCopy=0.000281]
 ======= Cycle 282 ======= 
*** E CALCULATION [GPU] ***
*** MAXWELL SOLVER [GPU] ***
Initial residual: 0.279684 norm b vector (source) = 0.439629
GMRES converged at restart # 2; iteration #5 with error: 7.84523e-07
  [Cycle 282] Particle sorting: ON
*** B CALCULATION [GPU] ***
Execution time cycle: 259.436 ms  [sort=0.04671 field=125.294 da_wait=0.00012 mover+out=0.034878 exchange+sort+moments=50.2619 B=76.951 momentsAwait=6.84633 outCopy=0.000381]
 ======= Cycle 283 ======= 
*** E CALCULATION [GPU] ***
*** MAXWELL SOLVER [GPU] ***
Initial residual: 0.279753 norm b vector (source) = 0.440069
GMRES converged at restart # 2; iteration #5 with error: 6.89462e-07
  [Cycle 283] Particle sorting: ON
*** B CALCULATION [GPU] ***
Execution time cycle: 259.559 ms  [sort=0.045087 field=125.483 da_wait=0.00013 mover+out=0.03628 exchange+sort+moments=50.2601 B=76.9377 momentsAwait=6.79619 outCopy=0.000702]
 ======= Cycle 284 ======= 
*** E CALCULATION [GPU] ***
*** MAXWELL SOLVER [GPU] ***
Initial residual: 0.279755 norm b vector (source) = 0.440295
GMRES converged at restart # 2; iteration #4 with error: 9.91916e-07
  [Cycle 284] Particle sorting: ON
*** B CALCULATION [GPU] ***
Execution time cycle: 256.745 ms  [sort=0.034167 field=122.854 da_wait=0.00012 mover+out=0.030259 exchange+sort+moments=50.0061 B=76.9204 momentsAwait=6.89928 outCopy=0.000321]
 ======= Cycle 285 ======= 
*** E CALCULATION [GPU] ***
*** MAXWELL SOLVER [GPU] ***
Initial residual: 0.279771 norm b vector (source) = 0.440235
GMRES converged at restart # 2; iteration #4 with error: 9.68963e-07
  [Cycle 285] Particle sorting: ON
*** B CALCULATION [GPU] ***
Execution time cycle: 256.861 ms  [sort=0.045157 field=122.977 da_wait=0.000131 mover+out=0.030028 exchange+sort+moments=49.9984 B=76.8122 momentsAwait=6.99796 outCopy=0.000471]
 ======= Cycle 286 ======= 
*** E CALCULATION [GPU] ***
*** MAXWELL SOLVER [GPU] ***
Initial residual: 0.279888 norm b vector (source) = 0.440162
GMRES converged at restart # 2; iteration #4 with error: 9.83357e-07
  [Cycle 286] Particle sorting: ON
*** B CALCULATION [GPU] ***
Execution time cycle: 257.145 ms  [sort=0.044346 field=122.772 da_wait=0.000121 mover+out=0.029136 exchange+sort+moments=50.2415 B=77.24 momentsAwait=6.81744 outCopy=0.000351]
 ======= Cycle 287 ======= 
*** E CALCULATION [GPU] ***
*** MAXWELL SOLVER [GPU] ***
Initial residual: 0.27969 norm b vector (source) = 0.439808
GMRES converged at restart # 2; iteration #5 with error: 6.77797e-07
  [Cycle 287] Particle sorting: ON
*** B CALCULATION [GPU] ***
Execution time cycle: 258.882 ms  [sort=0.041901 field=124.801 da_wait=0.00012 mover+out=0.038926 exchange+sort+moments=49.9149 B=77.387 momentsAwait=6.69766 outCopy=0.000481]
 ======= Cycle 288 ======= 
*** E CALCULATION [GPU] ***
*** MAXWELL SOLVER [GPU] ***
Initial residual: 0.279484 norm b vector (source) = 0.43937
GMRES converged at restart # 2; iteration #5 with error: 7.43388e-07
  [Cycle 288] Particle sorting: ON
*** B CALCULATION [GPU] ***
Execution time cycle: 259.406 ms  [sort=0.042883 field=125.001 da_wait=0.000121 mover+out=0.034536 exchange+sort+moments=50.1448 B=77.3696 momentsAwait=6.81224 outCopy=0.000401]
 ======= Cycle 289 ======= 
*** E CALCULATION [GPU] ***
*** MAXWELL SOLVER [GPU] ***
Initial residual: 0.279466 norm b vector (source) = 0.43921
GMRES converged at restart # 2; iteration #5 with error: 8.28885e-07
  [Cycle 289] Particle sorting: ON
*** B CALCULATION [GPU] ***
Execution time cycle: 259.337 ms  [sort=0.042182 field=124.89 da_wait=0.000121 mover+out=0.029457 exchange+sort+moments=49.9431 B=77.5224 momentsAwait=6.90846 outCopy=0.000461]
 ======= Cycle 290 ======= 
*** E CALCULATION [GPU] ***
*** MAXWELL SOLVER [GPU] ***
Initial residual: 0.279647 norm b vector (source) = 0.439356
GMRES converged at restart # 2; iteration #5 with error: 8.44602e-07
  [Cycle 290] Particle sorting: ON
*** B CALCULATION [GPU] ***
Execution time cycle: 262.702 ms  [sort=0.044345 field=128.398 da_wait=0.00011 mover+out=0.034327 exchange+sort+moments=50.0152 B=77.4304 momentsAwait=6.77933 outCopy=0.00038]
 ======= Cycle 291 ======= 
*** E CALCULATION [GPU] ***
*** MAXWELL SOLVER [GPU] ***
Initial residual: 0.280076 norm b vector (source) = 0.439836
GMRES converged at restart # 2; iteration #5 with error: 9.0857e-07
  [Cycle 291] Particle sorting: ON
*** B CALCULATION [GPU] ***
Execution time cycle: 263.091 ms  [sort=0.042953 field=128.328 da_wait=0.00011 mover+out=0.03622 exchange+sort+moments=50.5344 B=77.2641 momentsAwait=6.88472 outCopy=0.000391]
 ======= Cycle 292 ======= 
*** E CALCULATION [GPU] ***
*** MAXWELL SOLVER [GPU] ***
Initial residual: 0.280543 norm b vector (source) = 0.440335
GMRES converged at restart # 2; iteration #5 with error: 9.29677e-07
  [Cycle 292] Particle sorting: ON
*** B CALCULATION [GPU] ***
Execution time cycle: 262.621 ms  [sort=0.045048 field=128.234 da_wait=0.000131 mover+out=0.032372 exchange+sort+moments=50.1535 B=77.3559 momentsAwait=6.79989 outCopy=0.000301]
 ======= Cycle 293 ======= 
*** E CALCULATION [GPU] ***
*** MAXWELL SOLVER [GPU] ***
Initial residual: 0.280834 norm b vector (source) = 0.440605
GMRES converged at restart # 2; iteration #5 with error: 8.89003e-07
  [Cycle 293] Particle sorting: ON
*** B CALCULATION [GPU] ***
Execution time cycle: 261.78 ms  [sort=0.03079 field=127.837 da_wait=0.000111 mover+out=0.034556 exchange+sort+moments=49.8918 B=77.2068 momentsAwait=6.77807 outCopy=0.000461]
 ======= Cycle 294 ======= 
*** E CALCULATION [GPU] ***
*** MAXWELL SOLVER [GPU] ***
Initial residual: 0.28064 norm b vector (source) = 0.440388
GMRES converged at restart # 2; iteration #5 with error: 8.02982e-07
  [Cycle 294] Particle sorting: ON
*** B CALCULATION [GPU] ***
Execution time cycle: 262.397 ms  [sort=0.044486 field=128.017 da_wait=0.00013 mover+out=0.033866 exchange+sort+moments=50.3057 B=77.1783 momentsAwait=6.81698 outCopy=0.000351]
 ======= Cycle 295 ======= 
*** E CALCULATION [GPU] ***
*** MAXWELL SOLVER [GPU] ***
Initial residual: 0.280011 norm b vector (source) = 0.439572
GMRES converged at restart # 2; iteration #5 with error: 7.62719e-07
  [Cycle 295] Particle sorting: ON
*** B CALCULATION [GPU] ***
Execution time cycle: 259.64 ms  [sort=0.045427 field=124.995 da_wait=0.00012 mover+out=0.033936 exchange+sort+moments=50.4995 B=77.277 momentsAwait=6.78844 outCopy=0.000491]
 ======= Cycle 296 ======= 
*** E CALCULATION [GPU] ***
*** MAXWELL SOLVER [GPU] ***
Initial residual: 0.279353 norm b vector (source) = 0.438553
GMRES converged at restart # 2; iteration #5 with error: 6.53819e-07
  [Cycle 296] Particle sorting: ON
*** B CALCULATION [GPU] ***
Execution time cycle: 259.62 ms  [sort=0.043875 field=125.254 da_wait=0.00013 mover+out=0.034828 exchange+sort+moments=49.92 B=77.6173 momentsAwait=6.74945 outCopy=0.00038]
 ======= Cycle 297 ======= 
*** E CALCULATION [GPU] ***
*** MAXWELL SOLVER [GPU] ***
Initial residual: 0.278829 norm b vector (source) = 0.437766
GMRES converged at restart # 2; iteration #4 with error: 8.88959e-07
  [Cycle 297] Particle sorting: ON
*** B CALCULATION [GPU] ***
Execution time cycle: 256.753 ms  [sort=0.044145 field=122.383 da_wait=0.000131 mover+out=0.028886 exchange+sort+moments=49.7935 B=77.4879 momentsAwait=7.01534 outCopy=0.00044]
 ======= Cycle 298 ======= 
*** E CALCULATION [GPU] ***
*** MAXWELL SOLVER [GPU] ***
Initial residual: 0.278837 norm b vector (source) = 0.437702
GMRES converged at restart # 2; iteration #4 with error: 8.15501e-07
  [Cycle 298] Particle sorting: ON
*** B CALCULATION [GPU] ***
Execution time cycle: 257.197 ms  [sort=0.043714 field=122.621 da_wait=0.00011 mover+out=0.034587 exchange+sort+moments=50.0913 B=77.5933 momentsAwait=6.81307 outCopy=0.000371]
 ======= Cycle 299 ======= 
*** E CALCULATION [GPU] ***
*** MAXWELL SOLVER [GPU] ***
Initial residual: 0.279083 norm b vector (source) = 0.438336
GMRES converged at restart # 2; iteration #4 with error: 7.85798e-07
  [Cycle 299] Particle sorting: ON
*** B CALCULATION [GPU] ***
Execution time cycle: 257.145 ms  [sort=0.044866 field=122.47 da_wait=0.00012 mover+out=0.031882 exchange+sort+moments=50.178 B=77.4989 momentsAwait=6.92096 outCopy=0.000391]
 ======= Cycle 300 ======= 
*** E CALCULATION [GPU] ***
*** MAXWELL SOLVER [GPU] ***
Initial residual: 0.279269 norm b vector (source) = 0.439054
GMRES converged at restart # 2; iteration #4 with error: 7.85791e-07
  [Cycle 300] Particle sorting: ON
*** B CALCULATION [GPU] ***
Execution time cycle: 272.353 ms  [sort=13.3555 field=125.048 da_wait=0.000742 mover+out=0.026551 exchange+sort+moments=49.7206 B=77.2888 momentsAwait=6.91248 outCopy=0.000371]
 ======= Cycle 301 ======= 
*** E CALCULATION [GPU] ***
*** MAXWELL SOLVER [GPU] ***
Initial residual: 0.27929 norm b vector (source) = 0.439407
GMRES converged at restart # 2; iteration #4 with error: 7.93648e-07
  [Cycle 301] Particle sorting: ON
*** B CALCULATION [GPU] ***
Execution time cycle: 256.558 ms  [sort=0.040548 field=122.418 da_wait=0.00012 mover+out=0.028375 exchange+sort+moments=49.8925 B=77.3315 momentsAwait=6.84624 outCopy=0.000461]
 ======= Cycle 302 ======= 
*** E CALCULATION [GPU] ***
*** MAXWELL SOLVER [GPU] ***
Initial residual: 0.279303 norm b vector (source) = 0.43946
GMRES converged at restart # 2; iteration #4 with error: 8.08104e-07
  [Cycle 302] Particle sorting: ON
*** B CALCULATION [GPU] ***
Execution time cycle: 256.797 ms  [sort=0.034015 field=122.355 da_wait=0.00012 mover+out=0.028636 exchange+sort+moments=50.1268 B=77.3177 momentsAwait=6.9352 outCopy=0.000451]
 ======= Cycle 303 ======= 
*** E CALCULATION [GPU] ***
*** MAXWELL SOLVER [GPU] ***
Initial residual: 0.279339 norm b vector (source) = 0.43935
GMRES converged at restart # 2; iteration #4 with error: 8.50227e-07
  [Cycle 303] Particle sorting: ON
*** B CALCULATION [GPU] ***
Execution time cycle: 257.4 ms  [sort=0.043083 field=122.456 da_wait=0.00013 mover+out=0.035509 exchange+sort+moments=50.5201 B=77.4903 momentsAwait=6.8539 outCopy=0.000661]
 ======= Cycle 304 ======= 
*** E CALCULATION [GPU] ***
*** MAXWELL SOLVER [GPU] ***
Initial residual: 0.279416 norm b vector (source) = 0.439104
GMRES converged at restart # 2; iteration #4 with error: 9.19803e-07
  [Cycle 304] Particle sorting: ON
*** B CALCULATION [GPU] ***
Execution time cycle: 257.255 ms  [sort=0.043745 field=122.255 da_wait=0.00011 mover+out=0.034297 exchange+sort+moments=50.2778 B=77.8035 momentsAwait=6.84044 outCopy=0.000301]
 ======= Cycle 305 ======= 
*** E CALCULATION [GPU] ***
*** MAXWELL SOLVER [GPU] ***
Initial residual: 0.279641 norm b vector (source) = 0.439103
GMRES converged at restart # 2; iteration #5 with error: 6.56115e-07
  [Cycle 305] Particle sorting: ON
*** B CALCULATION [GPU] ***
Execution time cycle: 259.375 ms  [sort=0.033755 field=124.908 da_wait=0.00013 mover+out=0.031331 exchange+sort+moments=49.7493 B=77.8504 momentsAwait=6.8019 outCopy=0.00039]
 ======= Cycle 306 ======= 
*** E CALCULATION [GPU] ***
*** MAXWELL SOLVER [GPU] ***
Initial residual: 0.279884 norm b vector (source) = 0.439199
GMRES converged at restart # 2; iteration #5 with error: 7.1119e-07
  [Cycle 306] Particle sorting: ON
*** B CALCULATION [GPU] ***
Execution time cycle: 259.834 ms  [sort=0.034277 field=125.091 da_wait=0.000131 mover+out=0.036009 exchange+sort+moments=49.9058 B=77.9152 momentsAwait=6.85211 outCopy=0.000411]
 ======= Cycle 307 ======= 
*** E CALCULATION [GPU] ***
*** MAXWELL SOLVER [GPU] ***
Initial residual: 0.28018 norm b vector (source) = 0.439409
GMRES converged at restart # 2; iteration #5 with error: 7.44747e-07
  [Cycle 307] Particle sorting: ON
*** B CALCULATION [GPU] ***
Execution time cycle: 260.506 ms  [sort=0.044156 field=125.271 da_wait=0.00013 mover+out=0.032873 exchange+sort+moments=50.3512 B=77.9387 momentsAwait=6.86832 outCopy=0.00022]
 ======= Cycle 308 ======= 
*** E CALCULATION [GPU] ***
*** MAXWELL SOLVER [GPU] ***
Initial residual: 0.28042 norm b vector (source) = 0.439603
GMRES converged at restart # 2; iteration #5 with error: 7.40374e-07
  [Cycle 308] Particle sorting: ON
*** B CALCULATION [GPU] ***
Execution time cycle: 260.39 ms  [sort=0.06245 field=125.264 da_wait=0.00013 mover+out=0.036841 exchange+sort+moments=50.3615 B=77.8439 momentsAwait=6.82012 outCopy=0.00038]
 ======= Cycle 309 ======= 
*** E CALCULATION [GPU] ***
*** MAXWELL SOLVER [GPU] ***
Initial residual: 0.280615 norm b vector (source) = 0.439871
GMRES converged at restart # 2; iteration #5 with error: 7.0172e-07
  [Cycle 309] Particle sorting: ON
*** B CALCULATION [GPU] ***
Execution time cycle: 259.925 ms  [sort=0.045217 field=125.21 da_wait=0.00013 mover+out=0.030809 exchange+sort+moments=49.9466 B=77.9345 momentsAwait=6.75751 outCopy=0.000381]
 ======= Cycle 310 ======= 
*** E CALCULATION [GPU] ***
*** MAXWELL SOLVER [GPU] ***
Initial residual: 0.280706 norm b vector (source) = 0.440221
GMRES converged at restart # 2; iteration #4 with error: 9.84417e-07
  [Cycle 310] Particle sorting: ON
*** B CALCULATION [GPU] ***
Execution time cycle: 257.324 ms  [sort=0.042061 field=122.608 da_wait=0.000111 mover+out=0.035799 exchange+sort+moments=50.0869 B=77.7324 momentsAwait=6.81872 outCopy=0.000381]
 ======= Cycle 311 ======= 
*** E CALCULATION [GPU] ***
*** MAXWELL SOLVER [GPU] ***
Initial residual: 0.280633 norm b vector (source) = 0.440554
GMRES converged at restart # 2; iteration #4 with error: 8.85585e-07
  [Cycle 311] Particle sorting: ON
*** B CALCULATION [GPU] ***
Execution time cycle: 258.391 ms  [sort=0.032513 field=123.379 da_wait=0.00012 mover+out=0.029197 exchange+sort+moments=50.3043 B=77.7934 momentsAwait=6.85233 outCopy=0.000381]
 ======= Cycle 312 ======= 
*** E CALCULATION [GPU] ***
*** MAXWELL SOLVER [GPU] ***
Initial residual: 0.280362 norm b vector (source) = 0.440716
GMRES converged at restart # 2; iteration #4 with error: 8.1979e-07
  [Cycle 312] Particle sorting: ON
*** B CALCULATION [GPU] ***
Execution time cycle: 258.311 ms  [sort=0.042302 field=122.772 da_wait=0.00012 mover+out=0.038705 exchange+sort+moments=50.4689 B=78.0929 momentsAwait=6.89513 outCopy=0.000451]
 ======= Cycle 313 ======= 
*** E CALCULATION [GPU] ***
*** MAXWELL SOLVER [GPU] ***
Initial residual: 0.280241 norm b vector (source) = 0.44081
GMRES converged at restart # 2; iteration #4 with error: 7.86069e-07
  [Cycle 313] Particle sorting: ON
*** B CALCULATION [GPU] ***
Execution time cycle: 257.801 ms  [sort=0.044106 field=122.473 da_wait=0.000131 mover+out=0.030569 exchange+sort+moments=50.0342 B=78.3843 momentsAwait=6.8343 outCopy=0.000471]
 ======= Cycle 314 ======= 
*** E CALCULATION [GPU] ***
*** MAXWELL SOLVER [GPU] ***
Initial residual: 0.280289 norm b vector (source) = 0.441039
GMRES converged at restart # 2; iteration #4 with error: 7.71606e-07
  [Cycle 314] Particle sorting: ON
*** B CALCULATION [GPU] ***
Execution time cycle: 257.697 ms  [sort=0.043203 field=122.4 da_wait=0.00013 mover+out=0.032523 exchange+sort+moments=49.9651 B=78.4179 momentsAwait=6.83666 outCopy=0.000581]
 ======= Cycle 315 ======= 
*** E CALCULATION [GPU] ***
*** MAXWELL SOLVER [GPU] ***
Initial residual: 0.280198 norm b vector (source) = 0.441016
GMRES converged at restart # 2; iteration #4 with error: 7.6654e-07
  [Cycle 315] Particle sorting: ON
*** B CALCULATION [GPU] ***
Execution time cycle: 257.803 ms  [sort=0.043173 field=122.534 da_wait=0.00012 mover+out=0.033695 exchange+sort+moments=49.824 B=78.5273 momentsAwait=6.8402 outCopy=0.000411]
 ======= Cycle 316 ======= 
*** E CALCULATION [GPU] ***
*** MAXWELL SOLVER [GPU] ***
Initial residual: 0.280309 norm b vector (source) = 0.440954
GMRES converged at restart # 2; iteration #4 with error: 7.54923e-07
  [Cycle 316] Particle sorting: ON
*** B CALCULATION [GPU] ***
Execution time cycle: 258.007 ms  [sort=0.045508 field=122.309 da_wait=0.00013 mover+out=0.033525 exchange+sort+moments=50.3281 B=78.4488 momentsAwait=6.84187 outCopy=0.000471]
 ======= Cycle 317 ======= 
*** E CALCULATION [GPU] ***
*** MAXWELL SOLVER [GPU] ***
Initial residual: 0.280416 norm b vector (source) = 0.440917
GMRES converged at restart # 2; iteration #4 with error: 7.50309e-07
  [Cycle 317] Particle sorting: ON
*** B CALCULATION [GPU] ***
Execution time cycle: 258.445 ms  [sort=0.044516 field=122.642 da_wait=0.00021 mover+out=0.032423 exchange+sort+moments=50.5543 B=78.3241 momentsAwait=6.84715 outCopy=0.000421]
 ======= Cycle 318 ======= 
*** E CALCULATION [GPU] ***
*** MAXWELL SOLVER [GPU] ***
Initial residual: 0.280551 norm b vector (source) = 0.440981
GMRES converged at restart # 2; iteration #4 with error: 7.55265e-07
  [Cycle 318] Particle sorting: ON
*** B CALCULATION [GPU] ***
Execution time cycle: 258.39 ms  [sort=0.045398 field=122.797 da_wait=0.00013 mover+out=0.033154 exchange+sort+moments=50.2248 B=78.3985 momentsAwait=6.8904 outCopy=0.000401]
 ======= Cycle 319 ======= 
*** E CALCULATION [GPU] ***
*** MAXWELL SOLVER [GPU] ***
Initial residual: 0.280432 norm b vector (source) = 0.440766
GMRES converged at restart # 2; iteration #4 with error: 7.87757e-07
  [Cycle 319] Particle sorting: ON
*** B CALCULATION [GPU] ***
Execution time cycle: 258.143 ms  [sort=0.043965 field=122.791 da_wait=0.000121 mover+out=0.030849 exchange+sort+moments=50.2391 B=78.3019 momentsAwait=6.73565 outCopy=0.000381]
 ======= Cycle 320 ======= 
*** E CALCULATION [GPU] ***
*** MAXWELL SOLVER [GPU] ***
Initial residual: 0.280439 norm b vector (source) = 0.440562
GMRES converged at restart # 2; iteration #4 with error: 8.23791e-07
  [Cycle 320] Particle sorting: ON
*** B CALCULATION [GPU] ***
Execution time cycle: 258.568 ms  [sort=0.032873 field=122.876 da_wait=0.000121 mover+out=0.055697 exchange+sort+moments=50.455 B=78.3149 momentsAwait=6.83257 outCopy=0.000461]
 ======= Cycle 321 ======= 
*** E CALCULATION [GPU] ***
*** MAXWELL SOLVER [GPU] ***
Initial residual: 0.280297 norm b vector (source) = 0.440311
GMRES converged at restart # 2; iteration #4 with error: 8.66821e-07
  [Cycle 321] Particle sorting: ON
*** B CALCULATION [GPU] ***
Execution time cycle: 258.618 ms  [sort=0.043524 field=122.552 da_wait=0.00012 mover+out=0.034577 exchange+sort+moments=50.7096 B=78.5197 momentsAwait=6.7577 outCopy=0.000511]
 ======= Cycle 322 ======= 
*** E CALCULATION [GPU] ***
*** MAXWELL SOLVER [GPU] ***
Initial residual: 0.280061 norm b vector (source) = 0.439947
GMRES converged at restart # 2; iteration #4 with error: 8.92939e-07
  [Cycle 322] Particle sorting: ON
*** B CALCULATION [GPU] ***
Execution time cycle: 258.954 ms  [sort=0.040378 field=122.676 da_wait=0.00012 mover+out=0.034116 exchange+sort+moments=50.5281 B=78.8311 momentsAwait=6.84445 outCopy=0.000391]
 ======= Cycle 323 ======= 
*** E CALCULATION [GPU] ***
*** MAXWELL SOLVER [GPU] ***
Initial residual: 0.280132 norm b vector (source) = 0.439888
GMRES converged at restart # 2; iteration #4 with error: 8.82085e-07
  [Cycle 323] Particle sorting: ON
*** B CALCULATION [GPU] ***
Execution time cycle: 258.722 ms  [sort=0.043945 field=122.785 da_wait=0.00013 mover+out=0.034818 exchange+sort+moments=50.3292 B=78.7444 momentsAwait=6.7844 outCopy=0.00038]
 ======= Cycle 324 ======= 
*** E CALCULATION [GPU] ***
*** MAXWELL SOLVER [GPU] ***
Initial residual: 0.280071 norm b vector (source) = 0.440022
GMRES converged at restart # 2; iteration #4 with error: 8.42951e-07
  [Cycle 324] Particle sorting: ON
*** B CALCULATION [GPU] ***
Execution time cycle: 258.627 ms  [sort=0.043865 field=122.683 da_wait=0.00013 mover+out=0.028795 exchange+sort+moments=50.3559 B=78.6946 momentsAwait=6.82002 outCopy=0.000481]
 ======= Cycle 325 ======= 
*** E CALCULATION [GPU] ***
*** MAXWELL SOLVER [GPU] ***
Initial residual: 0.280045 norm b vector (source) = 0.440168
GMRES converged at restart # 2; iteration #4 with error: 7.87096e-07
  [Cycle 325] Particle sorting: ON
*** B CALCULATION [GPU] ***
Execution time cycle: 258.953 ms  [sort=0.047431 field=122.611 da_wait=0.00011 mover+out=0.032944 exchange+sort+moments=50.7051 B=78.7498 momentsAwait=6.80659 outCopy=0.000391]
 ======= Cycle 326 ======= 
*** E CALCULATION [GPU] ***
*** MAXWELL SOLVER [GPU] ***
Initial residual: 0.279911 norm b vector (source) = 0.440132
GMRES converged at restart # 2; iteration #4 with error: 8.00185e-07
  [Cycle 326] Particle sorting: ON
*** B CALCULATION [GPU] ***
Execution time cycle: 255.913 ms  [sort=0.043023 field=119.502 da_wait=0.000121 mover+out=0.03635 exchange+sort+moments=50.7271 B=78.7093 momentsAwait=6.89422 outCopy=0.000391]
 ======= Cycle 327 ======= 
*** E CALCULATION [GPU] ***
*** MAXWELL SOLVER [GPU] ***
Initial residual: 0.279972 norm b vector (source) = 0.440246
GMRES converged at restart # 2; iteration #4 with error: 7.93316e-07
  [Cycle 327] Particle sorting: ON
*** B CALCULATION [GPU] ***
Execution time cycle: 255.464 ms  [sort=0.043504 field=119.46 da_wait=0.000121 mover+out=0.028124 exchange+sort+moments=50.5013 B=78.6786 momentsAwait=6.75236 outCopy=0.000371]
 ======= Cycle 328 ======= 
*** E CALCULATION [GPU] ***
*** MAXWELL SOLVER [GPU] ***
Initial residual: 0.280179 norm b vector (source) = 0.440596
GMRES converged at restart # 2; iteration #4 with error: 7.65405e-07
  [Cycle 328] Particle sorting: ON
*** B CALCULATION [GPU] ***
Execution time cycle: 258.585 ms  [sort=0.045849 field=122.774 da_wait=0.000121 mover+out=0.030469 exchange+sort+moments=50.4488 B=78.4945 momentsAwait=6.79066 outCopy=0.00037]
 ======= Cycle 329 ======= 
*** E CALCULATION [GPU] ***
*** MAXWELL SOLVER [GPU] ***
Initial residual: 0.280394 norm b vector (source) = 0.441044
GMRES converged at restart # 2; iteration #4 with error: 8.05932e-07
  [Cycle 329] Particle sorting: ON
*** B CALCULATION [GPU] ***
Execution time cycle: 258.903 ms  [sort=0.032533 field=122.854 da_wait=0.000141 mover+out=0.035198 exchange+sort+moments=50.6148 B=78.5396 momentsAwait=6.82618 outCopy=0.00036]
 ======= Cycle 330 ======= 
*** E CALCULATION [GPU] ***
*** MAXWELL SOLVER [GPU] ***
Initial residual: 0.280624 norm b vector (source) = 0.441557
GMRES converged at restart # 2; iteration #4 with error: 8.3632e-07
  [Cycle 330] Particle sorting: ON
*** B CALCULATION [GPU] ***
Execution time cycle: 259.199 ms  [sort=0.040709 field=122.937 da_wait=0.00013 mover+out=0.03099 exchange+sort+moments=50.5574 B=78.75 momentsAwait=6.88216 outCopy=0.000471]
 ======= Cycle 331 ======= 
*** E CALCULATION [GPU] ***
*** MAXWELL SOLVER [GPU] ***
Initial residual: 0.280442 norm b vector (source) = 0.44158
GMRES converged at restart # 2; iteration #4 with error: 8.37017e-07
  [Cycle 331] Particle sorting: ON
*** B CALCULATION [GPU] ***
Execution time cycle: 258.813 ms  [sort=0.044907 field=122.513 da_wait=0.00012 mover+out=0.031982 exchange+sort+moments=50.5273 B=78.8795 momentsAwait=6.81506 outCopy=0.000731]
 ======= Cycle 332 ======= 
*** E CALCULATION [GPU] ***
*** MAXWELL SOLVER [GPU] ***
Initial residual: 0.280412 norm b vector (source) = 0.441351
GMRES converged at restart # 2; iteration #4 with error: 8.08499e-07
  [Cycle 332] Particle sorting: ON
*** B CALCULATION [GPU] ***
Execution time cycle: 258.737 ms  [sort=0.045157 field=122.476 da_wait=0.000111 mover+out=0.030769 exchange+sort+moments=50.3993 B=78.9005 momentsAwait=6.88482 outCopy=0.000461]
 ======= Cycle 333 ======= 
*** E CALCULATION [GPU] ***
*** MAXWELL SOLVER [GPU] ***
Initial residual: 0.280263 norm b vector (source) = 0.440903
GMRES converged at restart # 2; iteration #4 with error: 7.69987e-07
  [Cycle 333] Particle sorting: ON
*** B CALCULATION [GPU] ***
Execution time cycle: 258.603 ms  [sort=0.043995 field=122.549 da_wait=0.00012 mover+out=0.034587 exchange+sort+moments=50.1687 B=78.9445 momentsAwait=6.86133 outCopy=0.000391]
 ======= Cycle 334 ======= 
*** E CALCULATION [GPU] ***
*** MAXWELL SOLVER [GPU] ***
Initial residual: 0.279721 norm b vector (source) = 0.440058
GMRES converged at restart # 2; iteration #4 with error: 8.00392e-07
  [Cycle 334] Particle sorting: ON
*** B CALCULATION [GPU] ***
Execution time cycle: 255.88 ms  [sort=0.043755 field=119.506 da_wait=0.00012 mover+out=0.034697 exchange+sort+moments=50.5047 B=78.9479 momentsAwait=6.84159 outCopy=0.000321]
 ======= Cycle 335 ======= 
*** E CALCULATION [GPU] ***
*** MAXWELL SOLVER [GPU] ***
Initial residual: 0.279283 norm b vector (source) = 0.439239
GMRES converged at restart # 2; iteration #4 with error: 7.82065e-07
  [Cycle 335] Particle sorting: ON
*** B CALCULATION [GPU] ***
Execution time cycle: 256.343 ms  [sort=0.033415 field=119.866 da_wait=0.00012 mover+out=0.029768 exchange+sort+moments=50.721 B=78.8661 momentsAwait=6.82647 outCopy=0.000281]
 ======= Cycle 336 ======= 
*** E CALCULATION [GPU] ***
*** MAXWELL SOLVER [GPU] ***
Initial residual: 0.278903 norm b vector (source) = 0.438597
GMRES converged at restart # 2; iteration #4 with error: 7.79519e-07
  [Cycle 336] Particle sorting: ON
*** B CALCULATION [GPU] ***
Execution time cycle: 255.78 ms  [sort=0.033254 field=119.545 da_wait=0.00013 mover+out=0.034297 exchange+sort+moments=50.4301 B=78.8118 momentsAwait=6.92513 outCopy=0.000391]
 ======= Cycle 337 ======= 
*** E CALCULATION [GPU] ***
*** MAXWELL SOLVER [GPU] ***
Initial residual: 0.278945 norm b vector (source) = 0.438465
GMRES converged at restart # 2; iteration #4 with error: 7.82957e-07
  [Cycle 337] Particle sorting: ON
*** B CALCULATION [GPU] ***
Execution time cycle: 255.782 ms  [sort=0.046901 field=119.654 da_wait=0.000131 mover+out=0.03631 exchange+sort+moments=50.3641 B=78.7596 momentsAwait=6.92016 outCopy=0.000401]
 ======= Cycle 338 ======= 
*** E CALCULATION [GPU] ***
*** MAXWELL SOLVER [GPU] ***
Initial residual: 0.279403 norm b vector (source) = 0.438968
GMRES converged at restart # 2; iteration #4 with error: 7.86029e-07
  [Cycle 338] Particle sorting: ON
*** B CALCULATION [GPU] ***
Execution time cycle: 256.015 ms  [sort=0.039116 field=119.699 da_wait=0.00011 mover+out=0.030309 exchange+sort+moments=50.7188 B=78.7661 momentsAwait=6.7611 outCopy=0.00023]
 ======= Cycle 339 ======= 
*** E CALCULATION [GPU] ***
*** MAXWELL SOLVER [GPU] ***
Initial residual: 0.28003 norm b vector (source) = 0.439919
GMRES converged at restart # 2; iteration #4 with error: 7.92187e-07
  [Cycle 339] Particle sorting: ON
*** B CALCULATION [GPU] ***
Execution time cycle: 255.967 ms  [sort=0.037743 field=119.628 da_wait=0.00013 mover+out=0.029507 exchange+sort+moments=50.4873 B=78.9796 momentsAwait=6.80406 outCopy=0.000321]
 ======= Cycle 340 ======= 
*** E CALCULATION [GPU] ***
*** MAXWELL SOLVER [GPU] ***
Initial residual: 0.280423 norm b vector (source) = 0.440769
GMRES converged at restart # 2; iteration #4 with error: 8.03045e-07
  [Cycle 340] Particle sorting: ON
*** B CALCULATION [GPU] ***
Execution time cycle: 256.592 ms  [sort=0.042853 field=119.624 da_wait=0.00012 mover+out=0.033084 exchange+sort+moments=50.4038 B=79.2827 momentsAwait=7.20599 outCopy=0.000381]
 ======= Cycle 341 ======= 
*** E CALCULATION [GPU] ***
*** MAXWELL SOLVER [GPU] ***
Initial residual: 0.280494 norm b vector (source) = 0.441237
GMRES converged at restart # 2; iteration #4 with error: 7.65803e-07
  [Cycle 341] Particle sorting: ON
*** B CALCULATION [GPU] ***
Execution time cycle: 262.023 ms  [sort=0.043925 field=122.877 da_wait=0.00013 mover+out=0.029467 exchange+sort+moments=50.4495 B=80.1842 momentsAwait=8.43883 outCopy=0.000381]
 ======= Cycle 342 ======= 
*** E CALCULATION [GPU] ***
*** MAXWELL SOLVER [GPU] ***
Initial residual: 0.280351 norm b vector (source) = 0.441378
GMRES converged at restart # 2; iteration #4 with error: 8.03215e-07
  [Cycle 342] Particle sorting: ON
*** B CALCULATION [GPU] ***
Execution time cycle: 265.694 ms  [sort=0.04142 field=123.417 da_wait=0.00013 mover+out=0.033104 exchange+sort+moments=51.1448 B=82.7743 momentsAwait=8.28256 outCopy=0.000371]
 ======= Cycle 343 ======= 
*** E CALCULATION [GPU] ***
*** MAXWELL SOLVER [GPU] ***
Initial residual: 0.280127 norm b vector (source) = 0.441344
GMRES converged at restart # 2; iteration #4 with error: 8.49646e-07
  [Cycle 343] Particle sorting: ON
*** B CALCULATION [GPU] ***
Execution time cycle: 260.475 ms  [sort=0.043925 field=123.171 da_wait=0.00012 mover+out=0.034207 exchange+sort+moments=50.929 B=79.5119 momentsAwait=6.78338 outCopy=0.000682]
 ======= Cycle 344 ======= 
*** E CALCULATION [GPU] ***
*** MAXWELL SOLVER [GPU] ***
Initial residual: 0.279741 norm b vector (source) = 0.441077
GMRES converged at restart # 2; iteration #4 with error: 8.87e-07
  [Cycle 344] Particle sorting: ON
*** B CALCULATION [GPU] ***
Execution time cycle: 259.26 ms  [sort=0.042111 field=122.454 da_wait=0.000121 mover+out=0.032382 exchange+sort+moments=50.607 B=79.3583 momentsAwait=6.76656 outCopy=0.000421]
 ======= Cycle 345 ======= 
*** E CALCULATION [GPU] ***
*** MAXWELL SOLVER [GPU] ***
Initial residual: 0.279666 norm b vector (source) = 0.440887
GMRES converged at restart # 2; iteration #4 with error: 8.9629e-07
  [Cycle 345] Particle sorting: ON
*** B CALCULATION [GPU] ***
Execution time cycle: 261.21 ms  [sort=0.045188 field=124.132 da_wait=0.00011 mover+out=0.033655 exchange+sort+moments=50.6291 B=79.5205 momentsAwait=6.84963 outCopy=0.000371]
 ======= Cycle 346 ======= 
*** E CALCULATION [GPU] ***
*** MAXWELL SOLVER [GPU] ***
Initial residual: 0.279643 norm b vector (source) = 0.440787
GMRES converged at restart # 2; iteration #4 with error: 8.83403e-07
  [Cycle 346] Particle sorting: ON
*** B CALCULATION [GPU] ***
Execution time cycle: 259.796 ms  [sort=0.042082 field=122.638 da_wait=0.00011 mover+out=0.037102 exchange+sort+moments=50.7998 B=79.3574 momentsAwait=6.92152 outCopy=0.000391]
 ======= Cycle 347 ======= 
*** E CALCULATION [GPU] ***
*** MAXWELL SOLVER [GPU] ***
Initial residual: 0.279519 norm b vector (source) = 0.440565
GMRES converged at restart # 2; iteration #4 with error: 8.42817e-07
  [Cycle 347] Particle sorting: ON
*** B CALCULATION [GPU] ***
Execution time cycle: 259.862 ms  [sort=0.033194 field=122.687 da_wait=0.000201 mover+out=0.031591 exchange+sort+moments=50.8403 B=79.3289 momentsAwait=6.94046 outCopy=0.000391]
 ======= Cycle 348 ======= 
*** E CALCULATION [GPU] ***
*** MAXWELL SOLVER [GPU] ***
Initial residual: 0.279289 norm b vector (source) = 0.440054
GMRES converged at restart # 2; iteration #4 with error: 7.91183e-07
  [Cycle 348] Particle sorting: ON
*** B CALCULATION [GPU] ***
Execution time cycle: 259.987 ms  [sort=0.043504 field=122.666 da_wait=0.00012 mover+out=0.029217 exchange+sort+moments=50.7395 B=79.5931 momentsAwait=6.91497 outCopy=0.00023]
 ======= Cycle 349 ======= 
*** E CALCULATION [GPU] ***
*** MAXWELL SOLVER [GPU] ***
Initial residual: 0.27928 norm b vector (source) = 0.439628
GMRES converged at restart # 2; iteration #4 with error: 7.52453e-07
  [Cycle 349] Particle sorting: ON
*** B CALCULATION [GPU] ***
Execution time cycle: 259.999 ms  [sort=0.044276 field=122.743 da_wait=0.00011 mover+out=0.03104 exchange+sort+moments=50.376 B=79.9803 momentsAwait=6.82323 outCopy=0.000381]
 ======= Cycle 350 ======= 
*** E CALCULATION [GPU] ***
*** MAXWELL SOLVER [GPU] ***
Initial residual: 0.279417 norm b vector (source) = 0.439479
GMRES converged at restart # 2; iteration #4 with error: 7.93325e-07
  [Cycle 350] Particle sorting: ON
*** B CALCULATION [GPU] ***
Execution time cycle: 272.854 ms  [sort=13.0225 field=123.145 da_wait=0.000531 mover+out=0.025409 exchange+sort+moments=50.0492 B=79.7064 momentsAwait=6.90407 outCopy=0.000421]
 ======= Cycle 351 ======= 
*** E CALCULATION [GPU] ***
*** MAXWELL SOLVER [GPU] ***
Initial residual: 0.279974 norm b vector (source) = 0.439876
GMRES converged at restart # 2; iteration #4 with error: 7.93718e-07
  [Cycle 351] Particle sorting: ON
*** B CALCULATION [GPU] ***
Execution time cycle: 256.807 ms  [sort=0.047141 field=119.419 da_wait=0.000121 mover+out=0.032142 exchange+sort+moments=50.5916 B=79.9674 momentsAwait=6.74857 outCopy=0.000481]
 ======= Cycle 352 ======= 
*** E CALCULATION [GPU] ***
*** MAXWELL SOLVER [GPU] ***
Initial residual: 0.280458 norm b vector (source) = 0.440545
GMRES converged at restart # 2; iteration #4 with error: 7.44919e-07
  [Cycle 352] Particle sorting: ON
*** B CALCULATION [GPU] ***
Execution time cycle: 259.871 ms  [sort=0.04649 field=122.515 da_wait=0.000121 mover+out=0.03643 exchange+sort+moments=50.7232 B=79.7723 momentsAwait=6.77627 outCopy=0.000381]
 ======= Cycle 353 ======= 
*** E CALCULATION [GPU] ***
*** MAXWELL SOLVER [GPU] ***
Initial residual: 0.280731 norm b vector (source) = 0.441109
GMRES converged at restart # 2; iteration #4 with error: 7.62889e-07
  [Cycle 353] Particle sorting: ON
*** B CALCULATION [GPU] ***
Execution time cycle: 259.989 ms  [sort=0.044025 field=122.525 da_wait=0.00011 mover+out=0.032413 exchange+sort+moments=50.7974 B=79.8181 momentsAwait=6.77197 outCopy=0.000461]
 ======= Cycle 354 ======= 
*** E CALCULATION [GPU] ***
*** MAXWELL SOLVER [GPU] ***
Initial residual: 0.280744 norm b vector (source) = 0.441405
GMRES converged at restart # 2; iteration #4 with error: 7.78947e-07
  [Cycle 354] Particle sorting: ON
*** B CALCULATION [GPU] ***
Execution time cycle: 259.673 ms  [sort=0.041581 field=122.406 da_wait=0.00011 mover+out=0.034587 exchange+sort+moments=50.8119 B=79.5831 momentsAwait=6.79506 outCopy=0.000461]
 ======= Cycle 355 ======= 
*** E CALCULATION [GPU] ***
*** MAXWELL SOLVER [GPU] ***
Initial residual: 0.280399 norm b vector (source) = 0.441279
GMRES converged at restart # 2; iteration #4 with error: 8.1529e-07
  [Cycle 355] Particle sorting: ON
*** B CALCULATION [GPU] ***
Execution time cycle: 260.649 ms  [sort=0.047091 field=123.007 da_wait=0.00013 mover+out=0.030329 exchange+sort+moments=50.9096 B=79.7934 momentsAwait=6.86109 outCopy=0.000411]
 ======= Cycle 356 ======= 
*** E CALCULATION [GPU] ***
*** MAXWELL SOLVER [GPU] ***
Initial residual: 0.279989 norm b vector (source) = 0.440897
GMRES converged at restart # 2; iteration #4 with error: 8.80682e-07
  [Cycle 356] Particle sorting: ON
*** B CALCULATION [GPU] ***
Execution time cycle: 260.211 ms  [sort=0.03578 field=122.675 da_wait=0.000201 mover+out=0.03133 exchange+sort+moments=50.7071 B=79.945 momentsAwait=6.81579 outCopy=0.000471]
 ======= Cycle 357 ======= 
*** E CALCULATION [GPU] ***
*** MAXWELL SOLVER [GPU] ***
Initial residual: 0.279941 norm b vector (source) = 0.440852
GMRES converged at restart # 2; iteration #4 with error: 9.68866e-07
  [Cycle 357] Particle sorting: ON
*** B CALCULATION [GPU] ***
Execution time cycle: 260.028 ms  [sort=0.046841 field=122.474 da_wait=0.00013 mover+out=0.031101 exchange+sort+moments=50.5107 B=80.1181 momentsAwait=6.84713 outCopy=0.000381]
 ======= Cycle 358 ======= 
*** E CALCULATION [GPU] ***
*** MAXWELL SOLVER [GPU] ***
Initial residual: 0.28004 norm b vector (source) = 0.441197
GMRES converged at restart # 2; iteration #5 with error: 6.949e-07
  [Cycle 358] Particle sorting: ON
*** B CALCULATION [GPU] ***
Execution time cycle: 263.147 ms  [sort=0.044045 field=125.179 da_wait=0.00013 mover+out=0.032263 exchange+sort+moments=50.9444 B=80.0968 momentsAwait=6.84993 outCopy=0.000331]
 ======= Cycle 359 ======= 
*** E CALCULATION [GPU] ***
*** MAXWELL SOLVER [GPU] ***
Initial residual: 0.280394 norm b vector (source) = 0.441869
GMRES converged at restart # 2; iteration #5 with error: 7.48935e-07
  [Cycle 359] Particle sorting: ON
*** B CALCULATION [GPU] ***
Execution time cycle: 262.907 ms  [sort=0.04645 field=125.06 da_wait=0.00012 mover+out=0.034808 exchange+sort+moments=50.7504 B=80.2647 momentsAwait=6.74996 outCopy=0.0003]
 ======= Cycle 360 ======= 
*** E CALCULATION [GPU] ***
*** MAXWELL SOLVER [GPU] ***
Initial residual: 0.280634 norm b vector (source) = 0.442442
GMRES converged at restart # 2; iteration #5 with error: 7.75292e-07
  [Cycle 360] Particle sorting: ON
*** B CALCULATION [GPU] ***
Execution time cycle: 262.788 ms  [sort=0.043274 field=124.949 da_wait=0.00013 mover+out=0.030679 exchange+sort+moments=50.7645 B=80.2219 momentsAwait=6.77867 outCopy=0.000391]
 ======= Cycle 361 ======= 
*** E CALCULATION [GPU] ***
*** MAXWELL SOLVER [GPU] ***
Initial residual: 0.280703 norm b vector (source) = 0.442682
GMRES converged at restart # 2; iteration #5 with error: 7.68331e-07
  [Cycle 361] Particle sorting: ON
*** B CALCULATION [GPU] ***
Execution time cycle: 262.987 ms  [sort=0.043685 field=125.156 da_wait=0.00015 mover+out=0.031281 exchange+sort+moments=50.8342 B=80.1538 momentsAwait=6.76697 outCopy=0.000301]
 ======= Cycle 362 ======= 
*** E CALCULATION [GPU] ***
*** MAXWELL SOLVER [GPU] ***
Initial residual: 0.280693 norm b vector (source) = 0.44255
GMRES converged at restart # 2; iteration #5 with error: 7.32033e-07
  [Cycle 362] Particle sorting: ON
*** B CALCULATION [GPU] ***
Execution time cycle: 262.493 ms  [sort=0.042753 field=124.846 da_wait=0.00014 mover+out=0.033014 exchange+sort+moments=50.6659 B=80.0465 momentsAwait=6.85827 outCopy=0.000311]
 ======= Cycle 363 ======= 
*** E CALCULATION [GPU] ***
*** MAXWELL SOLVER [GPU] ***
Initial residual: 0.28049 norm b vector (source) = 0.442117
GMRES converged at restart # 2; iteration #5 with error: 6.83917e-07
  [Cycle 363] Particle sorting: ON
*** B CALCULATION [GPU] ***
Execution time cycle: 262.812 ms  [sort=0.045428 field=125.233 da_wait=0.00013 mover+out=0.028305 exchange+sort+moments=50.8562 B=79.8645 momentsAwait=6.78426 outCopy=0.000311]
 ======= Cycle 364 ======= 
*** E CALCULATION [GPU] ***
*** MAXWELL SOLVER [GPU] ***
Initial residual: 0.280274 norm b vector (source) = 0.441523
GMRES converged at restart # 2; iteration #4 with error: 9.84371e-07
  [Cycle 364] Particle sorting: ON
*** B CALCULATION [GPU] ***
Execution time cycle: 260.27 ms  [sort=0.038114 field=122.411 da_wait=0.00011 mover+out=0.029998 exchange+sort+moments=50.9542 B=79.9862 momentsAwait=6.8502 outCopy=0.0003]
 ======= Cycle 365 ======= 
*** E CALCULATION [GPU] ***
*** MAXWELL SOLVER [GPU] ***
Initial residual: 0.280172 norm b vector (source) = 0.441005
GMRES converged at restart # 2; iteration #4 with error: 9.54833e-07
  [Cycle 365] Particle sorting: ON
*** B CALCULATION [GPU] ***
Execution time cycle: 260.732 ms  [sort=0.038043 field=122.87 da_wait=0.00013 mover+out=0.028796 exchange+sort+moments=50.7768 B=80.1699 momentsAwait=6.84788 outCopy=0.000331]
 ======= Cycle 366 ======= 
*** E CALCULATION [GPU] ***
*** MAXWELL SOLVER [GPU] ***
Initial residual: 0.280244 norm b vector (source) = 0.440774
GMRES converged at restart # 2; iteration #4 with error: 9.5655e-07
  [Cycle 366] Particle sorting: ON
*** B CALCULATION [GPU] ***
Execution time cycle: 260.285 ms  [sort=0.04145 field=122.409 da_wait=0.000391 mover+out=0.034246 exchange+sort+moments=50.5286 B=80.4295 momentsAwait=6.84165 outCopy=0.000391]
 ======= Cycle 367 ======= 
*** E CALCULATION [GPU] ***
*** MAXWELL SOLVER [GPU] ***
Initial residual: 0.280516 norm b vector (source) = 0.441008
GMRES converged at restart # 2; iteration #4 with error: 9.80988e-07
  [Cycle 367] Particle sorting: ON
*** B CALCULATION [GPU] ***
Execution time cycle: 260.387 ms  [sort=0.043524 field=122.503 da_wait=0.00013 mover+out=0.03581 exchange+sort+moments=50.7023 B=80.3691 momentsAwait=6.73264 outCopy=0.000311]
 ======= Cycle 368 ======= 
*** E CALCULATION [GPU] ***
*** MAXWELL SOLVER [GPU] ***
Initial residual: 0.28092 norm b vector (source) = 0.441698
GMRES converged at restart # 2; iteration #5 with error: 6.67062e-07
  [Cycle 368] Particle sorting: ON
*** B CALCULATION [GPU] ***
Execution time cycle: 263.459 ms  [sort=0.042712 field=125.332 da_wait=0.00013 mover+out=0.027965 exchange+sort+moments=50.8601 B=80.4424 momentsAwait=6.75406 outCopy=0.00031]
 ======= Cycle 369 ======= 
*** E CALCULATION [GPU] ***
*** MAXWELL SOLVER [GPU] ***
Initial residual: 0.281345 norm b vector (source) = 0.442522
GMRES converged at restart # 2; iteration #5 with error: 7.07596e-07
  [Cycle 369] Particle sorting: ON
*** B CALCULATION [GPU] ***
Execution time cycle: 263.113 ms  [sort=0.044666 field=125.188 da_wait=0.00012 mover+out=0.03069 exchange+sort+moments=50.5907 B=80.502 momentsAwait=6.75694 outCopy=0.000231]
 ======= Cycle 370 ======= 
*** E CALCULATION [GPU] ***
*** MAXWELL SOLVER [GPU] ***
Initial residual: 0.281684 norm b vector (source) = 0.443247
GMRES converged at restart # 2; iteration #5 with error: 7.67356e-07
  [Cycle 370] Particle sorting: ON
*** B CALCULATION [GPU] ***
Execution time cycle: 263 ms  [sort=0.041911 field=125.065 da_wait=0.000131 mover+out=0.030338 exchange+sort+moments=50.7716 B=80.2817 momentsAwait=6.8091 outCopy=0.000391]
 ======= Cycle 371 ======= 
*** E CALCULATION [GPU] ***
*** MAXWELL SOLVER [GPU] ***
Initial residual: 0.281723 norm b vector (source) = 0.443584
GMRES converged at restart # 2; iteration #5 with error: 8.40897e-07
  [Cycle 371] Particle sorting: ON
*** B CALCULATION [GPU] ***
Execution time cycle: 263.141 ms  [sort=0.044597 field=125.095 da_wait=0.00012 mover+out=0.031672 exchange+sort+moments=50.7353 B=80.3908 momentsAwait=6.84347 outCopy=0.000311]
 ======= Cycle 372 ======= 
*** E CALCULATION [GPU] ***
*** MAXWELL SOLVER [GPU] ***
Initial residual: 0.281728 norm b vector (source) = 0.443706
GMRES converged at restart # 2; iteration #5 with error: 8.50111e-07
  [Cycle 372] Particle sorting: ON
*** B CALCULATION [GPU] ***
Execution time cycle: 265.695 ms  [sort=0.043063 field=128.006 da_wait=0.00012 mover+out=0.033896 exchange+sort+moments=50.7101 B=80.1723 momentsAwait=6.72903 outCopy=0.00036]
 ======= Cycle 373 ======= 
*** E CALCULATION [GPU] ***
*** MAXWELL SOLVER [GPU] ***
Initial residual: 0.281703 norm b vector (source) = 0.443823
GMRES converged at restart # 2; iteration #5 with error: 9.18154e-07
  [Cycle 373] Particle sorting: ON
*** B CALCULATION [GPU] ***
Execution time cycle: 265.987 ms  [sort=0.044807 field=128.13 da_wait=0.00011 mover+out=0.033525 exchange+sort+moments=50.681 B=80.2931 momentsAwait=6.80417 outCopy=0.000321]
 ======= Cycle 374 ======= 
*** E CALCULATION [GPU] ***
*** MAXWELL SOLVER [GPU] ***
Initial residual: 0.281564 norm b vector (source) = 0.443818
GMRES converged at restart # 2; iteration #5 with error: 9.45654e-07
  [Cycle 374] Particle sorting: ON
*** B CALCULATION [GPU] ***
Execution time cycle: 266.599 ms  [sort=0.032393 field=128.362 da_wait=0.000131 mover+out=0.028675 exchange+sort+moments=50.7622 B=80.5621 momentsAwait=6.85007 outCopy=0.000681]
 ======= Cycle 375 ======= 
*** E CALCULATION [GPU] ***
*** MAXWELL SOLVER [GPU] ***
Initial residual: 0.28157 norm b vector (source) = 0.4438
GMRES converged at restart # 2; iteration #5 with error: 9.39414e-07
  [Cycle 375] Particle sorting: ON
*** B CALCULATION [GPU] ***
Execution time cycle: 266.889 ms  [sort=0.042813 field=128.214 da_wait=0.00023 mover+out=0.033956 exchange+sort+moments=50.8164 B=80.8377 momentsAwait=6.94316 outCopy=0.000301]
 ======= Cycle 376 ======= 
*** E CALCULATION [GPU] ***
*** MAXWELL SOLVER [GPU] ***
Initial residual: 0.281646 norm b vector (source) = 0.4439
GMRES converged at restart # 2; iteration #5 with error: 8.96072e-07
  [Cycle 376] Particle sorting: ON
*** B CALCULATION [GPU] ***
Execution time cycle: 267.245 ms  [sort=0.044155 field=128.325 da_wait=0.000131 mover+out=0.033815 exchange+sort+moments=51.352 B=80.727 momentsAwait=6.7624 outCopy=0.000411]
 ======= Cycle 377 ======= 
*** E CALCULATION [GPU] ***
*** MAXWELL SOLVER [GPU] ***
Initial residual: 0.281705 norm b vector (source) = 0.444035
GMRES converged at restart # 2; iteration #5 with error: 8.40131e-07
  [Cycle 377] Particle sorting: ON
*** B CALCULATION [GPU] ***
Execution time cycle: 267.1 ms  [sort=0.044185 field=128.269 da_wait=0.00011 mover+out=0.033856 exchange+sort+moments=50.8661 B=80.9482 momentsAwait=6.93841 outCopy=0.000481]
 ======= Cycle 378 ======= 
*** E CALCULATION [GPU] ***
*** MAXWELL SOLVER [GPU] ***
Initial residual: 0.281391 norm b vector (source) = 0.443785
GMRES converged at restart # 2; iteration #5 with error: 8.55358e-07
  [Cycle 378] Particle sorting: ON
*** B CALCULATION [GPU] ***
Execution time cycle: 264.677 ms  [sort=0.041059 field=125.912 da_wait=0.00011 mover+out=0.027684 exchange+sort+moments=50.8363 B=81.0283 momentsAwait=6.83108 outCopy=0.000411]
 ======= Cycle 379 ======= 
*** E CALCULATION [GPU] ***
*** MAXWELL SOLVER [GPU] ***
Initial residual: 0.281102 norm b vector (source) = 0.443314
GMRES converged at restart # 2; iteration #5 with error: 8.15095e-07
  [Cycle 379] Particle sorting: ON
*** B CALCULATION [GPU] ***
Execution time cycle: 263.699 ms  [sort=0.042843 field=125.119 da_wait=0.00012 mover+out=0.029417 exchange+sort+moments=50.8599 B=80.9054 momentsAwait=6.74188 outCopy=0.000381]
 ======= Cycle 380 ======= 
*** E CALCULATION [GPU] ***
*** MAXWELL SOLVER [GPU] ***
Initial residual: 0.280927 norm b vector (source) = 0.44294
GMRES converged at restart # 2; iteration #5 with error: 7.9073e-07
  [Cycle 380] Particle sorting: ON
*** B CALCULATION [GPU] ***
Execution time cycle: 263.995 ms  [sort=0.043193 field=125.163 da_wait=0.00012 mover+out=0.029036 exchange+sort+moments=51.0095 B=80.9677 momentsAwait=6.78188 outCopy=0.000401]
 ======= Cycle 381 ======= 
*** E CALCULATION [GPU] ***
*** MAXWELL SOLVER [GPU] ***
Initial residual: 0.281024 norm b vector (source) = 0.44292
GMRES converged at restart # 2; iteration #5 with error: 7.91254e-07
  [Cycle 381] Particle sorting: ON
*** B CALCULATION [GPU] ***
Execution time cycle: 263.752 ms  [sort=0.043233 field=125.033 da_wait=0.00012 mover+out=0.035319 exchange+sort+moments=50.9413 B=80.7886 momentsAwait=6.90947 outCopy=0.00043]
 ======= Cycle 382 ======= 
*** E CALCULATION [GPU] ***
*** MAXWELL SOLVER [GPU] ***
Initial residual: 0.281341 norm b vector (source) = 0.443253
GMRES converged at restart # 2; iteration #5 with error: 8.07138e-07
  [Cycle 382] Particle sorting: ON
*** B CALCULATION [GPU] ***
Execution time cycle: 264.453 ms  [sort=0.042772 field=125.411 da_wait=0.00013 mover+out=0.032323 exchange+sort+moments=51.2195 B=80.8201 momentsAwait=6.92715 outCopy=0.000461]
 ======= Cycle 383 ======= 
*** E CALCULATION [GPU] ***
*** MAXWELL SOLVER [GPU] ***
Initial residual: 0.281642 norm b vector (source) = 0.44365
GMRES converged at restart # 2; iteration #5 with error: 8.4277e-07
  [Cycle 383] Particle sorting: ON
*** B CALCULATION [GPU] ***
Execution time cycle: 264.304 ms  [sort=0.031751 field=125.16 da_wait=0.00013 mover+out=0.032764 exchange+sort+moments=51.0973 B=81.1582 momentsAwait=6.82339 outCopy=0.000381]
 ======= Cycle 384 ======= 
*** E CALCULATION [GPU] ***
*** MAXWELL SOLVER [GPU] ***
Initial residual: 0.282128 norm b vector (source) = 0.444166
GMRES converged at restart # 2; iteration #5 with error: 8.98569e-07
  [Cycle 384] Particle sorting: ON
*** B CALCULATION [GPU] ***
Execution time cycle: 265.444 ms  [sort=0.044446 field=125.978 da_wait=0.000131 mover+out=0.039436 exchange+sort+moments=51.1026 B=81.4297 momentsAwait=6.84959 outCopy=0.000401]
 ======= Cycle 385 ======= 
*** E CALCULATION [GPU] ***
*** MAXWELL SOLVER [GPU] ***
Initial residual: 0.282429 norm b vector (source) = 0.444587
GMRES converged at restart # 2; iteration #5 with error: 8.98571e-07
  [Cycle 385] Particle sorting: ON
*** B CALCULATION [GPU] ***
Execution time cycle: 268.315 ms  [sort=0.041871 field=128.457 da_wait=0.00013 mover+out=0.037022 exchange+sort+moments=51.4417 B=81.4504 momentsAwait=6.88658 outCopy=0.00038]
 ======= Cycle 386 ======= 
*** E CALCULATION [GPU] ***
*** MAXWELL SOLVER [GPU] ***
Initial residual: 0.282749 norm b vector (source) = 0.445032
GMRES converged at restart # 2; iteration #5 with error: 9.94564e-07
  [Cycle 386] Particle sorting: ON
*** B CALCULATION [GPU] ***
Execution time cycle: 267.778 ms  [sort=0.043143 field=128.007 da_wait=0.00013 mover+out=0.029918 exchange+sort+moments=51.3197 B=81.4611 momentsAwait=6.91661 outCopy=0.000381]
 ======= Cycle 387 ======= 
*** E CALCULATION [GPU] ***
*** MAXWELL SOLVER [GPU] ***
Initial residual: 0.282908 norm b vector (source) = 0.445411
GMRES converged at restart # 2; iteration #6 with error: 6.75284e-07
  [Cycle 387] Particle sorting: ON
*** B CALCULATION [GPU] ***
Execution time cycle: 270.599 ms  [sort=0.043564 field=130.807 da_wait=0.000111 mover+out=0.031901 exchange+sort+moments=51.1169 B=81.6955 momentsAwait=6.90344 outCopy=0.000481]
 ======= Cycle 388 ======= 
*** E CALCULATION [GPU] ***
*** MAXWELL SOLVER [GPU] ***
Initial residual: 0.282856 norm b vector (source) = 0.44564
GMRES converged at restart # 2; iteration #6 with error: 7.2848e-07
  [Cycle 388] Particle sorting: ON
*** B CALCULATION [GPU] ***
Execution time cycle: 279.1 ms  [sort=0.045648 field=139.461 da_wait=0.00012 mover+out=0.034597 exchange+sort+moments=51.268 B=81.3733 momentsAwait=6.9164 outCopy=0.000411]
 ======= Cycle 389 ======= 
*** E CALCULATION [GPU] ***
*** MAXWELL SOLVER [GPU] ***
Initial residual: 0.282333 norm b vector (source) = 0.445308
GMRES converged at restart # 2; iteration #6 with error: 7.661e-07
  [Cycle 389] Particle sorting: ON
*** B CALCULATION [GPU] ***
Execution time cycle: 270.169 ms  [sort=0.042051 field=130.747 da_wait=0.00011 mover+out=0.029166 exchange+sort+moments=50.9274 B=81.4687 momentsAwait=6.95389 outCopy=0.0003]
 ======= Cycle 390 ======= 
*** E CALCULATION [GPU] ***
*** MAXWELL SOLVER [GPU] ***
Initial residual: 0.281957 norm b vector (source) = 0.444831
GMRES converged at restart # 2; iteration #6 with error: 7.79814e-07
  [Cycle 390] Particle sorting: ON
*** B CALCULATION [GPU] ***
Execution time cycle: 270.245 ms  [sort=0.041861 field=130.785 da_wait=0.00012 mover+out=0.035038 exchange+sort+moments=51.24 B=81.2225 momentsAwait=6.92113 outCopy=0.00031]
 ======= Cycle 391 ======= 
*** E CALCULATION [GPU] ***
*** MAXWELL SOLVER [GPU] ***
Initial residual: 0.281811 norm b vector (source) = 0.444408
GMRES converged at restart # 2; iteration #6 with error: 7.6874e-07
  [Cycle 391] Particle sorting: ON
*** B CALCULATION [GPU] ***
Execution time cycle: 270.659 ms  [sort=0.04137 field=131.151 da_wait=0.00012 mover+out=0.035759 exchange+sort+moments=51.2282 B=81.3726 momentsAwait=6.82949 outCopy=0.000381]
 ======= Cycle 392 ======= 
*** E CALCULATION [GPU] ***
*** MAXWELL SOLVER [GPU] ***
Initial residual: 0.281618 norm b vector (source) = 0.444012
GMRES converged at restart # 2; iteration #6 with error: 7.34803e-07
  [Cycle 392] Particle sorting: ON
*** B CALCULATION [GPU] ***
Execution time cycle: 270.19 ms  [sort=0.033354 field=130.546 da_wait=0.00011 mover+out=0.034497 exchange+sort+moments=51.118 B=81.4317 momentsAwait=7.02663 outCopy=0.000431]
 ======= Cycle 393 ======= 
*** E CALCULATION [GPU] ***
*** MAXWELL SOLVER [GPU] ***
Initial residual: 0.281619 norm b vector (source) = 0.443875
GMRES converged at restart # 2; iteration #6 with error: 6.98899e-07
  [Cycle 393] Particle sorting: ON
*** B CALCULATION [GPU] ***
Execution time cycle: 270.42 ms  [sort=0.04151 field=130.913 da_wait=0.00014 mover+out=0.036872 exchange+sort+moments=50.8155 B=81.6746 momentsAwait=6.93855 outCopy=0.00038]
 ======= Cycle 394 ======= 
*** E CALCULATION [GPU] ***
*** MAXWELL SOLVER [GPU] ***
Initial residual: 0.281423 norm b vector (source) = 0.443746
GMRES converged at restart # 2; iteration #6 with error: 6.7443e-07
  [Cycle 394] Particle sorting: ON
*** B CALCULATION [GPU] ***
Execution time cycle: 270.827 ms  [sort=0.036741 field=130.799 da_wait=0.00012 mover+out=0.030369 exchange+sort+moments=51.2763 B=81.7381 momentsAwait=6.94593 outCopy=0.000731]
 ======= Cycle 395 ======= 
*** E CALCULATION [GPU] ***
*** MAXWELL SOLVER [GPU] ***
Initial residual: 0.281357 norm b vector (source) = 0.443738
GMRES converged at restart # 2; iteration #6 with error: 6.60924e-07
  [Cycle 395] Particle sorting: ON
*** B CALCULATION [GPU] ***
Execution time cycle: 270.448 ms  [sort=0.042733 field=130.717 da_wait=0.00011 mover+out=0.029026 exchange+sort+moments=51.0928 B=81.7278 momentsAwait=6.83781 outCopy=0.000361]
 ======= Cycle 396 ======= 
*** E CALCULATION [GPU] ***
*** MAXWELL SOLVER [GPU] ***
Initial residual: 0.281305 norm b vector (source) = 0.443691
GMRES converged at restart # 2; iteration #6 with error: 6.61489e-07
  [Cycle 396] Particle sorting: ON
*** B CALCULATION [GPU] ***
Execution time cycle: 270.595 ms  [sort=0.039377 field=130.439 da_wait=0.000191 mover+out=0.034847 exchange+sort+moments=51.3851 B=81.9047 momentsAwait=6.79135 outCopy=0.000481]
 ======= Cycle 397 ======= 
*** E CALCULATION [GPU] ***
*** MAXWELL SOLVER [GPU] ***
Initial residual: 0.281111 norm b vector (source) = 0.443353
GMRES converged at restart # 2; iteration #6 with error: 6.78531e-07
  [Cycle 397] Particle sorting: ON
*** B CALCULATION [GPU] ***
Execution time cycle: 270.305 ms  [sort=0.042512 field=130.615 da_wait=0.00012 mover+out=0.033084 exchange+sort+moments=51.1526 B=81.6143 momentsAwait=6.84671 outCopy=0.000341]
 ======= Cycle 398 ======= 
*** E CALCULATION [GPU] ***
*** MAXWELL SOLVER [GPU] ***
Initial residual: 0.281191 norm b vector (source) = 0.443129
GMRES converged at restart # 2; iteration #6 with error: 7.10376e-07
  [Cycle 398] Particle sorting: ON
*** B CALCULATION [GPU] ***
Execution time cycle: 270.443 ms  [sort=0.044146 field=130.762 da_wait=0.000111 mover+out=0.028795 exchange+sort+moments=51.007 B=81.6571 momentsAwait=6.94425 outCopy=0.000471]
 ======= Cycle 399 ======= 
*** E CALCULATION [GPU] ***
*** MAXWELL SOLVER [GPU] ***
Initial residual: 0.281477 norm b vector (source) = 0.443303
GMRES converged at restart # 2; iteration #6 with error: 7.64538e-07
  [Cycle 399] Particle sorting: ON
*** B CALCULATION [GPU] ***
Execution time cycle: 270.313 ms  [sort=0.046149 field=130.514 da_wait=0.00021 mover+out=0.031321 exchange+sort+moments=51.2557 B=81.4625 momentsAwait=6.85889 outCopy=0.14467]


*** SIMULATION ENDED SUCESSFULLY ***
 Simulation Time: 122.326 sec (0.0339795 hours)
***

